file_name,network,station,instrument_type,station_lat,station_lon,station_elv,p_arrival_time,p_probability,s_arrival_time,s_probability
FN.KLF.00.BHZ | 2025-01-01T09:21:58.961627Z - 2025-01-01T09:22:58.961627Z,,,,,,,2025-01-01T09:22:07.766970Z,,2025-01-01T09:22:17.997750Z,
FN.RNF.00.BHZ | 2025-01-01T09:22:01.195696Z - 2025-01-01T09:23:01.195696Z,,,,,,,2025-01-01T09:22:23.810700Z,,2025-01-01T09:22:45.899900Z,
FN.SGF.00.BHZ | 2025-01-01T09:21:46.823419Z - 2025-01-01T09:22:46.823419Z,,,,,,,2025-01-01T09:22:17.997750Z,,2025-01-01T09:22:36.134150Z,
HE.HEF.00.BHZ | 2025-01-01T09:21:27.311953Z - 2025-01-01T09:22:27.311953Z,,,,,,,2025-01-01T09:22:02.651570Z,,2025-01-01T09:22:09.394590Z,
FN.KLF.00.BHZ | 2025-01-02T04:41:49.470845Z - 2025-01-02T04:42:49.470845Z,,,,,,,2025-01-02T04:42:13.358870Z,,2025-01-02T04:42:15.937140Z,
FN.RANF.00.?HZ | 2025-01-02T04:42:15.532418Z - 2025-01-02T04:43:15.532418Z,,,,,,,2025-01-02T04:42:35.880380Z,,2025-01-02T04:42:55.776230Z,
FN.RNF.00.BHZ | 2025-01-02T04:41:56.860658Z - 2025-01-02T04:42:56.860658Z,,,,,,,2025-01-02T04:42:25.751990Z,,2025-01-02T04:42:37.124360Z,
FN.SGF.00.BHZ | 2025-01-02T04:42:03.944917Z - 2025-01-02T04:43:03.944917Z,,,,,,,2025-01-02T04:42:27.981090Z,,2025-01-02T04:42:41.093150Z,
HE.HEF.00.BHZ | 2025-01-02T04:42:08.341664Z - 2025-01-02T04:43:08.341664Z,,,,,,,2025-01-02T04:42:33.786080Z,,2025-01-02T04:42:51.507080Z,
HE.TOF.00.BHZ | 2025-01-02T04:42:02.836838Z - 2025-01-02T04:43:02.836838Z,,,,,,,2025-01-02T04:42:27.459210Z,,2025-01-02T04:42:40.440810Z,
HE.ALAJF.00.?HZ | 2025-01-05T04:54:59.383677Z - 2025-01-05T04:55:59.383677Z,,,,,,,2025-01-05T04:55:13.299340Z,,2025-01-05T04:55:37.805340Z,
HE.OBF0.00.BHZ | 2025-01-05T04:54:53.497324Z - 2025-01-05T04:55:53.497324Z,,,,,,,2025-01-05T04:55:05.540430Z,,2025-01-05T04:55:24.605580Z,
HE.OBF3.00.BHZ | 2025-01-05T04:54:38.217751Z - 2025-01-05T04:55:38.217751Z,,,,,,,2025-01-05T04:55:09.202760Z,,2025-01-05T04:55:30.734050Z,
HE.OBF8.00.BHZ | 2025-01-05T04:54:42.295864Z - 2025-01-05T04:55:42.295864Z,,,,,,,2025-01-05T04:54:59.756830Z,,2025-01-05T04:55:14.177560Z,
HE.OUF.00.BHZ | 2025-01-05T04:54:43.083410Z - 2025-01-05T04:55:43.083410Z,,,,,,,2025-01-05T04:55:08.867640Z,,2025-01-05T04:55:31.175280Z,
HE.TOF.00.BHZ | 2025-01-05T04:54:51.160580Z - 2025-01-05T04:55:51.160580Z,,,,,,,,,2025-01-05T04:55:44.682040Z,
HE.VAF.00.BHZ | 2025-01-05T04:55:01.946950Z - 2025-01-05T04:56:01.946950Z,,,,,,,2025-01-05T04:55:08.662550Z,,2025-01-05T04:55:29.562850Z,
FN.KLF.00.BHZ | 2025-01-05T16:19:23.985481Z - 2025-01-05T16:20:23.985481Z,,,,,,,2025-01-05T16:19:50.469450Z,,2025-01-05T16:19:59.978880Z,
FN.RNF.00.BHZ | 2025-01-05T16:19:45.917496Z - 2025-01-05T16:20:45.917496Z,,,,,,,2025-01-05T16:20:07.781330Z,,2025-01-05T16:20:30.840280Z,
FN.SGF.00.BHZ | 2025-01-05T16:19:53.762635Z - 2025-01-05T16:20:53.762635Z,,,,,,,,,2025-01-05T16:20:25.159430Z,
HE.HEF.00.BHZ | 2025-01-05T16:19:20.150808Z - 2025-01-05T16:20:20.150808Z,,,,,,,2025-01-05T16:19:52.016810Z,,2025-01-05T16:20:02.569680Z,
HE.TOF.00.BHZ | 2025-01-05T16:19:51.856570Z - 2025-01-05T16:20:51.856570Z,,,,,,,,,2025-01-05T16:20:32.265490Z,
FN.OUL.00.BHZ | 2025-01-07T04:13:52.136110Z - 2025-01-07T04:14:52.136110Z,,,,,,,2025-01-07T04:14:32.543550Z,,2025-01-07T04:14:44.030860Z,
FN.RANF.00.?HZ | 2025-01-07T04:15:01.701764Z - 2025-01-07T04:16:01.701764Z,,,,,,,,,2025-01-07T04:15:12.852160Z,
HE.ALAJF.00.?HZ | 2025-01-07T04:14:23.570358Z - 2025-01-07T04:15:23.570358Z,,,,,,,2025-01-07T04:14:38.872210Z,,2025-01-07T04:14:54.622700Z,
HE.KJNF.00.CZ | 2025-01-07T04:14:17.849397Z - 2025-01-07T04:15:17.849397Z,,,,,,,2025-01-07T04:14:39.193560Z,,2025-01-07T04:14:55.297670Z,
HE.KU2.00.SHZ | 2025-01-07T04:14:43.924931Z - 2025-01-07T04:15:43.924931Z,,,,,,,,,2025-01-07T04:15:17.042990Z,
HE.NIF.00.BHZ | 2025-01-07T04:14:32.453994Z - 2025-01-07T04:15:32.453994Z,,,,,,,,,2025-01-07T04:15:06.876000Z,
HE.OBF0.00.BHZ | 2025-01-07T04:13:43.887902Z - 2025-01-07T04:14:43.887902Z,,,,,,,2025-01-07T04:14:21.867510Z,,2025-01-07T04:14:25.787680Z,
HE.OBF3.00.BHZ | 2025-01-07T04:13:55.578255Z - 2025-01-07T04:14:55.578255Z,,,,,,,2025-01-07T04:14:25.278110Z,,2025-01-07T04:14:31.822340Z,
HE.OBF8.00.BHZ | 2025-01-07T04:13:56.314604Z - 2025-01-07T04:14:56.314604Z,,,,,,,2025-01-07T04:14:26.656300Z,,2025-01-07T04:14:34.006540Z,
HE.OUF.00.BHZ | 2025-01-07T04:13:26.859250Z - 2025-01-07T04:14:26.859250Z,,,,,,,2025-01-07T04:14:19.439740Z,,2025-01-07T04:14:21.617350Z,
HE.SUF.00.BHZ | 2025-01-07T04:14:24.917252Z - 2025-01-07T04:15:24.917252Z,,,,,,,2025-01-07T04:14:47.241090Z,,2025-01-07T04:15:09.264360Z,
HE.TOF.00.BHZ | 2025-01-07T04:14:19.435224Z - 2025-01-07T04:15:19.435224Z,,,,,,,2025-01-07T04:14:46.609540Z,,2025-01-07T04:15:08.753810Z,
HE.VAF.00.BHZ | 2025-01-07T04:14:35.394027Z - 2025-01-07T04:15:35.394027Z,,,,,,,2025-01-07T04:14:44.441190Z,,2025-01-07T04:15:04.903010Z,
HE.ALAJF.00.?HZ | 2025-01-09T03:40:31.317886Z - 2025-01-09T03:41:31.317886Z,,,,,,,,,2025-01-09T03:40:53.632710Z,
HE.OBF0.00.BHZ | 2025-01-09T03:40:09.939030Z - 2025-01-09T03:41:09.939030Z,,,,,,,2025-01-09T03:40:24.845980Z,,2025-01-09T03:40:43.894450Z,
HE.OBF3.00.BHZ | 2025-01-09T03:40:23.036209Z - 2025-01-09T03:41:23.036209Z,,,,,,,2025-01-09T03:40:29.126530Z,,2025-01-09T03:40:51.492430Z,
HE.OBF8.00.BHZ | 2025-01-09T03:39:39.674692Z - 2025-01-09T03:40:39.674692Z,,,,,,,2025-01-09T03:40:18.967110Z,,2025-01-09T03:40:33.501850Z,
HE.OUF.00.BHZ | 2025-01-09T03:40:10.625911Z - 2025-01-09T03:41:10.625911Z,,,,,,,2025-01-09T03:40:28.276900Z,,2025-01-09T03:40:49.913980Z,
HE.VAF.00.BHZ | 2025-01-09T03:39:50.491277Z - 2025-01-09T03:40:50.491277Z,,,,,,,2025-01-09T03:40:24.845980Z,,2025-01-09T03:40:44.001460Z,
HE.ALAJF.00.?HZ | 2025-01-08T10:50:14.829658Z - 2025-01-08T10:51:14.829658Z,,,,,,,,,2025-01-08T10:50:51.233030Z,
HE.OBF0.00.BHZ | 2025-01-08T10:49:52.999351Z - 2025-01-08T10:50:52.999351Z,,,,,,,,,2025-01-08T10:50:38.735130Z,
HE.OUF.00.BHZ | 2025-01-08T10:50:05.956546Z - 2025-01-08T10:51:05.956546Z,,,,,,,,,2025-01-08T10:50:44.982300Z,
HE.TOF.00.BHZ | 2025-01-08T10:50:20.296487Z - 2025-01-08T10:51:20.296487Z,,,,,,,,,2025-01-08T10:50:57.901630Z,
HE.VAF.00.BHZ | 2025-01-08T10:49:55.993273Z - 2025-01-08T10:50:55.993273Z,,,,,,,2025-01-08T10:50:21.739240Z,,2025-01-08T10:50:43.298970Z,
FN.KLF.00.BHZ | 2025-01-08T18:35:06.254890Z - 2025-01-08T18:36:06.254890Z,,,,,,,2025-01-08T18:35:24.766860Z,,2025-01-08T18:35:45.798790Z,
HE.HEF.00.BHZ | 2025-01-08T18:35:40.822215Z - 2025-01-08T18:36:40.822215Z,,,,,,,,,2025-01-08T18:35:51.874680Z,
HE.KIF.00.BHZ | 2025-01-08T18:35:07.408561Z - 2025-01-08T18:36:07.408561Z,,,,,,,,,2025-01-08T18:35:49.771490Z,
HE.OBF0.00.BHZ | 2025-01-06T06:03:32.177980Z - 2025-01-06T06:04:32.177980Z,,,,,,,,,2025-01-06T06:04:02.790000Z,
HE.OUF.00.BHZ | 2025-01-06T06:03:47.147273Z - 2025-01-06T06:04:47.147273Z,,,,,,,,,2025-01-06T06:04:09.230000Z,
HE.VAF.00.BHZ | 2025-01-06T06:03:22.384503Z - 2025-01-06T06:04:22.384503Z,,,,,,,2025-01-06T06:03:42.980000Z,,2025-01-06T06:04:03.640000Z,
FN.KLF.00.BHZ | 2025-01-06T19:02:17.710402Z - 2025-01-06T19:03:17.710402Z,,,,,,,,,2025-01-06T19:02:29.940000Z,
FN.OUL.00.BHZ | 2025-01-06T19:01:53.457258Z - 2025-01-06T19:02:53.457258Z,,,,,,,,,2025-01-06T19:02:15.550000Z,
FN.RANF.00.?HZ | 2025-01-06T19:02:09.675860Z - 2025-01-06T19:03:09.675860Z,,,,,,,,,2025-01-06T19:02:26.690000Z,
FN.RNF.00.BHZ | 2025-01-06T19:01:33.920488Z - 2025-01-06T19:02:33.920488Z,,,,,,,,,2025-01-06T19:02:26.920000Z,
HE.OBF0.00.BHZ | 2025-01-06T19:01:29.715385Z - 2025-01-06T19:02:29.715385Z,,,,,,,,,2025-01-06T19:02:10.210000Z,
HE.OBF3.00.BHZ | 2025-01-06T19:01:52.170452Z - 2025-01-06T19:02:52.170452Z,,,,,,,,,2025-01-06T19:02:06.730000Z,
HE.OUF.00.BHZ | 2025-01-06T19:01:46.008685Z - 2025-01-06T19:02:46.008685Z,,,,,,,,,2025-01-06T19:02:16.940000Z,
HE.TOF.00.BHZ | 2025-01-06T19:01:32.632136Z - 2025-01-06T19:02:32.632136Z,,,,,,,2025-01-06T19:01:51.060000Z,,2025-01-06T19:02:01.860000Z,
HE.OBF0.00.BHZ | 2025-01-06T12:26:55.383659Z - 2025-01-06T12:27:55.383659Z,,,,,,,,,2025-01-06T12:27:17.640000Z,
HE.OBF8.00.BHZ | 2025-01-06T12:26:36.130385Z - 2025-01-06T12:27:36.130385Z,,,,,,,,,2025-01-06T12:27:07.890000Z,
HE.VAF.00.BHZ | 2025-01-06T12:26:40.443660Z - 2025-01-06T12:27:40.443660Z,,,,,,,2025-01-06T12:26:58.610000Z,,2025-01-06T12:27:18.570000Z,
FN.KLF.00.BHZ | 2025-01-10T12:43:30.407205Z - 2025-01-10T12:44:30.407205Z,,,,,,,2025-01-10T12:43:56.763880Z,,2025-01-10T12:44:10.862210Z,
FN.OUL.00.BHZ | 2025-01-10T12:44:10.470384Z - 2025-01-10T12:45:10.470384Z,,,,,,,,,2025-01-10T12:44:39.972130Z,
FN.RANF.00.?HZ | 2025-01-10T12:43:49.309876Z - 2025-01-10T12:44:49.309876Z,,,,,,,2025-01-10T12:44:12.281130Z,,2025-01-10T12:44:36.472240Z,
FN.RNF.00.BHZ | 2025-01-10T12:43:54.959912Z - 2025-01-10T12:44:54.959912Z,,,,,,,2025-01-10T12:44:05.923820Z,,2025-01-10T12:44:26.175320Z,
FN.SGF.00.BHZ | 2025-01-10T12:43:45.172973Z - 2025-01-10T12:44:45.172973Z,,,,,,,2025-01-10T12:44:12.219970Z,,2025-01-10T12:44:39.333130Z,
HE.HEF.00.BHZ | 2025-01-10T12:43:48.654644Z - 2025-01-10T12:44:48.654644Z,,,,,,,2025-01-10T12:44:12.906200Z,,2025-01-10T12:44:40.541110Z,
HE.OBF3.00.BHZ | 2025-01-10T12:43:44.344699Z - 2025-01-10T12:44:44.344699Z,,,,,,,,,2025-01-10T12:44:37.638710Z,
HE.TOF.00.BHZ | 2025-01-10T12:43:20.795312Z - 2025-01-10T12:44:20.795312Z,,,,,,,2025-01-10T12:43:54.902780Z,,2025-01-10T12:44:07.701230Z,
FN.KLF.00.BHZ | 2025-01-12T09:42:25.895973Z - 2025-01-12T09:43:25.895973Z,,,,,,,2025-01-12T09:42:48.886340Z,,2025-01-12T09:43:07.408200Z,
FN.OUL.00.BHZ | 2025-01-12T09:42:18.011860Z - 2025-01-12T09:43:18.011860Z,,,,,,,2025-01-12T09:42:46.442480Z,,2025-01-12T09:43:03.479050Z,
FN.RANF.00.?HZ | 2025-01-12T09:42:20.288750Z - 2025-01-12T09:43:20.288750Z,,,,,,,2025-01-12T09:42:49.015770Z,,2025-01-12T09:43:07.554550Z,
FN.RNF.00.BHZ | 2025-01-12T09:42:32.374286Z - 2025-01-12T09:43:32.374286Z,,,,,,,2025-01-12T09:42:48.307600Z,,2025-01-12T09:43:04.487070Z,
FN.SGF.00.BHZ | 2025-01-12T09:42:42.095288Z - 2025-01-12T09:43:42.095288Z,,,,,,,2025-01-12T09:42:59.051100Z,,2025-01-12T09:43:26.418840Z,
HE.KU2.00.SHZ | 2025-01-12T09:43:12.242596Z - 2025-01-12T09:44:12.242596Z,,,,,,,,,2025-01-12T09:43:25.738320Z,
HE.OBF0.00.BHZ | 2025-01-12T09:42:35.324448Z - 2025-01-12T09:43:35.324448Z,,,,,,,2025-01-12T09:42:48.447420Z,,2025-01-12T09:43:06.010240Z,
HE.OBF3.00.BHZ | 2025-01-12T09:42:17.025556Z - 2025-01-12T09:43:17.025556Z,,,,,,,2025-01-12T09:42:44.286450Z,,2025-01-12T09:42:59.372300Z,
HE.OBF8.00.BHZ | 2025-01-12T09:42:28.281834Z - 2025-01-12T09:43:28.281834Z,,,,,,,2025-01-12T09:42:49.672870Z,,2025-01-12T09:43:09.538240Z,
HE.OUF.00.BHZ | 2025-01-12T09:42:21.480960Z - 2025-01-12T09:43:21.480960Z,,,,,,,2025-01-12T09:42:51.330600Z,,2025-01-12T09:43:11.710840Z,
HE.TOF.00.BHZ | 2025-01-12T09:42:05.226435Z - 2025-01-12T09:43:05.226435Z,,,,,,,2025-01-12T09:42:32.059470Z,,2025-01-12T09:42:38.050460Z,
FN.KLF.00.BHZ | 2025-01-12T17:26:47.085456Z - 2025-01-12T17:27:47.085456Z,,,,,,,2025-01-12T17:27:01.208400Z,,2025-01-12T17:27:22.910220Z,
FN.OUL.00.BHZ | 2025-01-12T17:26:36.249207Z - 2025-01-12T17:27:36.249207Z,,,,,,,2025-01-12T17:26:56.255220Z,,2025-01-12T17:27:13.871820Z,
FN.RANF.00.?HZ | 2025-01-12T17:26:48.195880Z - 2025-01-12T17:27:48.195880Z,,,,,,,2025-01-12T17:27:01.105080Z,,2025-01-12T17:27:22.193880Z,
FN.RNF.00.BHZ | 2025-01-12T17:26:27.376139Z - 2025-01-12T17:27:27.376139Z,,,,,,,2025-01-12T17:27:00.324140Z,,2025-01-12T17:27:20.868420Z,
HE.OBF0.00.BHZ | 2025-01-12T17:26:17.096582Z - 2025-01-12T17:27:17.096582Z,,,,,,,,,2025-01-12T17:27:10.461600Z,
HE.OBF3.00.BHZ | 2025-01-12T17:26:17.964495Z - 2025-01-12T17:27:17.964495Z,,,,,,,2025-01-12T17:26:51.205160Z,,2025-01-12T17:27:05.834490Z,
HE.OUF.00.BHZ | 2025-01-12T17:26:34.448180Z - 2025-01-12T17:27:34.448180Z,,,,,,,2025-01-12T17:26:57.532430Z,,2025-01-12T17:27:17.069290Z,
HE.TOF.00.BHZ | 2025-01-12T17:26:18.900996Z - 2025-01-12T17:27:18.900996Z,,,,,,,2025-01-12T17:26:45.018480Z,,2025-01-12T17:26:54.608820Z,
HE.ECKF.00.CZ | 2025-01-12T20:06:51.242049Z - 2025-01-12T20:07:51.242049Z,,,,,,,2025-01-12T20:07:37.052100Z,,,
HE.ECKF.00.CZ | 2025-01-12T20:08:27.819273Z - 2025-01-12T20:09:27.819273Z,,,,,,,,,2025-01-12T20:08:53.717110Z,
HE.KPF.00.BHZ | 2025-01-12T20:07:27.149673Z - 2025-01-12T20:08:27.149673Z,,,,,,,2025-01-12T20:07:47.672140Z,,,
HE.KPF.00.BHZ | 2025-01-12T20:08:28.834078Z - 2025-01-12T20:09:28.834078Z,,,,,,,,,2025-01-12T20:09:14.374150Z,
HE.ECKF.00.CZ | 2025-01-13T03:41:00.466658Z - 2025-01-13T03:42:00.466658Z,,,,,,,2025-01-13T03:41:26.332310Z,,2025-01-13T03:41:50.856800Z,
HE.KPF.00.BHZ | 2025-01-13T03:41:18.256194Z - 2025-01-13T03:42:18.256194Z,,,,,,,,,2025-01-13T03:42:10.311520Z,
HE.RAF.00.BHZ | 2025-01-13T03:41:22.891037Z - 2025-01-13T03:42:22.891037Z,,,,,,,2025-01-13T03:41:34.585510Z,,2025-01-13T03:42:08.516310Z,
UP.AAL.00.BHZ | 2025-01-13T03:41:24.481947Z - 2025-01-13T03:42:24.481947Z,,,,,,,2025-01-13T03:41:30.109480Z,,2025-01-13T03:41:58.069180Z,
FN.MSF.00.BHZ | 2025-01-14T15:08:16.967074Z - 2025-01-14T15:09:16.967074Z,,,,,,,2025-01-14T15:08:31.370000Z,,2025-01-14T15:08:33.790000Z,
FN.OLKF.00.BHZ | 2025-01-14T15:07:48.905313Z - 2025-01-14T15:08:48.905313Z,,,,,,,2025-01-14T15:08:35.530000Z,,2025-01-14T15:08:40.870000Z,
FN.OUL.00.BHZ | 2025-01-14T15:08:33.511474Z - 2025-01-14T15:09:33.511474Z,,,,,,,,,2025-01-14T15:09:14.180000Z,
FN.RANF.00.?HZ | 2025-01-14T15:08:26.442545Z - 2025-01-14T15:09:26.442545Z,,,,,,,2025-01-14T15:08:43.460000Z,,2025-01-14T15:08:54.730000Z,
FN.RNF.00.BHZ | 2025-01-14T15:09:03.045490Z - 2025-01-14T15:10:03.045490Z,,,,,,,,,2025-01-14T15:09:08.270000Z,
FN.SGF.00.BHZ | 2025-01-14T15:08:25.438257Z - 2025-01-14T15:09:25.438257Z,,,,,,,,,2025-01-14T15:09:19.400000Z,
HE.KU1.00.SHZ | 2025-01-14T15:08:22.078136Z - 2025-01-14T15:09:22.078136Z,,,,,,,2025-01-14T15:08:37.300000Z,,2025-01-14T15:08:43.820000Z,
HE.KU2.00.SHZ | 2025-01-14T15:07:51.067045Z - 2025-01-14T15:08:51.067045Z,,,,,,,2025-01-14T15:08:35.370000Z,,2025-01-14T15:08:40.730000Z,
HE.KU6.00.BHZ | 2025-01-14T15:07:49.696540Z - 2025-01-14T15:08:49.696540Z,,,,,,,2025-01-14T15:08:35.670000Z,,2025-01-14T15:08:41.150000Z,
HE.RMF.00.BHZ | 2025-01-14T15:09:00.291584Z - 2025-01-14T15:10:00.291584Z,,,,,,,,,2025-01-14T15:09:21.449250Z,
HE.VRF.00.BHZ | 2025-01-14T15:09:09.903232Z - 2025-01-14T15:10:09.903232Z,,,,,,,,,2025-01-14T15:09:20.470000Z,
HE.FIA0.00.?HZ | 2025-01-15T09:03:37.067302Z - 2025-01-15T09:04:37.067302Z,,,,,,,2025-01-15T09:03:44.541900Z,,2025-01-15T09:03:59.075620Z,
HE.FIA1.00.?HZ | 2025-01-15T09:03:35.446262Z - 2025-01-15T09:04:35.446262Z,,,,,,,2025-01-15T09:03:44.541900Z,,2025-01-15T09:03:59.075620Z,
HE.HEL1.00.BHZ | 2025-01-15T09:03:38.198966Z - 2025-01-15T09:04:38.198966Z,,,,,,,2025-01-15T09:03:46.471590Z,,2025-01-15T09:04:01.883810Z,
HE.HEL5.00.BHZ | 2025-01-15T09:03:54.172629Z - 2025-01-15T09:04:54.172629Z,,,,,,,,,2025-01-15T09:04:04.352580Z,
HE.KAF.00.?HZ | 2025-01-15T09:03:33.797492Z - 2025-01-15T09:04:33.797492Z,,,,,,,2025-01-15T09:03:55.057760Z,,2025-01-15T09:04:16.767740Z,
HE.KEF.00.?HZ | 2025-01-15T09:03:47.716937Z - 2025-01-15T09:04:47.716937Z,,,,,,,2025-01-15T09:04:00.352760Z,,2025-01-15T09:04:27.320380Z,
HE.KUNI.00.BHZ | 2025-01-15T09:03:09.023838Z - 2025-01-15T09:04:09.023838Z,,,,,,,2025-01-15T09:03:45.758680Z,,2025-01-15T09:04:00.562790Z,
HE.KY02.00.CZ | 2025-01-15T09:02:50.055343Z - 2025-01-15T09:03:50.055343Z,,,,,,,2025-01-15T09:03:34.189020Z,,2025-01-15T09:03:40.832100Z,
HE.KY17.00.CZ | 2025-01-15T09:02:45.612326Z - 2025-01-15T09:03:45.612326Z,,,,,,,2025-01-15T09:03:33.293570Z,,2025-01-15T09:03:39.176990Z,
HE.LAUT.00.BHZ | 2025-01-15T09:03:19.665222Z - 2025-01-15T09:04:19.665222Z,,,,,,,2025-01-15T09:03:46.979570Z,,2025-01-15T09:04:02.251060Z,
HE.LOVF.00.CZ | 2025-01-15T09:03:16.870845Z - 2025-01-15T09:04:16.870845Z,,,,,,,2025-01-15T09:03:33.254860Z,,2025-01-15T09:03:39.060870Z,
HE.MEF.00.BHZ | 2025-01-15T09:03:36.743791Z - 2025-01-15T09:04:36.743791Z,,,,,,,2025-01-15T09:03:50.465020Z,,2025-01-15T09:04:08.835970Z,
HE.NUR.00.SHZ | 2025-01-15T09:03:32.962933Z - 2025-01-15T09:04:32.962933Z,,,,,,,,,2025-01-15T09:04:03.726870Z,
HE.PVF.00.CZ | 2025-01-15T09:03:03.932446Z - 2025-01-15T09:04:03.932446Z,,,,,,,2025-01-15T09:03:36.995960Z,,2025-01-15T09:03:45.354390Z,
HE.RUF.00.BHZ | 2025-01-15T09:03:37.028412Z - 2025-01-15T09:04:37.028412Z,,,,,,,2025-01-15T09:03:47.825270Z,,2025-01-15T09:04:04.461930Z,
HE.SUF.00.BHZ | 2025-01-15T09:03:57.264991Z - 2025-01-15T09:04:57.264991Z,,,,,,,2025-01-15T09:04:04.107470Z,,2025-01-15T09:04:34.274100Z,
HE.TRE03.00.CZ | 2025-01-15T09:03:47.502560Z - 2025-01-15T09:04:47.502560Z,,,,,,,2025-01-15T09:03:57.683170Z,,2025-01-15T09:04:22.006640Z,
HE.TVF.00.BHZ | 2025-01-15T09:03:47.618948Z - 2025-01-15T09:04:47.618948Z,,,,,,,2025-01-15T09:04:01.125880Z,,2025-01-15T09:04:28.293320Z,
HE.VJF.00.?HZ | 2025-01-15T09:02:38.457360Z - 2025-01-15T09:03:38.457360Z,,,,,,,2025-01-15T09:03:28.685660Z,,2025-01-15T09:03:31.293870Z,
HE.VUOS.00.BHZ | 2025-01-15T09:03:07.634903Z - 2025-01-15T09:04:07.634903Z,,,,,,,2025-01-15T09:03:44.068710Z,,2025-01-15T09:03:57.926450Z,
FN.KLF.00.BHZ | 2025-01-15T10:54:25.521890Z - 2025-01-15T10:55:25.521890Z,,,,,,,2025-01-15T10:54:37.573410Z,,2025-01-15T10:54:46.739170Z,
FN.MSF.00.BHZ | 2025-01-15T10:54:49.887697Z - 2025-01-15T10:55:49.887697Z,,,,,,,,,2025-01-15T10:55:36.932400Z,
FN.OUL.00.BHZ | 2025-01-15T10:54:47.198224Z - 2025-01-15T10:55:47.198224Z,,,,,,,2025-01-15T10:54:58.027560Z,,2025-01-15T10:55:22.304180Z,
FN.RANF.00.?HZ | 2025-01-15T10:54:21.126807Z - 2025-01-15T10:55:21.126807Z,,,,,,,2025-01-15T10:54:53.438980Z,,2025-01-15T10:55:14.523210Z,
FN.RNF.00.BHZ | 2025-01-15T10:54:31.939781Z - 2025-01-15T10:55:31.939781Z,,,,,,,2025-01-15T10:54:46.080480Z,,2025-01-15T10:55:01.355850Z,
FN.SGF.00.BHZ | 2025-01-15T10:54:27.275325Z - 2025-01-15T10:55:27.275325Z,,,,,,,2025-01-15T10:54:52.617260Z,,2025-01-15T10:55:13.476370Z,
HE.HEF.00.BHZ | 2025-01-15T10:54:38.465929Z - 2025-01-15T10:55:38.465929Z,,,,,,,2025-01-15T10:54:56.082320Z,,2025-01-15T10:55:19.113980Z,
HE.KU2.00.SHZ | 2025-01-15T10:55:07.235447Z - 2025-01-15T10:56:07.235447Z,,,,,,,,,2025-01-15T10:55:33.664390Z,
HE.OBF0.00.BHZ | 2025-01-15T10:54:46.876471Z - 2025-01-15T10:55:46.876471Z,,,,,,,2025-01-15T10:55:02.540520Z,,2025-01-15T10:55:30.474190Z,
HE.OBF3.00.BHZ | 2025-01-15T10:54:50.674240Z - 2025-01-15T10:55:50.674240Z,,,,,,,2025-01-15T10:54:58.338800Z,,2025-01-15T10:55:23.004470Z,
HE.OUF.00.BHZ | 2025-01-15T10:55:26.165972Z - 2025-01-15T10:56:26.165972Z,,,,,,,,,2025-01-15T10:55:35.920870Z,
HE.TOF.00.BHZ | 2025-01-15T10:53:55.504202Z - 2025-01-15T10:54:55.504202Z,,,,,,,2025-01-15T10:54:38.430610Z,,2025-01-15T10:54:48.120600Z,
HE.HEF.00.BHZ | 2025-01-15T01:28:13.461781Z - 2025-01-15T01:29:13.461781Z,,,,,,,2025-01-15T01:28:20.498180Z,,2025-01-15T01:28:53.530970Z,
HE.KIF.00.BHZ | 2025-01-15T01:27:49.865032Z - 2025-01-15T01:28:49.865032Z,,,,,,,2025-01-15T01:28:04.746420Z,,2025-01-15T01:28:25.833090Z,
FN.KLF.00.BHZ | 2025-01-15T07:58:21.963789Z - 2025-01-15T07:59:21.963789Z,,,,,,,2025-01-15T07:58:31.530900Z,,2025-01-15T07:58:55.876230Z,
FN.SGF.00.BHZ | 2025-01-15T07:58:22.905307Z - 2025-01-15T07:59:22.905307Z,,,,,,,2025-01-15T07:58:42.708040Z,,2025-01-15T07:59:15.490800Z,
HE.HEF.00.BHZ | 2025-01-15T07:58:12.743124Z - 2025-01-15T07:59:12.743124Z,,,,,,,2025-01-15T07:58:26.432910Z,,2025-01-15T07:58:45.884330Z,
HE.KIF.00.BHZ | 2025-01-15T07:57:44.435556Z - 2025-01-15T07:58:44.435556Z,,,,,,,2025-01-15T07:58:16.870640Z,,2025-01-15T07:58:29.655960Z,
FN.KLF.00.BHZ | 2025-01-17T18:11:41.795672Z - 2025-01-17T18:12:41.795672Z,,,,,,,,,2025-01-17T18:12:28.355140Z,
FN.KMNF.00.?HZ | 2025-01-17T18:11:25.163437Z - 2025-01-17T18:12:25.163437Z,,,,,,,2025-01-17T18:11:53.310080Z,,2025-01-17T18:12:07.729390Z,
FN.RAJF.00.?HZ | 2025-01-17T18:11:14.512010Z - 2025-01-17T18:12:14.512010Z,,,,,,,2025-01-17T18:11:39.950400Z,,2025-01-17T18:11:44.653950Z,
FN.RANF.00.?HZ | 2025-01-17T18:12:17.849290Z - 2025-01-17T18:13:17.849290Z,,,,,,,,,2025-01-17T18:12:37.578530Z,
FN.RNF.00.BHZ | 2025-01-17T18:11:39.360702Z - 2025-01-17T18:12:39.360702Z,,,,,,,2025-01-17T18:12:02.717710Z,,2025-01-17T18:12:25.253090Z,
FN.SGF.00.BHZ | 2025-01-17T18:11:25.130986Z - 2025-01-17T18:12:25.130986Z,,,,,,,2025-01-17T18:11:48.886440Z,,2025-01-17T18:12:00.112550Z,
HE.HEF.00.BHZ | 2025-01-17T18:12:03.029953Z - 2025-01-17T18:13:03.029953Z,,,,,,,,,2025-01-17T18:12:24.906890Z,
HE.KEV.00.?HZ | 2025-01-17T18:11:49.046223Z - 2025-01-17T18:12:49.046223Z,,,,,,,2025-01-17T18:12:03.307580Z,,2025-01-17T18:12:25.022290Z,
HE.VRF.00.BHZ | 2025-01-17T18:11:07.365962Z - 2025-01-17T18:12:07.365962Z,,,,,,,2025-01-17T18:11:44.735810Z,,2025-01-17T18:11:53.106430Z,
FN.KLF.00.BHZ | 2025-01-19T02:06:14.656551Z - 2025-01-19T02:07:14.656551Z,,,,,,,2025-01-19T02:06:42.760960Z,,2025-01-19T02:06:51.765330Z,
FN.OUL.00.BHZ | 2025-01-19T02:07:27.315557Z - 2025-01-19T02:08:27.315557Z,,,,,,,,,2025-01-19T02:07:32.639390Z,
FN.RANF.00.?HZ | 2025-01-19T02:06:50.871645Z - 2025-01-19T02:07:50.871645Z,,,,,,,2025-01-19T02:07:00.217570Z,,2025-01-19T02:07:22.932040Z,
FN.RNF.00.BHZ | 2025-01-19T02:06:46.904149Z - 2025-01-19T02:07:46.904149Z,,,,,,,2025-01-19T02:06:52.751550Z,,2025-01-19T02:07:09.100450Z,
FN.SGF.00.BHZ | 2025-01-19T02:06:32.653801Z - 2025-01-19T02:07:32.653801Z,,,,,,,2025-01-19T02:06:59.479120Z,,2025-01-19T02:07:19.870200Z,
HE.HEF.00.BHZ | 2025-01-19T02:06:46.219412Z - 2025-01-19T02:07:46.219412Z,,,,,,,,,2025-01-19T02:07:24.189130Z,
HE.OBF3.00.BHZ | 2025-01-19T02:07:13.924044Z - 2025-01-19T02:08:13.924044Z,,,,,,,,,2025-01-19T02:07:32.368260Z,
HE.TOF.00.BHZ | 2025-01-19T02:06:14.905867Z - 2025-01-19T02:07:14.905867Z,,,,,,,2025-01-19T02:06:45.380020Z,,2025-01-19T02:06:56.074460Z,
FN.KLF.00.BHZ | 2025-01-17T21:39:06.999909Z - 2025-01-17T21:40:06.999909Z,,,,,,,2025-01-17T21:39:22.292330Z,,2025-01-17T21:39:47.695920Z,
HE.HEF.00.BHZ | 2025-01-17T21:38:56.479660Z - 2025-01-17T21:39:56.479660Z,,,,,,,2025-01-17T21:39:16.904350Z,,2025-01-17T21:39:36.307460Z,
HE.KIF.00.BHZ | 2025-01-17T21:38:38.384900Z - 2025-01-17T21:39:38.384900Z,,,,,,,2025-01-17T21:39:07.215720Z,,2025-01-17T21:39:20.074470Z,
FN.KLF.00.BHZ | 2025-01-17T23:45:01.776933Z - 2025-01-17T23:46:01.776933Z,,,,,,,2025-01-17T23:45:12.326470Z,,2025-01-17T23:45:36.680980Z,
HE.HEF.00.BHZ | 2025-01-17T23:44:37.569132Z - 2025-01-17T23:45:37.569132Z,,,,,,,2025-01-17T23:45:06.813980Z,,2025-01-17T23:45:26.556140Z,
HE.KIF.00.BHZ | 2025-01-17T23:44:20.152084Z - 2025-01-17T23:45:20.152084Z,,,,,,,2025-01-17T23:44:56.877870Z,,2025-01-17T23:45:09.884880Z,
FN.KLF.00.BHZ | 2025-01-20T00:50:43.102138Z - 2025-01-20T00:51:43.102138Z,,,,,,,2025-01-20T00:50:49.112660Z,,2025-01-20T00:51:03.660020Z,
FN.MSF.00.BHZ | 2025-01-20T00:50:37.623967Z - 2025-01-20T00:51:37.623967Z,,,,,,,2025-01-20T00:51:03.235630Z,,2025-01-20T00:51:28.833000Z,
FN.OLKF.00.BHZ | 2025-01-20T00:51:00.285244Z - 2025-01-20T00:52:00.285244Z,,,,,,,2025-01-20T00:51:05.546060Z,,2025-01-20T00:51:32.801940Z,
FN.OUL.00.BHZ | 2025-01-20T00:50:13.758934Z - 2025-01-20T00:51:13.758934Z,,,,,,,2025-01-20T00:50:50.463790Z,,2025-01-20T00:51:06.385370Z,
FN.RANF.00.?HZ | 2025-01-20T00:50:28.816322Z - 2025-01-20T00:51:28.816322Z,,,,,,,2025-01-20T00:50:48.185540Z,,2025-01-20T00:51:01.726290Z,
FN.RNF.00.BHZ | 2025-01-20T00:50:14.045937Z - 2025-01-20T00:51:14.045937Z,,,,,,,2025-01-20T00:50:45.314590Z,,2025-01-20T00:50:56.997760Z,
FN.SGF.00.BHZ | 2025-01-20T00:50:30.870950Z - 2025-01-20T00:51:30.870950Z,,,,,,,2025-01-20T00:50:57.623280Z,,2025-01-20T00:51:18.676430Z,
HE.HEF.00.BHZ | 2025-01-20T00:51:00.917900Z - 2025-01-20T00:52:00.917900Z,,,,,,,,,2025-01-20T00:51:37.972890Z,
HE.KU1.00.SHZ | 2025-01-20T00:50:55.490105Z - 2025-01-20T00:51:55.490105Z,,,,,,,2025-01-20T00:51:07.975720Z,,2025-01-20T00:51:37.072310Z,
HE.KU2.00.SHZ | 2025-01-20T00:50:40.622669Z - 2025-01-20T00:51:40.622669Z,,,,,,,2025-01-20T00:50:59.113010Z,,2025-01-20T00:51:20.845440Z,
HE.KU6.00.BHZ | 2025-01-20T00:51:33.031471Z - 2025-01-20T00:52:33.031471Z,,,,,,,,,2025-01-20T00:51:38.435910Z,
HE.OBF0.00.BHZ | 2025-01-20T00:50:48.257205Z - 2025-01-20T00:51:48.257205Z,,,,,,,2025-01-20T00:50:56.530480Z,,2025-01-20T00:51:16.555620Z,
HE.OBF3.00.BHZ | 2025-01-20T00:50:32.899074Z - 2025-01-20T00:51:32.899074Z,,,,,,,2025-01-20T00:50:51.644310Z,,2025-01-20T00:51:07.890320Z,
HE.OBF8.00.BHZ | 2025-01-20T00:50:35.872553Z - 2025-01-20T00:51:35.872553Z,,,,,,,,,2025-01-20T00:51:22.754000Z,
HE.OUF.00.BHZ | 2025-01-20T00:50:44.448090Z - 2025-01-20T00:51:44.448090Z,,,,,,,2025-01-20T00:50:59.169480Z,,2025-01-20T00:51:21.086440Z,
HE.TOF.00.BHZ | 2025-01-20T00:49:49.243310Z - 2025-01-20T00:50:49.243310Z,,,,,,,2025-01-20T00:50:30.182360Z,,2025-01-20T00:50:31.501280Z,
FN.KMNF.00.?HZ | 2025-01-22T22:46:49.403171Z - 2025-01-22T22:47:49.403171Z,,,,,,,2025-01-22T22:47:32.601230Z,,2025-01-22T22:47:44.114940Z,
FN.RAJF.00.?HZ | 2025-01-22T22:47:32.447871Z - 2025-01-22T22:48:32.447871Z,,,,,,,,,2025-01-22T22:48:07.314220Z,
FN.SGF.00.BHZ | 2025-01-22T22:47:47.530857Z - 2025-01-22T22:48:47.530857Z,,,,,,,,,2025-01-22T22:48:32.694780Z,
HE.HEF.00.BHZ | 2025-01-22T22:47:40.771375Z - 2025-01-22T22:48:40.771375Z,,,,,,,2025-01-22T22:47:48.153340Z,,2025-01-22T22:48:11.285730Z,
HE.KEV.00.?HZ | 2025-01-22T22:46:50.617433Z - 2025-01-22T22:47:50.617433Z,,,,,,,2025-01-22T22:47:22.805980Z,,2025-01-22T22:47:27.867030Z,
HE.KIF.00.BHZ | 2025-01-22T22:48:09.190645Z - 2025-01-22T22:49:09.190645Z,,,,,,,,,2025-01-22T22:48:18.467450Z,
HE.VRF.00.BHZ | 2025-01-22T22:47:50.020716Z - 2025-01-22T22:48:50.020716Z,,,,,,,,,2025-01-22T22:48:32.462970Z,
FN.KMNF.00.?HZ | 2025-01-21T12:19:44.769120Z - 2025-01-21T12:20:44.769120Z,,,,,,,2025-01-21T12:20:03.833460Z,,2025-01-21T12:20:20.740540Z,
HE.HEF.00.BHZ | 2025-01-21T12:20:04.253656Z - 2025-01-21T12:21:04.253656Z,,,,,,,2025-01-21T12:20:12.399520Z,,2025-01-21T12:20:36.182080Z,
HE.KEV.00.?HZ | 2025-01-21T12:19:31.291960Z - 2025-01-21T12:20:31.291960Z,,,,,,,2025-01-21T12:19:56.538130Z,,2025-01-21T12:20:07.813200Z,
HE.KIF.00.BHZ | 2025-01-21T12:19:52.595089Z - 2025-01-21T12:20:52.595089Z,,,,,,,2025-01-21T12:20:11.714530Z,,2025-01-21T12:20:34.339690Z,
FN.KLF.00.BHZ | 2025-01-23T18:18:31.968930Z - 2025-01-23T18:19:31.968930Z,,,,,,,2025-01-23T18:18:40.443940Z,,2025-01-23T18:18:57.848980Z,
FN.OUL.00.BHZ | 2025-01-23T18:18:22.007262Z - 2025-01-23T18:19:22.007262Z,,,,,,,2025-01-23T18:18:43.253720Z,,2025-01-23T18:19:03.234390Z,
FN.RANF.00.?HZ | 2025-01-23T18:18:37.705997Z - 2025-01-23T18:19:37.705997Z,,,,,,,2025-01-23T18:18:44.502520Z,,2025-01-23T18:19:04.699550Z,
FN.RNF.00.BHZ | 2025-01-23T18:18:21.116352Z - 2025-01-23T18:19:21.116352Z,,,,,,,2025-01-23T18:18:42.239080Z,,2025-01-23T18:19:00.190460Z,
FN.SGF.00.BHZ | 2025-01-23T18:18:30.582327Z - 2025-01-23T18:19:30.582327Z,,,,,,,2025-01-23T18:18:52.619660Z,,2025-01-23T18:19:20.405280Z,
HE.KU2.00.SHZ | 2025-01-23T18:18:46.609166Z - 2025-01-23T18:19:46.609166Z,,,,,,,2025-01-23T18:18:53.775870Z,,2025-01-23T18:19:22.902870Z,
HE.OBF0.00.BHZ | 2025-01-23T18:18:37.826715Z - 2025-01-23T18:19:37.826715Z,,,,,,,2025-01-23T18:18:44.190320Z,,2025-01-23T18:19:04.561240Z,
HE.OBF3.00.BHZ | 2025-01-23T18:18:17.536471Z - 2025-01-23T18:19:17.536471Z,,,,,,,2025-01-23T18:18:40.678090Z,,2025-01-23T18:18:58.395330Z,
HE.OUF.00.BHZ | 2025-01-23T18:18:22.804972Z - 2025-01-23T18:19:22.804972Z,,,,,,,2025-01-23T18:18:47.624500Z,,2025-01-23T18:19:10.258850Z,
HE.TOF.00.BHZ | 2025-01-23T18:18:20.251016Z - 2025-01-23T18:19:20.251016Z,,,,,,,2025-01-23T18:18:27.308090Z,,2025-01-23T18:18:34.829520Z,
FN.KLF.00.BHZ | 2025-01-24T18:24:54.567578Z - 2025-01-24T18:25:54.567578Z,,,,,,,2025-01-24T18:25:37.050180Z,,2025-01-24T18:25:40.027030Z,
FN.KMNF.00.?HZ | 2025-01-24T18:25:39.577783Z - 2025-01-24T18:26:39.577783Z,,,,,,,2025-01-24T18:26:06.882680Z,,2025-01-24T18:26:32.933360Z,
FN.RAJF.00.?HZ | 2025-01-24T18:25:36.844190Z - 2025-01-24T18:26:36.844190Z,,,,,,,2025-01-24T18:26:05.115460Z,,2025-01-24T18:26:30.147000Z,
FN.RANF.00.?HZ | 2025-01-24T18:25:31.721428Z - 2025-01-24T18:26:31.721428Z,,,,,,,2025-01-24T18:26:04.199260Z,,2025-01-24T18:26:25.857100Z,
FN.RNF.00.BHZ | 2025-01-24T18:25:37.622912Z - 2025-01-24T18:26:37.622912Z,,,,,,,2025-01-24T18:25:52.298300Z,,2025-01-24T18:26:06.094030Z,
FN.SGF.00.BHZ | 2025-01-24T18:25:25.481191Z - 2025-01-24T18:26:25.481191Z,,,,,,,2025-01-24T18:25:49.159600Z,,2025-01-24T18:26:00.377960Z,
HE.HEF.00.BHZ | 2025-01-24T18:25:31.532953Z - 2025-01-24T18:26:31.532953Z,,,,,,,2025-01-24T18:25:50.739760Z,,2025-01-24T18:26:03.514170Z,
HE.TOF.00.BHZ | 2025-01-24T18:25:52.458808Z - 2025-01-24T18:26:52.458808Z,,,,,,,2025-01-24T18:25:57.684590Z,,2025-01-24T18:26:13.994970Z,
HE.VRF.00.BHZ | 2025-01-24T18:25:53.364828Z - 2025-01-24T18:26:53.364828Z,,,,,,,,,2025-01-24T18:26:35.643100Z,
HE.FIA0.00.?HZ | 2025-01-25T13:20:12.099718Z - 2025-01-25T13:21:12.099718Z,,,,,,,2025-01-25T13:20:34.536800Z,,2025-01-25T13:20:42.374600Z,
HE.FIA1.00.?HZ | 2025-01-25T13:20:06.721317Z - 2025-01-25T13:21:06.721317Z,,,,,,,2025-01-25T13:20:34.536800Z,,2025-01-25T13:20:42.356420Z,
HE.KAF.00.?HZ | 2025-01-25T13:20:34.935988Z - 2025-01-25T13:21:34.935988Z,,,,,,,2025-01-25T13:20:42.031290Z,,2025-01-25T13:20:54.830560Z,
HE.KEF.00.?HZ | 2025-01-25T13:20:39.975968Z - 2025-01-25T13:21:39.975968Z,,,,,,,2025-01-25T13:20:50.142370Z,,2025-01-25T13:21:09.381630Z,
HE.KUNI.00.BHZ | 2025-01-25T13:20:24.930497Z - 2025-01-25T13:21:24.930497Z,,,,,,,,,2025-01-25T13:21:09.916440Z,
HE.KY02.00.CZ | 2025-01-25T13:20:14.716256Z - 2025-01-25T13:21:14.716256Z,,,,,,,2025-01-25T13:20:30.023280Z,,2025-01-25T13:20:34.421340Z,
HE.KY17.00.CZ | 2025-01-25T13:19:46.686105Z - 2025-01-25T13:20:46.686105Z,,,,,,,2025-01-25T13:20:29.344310Z,,2025-01-25T13:20:33.361730Z,
HE.LAUT.00.BHZ | 2025-01-25T13:20:42.864411Z - 2025-01-25T13:21:42.864411Z,,,,,,,,,2025-01-25T13:21:12.962500Z,
HE.LOVF.00.CZ | 2025-01-25T13:20:12.723917Z - 2025-01-25T13:21:12.723917Z,,,,,,,2025-01-25T13:20:40.218920Z,,2025-01-25T13:20:52.287940Z,
HE.MEF.00.BHZ | 2025-01-25T13:20:27.526114Z - 2025-01-25T13:21:27.526114Z,,,,,,,2025-01-25T13:20:54.909810Z,,2025-01-25T13:21:17.591940Z,
HE.NIF.00.BHZ | 2025-01-25T13:20:50.041936Z - 2025-01-25T13:21:50.041936Z,,,,,,,2025-01-25T13:21:02.664290Z,,2025-01-25T13:21:31.374000Z,
HE.NUR.00.SHZ | 2025-01-25T13:20:29.890088Z - 2025-01-25T13:21:29.890088Z,,,,,,,,,2025-01-25T13:21:08.446240Z,
HE.PVF.00.CZ | 2025-01-25T13:20:06.315075Z - 2025-01-25T13:21:06.315075Z,,,,,,,2025-01-25T13:20:40.896960Z,,2025-01-25T13:20:53.517280Z,
HE.RSUO.00.BHZ | 2025-01-25T13:20:16.378996Z - 2025-01-25T13:21:16.378996Z,,,,,,,,,2025-01-25T13:21:11.193990Z,
HE.RUF.00.BHZ | 2025-01-25T13:20:30.684177Z - 2025-01-25T13:21:30.684177Z,,,,,,,2025-01-25T13:20:39.694430Z,,2025-01-25T13:20:50.834220Z,
HE.SUF.00.BHZ | 2025-01-25T13:20:37.473238Z - 2025-01-25T13:21:37.473238Z,,,,,,,2025-01-25T13:20:52.507140Z,,2025-01-25T13:21:13.106930Z,
HE.TRE03.00.CZ | 2025-01-25T13:20:44.139348Z - 2025-01-25T13:21:44.139348Z,,,,,,,2025-01-25T13:20:50.740630Z,,2025-01-25T13:21:12.182580Z,
HE.VJF.00.?HZ | 2025-01-25T13:20:01.674651Z - 2025-01-25T13:21:01.674651Z,,,,,,,2025-01-25T13:20:36.694440Z,,2025-01-25T13:20:46.133760Z,
HE.VUOS.00.BHZ | 2025-01-25T13:20:15.371952Z - 2025-01-25T13:21:15.371952Z,,,,,,,,,2025-01-25T13:21:08.872220Z,
FN.KLF.00.BHZ | 2025-01-26T20:49:06.770427Z - 2025-01-26T20:50:06.770427Z,,,,,,,2025-01-26T20:49:40.751680Z,,2025-01-26T20:49:51.236090Z,
FN.KMNF.00.?HZ | 2025-01-26T20:49:52.666520Z - 2025-01-26T20:50:52.666520Z,,,,,,,2025-01-26T20:50:02.646710Z,,2025-01-26T20:50:27.476240Z,
FN.RAJF.00.?HZ | 2025-01-26T20:49:49.676452Z - 2025-01-26T20:50:49.676452Z,,,,,,,,,2025-01-26T20:50:33.284660Z,
FN.RNF.00.BHZ | 2025-01-26T20:49:40.180763Z - 2025-01-26T20:50:40.180763Z,,,,,,,2025-01-26T20:49:58.709530Z,,2025-01-26T20:50:21.963880Z,
FN.SGF.00.BHZ | 2025-01-26T20:49:34.904158Z - 2025-01-26T20:50:34.904158Z,,,,,,,2025-01-26T20:49:54.240180Z,,2025-01-26T20:50:14.336310Z,
HE.HEF.00.BHZ | 2025-01-26T20:49:27.061595Z - 2025-01-26T20:50:27.061595Z,,,,,,,2025-01-26T20:49:39.271760Z,,2025-01-26T20:49:48.620330Z,
HE.KIF.00.BHZ | 2025-01-26T20:49:52.651345Z - 2025-01-26T20:50:52.651345Z,,,,,,,,,2025-01-26T20:50:08.416840Z,
HE.TOF.00.BHZ | 2025-01-26T20:49:45.681486Z - 2025-01-26T20:50:45.681486Z,,,,,,,2025-01-26T20:50:00.108950Z,,2025-01-26T20:50:24.376720Z,
FN.KMNF.00.?HZ | 2025-01-26T19:06:23.343006Z - 2025-01-26T19:07:23.343006Z,,,,,,,2025-01-26T19:06:35.343850Z,,2025-01-26T19:06:58.135430Z,
HE.KEV.00.?HZ | 2025-01-26T19:06:09.762368Z - 2025-01-26T19:07:09.762368Z,,,,,,,2025-01-26T19:06:24.686250Z,,2025-01-26T19:06:41.440930Z,
HE.KIF.00.BHZ | 2025-01-26T19:06:29.189508Z - 2025-01-26T19:07:29.189508Z,,,,,,,,,2025-01-26T19:07:13.225590Z,
FN.MSF.00.BHZ | 2025-01-25T04:28:03.743666Z - 2025-01-25T04:29:03.743666Z,,,,,,,2025-01-25T04:28:34.452680Z,,2025-01-25T04:28:55.465050Z,
FN.OLKF.00.BHZ | 2025-01-25T04:27:55.798666Z - 2025-01-25T04:28:55.798666Z,,,,,,,2025-01-25T04:28:29.423050Z,,2025-01-25T04:28:46.316650Z,
FN.RAJF.00.?HZ | 2025-01-25T04:28:52.445353Z - 2025-01-25T04:29:52.445353Z,,,,,,,,,2025-01-25T04:29:14.995440Z,
FN.RANF.00.?HZ | 2025-01-25T04:28:25.444814Z - 2025-01-25T04:29:25.444814Z,,,,,,,2025-01-25T04:28:46.837270Z,,2025-01-25T04:29:17.917540Z,
FN.RNF.00.BHZ | 2025-01-25T04:28:25.088920Z - 2025-01-25T04:29:25.088920Z,,,,,,,2025-01-25T04:28:48.007570Z,,2025-01-25T04:29:19.978920Z,
FN.SGF.00.BHZ | 2025-01-25T04:28:40.181807Z - 2025-01-25T04:29:40.181807Z,,,,,,,2025-01-25T04:28:46.370570Z,,2025-01-25T04:29:19.947210Z,
HE.JOF.00.BHZ | 2025-01-25T04:29:07.807755Z - 2025-01-25T04:30:07.807755Z,,,,,,,,,2025-01-25T04:29:45.608230Z,
HE.KU1.00.SHZ | 2025-01-25T04:28:13.708118Z - 2025-01-25T04:29:13.708118Z,,,,,,,2025-01-25T04:28:34.792550Z,,2025-01-25T04:28:56.104480Z,
HE.KU2.00.SHZ | 2025-01-25T04:28:24.436445Z - 2025-01-25T04:29:24.436445Z,,,,,,,2025-01-25T04:28:40.962590Z,,2025-01-25T04:29:06.244550Z,
HE.KU6.00.BHZ | 2025-01-25T04:28:06.186938Z - 2025-01-25T04:29:06.186938Z,,,,,,,2025-01-25T04:28:28.304280Z,,2025-01-25T04:28:44.600980Z,
HE.RMF.00.BHZ | 2025-01-25T04:28:29.903503Z - 2025-01-25T04:29:29.903503Z,,,,,,,2025-01-25T04:28:48.033690Z,,2025-01-25T04:29:19.501770Z,
HE.VRF.00.BHZ | 2025-01-25T04:28:13.693113Z - 2025-01-25T04:29:13.693113Z,,,,,,,2025-01-25T04:28:33.815030Z,,2025-01-25T04:28:53.884520Z,
HE.FIA0.00.?HZ | 2025-01-27T01:29:46.870148Z - 2025-01-27T01:30:46.870148Z,,,,,,,2025-01-27T01:30:00.986520Z,,2025-01-27T01:30:10.806940Z,
HE.FIA1.00.?HZ | 2025-01-27T01:29:53.644490Z - 2025-01-27T01:30:53.644490Z,,,,,,,2025-01-27T01:30:01.110150Z,,2025-01-27T01:30:10.969440Z,
HE.KAF.00.?HZ | 2025-01-27T01:30:04.134996Z - 2025-01-27T01:31:04.134996Z,,,,,,,2025-01-27T01:30:11.598470Z,,2025-01-27T01:30:29.416480Z,
HE.KEF.00.?HZ | 2025-01-27T01:30:02.096564Z - 2025-01-27T01:31:02.096564Z,,,,,,,2025-01-27T01:30:17.083870Z,,2025-01-27T01:30:38.484130Z,
HE.KUNI.00.BHZ | 2025-01-27T01:29:40.214465Z - 2025-01-27T01:30:40.214465Z,,,,,,,,,2025-01-27T01:30:19.493200Z,
HE.KY02.00.CZ | 2025-01-27T01:29:22.833119Z - 2025-01-27T01:30:22.833119Z,,,,,,,2025-01-27T01:29:50.556080Z,,2025-01-27T01:29:53.143100Z,
HE.KY17.00.CZ | 2025-01-27T01:29:42.914166Z - 2025-01-27T01:30:42.914166Z,,,,,,,2025-01-27T01:29:50.765950Z,,2025-01-27T01:29:53.545810Z,
HE.LAUT.00.BHZ | 2025-01-27T01:29:47.016801Z - 2025-01-27T01:30:47.016801Z,,,,,,,2025-01-27T01:30:07.264460Z,,2025-01-27T01:30:21.947940Z,
HE.LOVF.00.CZ | 2025-01-27T01:29:35.491069Z - 2025-01-27T01:30:35.491069Z,,,,,,,2025-01-27T01:29:54.371310Z,,2025-01-27T01:29:59.708270Z,
HE.MEF.00.BHZ | 2025-01-27T01:29:55.752213Z - 2025-01-27T01:30:55.752213Z,,,,,,,2025-01-27T01:30:10.542410Z,,2025-01-27T01:30:27.301650Z,
HE.PVF.00.CZ | 2025-01-27T01:29:16.349563Z - 2025-01-27T01:30:16.349563Z,,,,,,,2025-01-27T01:29:56.221290Z,,2025-01-27T01:30:02.858480Z,
HE.RSUO.00.BHZ | 2025-01-27T01:29:54.744852Z - 2025-01-27T01:30:54.744852Z,,,,,,,,,2025-01-27T01:30:20.616180Z,
HE.SUF.00.BHZ | 2025-01-27T01:29:55.837120Z - 2025-01-27T01:30:55.837120Z,,,,,,,2025-01-27T01:30:21.747870Z,,2025-01-27T01:30:47.092330Z,
HE.TRE03.00.CZ | 2025-01-27T01:30:01.804196Z - 2025-01-27T01:31:01.804196Z,,,,,,,2025-01-27T01:30:14.295070Z,,2025-01-27T01:30:33.762740Z,
HE.TVF.00.BHZ | 2025-01-27T01:30:40.418704Z - 2025-01-27T01:31:40.418704Z,,,,,,,,,2025-01-27T01:30:47.255170Z,
HE.VJF.00.?HZ | 2025-01-27T01:29:45.449988Z - 2025-01-27T01:30:45.449988Z,,,,,,,2025-01-27T01:29:54.643270Z,,2025-01-27T01:29:59.991600Z,
HE.VUOS.00.BHZ | 2025-01-27T01:29:36.044373Z - 2025-01-27T01:30:36.044373Z,,,,,,,2025-01-27T01:30:04.890490Z,,2025-01-27T01:30:17.629770Z,
FN.KLF.00.BHZ | 2025-01-27T19:17:53.852704Z - 2025-01-27T19:18:53.852704Z,,,,,,,2025-01-27T19:18:05.223310Z,,2025-01-27T19:18:16.337030Z,
FN.OUL.00.BHZ | 2025-01-27T19:18:24.575882Z - 2025-01-27T19:19:24.575882Z,,,,,,,,,2025-01-27T19:18:54.531690Z,
FN.RANF.00.?HZ | 2025-01-27T19:18:06.332732Z - 2025-01-27T19:19:06.332732Z,,,,,,,2025-01-27T19:18:23.282030Z,,2025-01-27T19:18:48.092260Z,
FN.RNF.00.BHZ | 2025-01-27T19:17:58.111110Z - 2025-01-27T19:18:58.111110Z,,,,,,,2025-01-27T19:18:16.321670Z,,2025-01-27T19:18:35.226600Z,
FN.SGF.00.BHZ | 2025-01-27T19:18:04.473977Z - 2025-01-27T19:19:04.473977Z,,,,,,,2025-01-27T19:18:21.940640Z,,2025-01-27T19:18:45.207350Z,
HE.HEF.00.BHZ | 2025-01-27T19:18:05.769044Z - 2025-01-27T19:19:05.769044Z,,,,,,,,,2025-01-27T19:18:44.233450Z,
HE.OBF3.00.BHZ | 2025-01-27T19:18:37.652319Z - 2025-01-27T19:19:37.652319Z,,,,,,,,,2025-01-27T19:18:53.098110Z,
HE.TOF.00.BHZ | 2025-01-27T19:17:58.642155Z - 2025-01-27T19:18:58.642155Z,,,,,,,2025-01-27T19:18:09.145970Z,,2025-01-27T19:18:22.256830Z,
FN.KLF.00.BHZ | 2025-01-27T22:18:48.587938Z - 2025-01-27T22:19:48.587938Z,,,,,,,2025-01-27T22:19:16.909810Z,,2025-01-27T22:19:38.846600Z,
FN.KMNF.00.?HZ | 2025-01-27T22:18:48.274468Z - 2025-01-27T22:19:48.274468Z,,,,,,,2025-01-27T22:19:09.075860Z,,2025-01-27T22:19:25.271080Z,
FN.RAJF.00.?HZ | 2025-01-27T22:19:00.795385Z - 2025-01-27T22:20:00.795385Z,,,,,,,2025-01-27T22:19:17.666260Z,,2025-01-27T22:19:40.948090Z,
FN.SGF.00.BHZ | 2025-01-27T22:19:12.174974Z - 2025-01-27T22:20:12.174974Z,,,,,,,,,2025-01-27T22:19:43.505950Z,
HE.HEF.00.BHZ | 2025-01-27T22:18:50.211637Z - 2025-01-27T22:19:50.211637Z,,,,,,,2025-01-27T22:18:56.629650Z,,2025-01-27T22:19:03.665880Z,
HE.KEV.00.?HZ | 2025-01-27T22:18:50.279673Z - 2025-01-27T22:19:50.279673Z,,,,,,,2025-01-27T22:19:12.179710Z,,2025-01-27T22:19:30.781970Z,
HE.KIF.00.BHZ | 2025-01-27T22:18:22.348796Z - 2025-01-27T22:19:22.348796Z,,,,,,,2025-01-27T22:19:03.185430Z,,2025-01-27T22:19:15.149880Z,
FN.KLF.00.BHZ | 2025-01-31T02:32:00.538201Z - 2025-01-31T02:33:00.538201Z,,,,,,,2025-01-31T02:32:11.778150Z,,2025-01-31T02:32:31.697020Z,
FN.KMNF.00.?HZ | 2025-01-31T02:32:05.685630Z - 2025-01-31T02:33:05.685630Z,,,,,,,2025-01-31T02:32:12.829680Z,,2025-01-31T02:32:33.691820Z,
FN.MSF.00.BHZ | 2025-01-31T02:32:01.848515Z - 2025-01-31T02:33:01.848515Z,,,,,,,2025-01-31T02:32:13.944610Z,,2025-01-31T02:32:34.751500Z,
FN.OLKF.00.BHZ | 2025-01-31T02:31:34.797475Z - 2025-01-31T02:32:34.797475Z,,,,,,,2025-01-31T02:32:07.972330Z,,2025-01-31T02:32:24.743570Z,
FN.RAJF.00.?HZ | 2025-01-31T02:31:52.013349Z - 2025-01-31T02:32:52.013349Z,,,,,,,2025-01-31T02:32:00.291960Z,,2025-01-31T02:32:11.832770Z,
FN.RANF.00.?HZ | 2025-01-31T02:31:55.144890Z - 2025-01-31T02:32:55.144890Z,,,,,,,2025-01-31T02:32:12.443360Z,,2025-01-31T02:32:32.489190Z,
FN.RNF.00.BHZ | 2025-01-31T02:31:26.458579Z - 2025-01-31T02:32:26.458579Z,,,,,,,2025-01-31T02:32:05.422590Z,,2025-01-31T02:32:20.391340Z,
FN.SGF.00.BHZ | 2025-01-31T02:31:22.425912Z - 2025-01-31T02:32:22.425912Z,,,,,,,2025-01-31T02:31:53.908050Z,,2025-01-31T02:32:01.074120Z,
HE.HEF.00.BHZ | 2025-01-31T02:31:56.147198Z - 2025-01-31T02:32:56.147198Z,,,,,,,2025-01-31T02:32:16.130280Z,,2025-01-31T02:32:39.618680Z,
HE.KEV.00.?HZ | 2025-01-31T02:32:16.512194Z - 2025-01-31T02:33:16.512194Z,,,,,,,2025-01-31T02:32:21.572930Z,,2025-01-31T02:32:49.723070Z,
HE.KU1.00.SHZ | 2025-01-31T02:31:59.249538Z - 2025-01-31T02:32:59.249538Z,,,,,,,2025-01-31T02:32:21.158940Z,,2025-01-31T02:32:45.920790Z,
HE.KU2.00.SHZ | 2025-01-31T02:31:57.687552Z - 2025-01-31T02:32:57.687552Z,,,,,,,2025-01-31T02:32:16.637370Z,,2025-01-31T02:32:38.870660Z,
HE.KU6.00.BHZ | 2025-01-31T02:31:42.118499Z - 2025-01-31T02:32:42.118499Z,,,,,,,2025-01-31T02:32:14.354500Z,,2025-01-31T02:32:36.068730Z,
HE.TOF.00.BHZ | 2025-01-31T02:31:57.699581Z - 2025-01-31T02:32:57.699581Z,,,,,,,2025-01-31T02:32:20.724150Z,,2025-01-31T02:32:44.935510Z,
HE.VRF.00.BHZ | 2025-01-31T02:31:18.523927Z - 2025-01-31T02:32:18.523927Z,,,,,,,2025-01-31T02:31:55.244090Z,,2025-01-31T02:32:03.582870Z,
HE.ECKF.00.CZ | 2025-01-31T07:19:39.982603Z - 2025-01-31T07:20:39.982603Z,,,,,,,2025-01-31T07:19:54.791150Z,,2025-01-31T07:20:18.156780Z,
HE.KPF.00.BHZ | 2025-01-31T07:19:33.067752Z - 2025-01-31T07:20:33.067752Z,,,,,,,2025-01-31T07:19:44.293770Z,,2025-01-31T07:20:00.478280Z,
HE.RAF.00.BHZ | 2025-01-31T07:19:21.164027Z - 2025-01-31T07:20:21.164027Z,,,,,,,2025-01-31T07:19:49.079900Z,,2025-01-31T07:20:09.778880Z,
HE.VAF.00.BHZ | 2025-01-31T07:19:31.510283Z - 2025-01-31T07:20:31.510283Z,,,,,,,2025-01-31T07:19:52.619260Z,,2025-01-31T07:20:14.444510Z,
UP.AAL.00.BHZ | 2025-01-31T07:19:44.646073Z - 2025-01-31T07:20:44.646073Z,,,,,,,2025-01-31T07:19:55.608830Z,,2025-01-31T07:20:21.122550Z,
FN.MSF.00.BHZ | 2025-02-01T19:35:40.597351Z - 2025-02-01T19:36:40.597351Z,,,,,,,2025-02-01T19:36:19.973440Z,,2025-02-01T19:36:26.525000Z,
FN.OLKF.00.BHZ | 2025-02-01T19:36:06.038189Z - 2025-02-01T19:37:06.038189Z,,,,,,,2025-02-01T19:36:22.695790Z,,2025-02-01T19:36:31.109980Z,
FN.OUL.00.BHZ | 2025-02-01T19:36:16.821329Z - 2025-02-01T19:37:16.821329Z,,,,,,,,,2025-02-01T19:37:06.157310Z,
FN.RANF.00.?HZ | 2025-02-01T19:36:00.566207Z - 2025-02-01T19:37:00.566207Z,,,,,,,2025-02-01T19:36:35.690950Z,,2025-02-01T19:36:53.670400Z,
FN.RNF.00.BHZ | 2025-02-01T19:36:54.017395Z - 2025-02-01T19:37:54.017395Z,,,,,,,,,2025-02-01T19:37:06.995840Z,
HE.KU1.00.SHZ | 2025-02-01T19:36:05.183945Z - 2025-02-01T19:37:05.183945Z,,,,,,,2025-02-01T19:36:17.449910Z,,2025-02-01T19:36:22.086250Z,
HE.KU2.00.SHZ | 2025-02-01T19:35:44.754352Z - 2025-02-01T19:36:44.754352Z,,,,,,,2025-02-01T19:36:25.283490Z,,2025-02-01T19:36:35.426680Z,
HE.KU6.00.BHZ | 2025-02-01T19:35:58.410114Z - 2025-02-01T19:36:58.410114Z,,,,,,,2025-02-01T19:36:17.001940Z,,2025-02-01T19:36:21.431900Z,
HE.RMF.00.BHZ | 2025-02-01T19:36:44.576047Z - 2025-02-01T19:37:44.576047Z,,,,,,,,,2025-02-01T19:36:57.275340Z,
FN.KLF.00.BHZ | 2025-01-31T23:12:45.776480Z - 2025-01-31T23:13:45.776480Z,,,,,,,2025-01-31T23:13:23.904150Z,,2025-01-31T23:13:26.609700Z,
FN.RAJF.00.?HZ | 2025-01-31T23:13:31.221429Z - 2025-01-31T23:14:31.221429Z,,,,,,,,,2025-01-31T23:14:25.846330Z,
FN.RANF.00.?HZ | 2025-01-31T23:13:33.917101Z - 2025-01-31T23:14:33.917101Z,,,,,,,,,2025-01-31T23:14:06.420390Z,
FN.RNF.00.BHZ | 2025-01-31T23:13:01.713696Z - 2025-01-31T23:14:01.713696Z,,,,,,,2025-01-31T23:13:36.410450Z,,2025-01-31T23:13:48.692240Z,
FN.SGF.00.BHZ | 2025-01-31T23:13:16.670861Z - 2025-01-31T23:14:16.670861Z,,,,,,,2025-01-31T23:13:39.263220Z,,2025-01-31T23:13:53.292500Z,
HE.HEF.00.BHZ | 2025-01-31T23:13:20.231128Z - 2025-01-31T23:14:20.231128Z,,,,,,,,,2025-01-31T23:14:02.364390Z,
HE.TOF.00.BHZ | 2025-01-31T23:13:10.163914Z - 2025-01-31T23:14:10.163914Z,,,,,,,,,2025-01-31T23:13:50.064360Z,
FN.KMNF.00.?HZ | 2025-02-02T00:33:32.080483Z - 2025-02-02T00:34:32.080483Z,,,,,,,2025-02-02T00:33:42.016470Z,,2025-02-02T00:34:13.059550Z,
FN.MSF.00.BHZ | 2025-02-02T00:33:34.671338Z - 2025-02-02T00:34:34.671338Z,,,,,,,2025-02-02T00:33:42.182320Z,,2025-02-02T00:34:18.080730Z,
FN.OLKF.00.BHZ | 2025-02-02T00:33:26.618505Z - 2025-02-02T00:34:26.618505Z,,,,,,,2025-02-02T00:33:35.859900Z,,2025-02-02T00:34:07.187810Z,
FN.RAJF.00.?HZ | 2025-02-02T00:33:26.052832Z - 2025-02-02T00:34:26.052832Z,,,,,,,2025-02-02T00:33:33.394900Z,,2025-02-02T00:33:59.143760Z,
FN.SGF.00.BHZ | 2025-02-02T00:33:33.811381Z - 2025-02-02T00:34:33.811381Z,,,,,,,2025-02-02T00:33:43.105780Z,,2025-02-02T00:34:14.592380Z,
HE.KEV.00.?HZ | 2025-02-02T00:33:33.221327Z - 2025-02-02T00:34:33.221327Z,,,,,,,2025-02-02T00:33:46.093150Z,,2025-02-02T00:34:25.902910Z,
HE.KU1.00.SHZ | 2025-02-02T00:33:38.058608Z - 2025-02-02T00:34:38.058608Z,,,,,,,2025-02-02T00:33:43.942600Z,,2025-02-02T00:34:22.709560Z,
HE.KU6.00.BHZ | 2025-02-02T00:33:27.451393Z - 2025-02-02T00:34:27.451393Z,,,,,,,2025-02-02T00:33:37.039180Z,,2025-02-02T00:34:09.721280Z,
HE.VRF.00.BHZ | 2025-02-02T00:32:52.343975Z - 2025-02-02T00:33:52.343975Z,,,,,,,2025-02-02T00:33:25.160130Z,,2025-02-02T00:33:46.100670Z,
FN.KLF.00.BHZ | 2025-02-02T00:25:49.344134Z - 2025-02-02T00:26:49.344134Z,,,,,,,2025-02-02T00:26:05.726320Z,,2025-02-02T00:26:27.791970Z,
HE.HEF.00.BHZ | 2025-02-02T00:25:22.936679Z - 2025-02-02T00:26:22.936679Z,,,,,,,,,2025-02-02T00:26:08.222440Z,
HE.KIF.00.BHZ | 2025-02-02T00:25:24.778643Z - 2025-02-02T00:26:24.778643Z,,,,,,,2025-02-02T00:25:46.990790Z,,2025-02-02T00:25:54.798730Z,
HE.ECKF.00.CZ | 2025-01-29T09:48:02.395373Z - 2025-01-29T09:49:02.395373Z,,,,,,,,,2025-01-29T09:48:18.443500Z,
HE.KPF.00.BHZ | 2025-01-29T09:47:54.677183Z - 2025-01-29T09:48:54.677183Z,,,,,,,,,2025-01-29T09:48:23.706080Z,
HE.VAF.00.BHZ | 2025-01-29T09:47:55.046930Z - 2025-01-29T09:48:55.046930Z,,,,,,,,,2025-01-29T09:48:34.590690Z,
HE.ALAJF.00.?HZ | 2025-01-29T06:03:10.311174Z - 2025-01-29T06:04:10.311174Z,,,,,,,,,2025-01-29T06:04:00.036630Z,
HE.OUF.00.BHZ | 2025-01-29T06:03:36.967782Z - 2025-01-29T06:04:36.967782Z,,,,,,,,,2025-01-29T06:03:59.381440Z,
HE.VAF.00.BHZ | 2025-01-29T06:03:05.893636Z - 2025-01-29T06:04:05.893636Z,,,,,,,2025-01-29T06:03:32.800550Z,,2025-01-29T06:03:49.255780Z,
FN.MSF.00.BHZ | 2025-01-30T03:01:26.102829Z - 2025-01-30T03:02:26.102829Z,,,,,,,2025-01-30T03:02:01.895120Z,,2025-01-30T03:02:05.588710Z,
FN.OLKF.00.BHZ | 2025-01-30T03:01:33.005500Z - 2025-01-30T03:02:33.005500Z,,,,,,,,,2025-01-30T03:02:18.116010Z,
FN.RANF.00.?HZ | 2025-01-30T03:01:52.947644Z - 2025-01-30T03:02:52.947644Z,,,,,,,,,2025-01-30T03:02:20.292220Z,
HE.KU1.00.SHZ | 2025-01-30T03:01:42.945406Z - 2025-01-30T03:02:42.945406Z,,,,,,,2025-01-30T03:02:05.224010Z,,2025-01-30T03:02:11.241580Z,
HE.KU2.00.SHZ | 2025-01-30T03:01:44.090942Z - 2025-01-30T03:02:44.090942Z,,,,,,,2025-01-30T03:01:59.298160Z,,2025-01-30T03:02:01.121120Z,
HE.KU6.00.BHZ | 2025-01-30T03:01:28.209360Z - 2025-01-30T03:02:28.209360Z,,,,,,,,,2025-01-30T03:02:16.263850Z,
FN.KLF.00.BHZ | 2025-02-08T05:19:27.853899Z - 2025-02-08T05:20:27.853899Z,,,,,,,,,2025-02-08T05:19:42.740590Z,
HE.TOF.00.BHZ | 2025-02-08T05:19:26.262256Z - 2025-02-08T05:20:26.262256Z,,,,,,,,,2025-02-08T05:19:45.730170Z,
HE.KPF.00.BHZ | 2025-02-09T07:46:39.909889Z - 2025-02-09T07:47:39.909889Z,,,,,,,,,2025-02-09T07:47:22.398980Z,
HE.RAF.00.BHZ | 2025-02-09T07:46:59.870745Z - 2025-02-09T07:47:59.870745Z,,,,,,,,,2025-02-09T07:47:34.686510Z,
HE.VAF.00.BHZ | 2025-02-09T07:46:19.759378Z - 2025-02-09T07:47:19.759378Z,,,,,,,2025-02-09T07:46:41.908070Z,,2025-02-09T07:47:13.536430Z,
HE.FIA0.00.?HZ | 2025-02-15T08:55:40.294541Z - 2025-02-15T08:56:40.294541Z,,,,,,,2025-02-15T08:56:07.136080Z,,2025-02-15T08:56:22.195640Z,
HE.FIA1.00.?HZ | 2025-02-15T08:55:46.031324Z - 2025-02-15T08:56:46.031324Z,,,,,,,2025-02-15T08:56:07.149350Z,,2025-02-15T08:56:22.195640Z,
HE.HEL1.00.BHZ | 2025-02-15T08:55:46.643537Z - 2025-02-15T08:56:46.643537Z,,,,,,,2025-02-15T08:56:06.031330Z,,2025-02-15T08:56:19.770200Z,
HE.HEL5.00.BHZ | 2025-02-15T08:55:52.358479Z - 2025-02-15T08:56:52.358479Z,,,,,,,2025-02-15T08:56:07.620000Z,,2025-02-15T08:56:22.407230Z,
HE.KAF.00.?HZ | 2025-02-15T08:56:05.590498Z - 2025-02-15T08:57:05.590498Z,,,,,,,2025-02-15T08:56:17.649980Z,,2025-02-15T08:56:41.304930Z,
HE.KEF.00.?HZ | 2025-02-15T08:56:06.347530Z - 2025-02-15T08:57:06.347530Z,,,,,,,2025-02-15T08:56:22.670340Z,,2025-02-15T08:56:50.006140Z,
HE.KUNI.00.BHZ | 2025-02-15T08:55:34.320023Z - 2025-02-15T08:56:34.320023Z,,,,,,,2025-02-15T08:56:05.529520Z,,2025-02-15T08:56:18.765010Z,
HE.KY02.00.CZ | 2025-02-15T08:55:34.308294Z - 2025-02-15T08:56:34.308294Z,,,,,,,2025-02-15T08:55:57.278040Z,,2025-02-15T08:56:04.781920Z,
HE.KY17.00.CZ | 2025-02-15T08:55:17.987148Z - 2025-02-15T08:56:17.987148Z,,,,,,,2025-02-15T08:55:56.626480Z,,2025-02-15T08:56:03.826170Z,
HE.LAUT.00.BHZ | 2025-02-15T08:55:31.749806Z - 2025-02-15T08:56:31.749806Z,,,,,,,2025-02-15T08:56:06.296210Z,,2025-02-15T08:56:20.289510Z,
HE.LOVF.00.CZ | 2025-02-15T08:55:30.343791Z - 2025-02-15T08:56:30.343791Z,,,,,,,2025-02-15T08:55:52.891410Z,,2025-02-15T08:55:57.487010Z,
HE.MEF.00.BHZ | 2025-02-15T08:55:37.207060Z - 2025-02-15T08:56:37.207060Z,,,,,,,2025-02-15T08:56:10.014420Z,,2025-02-15T08:56:27.040940Z,
HE.NUR.00.SHZ | 2025-02-15T08:55:36.338565Z - 2025-02-15T08:56:36.338565Z,,,,,,,2025-02-15T08:56:07.521770Z,,2025-02-15T08:56:22.724600Z,
HE.PVF.00.CZ | 2025-02-15T08:55:30.487893Z - 2025-02-15T08:56:30.487893Z,,,,,,,2025-02-15T08:55:57.045960Z,,2025-02-15T08:56:04.645390Z,
HE.RSUO.00.BHZ | 2025-02-15T08:55:31.943837Z - 2025-02-15T08:56:31.943837Z,,,,,,,2025-02-15T08:56:05.802700Z,,2025-02-15T08:56:19.194900Z,
HE.RUF.00.BHZ | 2025-02-15T08:56:01.804304Z - 2025-02-15T08:57:01.804304Z,,,,,,,2025-02-15T08:56:12.118880Z,,2025-02-15T08:56:30.066850Z,
HE.TVF.00.BHZ | 2025-02-15T08:56:02.100264Z - 2025-02-15T08:57:02.100264Z,,,,,,,2025-02-15T08:56:21.716290Z,,2025-02-15T08:56:46.694870Z,
HE.VJF.00.?HZ | 2025-02-15T08:55:45.119676Z - 2025-02-15T08:56:45.119676Z,,,,,,,2025-02-15T08:55:52.256750Z,,2025-02-15T08:55:56.427460Z,
HE.VUOS.00.BHZ | 2025-02-15T08:55:37.283318Z - 2025-02-15T08:56:37.283318Z,,,,,,,2025-02-15T08:56:03.627250Z,,2025-02-15T08:56:15.615320Z,
HE.FIA0.00.?HZ | 2025-02-15T08:57:09.553350Z - 2025-02-15T08:58:09.553350Z,,,,,,,,,2025-02-15T08:57:58.781300Z,
HE.FIA1.00.?HZ | 2025-02-15T08:57:36.519245Z - 2025-02-15T08:58:36.519245Z,,,,,,,,,2025-02-15T08:57:58.781300Z,
HE.KAF.00.?HZ | 2025-02-15T08:57:56.788268Z - 2025-02-15T08:58:56.788268Z,,,,,,,,,2025-02-15T08:58:17.740870Z,
HE.KEF.00.?HZ | 2025-02-15T08:57:53.366628Z - 2025-02-15T08:58:53.366628Z,,,,,,,,,2025-02-15T08:58:26.875390Z,
HE.KUNI.00.BHZ | 2025-02-15T08:57:39.880744Z - 2025-02-15T08:58:39.880744Z,,,,,,,,,2025-02-15T08:57:55.183250Z,
HE.KY02.00.CZ | 2025-02-15T08:57:06.547222Z - 2025-02-15T08:58:06.547222Z,,,,,,,2025-02-15T08:57:33.591830Z,,2025-02-15T08:57:41.106850Z,
HE.KY17.00.CZ | 2025-02-15T08:56:53.398590Z - 2025-02-15T08:57:53.398590Z,,,,,,,2025-02-15T08:57:32.808600Z,,2025-02-15T08:57:40.176510Z,
HE.LOVF.00.CZ | 2025-02-15T08:57:22.189048Z - 2025-02-15T08:58:22.189048Z,,,,,,,2025-02-15T08:57:29.187370Z,,2025-02-15T08:57:33.802920Z,
HE.MEF.00.BHZ | 2025-02-15T08:57:22.985783Z - 2025-02-15T08:58:22.985783Z,,,,,,,2025-02-15T08:57:46.097630Z,,2025-02-15T08:58:03.029430Z,
HE.PVF.00.CZ | 2025-02-15T08:56:51.467511Z - 2025-02-15T08:57:51.467511Z,,,,,,,2025-02-15T08:57:33.297030Z,,2025-02-15T08:57:41.249110Z,
HE.RUF.00.BHZ | 2025-02-15T08:57:48.642026Z - 2025-02-15T08:58:48.642026Z,,,,,,,,,2025-02-15T08:58:06.384670Z,
HE.TRE03.00.CZ | 2025-02-15T08:57:38.874369Z - 2025-02-15T08:58:38.874369Z,,,,,,,,,2025-02-15T08:58:19.736150Z,
HE.TVF.00.BHZ | 2025-02-15T08:58:16.190770Z - 2025-02-15T08:59:16.190770Z,,,,,,,,,2025-02-15T08:58:22.978180Z,
HE.VJF.00.?HZ | 2025-02-15T08:57:22.804432Z - 2025-02-15T08:58:22.804432Z,,,,,,,2025-02-15T08:57:28.644000Z,,2025-02-15T08:57:32.692130Z,
HE.VUOS.00.BHZ | 2025-02-15T08:57:26.398819Z - 2025-02-15T08:58:26.398819Z,,,,,,,,,2025-02-15T08:57:51.995860Z,
FN.MSF.00.BHZ | 2025-02-15T21:00:46.689672Z - 2025-02-15T21:01:46.689672Z,,,,,,,2025-02-15T21:01:18.697800Z,,2025-02-15T21:01:23.607460Z,
FN.OLKF.00.BHZ | 2025-02-15T21:00:46.036843Z - 2025-02-15T21:01:46.036843Z,,,,,,,2025-02-15T21:01:23.288660Z,,2025-02-15T21:01:31.223100Z,
FN.RANF.00.?HZ | 2025-02-15T21:01:39.940750Z - 2025-02-15T21:02:39.940750Z,,,,,,,,,2025-02-15T21:01:49.643040Z,
HE.KU1.00.SHZ | 2025-02-15T21:00:29.376833Z - 2025-02-15T21:01:29.376833Z,,,,,,,2025-02-15T21:01:16.171160Z,,2025-02-15T21:01:19.183760Z,
HE.KU2.00.SHZ | 2025-02-15T21:01:02.674876Z - 2025-02-15T21:02:02.674876Z,,,,,,,2025-02-15T21:01:23.583660Z,,2025-02-15T21:01:31.795060Z,
HE.KU6.00.BHZ | 2025-02-15T21:01:03.989493Z - 2025-02-15T21:02:03.989493Z,,,,,,,2025-02-15T21:01:17.933400Z,,2025-02-15T21:01:22.355360Z,
HE.ECKF.00.CZ | 2025-02-15T20:39:43.797330Z - 2025-02-15T20:40:43.797330Z,,,,,,,2025-02-15T20:40:08.722430Z,,2025-02-15T20:40:29.419910Z,
UP.AAL.00.BHZ | 2025-02-15T20:39:58.580072Z - 2025-02-15T20:40:58.580072Z,,,,,,,2025-02-15T20:40:12.623000Z,,2025-02-15T20:40:37.006530Z,
FN.MSF.00.BHZ | 2025-02-20T11:30:36.286176Z - 2025-02-20T11:31:36.286176Z,,,,,,,2025-02-20T11:30:53.608170Z,,2025-02-20T11:30:55.261710Z,
FN.OLKF.00.BHZ | 2025-02-20T11:30:50.421514Z - 2025-02-20T11:31:50.421514Z,,,,,,,2025-02-20T11:30:59.017330Z,,2025-02-20T11:31:05.139420Z,
FN.OUL.00.BHZ | 2025-02-20T11:30:51.468636Z - 2025-02-20T11:31:51.468636Z,,,,,,,,,2025-02-20T11:31:36.151990Z,
FN.RANF.00.?HZ | 2025-02-20T11:30:52.295678Z - 2025-02-20T11:31:52.295678Z,,,,,,,2025-02-20T11:31:07.320450Z,,2025-02-20T11:31:19.175540Z,
FN.RNF.00.BHZ | 2025-02-20T11:31:20.896359Z - 2025-02-20T11:32:20.896359Z,,,,,,,,,2025-02-20T11:31:33.977840Z,
HE.KU1.00.SHZ | 2025-02-20T11:30:41.064108Z - 2025-02-20T11:31:41.064108Z,,,,,,,2025-02-20T11:30:57.143330Z,,2025-02-20T11:31:02.113940Z,
HE.KU2.00.SHZ | 2025-02-20T11:30:25.899151Z - 2025-02-20T11:31:25.899151Z,,,,,,,2025-02-20T11:30:57.671490Z,,2025-02-20T11:31:02.903030Z,
HE.KU6.00.BHZ | 2025-02-20T11:30:27.449500Z - 2025-02-20T11:31:27.449500Z,,,,,,,2025-02-20T11:30:57.152330Z,,2025-02-20T11:31:02.423810Z,
HE.RMF.00.BHZ | 2025-02-20T11:30:59.615745Z - 2025-02-20T11:31:59.615745Z,,,,,,,,,2025-02-20T11:31:40.482990Z,
HE.TOF.00.BHZ | 2025-02-20T11:31:24.582249Z - 2025-02-20T11:32:24.582249Z,,,,,,,,,2025-02-20T11:31:46.653450Z,
HE.VRF.00.BHZ | 2025-02-20T11:31:29.857451Z - 2025-02-20T11:32:29.857451Z,,,,,,,,,2025-02-20T11:31:45.564520Z,
FN.MSF.00.BHZ | 2025-02-20T23:19:46.935483Z - 2025-02-20T23:20:46.935483Z,,,,,,,2025-02-20T23:19:55.981250Z,,2025-02-20T23:20:00.001200Z,
FN.OLKF.00.BHZ | 2025-02-20T23:19:45.796442Z - 2025-02-20T23:20:45.796442Z,,,,,,,2025-02-20T23:19:59.290030Z,,2025-02-20T23:20:06.050810Z,
FN.OUL.00.BHZ | 2025-02-20T23:19:54.511466Z - 2025-02-20T23:20:54.511466Z,,,,,,,2025-02-20T23:20:14.600060Z,,2025-02-20T23:20:32.320550Z,
FN.RANF.00.?HZ | 2025-02-20T23:19:36.289453Z - 2025-02-20T23:20:36.289453Z,,,,,,,2025-02-20T23:20:02.480150Z,,2025-02-20T23:20:10.965470Z,
FN.RNF.00.BHZ | 2025-02-20T23:19:50.631054Z - 2025-02-20T23:20:50.631054Z,,,,,,,2025-02-20T23:20:10.179550Z,,2025-02-20T23:20:24.666940Z,
FN.SGF.00.BHZ | 2025-02-20T23:19:59.667321Z - 2025-02-20T23:20:59.667321Z,,,,,,,,,2025-02-20T23:20:38.123060Z,
HE.KU1.00.SHZ | 2025-02-20T23:19:52.573998Z - 2025-02-20T23:20:52.573998Z,,,,,,,2025-02-20T23:20:01.808050Z,,2025-02-20T23:20:10.275820Z,
HE.KU2.00.SHZ | 2025-02-20T23:19:10.654940Z - 2025-02-20T23:20:10.654940Z,,,,,,,2025-02-20T23:19:56.630980Z,,2025-02-20T23:20:01.490130Z,
HE.KU6.00.BHZ | 2025-02-20T23:19:48.077119Z - 2025-02-20T23:20:48.077119Z,,,,,,,2025-02-20T23:20:01.135940Z,,2025-02-20T23:20:08.613100Z,
HE.OBF3.00.BHZ | 2025-02-20T23:20:28.584408Z - 2025-02-20T23:21:28.584408Z,,,,,,,,,2025-02-20T23:20:47.147280Z,
HE.RMF.00.BHZ | 2025-02-20T23:20:11.364014Z - 2025-02-20T23:21:11.364014Z,,,,,,,,,2025-02-20T23:20:45.655080Z,
HE.TOF.00.BHZ | 2025-02-20T23:20:15.609024Z - 2025-02-20T23:21:15.609024Z,,,,,,,,,2025-02-20T23:20:39.881080Z,
HE.VRF.00.BHZ | 2025-02-20T23:19:49.332011Z - 2025-02-20T23:20:49.332011Z,,,,,,,,,2025-02-20T23:20:42.853710Z,
HE.ECKF.00.CZ | 2025-02-19T15:16:55.147015Z - 2025-02-19T15:17:55.147015Z,,,,,,,2025-02-19T15:17:22.600450Z,,,
HE.ECKF.00.CZ | 2025-02-19T15:17:30.973406Z - 2025-02-19T15:18:30.973406Z,,,,,,,,,2025-02-19T15:18:14.260000Z,
HE.KORF.00.CZ | 2025-02-19T15:16:44.520180Z - 2025-02-19T15:17:44.520180Z,,,,,,,2025-02-19T15:17:35.773720Z,,,
HE.KORF.00.CZ | 2025-02-19T15:18:27.135406Z - 2025-02-19T15:19:27.135406Z,,,,,,,,,2025-02-19T15:18:40.895490Z,
HE.RAF.00.BHZ | 2025-02-19T15:17:21.979369Z - 2025-02-19T15:18:21.979369Z,,,,,,,2025-02-19T15:17:40.682820Z,,,
HE.RAF.00.BHZ | 2025-02-19T15:18:10.936420Z - 2025-02-19T15:19:10.936420Z,,,,,,,,,2025-02-19T15:18:50.943920Z,
HE.TVF.00.BHZ | 2025-02-19T15:17:31.445811Z - 2025-02-19T15:18:31.445811Z,,,,,,,2025-02-19T15:17:47.381770Z,,,
HE.TVF.00.BHZ | 2025-02-19T15:18:19.673674Z - 2025-02-19T15:19:19.673674Z,,,,,,,,,2025-02-19T15:18:41.986020Z,
UP.AAL.00.BHZ | 2025-02-19T15:17:19.675064Z - 2025-02-19T15:18:19.675064Z,,,,,,,2025-02-19T15:17:25.578300Z,,2025-02-19T15:18:06.047000Z,
FN.KLF.00.BHZ | 2025-02-24T03:30:50.580173Z - 2025-02-24T03:31:50.580173Z,,,,,,,,,2025-02-24T03:31:30.883250Z,
FN.KMNF.00.?HZ | 2025-02-24T03:30:38.036358Z - 2025-02-24T03:31:38.036358Z,,,,,,,2025-02-24T03:31:05.504700Z,,2025-02-24T03:31:21.604220Z,
FN.RAJF.00.?HZ | 2025-02-24T03:31:02.099249Z - 2025-02-24T03:32:02.099249Z,,,,,,,,,2025-02-24T03:31:34.244160Z,
HE.HEF.00.BHZ | 2025-02-24T03:30:38.459764Z - 2025-02-24T03:31:38.459764Z,,,,,,,2025-02-24T03:30:52.500080Z,,2025-02-24T03:30:58.842830Z,
HE.KEV.00.?HZ | 2025-02-24T03:30:54.269507Z - 2025-02-24T03:31:54.269507Z,,,,,,,,,2025-02-24T03:31:27.394970Z,
HE.KIF.00.BHZ | 2025-02-24T03:30:43.313601Z - 2025-02-24T03:31:43.313601Z,,,,,,,2025-02-24T03:31:00.428820Z,,2025-02-24T03:31:12.689680Z,
HE.TOF.00.BHZ | 2025-02-24T03:32:01.418285Z - 2025-02-24T03:33:01.418285Z,,,,,,,,,2025-02-24T03:32:06.649110Z,
HE.VRF.00.BHZ | 2025-02-24T03:31:53.255698Z - 2025-02-24T03:32:53.255698Z,,,,,,,,,2025-02-24T03:31:58.391520Z,
FN.KLF.00.BHZ | 2025-02-25T23:11:45.324589Z - 2025-02-25T23:12:45.324589Z,,,,,,,,,2025-02-25T23:12:29.804050Z,
FN.KMNF.00.?HZ | 2025-02-25T23:11:34.008265Z - 2025-02-25T23:12:34.008265Z,,,,,,,2025-02-25T23:11:42.237550Z,,2025-02-25T23:11:54.297940Z,
FN.RAJF.00.?HZ | 2025-02-25T23:11:33.936024Z - 2025-02-25T23:12:33.936024Z,,,,,,,,,2025-02-25T23:12:16.078770Z,
FN.SGF.00.BHZ | 2025-02-25T23:11:45.512574Z - 2025-02-25T23:12:45.512574Z,,,,,,,,,2025-02-25T23:12:27.631920Z,
HE.HEF.00.BHZ | 2025-02-25T23:11:35.694694Z - 2025-02-25T23:12:35.694694Z,,,,,,,,,2025-02-25T23:11:58.973500Z,
HE.KEV.00.?HZ | 2025-02-25T23:11:01.136692Z - 2025-02-25T23:12:01.136692Z,,,,,,,2025-02-25T23:11:41.847170Z,,2025-02-25T23:11:53.385330Z,
HE.KIF.00.BHZ | 2025-02-25T23:11:44.505511Z - 2025-02-25T23:12:44.505511Z,,,,,,,,,2025-02-25T23:12:06.970300Z,
FN.KMNF.00.?HZ | 2025-02-27T18:38:38.169946Z - 2025-02-27T18:39:38.169946Z,,,,,,,2025-02-27T18:38:50.826680Z,,2025-02-27T18:39:02.948880Z,
FN.RAJF.00.?HZ | 2025-02-27T18:38:58.450287Z - 2025-02-27T18:39:58.450287Z,,,,,,,2025-02-27T18:39:04.570560Z,,2025-02-27T18:39:26.579040Z,
HE.HEF.00.BHZ | 2025-02-27T18:38:48.536553Z - 2025-02-27T18:39:48.536553Z,,,,,,,2025-02-27T18:39:06.192240Z,,2025-02-27T18:39:29.590730Z,
HE.KEV.00.?HZ | 2025-02-27T18:38:07.044462Z - 2025-02-27T18:39:07.044462Z,,,,,,,2025-02-27T18:38:41.839560Z,,2025-02-27T18:38:46.841740Z,
HE.KIF.00.BHZ | 2025-02-27T18:38:54.817778Z - 2025-02-27T18:39:54.817778Z,,,,,,,,,2025-02-27T18:39:37.322600Z,
FN.KLF.00.BHZ | 2025-02-28T01:46:45.406470Z - 2025-02-28T01:47:45.406470Z,,,,,,,2025-02-28T01:47:07.627090Z,,2025-02-28T01:47:29.386910Z,
FN.MSF.00.BHZ | 2025-02-28T01:46:48.681801Z - 2025-02-28T01:47:48.681801Z,,,,,,,2025-02-28T01:47:10.147580Z,,2025-02-28T01:47:33.813450Z,
FN.OLKF.00.BHZ | 2025-02-28T01:46:46.640959Z - 2025-02-28T01:47:46.640959Z,,,,,,,2025-02-28T01:47:13.233680Z,,2025-02-28T01:47:41.137810Z,
FN.OUL.00.BHZ | 2025-02-28T01:46:40.144845Z - 2025-02-28T01:47:40.144845Z,,,,,,,2025-02-28T01:46:49.790330Z,,2025-02-28T01:46:58.751380Z,
FN.RANF.00.?HZ | 2025-02-28T01:46:36.922838Z - 2025-02-28T01:47:36.922838Z,,,,,,,2025-02-28T01:46:54.978460Z,,2025-02-28T01:47:07.676760Z,
FN.RNF.00.BHZ | 2025-02-28T01:46:50.182477Z - 2025-02-28T01:47:50.182477Z,,,,,,,,,2025-02-28T01:47:14.036950Z,
FN.SGF.00.BHZ | 2025-02-28T01:46:59.975869Z - 2025-02-28T01:47:59.975869Z,,,,,,,2025-02-28T01:47:13.508890Z,,2025-02-28T01:47:39.501970Z,
HE.KJNF.00.CZ | 2025-02-28T01:46:52.458206Z - 2025-02-28T01:47:52.458206Z,,,,,,,2025-02-28T01:47:09.814410Z,,2025-02-28T01:47:32.378830Z,
HE.KU1.00.SHZ | 2025-02-28T01:46:43.789311Z - 2025-02-28T01:47:43.789311Z,,,,,,,2025-02-28T01:47:12.500070Z,,2025-02-28T01:47:38.432190Z,
HE.KU2.00.SHZ | 2025-02-28T01:46:34.240626Z - 2025-02-28T01:47:34.240626Z,,,,,,,2025-02-28T01:47:03.729930Z,,2025-02-28T01:47:22.554080Z,
HE.KU6.00.BHZ | 2025-02-28T01:46:57.335464Z - 2025-02-28T01:47:57.335464Z,,,,,,,2025-02-28T01:47:15.325690Z,,2025-02-28T01:47:45.019840Z,
HE.OBF0.00.BHZ | 2025-02-28T01:46:33.974341Z - 2025-02-28T01:47:33.974341Z,,,,,,,2025-02-28T01:46:56.517100Z,,2025-02-28T01:47:10.465240Z,
HE.OBF3.00.BHZ | 2025-02-28T01:46:32.028596Z - 2025-02-28T01:47:32.028596Z,,,,,,,2025-02-28T01:46:50.650900Z,,2025-02-28T01:47:00.384780Z,
HE.OBF8.00.BHZ | 2025-02-28T01:46:34.586851Z - 2025-02-28T01:47:34.586851Z,,,,,,,2025-02-28T01:47:01.017960Z,,2025-02-28T01:47:18.517260Z,
HE.OUF.00.BHZ | 2025-02-28T01:46:44.101665Z - 2025-02-28T01:47:44.101665Z,,,,,,,2025-02-28T01:46:58.423360Z,,2025-02-28T01:47:14.205300Z,
HE.TOF.00.BHZ | 2025-02-28T01:46:05.172618Z - 2025-02-28T01:47:05.172618Z,,,,,,,2025-02-28T01:46:46.850420Z,,2025-02-28T01:46:53.596910Z,
FN.KLF.00.BHZ | 2025-02-28T09:03:28.830390Z - 2025-02-28T09:04:28.830390Z,,,,,,,2025-02-28T09:03:57.932730Z,,2025-02-28T09:04:21.649570Z,
HE.HEF.00.BHZ | 2025-02-28T09:03:33.250893Z - 2025-02-28T09:04:33.250893Z,,,,,,,2025-02-28T09:03:56.599360Z,,2025-02-28T09:04:18.567680Z,
HE.KIF.00.BHZ | 2025-02-28T09:03:34.371394Z - 2025-02-28T09:04:34.371394Z,,,,,,,2025-02-28T09:03:50.946640Z,,2025-02-28T09:04:09.087930Z,
FN.KLF.00.BHZ | 2025-02-28T00:31:20.803275Z - 2025-02-28T00:32:20.803275Z,,,,,,,2025-02-28T00:31:31.306240Z,,2025-02-28T00:32:03.138140Z,
FN.OUL.00.BHZ | 2025-02-28T00:31:15.405183Z - 2025-02-28T00:32:15.405183Z,,,,,,,2025-02-28T00:31:30.679520Z,,2025-02-28T00:31:58.051100Z,
HE.OBF0.00.BHZ | 2025-02-28T00:31:11.107419Z - 2025-02-28T00:32:11.107419Z,,,,,,,2025-02-28T00:31:24.261910Z,,2025-02-28T00:31:48.176240Z,
HE.OBF3.00.BHZ | 2025-02-28T00:31:18.275328Z - 2025-02-28T00:32:18.275328Z,,,,,,,2025-02-28T00:31:25.178850Z,,2025-02-28T00:31:49.165800Z,
HE.OBF8.00.BHZ | 2025-02-28T00:31:31.364437Z - 2025-02-28T00:32:31.364437Z,,,,,,,,,2025-02-28T00:31:43.451980Z,
HE.OUF.00.BHZ | 2025-02-28T00:31:17.008784Z - 2025-02-28T00:32:17.008784Z,,,,,,,2025-02-28T00:31:29.064100Z,,2025-02-28T00:31:55.961470Z,
HE.TOF.00.BHZ | 2025-02-28T00:30:54.136393Z - 2025-02-28T00:31:54.136393Z,,,,,,,2025-02-28T00:31:23.664470Z,,2025-02-28T00:31:45.280360Z,
FN.KLF.00.BHZ | 2025-03-01T01:23:54.144310Z - 2025-03-01T01:24:54.144310Z,,,,,,,2025-03-01T01:24:01.810860Z,,2025-03-01T01:24:13.794610Z,
FN.KMNF.00.?HZ | 2025-03-01T01:24:11.874442Z - 2025-03-01T01:25:11.874442Z,,,,,,,2025-03-01T01:24:18.954350Z,,2025-03-01T01:24:43.353750Z,
FN.RAJF.00.?HZ | 2025-03-01T01:24:04.080637Z - 2025-03-01T01:25:04.080637Z,,,,,,,,,2025-03-01T01:24:51.395870Z,
FN.SGF.00.BHZ | 2025-03-01T01:23:48.685764Z - 2025-03-01T01:24:48.685764Z,,,,,,,2025-03-01T01:24:13.188880Z,,2025-03-01T01:24:33.710130Z,
HE.HEF.00.BHZ | 2025-03-01T01:23:32.247482Z - 2025-03-01T01:24:32.247482Z,,,,,,,2025-03-01T01:23:54.995740Z,,2025-03-01T01:24:02.085700Z,
HE.TOF.00.BHZ | 2025-03-01T01:24:11.673924Z - 2025-03-01T01:25:11.673924Z,,,,,,,2025-03-01T01:24:22.203820Z,,2025-03-01T01:24:48.469200Z,
HE.HEF.00.BHZ | 2025-03-01T06:26:52.833361Z - 2025-03-01T06:27:52.833361Z,,,,,,,2025-03-01T06:27:02.689160Z,,2025-03-01T06:27:34.584110Z,
HE.KIF.00.BHZ | 2025-03-01T06:26:25.065947Z - 2025-03-01T06:27:25.065947Z,,,,,,,2025-03-01T06:26:46.265260Z,,2025-03-01T06:27:05.122740Z,
FN.KLF.00.BHZ | 2025-03-04T08:03:21.991818Z - 2025-03-04T08:04:21.991818Z,,,,,,,2025-03-04T08:03:44.163000Z,,2025-03-04T08:04:08.988910Z,
HE.HEF.00.BHZ | 2025-03-04T08:03:19.606664Z - 2025-03-04T08:04:19.606664Z,,,,,,,2025-03-04T08:03:38.187080Z,,2025-03-04T08:03:57.772720Z,
HE.KIF.00.BHZ | 2025-03-04T08:02:50.996544Z - 2025-03-04T08:03:50.996544Z,,,,,,,2025-03-04T08:03:28.685630Z,,2025-03-04T08:03:41.480950Z,
FN.KLF.00.BHZ | 2025-03-05T07:30:39.466230Z - 2025-03-05T07:31:39.466230Z,,,,,,,2025-03-05T07:31:08.991510Z,,2025-03-05T07:31:24.351890Z,
FN.KMNF.00.?HZ | 2025-03-05T07:31:03.344247Z - 2025-03-05T07:32:03.344247Z,,,,,,,2025-03-05T07:31:15.600080Z,,2025-03-05T07:31:35.672420Z,
FN.MSF.00.BHZ | 2025-03-05T07:31:06.888190Z - 2025-03-05T07:32:06.888190Z,,,,,,,2025-03-05T07:31:20.277980Z,,2025-03-05T07:31:43.787850Z,
FN.OLKF.00.BHZ | 2025-03-05T07:31:01.366649Z - 2025-03-05T07:32:01.366649Z,,,,,,,2025-03-05T07:31:15.859550Z,,2025-03-05T07:31:35.990140Z,
FN.RAJF.00.?HZ | 2025-03-05T07:30:31.147096Z - 2025-03-05T07:31:31.147096Z,,,,,,,2025-03-05T07:31:06.216960Z,,2025-03-05T07:31:19.688570Z,
FN.RANF.00.?HZ | 2025-03-05T07:31:08.606252Z - 2025-03-05T07:32:08.606252Z,,,,,,,2025-03-05T07:31:15.271810Z,,2025-03-05T07:31:35.256640Z,
FN.SGF.00.BHZ | 2025-03-05T07:30:20.525446Z - 2025-03-05T07:31:20.525446Z,,,,,,,2025-03-05T07:30:51.262420Z,,2025-03-05T07:30:53.841240Z,
HE.HEF.00.BHZ | 2025-03-05T07:30:39.773131Z - 2025-03-05T07:31:39.773131Z,,,,,,,2025-03-05T07:31:14.204920Z,,2025-03-05T07:31:32.998570Z,
HE.KEV.00.?HZ | 2025-03-05T07:31:10.711689Z - 2025-03-05T07:32:10.711689Z,,,,,,,2025-03-05T07:31:25.567410Z,,2025-03-05T07:31:53.212220Z,
HE.KU1.00.SHZ | 2025-03-05T07:31:20.253055Z - 2025-03-05T07:32:20.253055Z,,,,,,,2025-03-05T07:31:27.075310Z,,2025-03-05T07:31:53.589200Z,
HE.KU2.00.SHZ | 2025-03-05T07:30:55.793414Z - 2025-03-05T07:31:55.793414Z,,,,,,,2025-03-05T07:31:21.420690Z,,2025-03-05T07:31:45.672730Z,
HE.KU6.00.BHZ | 2025-03-05T07:31:04.821783Z - 2025-03-05T07:32:04.821783Z,,,,,,,2025-03-05T07:31:21.295030Z,,2025-03-05T07:31:45.672730Z,
HE.TOF.00.BHZ | 2025-03-05T07:31:05.297961Z - 2025-03-05T07:32:05.297961Z,,,,,,,2025-03-05T07:31:19.442470Z,,2025-03-05T07:31:42.611630Z,
HE.VRF.00.BHZ | 2025-03-05T07:30:56.289209Z - 2025-03-05T07:31:56.289209Z,,,,,,,2025-03-05T07:31:06.216960Z,,2025-03-05T07:31:19.429500Z,
FN.MSF.00.BHZ | 2025-03-05T09:35:00.542154Z - 2025-03-05T09:36:00.542154Z,,,,,,,2025-03-05T09:35:20.386550Z,,2025-03-05T09:35:26.038040Z,
FN.OLKF.00.BHZ | 2025-03-05T09:35:20.897110Z - 2025-03-05T09:36:20.897110Z,,,,,,,,,2025-03-05T09:35:37.850430Z,
FN.OUL.00.BHZ | 2025-03-05T09:35:28.039737Z - 2025-03-05T09:36:28.039737Z,,,,,,,,,2025-03-05T09:35:45.976670Z,
FN.RANF.00.?HZ | 2025-03-05T09:34:50.639539Z - 2025-03-05T09:35:50.639539Z,,,,,,,2025-03-05T09:35:23.941520Z,,2025-03-05T09:35:32.120850Z,
HE.KU1.00.SHZ | 2025-03-05T09:35:07.567411Z - 2025-03-05T09:36:07.567411Z,,,,,,,2025-03-05T09:35:23.212290Z,,2025-03-05T09:35:30.981510Z,
HE.KU2.00.SHZ | 2025-03-05T09:34:40.127746Z - 2025-03-05T09:35:40.127746Z,,,,,,,2025-03-05T09:35:14.450520Z,,2025-03-05T09:35:15.937120Z,
HE.KU6.00.BHZ | 2025-03-05T09:35:24.574961Z - 2025-03-05T09:36:24.574961Z,,,,,,,,,2025-03-05T09:35:36.957160Z,
FN.MSF.00.BHZ | 2025-03-10T02:08:55.165012Z - 2025-03-10T02:09:55.165012Z,,,,,,,2025-03-10T02:09:06.763130Z,,2025-03-10T02:09:09.117440Z,
FN.OLKF.00.BHZ | 2025-03-10T02:08:47.147150Z - 2025-03-10T02:09:47.147150Z,,,,,,,2025-03-10T02:09:13.600890Z,,2025-03-10T02:09:21.054840Z,
FN.OUL.00.BHZ | 2025-03-10T02:09:25.290798Z - 2025-03-10T02:10:25.290798Z,,,,,,,,,2025-03-10T02:09:46.962250Z,
FN.RANF.00.?HZ | 2025-03-10T02:08:42.806903Z - 2025-03-10T02:09:42.806903Z,,,,,,,2025-03-10T02:09:19.364870Z,,2025-03-10T02:09:31.007340Z,
FN.RNF.00.BHZ | 2025-03-10T02:09:30.784244Z - 2025-03-10T02:10:30.784244Z,,,,,,,,,2025-03-10T02:09:46.993710Z,
FN.SGF.00.BHZ | 2025-03-10T02:09:28.707471Z - 2025-03-10T02:10:28.707471Z,,,,,,,,,2025-03-10T02:09:59.279760Z,
HE.KU1.00.SHZ | 2025-03-10T02:08:26.972215Z - 2025-03-10T02:09:26.972215Z,,,,,,,2025-03-10T02:09:09.522810Z,,2025-03-10T02:09:14.200600Z,
HE.KU2.00.SHZ | 2025-03-10T02:08:25.151619Z - 2025-03-10T02:09:25.151619Z,,,,,,,2025-03-10T02:09:09.384970Z,,2025-03-10T02:09:13.445290Z,
HE.KU6.00.BHZ | 2025-03-10T02:08:22.818545Z - 2025-03-10T02:09:22.818545Z,,,,,,,2025-03-10T02:09:11.397900Z,,2025-03-10T02:09:17.678550Z,
HE.OBF3.00.BHZ | 2025-03-10T02:09:34.141092Z - 2025-03-10T02:10:34.141092Z,,,,,,,,,2025-03-10T02:10:03.711420Z,
HE.RMF.00.BHZ | 2025-03-10T02:09:22.838943Z - 2025-03-10T02:10:22.838943Z,,,,,,,,,2025-03-10T02:09:51.623990Z,
HE.VRF.00.BHZ | 2025-03-10T02:09:45.432902Z - 2025-03-10T02:10:45.432902Z,,,,,,,,,2025-03-10T02:10:00.418110Z,
FN.MSF.00.BHZ | 2025-03-08T14:35:59.693865Z - 2025-03-08T14:36:59.693865Z,,,,,,,2025-03-08T14:36:17.818240Z,,2025-03-08T14:36:26.907470Z,
FN.OLKF.00.BHZ | 2025-03-08T14:35:53.928435Z - 2025-03-08T14:36:53.928435Z,,,,,,,2025-03-08T14:36:21.626780Z,,2025-03-08T14:36:33.608250Z,
FN.OUL.00.BHZ | 2025-03-08T14:36:19.982363Z - 2025-03-08T14:37:19.982363Z,,,,,,,,,2025-03-08T14:37:05.160200Z,
FN.RANF.00.?HZ | 2025-03-08T14:36:33.962741Z - 2025-03-08T14:37:33.962741Z,,,,,,,,,2025-03-08T14:36:54.189320Z,
HE.KU1.00.SHZ | 2025-03-08T14:35:32.651019Z - 2025-03-08T14:36:32.651019Z,,,,,,,2025-03-08T14:36:11.992860Z,,2025-03-08T14:36:16.918620Z,
HE.KU2.00.SHZ | 2025-03-08T14:35:40.029827Z - 2025-03-08T14:36:40.029827Z,,,,,,,2025-03-08T14:36:22.064270Z,,2025-03-08T14:36:34.042310Z,
HE.KU6.00.BHZ | 2025-03-08T14:35:40.149646Z - 2025-03-08T14:36:40.149646Z,,,,,,,2025-03-08T14:36:15.128570Z,,2025-03-08T14:36:22.415440Z,
HE.RMF.00.BHZ | 2025-03-08T14:36:36.976659Z - 2025-03-08T14:37:36.976659Z,,,,,,,,,2025-03-08T14:36:45.478050Z,
FN.KLF.00.BHZ | 2025-03-13T16:18:45.365192Z - 2025-03-13T16:19:45.365192Z,,,,,,,2025-03-13T16:19:10.662130Z,,2025-03-13T16:19:39.154380Z,
FN.KMNF.00.?HZ | 2025-03-13T16:18:13.396045Z - 2025-03-13T16:19:13.396045Z,,,,,,,2025-03-13T16:18:34.317180Z,,2025-03-13T16:18:39.217310Z,
FN.RAJF.00.?HZ | 2025-03-13T16:17:57.469606Z - 2025-03-13T16:18:57.469606Z,,,,,,,2025-03-13T16:18:41.110070Z,,2025-03-13T16:18:51.216110Z,
FN.RNF.00.BHZ | 2025-03-13T16:19:38.904510Z - 2025-03-13T16:20:38.904510Z,,,,,,,,,2025-03-13T16:19:49.191990Z,
FN.SGF.00.BHZ | 2025-03-13T16:18:53.973615Z - 2025-03-13T16:19:53.973615Z,,,,,,,2025-03-13T16:19:00.123330Z,,2025-03-13T16:19:24.096390Z,
HE.HEF.00.BHZ | 2025-03-13T16:18:52.046802Z - 2025-03-13T16:19:52.046802Z,,,,,,,2025-03-13T16:18:58.629180Z,,2025-03-13T16:19:21.468820Z,
HE.KEV.00.?HZ | 2025-03-13T16:18:26.028242Z - 2025-03-13T16:19:26.028242Z,,,,,,,2025-03-13T16:18:38.477200Z,,2025-03-13T16:18:46.573660Z,
HE.KIF.00.BHZ | 2025-03-13T16:19:16.384957Z - 2025-03-13T16:20:16.384957Z,,,,,,,,,2025-03-13T16:19:44.958980Z,
HE.VRF.00.BHZ | 2025-03-13T16:18:23.672936Z - 2025-03-13T16:19:23.672936Z,,,,,,,2025-03-13T16:18:55.440830Z,,2025-03-13T16:19:15.966920Z,
FN.KLF.00.BHZ | 2025-03-16T03:01:53.718242Z - 2025-03-16T03:02:53.718242Z,,,,,,,2025-03-16T03:02:14.077630Z,,2025-03-16T03:02:35.454840Z,
FN.SGF.00.BHZ | 2025-03-16T03:02:11.427077Z - 2025-03-16T03:03:11.427077Z,,,,,,,,,2025-03-16T03:02:59.955370Z,
HE.HEF.00.BHZ | 2025-03-16T03:01:48.068835Z - 2025-03-16T03:02:48.068835Z,,,,,,,2025-03-16T03:02:10.192520Z,,2025-03-16T03:02:28.177800Z,
HE.KIF.00.BHZ | 2025-03-16T03:01:35.795546Z - 2025-03-16T03:02:35.795546Z,,,,,,,2025-03-16T03:02:04.829640Z,,2025-03-16T03:02:19.560240Z,
FN.MSF.00.BHZ | 2025-03-15T02:39:08.054234Z - 2025-03-15T02:40:08.054234Z,,,,,,,2025-03-15T02:39:28.772540Z,,2025-03-15T02:39:33.870260Z,
FN.OLKF.00.BHZ | 2025-03-15T02:38:50.503778Z - 2025-03-15T02:39:50.503778Z,,,,,,,2025-03-15T02:39:32.914220Z,,2025-03-15T02:39:40.541470Z,
FN.OUL.00.BHZ | 2025-03-15T02:39:48.369912Z - 2025-03-15T02:40:48.369912Z,,,,,,,,,2025-03-15T02:40:08.385390Z,
FN.RANF.00.?HZ | 2025-03-15T02:39:49.061288Z - 2025-03-15T02:40:49.061288Z,,,,,,,,,2025-03-15T02:39:55.975620Z,
FN.RNF.00.BHZ | 2025-03-15T02:39:24.569100Z - 2025-03-15T02:40:24.569100Z,,,,,,,,,2025-03-15T02:40:08.293010Z,
HE.KU1.00.SHZ | 2025-03-15T02:38:40.399008Z - 2025-03-15T02:39:40.399008Z,,,,,,,2025-03-15T02:39:28.509590Z,,2025-03-15T02:39:33.382130Z,
HE.KU2.00.SHZ | 2025-03-15T02:38:50.209709Z - 2025-03-15T02:39:50.209709Z,,,,,,,2025-03-15T02:39:32.402400Z,,2025-03-15T02:39:40.050800Z,
HE.KU6.00.BHZ | 2025-03-15T02:38:48.790368Z - 2025-03-15T02:39:48.790368Z,,,,,,,2025-03-15T02:39:29.430400Z,,2025-03-15T02:39:34.921050Z,
HE.RMF.00.BHZ | 2025-03-15T02:39:15.372892Z - 2025-03-15T02:40:15.372892Z,,,,,,,,,2025-03-15T02:40:06.496830Z,
FN.KLF.00.BHZ | 2025-03-17T08:37:54.142000Z - 2025-03-17T08:38:54.142000Z,,,,,,,2025-03-17T08:38:12.079990Z,,2025-03-17T08:38:27.898920Z,
FN.KMNF.00.?HZ | 2025-03-17T08:38:01.554695Z - 2025-03-17T08:39:01.554695Z,,,,,,,2025-03-17T08:38:18.719090Z,,2025-03-17T08:38:39.421110Z,
FN.RAJF.00.?HZ | 2025-03-17T08:38:16.803097Z - 2025-03-17T08:39:16.803097Z,,,,,,,2025-03-17T08:38:23.862160Z,,2025-03-17T08:38:47.907380Z,
FN.SGF.00.BHZ | 2025-03-17T08:37:59.023187Z - 2025-03-17T08:38:59.023187Z,,,,,,,2025-03-17T08:38:18.968650Z,,2025-03-17T08:38:39.570420Z,
HE.HEF.00.BHZ | 2025-03-17T08:37:23.603516Z - 2025-03-17T08:38:23.603516Z,,,,,,,2025-03-17T08:37:54.209860Z,,2025-03-17T08:37:57.123000Z,
HE.KEV.00.?HZ | 2025-03-17T08:38:10.231623Z - 2025-03-17T08:39:10.231623Z,,,,,,,2025-03-17T08:38:24.026520Z,,2025-03-17T08:38:48.294850Z,
HE.VRF.00.BHZ | 2025-03-17T08:38:35.490310Z - 2025-03-17T08:39:35.490310Z,,,,,,,,,2025-03-17T08:39:05.744260Z,
FN.OUL.00.BHZ | 2025-03-14T23:31:15.819528Z - 2025-03-14T23:32:15.819528Z,,,,,,,,,2025-03-14T23:31:23.250000Z,
HE.ALAJF.00.?HZ | 2025-03-14T23:30:51.754364Z - 2025-03-14T23:31:51.754364Z,,,,,,,,,2025-03-14T23:31:17.730000Z,
HE.OBF0.00.BHZ | 2025-03-14T23:30:57.373829Z - 2025-03-14T23:31:57.373829Z,,,,,,,,,2025-03-14T23:31:04.580000Z,
HE.OBF3.00.BHZ | 2025-03-14T23:30:36.881324Z - 2025-03-14T23:31:36.881324Z,,,,,,,,,2025-03-14T23:31:10.370000Z,
HE.OBF8.00.BHZ | 2025-03-14T23:30:20.379157Z - 2025-03-14T23:31:20.379157Z,,,,,,,,,2025-03-14T23:30:54.990000Z,
HE.OUF.00.BHZ | 2025-03-14T23:30:19.587032Z - 2025-03-14T23:31:19.587032Z,,,,,,,,,2025-03-14T23:31:10.583180Z,
HE.VAF.00.BHZ | 2025-03-14T23:30:35.471872Z - 2025-03-14T23:31:35.471872Z,,,,,,,2025-03-14T23:30:49.820000Z,,2025-03-14T23:31:10.583180Z,
HE.ECKF.00.CZ | 2025-03-20T01:33:44.425732Z - 2025-03-20T01:34:44.425732Z,,,,,,,2025-03-20T01:33:51.956850Z,,2025-03-20T01:33:58.642550Z,
HE.KORF.00.CZ | 2025-03-20T01:33:35.294209Z - 2025-03-20T01:34:35.294209Z,,,,,,,2025-03-20T01:33:51.886780Z,,2025-03-20T01:33:58.778710Z,
HE.KPF.00.BHZ | 2025-03-20T01:33:50.658803Z - 2025-03-20T01:34:50.658803Z,,,,,,,2025-03-20T01:34:11.779910Z,,2025-03-20T01:34:33.308440Z,
HE.MEF.00.BHZ | 2025-03-20T01:33:56.368351Z - 2025-03-20T01:34:56.368351Z,,,,,,,,,2025-03-20T01:34:40.993100Z,
HE.RAF.00.BHZ | 2025-03-20T01:33:16.119985Z - 2025-03-20T01:34:16.119985Z,,,,,,,2025-03-20T01:33:58.359300Z,,2025-03-20T01:34:10.023380Z,
HE.TRE03.00.CZ | 2025-03-20T01:33:57.480789Z - 2025-03-20T01:34:57.480789Z,,,,,,,,,2025-03-20T01:34:49.697730Z,
HE.TVF.00.BHZ | 2025-03-20T01:33:48.563990Z - 2025-03-20T01:34:48.563990Z,,,,,,,2025-03-20T01:34:08.261040Z,,2025-03-20T01:34:27.097190Z,
UP.AAL.00.BHZ | 2025-03-20T01:33:12.986848Z - 2025-03-20T01:34:12.986848Z,,,,,,,2025-03-20T01:33:48.356420Z,,2025-03-20T01:33:52.764760Z,
FN.KLF.00.BHZ | 2025-03-23T13:28:43.089750Z - 2025-03-23T13:29:43.089750Z,,,,,,,2025-03-23T13:29:10.147750Z,,2025-03-23T13:29:31.536890Z,
FN.OUL.00.BHZ | 2025-03-23T13:28:56.029536Z - 2025-03-23T13:29:56.029536Z,,,,,,,2025-03-23T13:29:03.589700Z,,2025-03-23T13:29:20.989330Z,
FN.RANF.00.?HZ | 2025-03-23T13:28:44.290720Z - 2025-03-23T13:29:44.290720Z,,,,,,,2025-03-23T13:29:08.929230Z,,2025-03-23T13:29:30.192840Z,
HE.KU2.00.SHZ | 2025-03-23T13:28:50.798490Z - 2025-03-23T13:29:50.798490Z,,,,,,,2025-03-23T13:29:17.696650Z,,2025-03-23T13:29:45.433860Z,
HE.OBF0.00.BHZ | 2025-03-23T13:28:29.601848Z - 2025-03-23T13:29:29.601848Z,,,,,,,2025-03-23T13:29:01.620070Z,,2025-03-23T13:29:17.405190Z,
HE.OBF3.00.BHZ | 2025-03-23T13:28:41.662293Z - 2025-03-23T13:29:41.662293Z,,,,,,,2025-03-23T13:28:58.917410Z,,2025-03-23T13:29:13.130420Z,
HE.OUF.00.BHZ | 2025-03-23T13:28:42.154136Z - 2025-03-23T13:29:42.154136Z,,,,,,,2025-03-23T13:29:05.075010Z,,2025-03-23T13:29:24.087030Z,
HE.ECKF.00.CZ | 2025-03-26T05:06:04.829315Z - 2025-03-26T05:07:04.829315Z,,,,,,,2025-03-26T05:06:38.100000Z,,2025-03-26T05:06:47.750000Z,
HE.HEL1.00.BHZ | 2025-03-26T05:07:20.352293Z - 2025-03-26T05:08:20.352293Z,,,,,,,,,2025-03-26T05:07:35.056890Z,
HE.HEL5.00.BHZ | 2025-03-26T05:06:45.981006Z - 2025-03-26T05:07:45.981006Z,,,,,,,2025-03-26T05:07:04.132100Z,,2025-03-26T05:07:31.022190Z,
HE.KORF.00.CZ | 2025-03-26T05:05:52.421575Z - 2025-03-26T05:06:52.421575Z,,,,,,,2025-03-26T05:06:37.493130Z,,2025-03-26T05:06:46.379380Z,
HE.KPF.00.BHZ | 2025-03-26T05:06:54.977651Z - 2025-03-26T05:07:54.977651Z,,,,,,,2025-03-26T05:07:05.366280Z,,2025-03-26T05:07:35.056890Z,
HE.LAUT.00.BHZ | 2025-03-26T05:07:25.364773Z - 2025-03-26T05:08:25.364773Z,,,,,,,,,2025-03-26T05:07:34.497000Z,
HE.MEF.00.BHZ | 2025-03-26T05:06:37.549095Z - 2025-03-26T05:07:37.549095Z,,,,,,,2025-03-26T05:07:01.528690Z,,2025-03-26T05:07:27.153600Z,
HE.NUR.00.SHZ | 2025-03-26T05:06:45.944172Z - 2025-03-26T05:07:45.944172Z,,,,,,,,,2025-03-26T05:07:34.049090Z,
HE.RAF.00.BHZ | 2025-03-26T05:06:36.540981Z - 2025-03-26T05:07:36.540981Z,,,,,,,2025-03-26T05:06:51.765630Z,,2025-03-26T05:07:11.347630Z,
HE.TVF.00.BHZ | 2025-03-26T05:06:25.179811Z - 2025-03-26T05:07:25.179811Z,,,,,,,2025-03-26T05:06:51.100000Z,,2025-03-26T05:07:09.420000Z,
UP.AAL.00.BHZ | 2025-03-26T05:06:25.890825Z - 2025-03-26T05:07:25.890825Z,,,,,,,2025-03-26T05:06:34.570000Z,,2025-03-26T05:06:41.670000Z,
HE.KPF.00.BHZ | 2025-03-27T06:34:05.566889Z - 2025-03-27T06:35:05.566889Z,,,,,,,,,2025-03-27T06:34:57.337620Z,
HE.RAF.00.BHZ | 2025-03-27T06:34:31.983061Z - 2025-03-27T06:35:31.983061Z,,,,,,,,,2025-03-27T06:35:06.135050Z,
HE.VAF.00.BHZ | 2025-03-27T06:34:12.561334Z - 2025-03-27T06:35:12.561334Z,,,,,,,,,2025-03-27T06:35:03.356910Z,
HE.ALAJF.00.?HZ | 2025-03-30T13:14:15.627945Z - 2025-03-30T13:15:15.627945Z,,,,,,,2025-03-30T13:14:32.014870Z,,2025-03-30T13:14:56.697750Z,
HE.OBF0.00.BHZ | 2025-03-30T13:14:10.778106Z - 2025-03-30T13:15:10.778106Z,,,,,,,2025-03-30T13:14:27.012890Z,,2025-03-30T13:14:47.807770Z,
HE.OBF3.00.BHZ | 2025-03-30T13:14:05.062374Z - 2025-03-30T13:15:05.062374Z,,,,,,,2025-03-30T13:14:30.698890Z,,2025-03-30T13:14:54.454280Z,
HE.OBF8.00.BHZ | 2025-03-30T13:13:53.808983Z - 2025-03-30T13:14:53.808983Z,,,,,,,2025-03-30T13:14:21.056910Z,,2025-03-30T13:14:37.244900Z,
HE.VAF.00.BHZ | 2025-03-30T13:14:03.055138Z - 2025-03-30T13:15:03.055138Z,,,,,,,2025-03-30T13:14:26.431490Z,,2025-03-30T13:14:46.872740Z,
FN.KLF.00.BHZ | 2025-04-02T13:32:57.686674Z - 2025-04-02T13:33:57.686674Z,,,,,,,2025-04-02T13:33:38.882380Z,,2025-04-02T13:33:49.664300Z,
FN.OLKF.00.BHZ | 2025-04-02T13:33:37.896237Z - 2025-04-02T13:34:37.896237Z,,,,,,,2025-04-02T13:34:01.211360Z,,2025-04-02T13:34:28.982980Z,
FN.OUL.00.BHZ | 2025-04-02T13:33:34.807993Z - 2025-04-02T13:34:34.807993Z,,,,,,,2025-04-02T13:33:50.395280Z,,2025-04-02T13:34:09.857570Z,
FN.RANF.00.?HZ | 2025-04-02T13:33:32.218494Z - 2025-04-02T13:34:32.218494Z,,,,,,,2025-04-02T13:33:44.730200Z,,2025-04-02T13:34:00.242560Z,
FN.RNF.00.BHZ | 2025-04-02T13:33:30.338400Z - 2025-04-02T13:34:30.338400Z,,,,,,,2025-04-02T13:33:38.973750Z,,2025-04-02T13:33:49.938420Z,
FN.SGF.00.BHZ | 2025-04-02T13:33:22.791646Z - 2025-04-02T13:34:22.791646Z,,,,,,,2025-04-02T13:33:48.933320Z,,2025-04-02T13:34:07.769820Z,
HE.KU2.00.SHZ | 2025-04-02T13:33:25.747374Z - 2025-04-02T13:34:25.747374Z,,,,,,,2025-04-02T13:33:55.623570Z,,2025-04-02T13:34:19.402840Z,
HE.OBF3.00.BHZ | 2025-04-02T13:33:29.427912Z - 2025-04-02T13:34:29.427912Z,,,,,,,2025-04-02T13:33:51.774400Z,,2025-04-02T13:34:12.141880Z,
FN.KLF.00.BHZ | 2025-04-03T04:43:03.217369Z - 2025-04-03T04:44:03.217369Z,,,,,,,2025-04-03T04:43:18.326490Z,,2025-04-03T04:43:28.962520Z,
FN.KMNF.00.?HZ | 2025-04-03T04:43:20.996271Z - 2025-04-03T04:44:20.996271Z,,,,,,,,,2025-04-03T04:44:06.114170Z,
FN.RNF.00.BHZ | 2025-04-03T04:43:20.170437Z - 2025-04-03T04:44:20.170437Z,,,,,,,,,2025-04-03T04:43:58.372970Z,
FN.SGF.00.BHZ | 2025-04-03T04:43:33.037738Z - 2025-04-03T04:44:33.037738Z,,,,,,,,,2025-04-03T04:43:50.855020Z,
HE.HEF.00.BHZ | 2025-04-03T04:42:59.324967Z - 2025-04-03T04:43:59.324967Z,,,,,,,2025-04-03T04:43:16.514420Z,,2025-04-03T04:43:25.164010Z,
FN.MSF.00.BHZ | 2025-04-05T07:17:45.884791Z - 2025-04-05T07:18:45.884791Z,,,,,,,2025-04-05T07:17:55.088760Z,,2025-04-05T07:18:00.294050Z,
FN.OLKF.00.BHZ | 2025-04-05T07:17:10.626857Z - 2025-04-05T07:18:10.626857Z,,,,,,,2025-04-05T07:17:52.938770Z,,2025-04-05T07:17:56.591890Z,
FN.RANF.00.?HZ | 2025-04-05T07:18:14.504443Z - 2025-04-05T07:19:14.504443Z,,,,,,,,,2025-04-05T07:18:22.189810Z,
FN.RNF.00.BHZ | 2025-04-05T07:18:04.247328Z - 2025-04-05T07:19:04.247328Z,,,,,,,2025-04-05T07:18:13.829930Z,,2025-04-05T07:18:32.354160Z,
HE.KU1.00.SHZ | 2025-04-05T07:17:46.596981Z - 2025-04-05T07:18:46.596981Z,,,,,,,2025-04-05T07:17:59.498450Z,,2025-04-05T07:18:07.460590Z,
HE.KU2.00.SHZ | 2025-04-05T07:17:45.515267Z - 2025-04-05T07:18:45.515267Z,,,,,,,2025-04-05T07:18:00.836560Z,,2025-04-05T07:18:10.237850Z,
HE.KU6.00.BHZ | 2025-04-05T07:17:35.384185Z - 2025-04-05T07:18:35.384185Z,,,,,,,2025-04-05T07:17:53.425920Z,,2025-04-05T07:17:57.611760Z,
HE.VRF.00.BHZ | 2025-04-05T07:18:24.125928Z - 2025-04-05T07:19:24.125928Z,,,,,,,,,2025-04-05T07:18:34.373360Z,
FN.KLF.00.BHZ | 2025-04-05T12:48:41.159694Z - 2025-04-05T12:49:41.159694Z,,,,,,,2025-04-05T12:48:58.274690Z,,2025-04-05T12:49:17.206290Z,
FN.OUL.00.BHZ | 2025-04-05T12:48:52.019218Z - 2025-04-05T12:49:52.019218Z,,,,,,,2025-04-05T12:48:57.706360Z,,2025-04-05T12:49:15.214060Z,
FN.RANF.00.?HZ | 2025-04-05T12:48:35.889880Z - 2025-04-05T12:49:35.889880Z,,,,,,,,,2025-04-05T12:49:19.404550Z,
FN.RNF.00.BHZ | 2025-04-05T12:48:24.970889Z - 2025-04-05T12:49:24.970889Z,,,,,,,,,2025-04-05T12:49:17.702210Z,
HE.OBF0.00.BHZ | 2025-04-05T12:48:20.350091Z - 2025-04-05T12:49:20.350091Z,,,,,,,,,2025-04-05T12:49:15.214060Z,
HE.OBF3.00.BHZ | 2025-04-05T12:48:54.113520Z - 2025-04-05T12:49:54.113520Z,,,,,,,,,2025-04-05T12:49:09.941340Z,
HE.OBF8.00.BHZ | 2025-04-05T12:48:57.365702Z - 2025-04-05T12:49:57.365702Z,,,,,,,,,2025-04-05T12:49:18.503820Z,
FN.KLF.00.BHZ | 2025-04-06T17:25:29.497787Z - 2025-04-06T17:26:29.497787Z,,,,,,,2025-04-06T17:26:03.527540Z,,2025-04-06T17:26:14.466320Z,
FN.KMNF.00.?HZ | 2025-04-06T17:26:05.936171Z - 2025-04-06T17:27:05.936171Z,,,,,,,2025-04-06T17:26:24.903700Z,,2025-04-06T17:26:49.890450Z,
FN.RAJF.00.?HZ | 2025-04-06T17:26:19.120282Z - 2025-04-06T17:27:19.120282Z,,,,,,,2025-04-06T17:26:29.195650Z,,2025-04-06T17:26:56.325840Z,
FN.RNF.00.BHZ | 2025-04-06T17:26:10.541520Z - 2025-04-06T17:27:10.541520Z,,,,,,,2025-04-06T17:26:21.532100Z,,2025-04-06T17:26:45.326940Z,
FN.SGF.00.BHZ | 2025-04-06T17:25:53.162743Z - 2025-04-06T17:26:53.162743Z,,,,,,,2025-04-06T17:26:17.184410Z,,2025-04-06T17:26:37.682150Z,
HE.HEF.00.BHZ | 2025-04-06T17:25:56.091009Z - 2025-04-06T17:26:56.091009Z,,,,,,,2025-04-06T17:26:01.512050Z,,2025-04-06T17:26:10.878010Z,
HE.KIF.00.BHZ | 2025-04-06T17:25:38.420211Z - 2025-04-06T17:26:38.420211Z,,,,,,,2025-04-06T17:26:13.056090Z,,2025-04-06T17:26:29.792150Z,
FN.KLF.00.BHZ | 2025-04-08T15:37:01.378859Z - 2025-04-08T15:38:01.378859Z,,,,,,,,,2025-04-08T15:37:10.322960Z,
FN.MSF.00.BHZ | 2025-04-08T15:35:49.869798Z - 2025-04-08T15:36:49.869798Z,,,,,,,2025-04-08T15:36:01.767370Z,,2025-04-08T15:36:04.941250Z,
FN.OLKF.00.BHZ | 2025-04-08T15:35:46.882942Z - 2025-04-08T15:36:46.882942Z,,,,,,,2025-04-08T15:36:02.941180Z,,2025-04-08T15:36:06.690280Z,
FN.OUL.00.BHZ | 2025-04-08T15:36:29.722714Z - 2025-04-08T15:37:29.722714Z,,,,,,,,,2025-04-08T15:36:48.503500Z,
FN.RANF.00.?HZ | 2025-04-08T15:35:50.842865Z - 2025-04-08T15:36:50.842865Z,,,,,,,2025-04-08T15:36:16.142420Z,,2025-04-08T15:36:29.243610Z,
FN.RNF.00.BHZ | 2025-04-08T15:36:00.558297Z - 2025-04-08T15:37:00.558297Z,,,,,,,2025-04-08T15:36:22.951400Z,,2025-04-08T15:36:41.556070Z,
FN.SGF.00.BHZ | 2025-04-08T15:36:09.160265Z - 2025-04-08T15:37:09.160265Z,,,,,,,,,2025-04-08T15:36:50.465320Z,
HE.KU1.00.SHZ | 2025-04-08T15:35:23.935311Z - 2025-04-08T15:36:23.935311Z,,,,,,,2025-04-08T15:36:06.371240Z,,2025-04-08T15:36:12.671180Z,
HE.KU2.00.SHZ | 2025-04-08T15:35:46.788237Z - 2025-04-08T15:36:46.788237Z,,,,,,,2025-04-08T15:36:07.700630Z,,2025-04-08T15:36:15.370700Z,
HE.KU6.00.BHZ | 2025-04-08T15:35:18.075430Z - 2025-04-08T15:36:18.075430Z,,,,,,,2025-04-08T15:36:01.958800Z,,2025-04-08T15:36:05.343910Z,
HE.RMF.00.BHZ | 2025-04-08T15:36:43.777407Z - 2025-04-08T15:37:43.777407Z,,,,,,,,,2025-04-08T15:36:51.309180Z,
FN.KLF.00.BHZ | 2025-04-09T17:59:21.514694Z - 2025-04-09T18:00:21.514694Z,,,,,,,2025-04-09T17:59:33.527610Z,,2025-04-09T18:00:05.032710Z,
FN.OUL.00.BHZ | 2025-04-09T17:59:03.170031Z - 2025-04-09T18:00:03.170031Z,,,,,,,2025-04-09T17:59:19.923420Z,,2025-04-09T17:59:38.480400Z,
FN.RANF.00.?HZ | 2025-04-09T17:59:15.668632Z - 2025-04-09T18:00:15.668632Z,,,,,,,2025-04-09T17:59:30.377380Z,,2025-04-09T17:59:56.572810Z,
FN.RNF.00.BHZ | 2025-04-09T17:59:14.652052Z - 2025-04-09T18:00:14.652052Z,,,,,,,2025-04-09T17:59:31.200530Z,,2025-04-09T18:00:00.378540Z,
HE.ALAJF.00.?HZ | 2025-04-09T17:59:06.148764Z - 2025-04-09T18:00:06.148764Z,,,,,,,2025-04-09T17:59:28.406610Z,,2025-04-09T17:59:53.128790Z,
HE.KJNF.00.CZ | 2025-04-09T17:59:27.557230Z - 2025-04-09T18:00:27.557230Z,,,,,,,,,2025-04-09T18:00:03.511150Z,
HE.KU2.00.SHZ | 2025-04-09T17:59:12.917640Z - 2025-04-09T18:00:12.917640Z,,,,,,,,,2025-04-09T18:00:05.927740Z,
HE.OBF0.00.BHZ | 2025-04-09T17:58:50.746390Z - 2025-04-09T17:59:50.746390Z,,,,,,,2025-04-09T17:59:10.246700Z,,2025-04-09T17:59:21.752520Z,
HE.OBF3.00.BHZ | 2025-04-09T17:58:51.242254Z - 2025-04-09T17:59:51.242254Z,,,,,,,2025-04-09T17:59:11.495370Z,,2025-04-09T17:59:24.118850Z,
HE.OBF8.00.BHZ | 2025-04-09T17:58:45.048667Z - 2025-04-09T17:59:45.048667Z,,,,,,,2025-04-09T17:59:07.940040Z,,2025-04-09T17:59:18.156370Z,
HE.VAF.00.BHZ | 2025-04-09T17:59:02.376058Z - 2025-04-09T18:00:02.376058Z,,,,,,,2025-04-09T17:59:27.876410Z,,2025-04-09T17:59:52.177220Z,
FN.OUL.00.BHZ | 2025-04-09T20:00:12.299663Z - 2025-04-09T20:01:12.299663Z,,,,,,,,,2025-04-09T20:00:47.191460Z,
FN.RANF.00.?HZ | 2025-04-09T20:00:59.082227Z - 2025-04-09T20:01:59.082227Z,,,,,,,,,2025-04-09T20:01:05.475450Z,
HE.OBF0.00.BHZ | 2025-04-09T19:59:47.579071Z - 2025-04-09T20:00:47.579071Z,,,,,,,,,2025-04-09T20:00:30.593300Z,
HE.OBF3.00.BHZ | 2025-04-09T20:00:08.066037Z - 2025-04-09T20:01:08.066037Z,,,,,,,,,2025-04-09T20:00:32.777720Z,
HE.VAF.00.BHZ | 2025-04-09T20:00:50.929285Z - 2025-04-09T20:01:50.929285Z,,,,,,,,,2025-04-09T20:01:00.481170Z,
FN.KLF.00.BHZ | 2025-04-12T09:40:02.169483Z - 2025-04-12T09:41:02.169483Z,,,,,,,2025-04-12T09:40:33.561430Z,,2025-04-12T09:40:51.710680Z,
FN.OUL.00.BHZ | 2025-04-12T09:40:18.676118Z - 2025-04-12T09:41:18.676118Z,,,,,,,,,2025-04-12T09:41:09.371980Z,
FN.RANF.00.?HZ | 2025-04-12T09:40:18.631065Z - 2025-04-12T09:41:18.631065Z,,,,,,,,,2025-04-12T09:41:10.658000Z,
FN.RNF.00.BHZ | 2025-04-12T09:40:27.858680Z - 2025-04-12T09:41:27.858680Z,,,,,,,2025-04-12T09:40:40.848830Z,,2025-04-12T09:41:02.875350Z,
HE.OBF0.00.BHZ | 2025-04-12T09:40:15.391110Z - 2025-04-12T09:41:15.391110Z,,,,,,,,,2025-04-12T09:41:08.850960Z,
HE.OBF3.00.BHZ | 2025-04-12T09:40:38.696463Z - 2025-04-12T09:41:38.696463Z,,,,,,,,,2025-04-12T09:41:05.957650Z,
FN.KLF.00.BHZ | 2025-04-12T20:35:49.650460Z - 2025-04-12T20:36:49.650460Z,,,,,,,2025-04-12T20:36:09.818220Z,,2025-04-12T20:36:32.180150Z,
FN.OUL.00.BHZ | 2025-04-12T20:35:52.401176Z - 2025-04-12T20:36:52.401176Z,,,,,,,2025-04-12T20:36:05.130220Z,,2025-04-12T20:36:24.930620Z,
FN.RANF.00.?HZ | 2025-04-12T20:36:01.351727Z - 2025-04-12T20:37:01.351727Z,,,,,,,2025-04-12T20:36:10.174740Z,,2025-04-12T20:36:35.352260Z,
FN.RNF.00.BHZ | 2025-04-12T20:36:02.856962Z - 2025-04-12T20:37:02.856962Z,,,,,,,2025-04-12T20:36:10.281570Z,,2025-04-12T20:36:33.861160Z,
HE.OBF0.00.BHZ | 2025-04-12T20:35:24.305859Z - 2025-04-12T20:36:24.305859Z,,,,,,,2025-04-12T20:36:00.729890Z,,2025-04-12T20:36:18.114690Z,
HE.OBF3.00.BHZ | 2025-04-12T20:35:22.437744Z - 2025-04-12T20:36:22.437744Z,,,,,,,2025-04-12T20:35:59.119750Z,,2025-04-12T20:36:15.487990Z,
HE.OBF8.00.BHZ | 2025-04-12T20:35:45.848155Z - 2025-04-12T20:36:45.848155Z,,,,,,,2025-04-12T20:36:00.462050Z,,2025-04-12T20:36:17.750850Z,
FN.OUL.00.BHZ | 2025-04-13T02:17:39.619234Z - 2025-04-13T02:18:39.619234Z,,,,,,,,,2025-04-13T02:18:00.875100Z,
HE.ALAJF.00.?HZ | 2025-04-13T02:17:51.685121Z - 2025-04-13T02:18:51.685121Z,,,,,,,,,2025-04-13T02:18:00.425760Z,
HE.OBF0.00.BHZ | 2025-04-13T02:16:57.971247Z - 2025-04-13T02:17:57.971247Z,,,,,,,2025-04-13T02:17:22.212330Z,,2025-04-13T02:17:38.812700Z,
HE.OBF3.00.BHZ | 2025-04-13T02:16:59.612793Z - 2025-04-13T02:17:59.612793Z,,,,,,,2025-04-13T02:17:25.312060Z,,2025-04-13T02:17:44.553930Z,
HE.VAF.00.BHZ | 2025-04-13T02:17:14.469703Z - 2025-04-13T02:18:14.469703Z,,,,,,,2025-04-13T02:17:31.303420Z,,2025-04-13T02:17:53.852440Z,
FN.KLF.00.BHZ | 2025-04-14T00:11:17.978990Z - 2025-04-14T00:12:17.978990Z,,,,,,,2025-04-14T00:11:48.895590Z,,2025-04-14T00:11:52.702090Z,
FN.RANF.00.?HZ | 2025-04-14T00:12:06.819887Z - 2025-04-14T00:13:06.819887Z,,,,,,,,,2025-04-14T00:12:29.905760Z,
FN.RNF.00.BHZ | 2025-04-14T00:11:33.713115Z - 2025-04-14T00:12:33.713115Z,,,,,,,2025-04-14T00:12:00.516970Z,,2025-04-14T00:12:13.033910Z,
FN.SGF.00.BHZ | 2025-04-14T00:12:01.991509Z - 2025-04-14T00:13:01.991509Z,,,,,,,,,2025-04-14T00:12:19.996860Z,
HE.HEF.00.BHZ | 2025-04-14T00:12:14.390943Z - 2025-04-14T00:13:14.390943Z,,,,,,,,,2025-04-14T00:12:27.502870Z,
FN.SGF.00.BHZ | 2025-04-16T00:29:05.826284Z - 2025-04-16T00:30:05.826284Z,,,,,,,,,2025-04-16T00:29:19.833440Z,
HE.HEF.00.BHZ | 2025-04-16T00:28:22.485892Z - 2025-04-16T00:29:22.485892Z,,,,,,,2025-04-16T00:28:32.259560Z,,2025-04-16T00:28:49.971610Z,
HE.KIF.00.BHZ | 2025-04-16T00:27:45.602504Z - 2025-04-16T00:28:45.602504Z,,,,,,,2025-04-16T00:28:25.721260Z,,2025-04-16T00:28:38.710080Z,
FN.MSF.00.BHZ | 2025-04-20T19:05:09.897956Z - 2025-04-20T19:06:09.897956Z,,,,,,,2025-04-20T19:05:17.457850Z,,2025-04-20T19:05:22.103120Z,
FN.OLKF.00.BHZ | 2025-04-20T19:04:37.795819Z - 2025-04-20T19:05:37.795819Z,,,,,,,2025-04-20T19:05:17.617760Z,,2025-04-20T19:05:22.159470Z,
FN.RANF.00.?HZ | 2025-04-20T19:05:37.933957Z - 2025-04-20T19:06:37.933957Z,,,,,,,,,2025-04-20T19:05:45.713020Z,
FN.RNF.00.BHN | 2025-04-20T19:05:38.341060Z - 2025-04-20T19:06:38.341060Z,,,,,,,,,2025-04-20T19:05:56.713080Z,
HE.KU1.00.SHZ | 2025-04-20T19:04:46.198558Z - 2025-04-20T19:05:46.198558Z,,,,,,,2025-04-20T19:05:20.843240Z,,2025-04-20T19:05:27.726970Z,
HE.KU2.00.SHZ | 2025-04-20T19:05:04.805537Z - 2025-04-20T19:06:04.805537Z,,,,,,,,,2025-04-20T19:05:31.695230Z,
HE.KU6.00.BHZ | 2025-04-20T19:04:51.046013Z - 2025-04-20T19:05:51.046013Z,,,,,,,2025-04-20T19:05:16.025510Z,,2025-04-20T19:05:19.671820Z,
FN.OUL.00.BHZ | 2025-04-23T18:35:15.427473Z - 2025-04-23T18:36:15.427473Z,,,,,,,2025-04-23T18:35:26.988750Z,,2025-04-23T18:35:57.004770Z,
HE.ALAJF.00.?HZ | 2025-04-23T18:34:43.161969Z - 2025-04-23T18:35:43.161969Z,,,,,,,2025-04-23T18:35:15.977610Z,,2025-04-23T18:35:37.703140Z,
HE.KEF.00.?HZ | 2025-04-23T18:35:08.053952Z - 2025-04-23T18:36:08.053952Z,,,,,,,2025-04-23T18:35:29.302110Z,,2025-04-23T18:36:00.732250Z,
HE.KPF.00.BHZ | 2025-04-23T18:35:13.952804Z - 2025-04-23T18:36:13.952804Z,,,,,,,2025-04-23T18:35:26.204010Z,,2025-04-23T18:35:55.958620Z,
HE.OBF0.00.BHZ | 2025-04-23T18:34:40.862697Z - 2025-04-23T18:35:40.862697Z,,,,,,,2025-04-23T18:35:12.801970Z,,2025-04-23T18:35:31.979210Z,
HE.OBF3.00.BHZ | 2025-04-23T18:34:51.873388Z - 2025-04-23T18:35:51.873388Z,,,,,,,2025-04-23T18:35:17.612440Z,,2025-04-23T18:35:40.407650Z,
HE.OBF8.00.BHZ | 2025-04-23T18:34:38.893105Z - 2025-04-23T18:35:38.893105Z,,,,,,,2025-04-23T18:35:06.518810Z,,2025-04-23T18:35:20.993080Z,
HE.VAF.00.BHZ | 2025-04-23T18:34:40.410521Z - 2025-04-23T18:35:40.410521Z,,,,,,,2025-04-23T18:35:09.933410Z,,2025-04-23T18:35:26.691890Z,
FN.MSF.00.BHZ | 2025-04-27T01:21:28.694136Z - 2025-04-27T01:22:28.694136Z,,,,,,,2025-04-27T01:22:03.615280Z,,2025-04-27T01:22:07.808900Z,
FN.OLKF.00.BHZ | 2025-04-27T01:21:22.438406Z - 2025-04-27T01:22:22.438406Z,,,,,,,2025-04-27T01:22:02.862280Z,,2025-04-27T01:22:06.720110Z,
FN.OUL.00.BHZ | 2025-04-27T01:21:57.601900Z - 2025-04-27T01:22:57.601900Z,,,,,,,,,2025-04-27T01:22:47.992960Z,
FN.RANF.00.?HZ | 2025-04-27T01:21:42.589931Z - 2025-04-27T01:22:42.589931Z,,,,,,,2025-04-27T01:22:14.754710Z,,2025-04-27T01:22:26.986740Z,
FN.RNF.00.BHZ | 2025-04-27T01:21:53.929234Z - 2025-04-27T01:22:53.929234Z,,,,,,,2025-04-27T01:22:21.162910Z,,2025-04-27T01:22:37.856730Z,
FN.SGF.00.BHZ | 2025-04-27T01:22:06.062876Z - 2025-04-27T01:23:06.062876Z,,,,,,,,,2025-04-27T01:22:46.301300Z,
HE.KU1.00.SHZ | 2025-04-27T01:21:34.067673Z - 2025-04-27T01:22:34.067673Z,,,,,,,,,2025-04-27T01:22:17.472900Z,
HE.KU2.00.SHZ | 2025-04-27T01:21:29.082370Z - 2025-04-27T01:22:29.082370Z,,,,,,,2025-04-27T01:22:08.437290Z,,2025-04-27T01:22:15.943630Z,
HE.KU6.00.BHZ | 2025-04-27T01:21:40.204783Z - 2025-04-27T01:22:40.204783Z,,,,,,,2025-04-27T01:22:04.796270Z,,2025-04-27T01:22:09.975430Z,
HE.VRF.00.BHZ | 2025-04-27T01:22:08.492767Z - 2025-04-27T01:23:08.492767Z,,,,,,,,,2025-04-27T01:22:45.400310Z,
HE.FIA0.00.?HZ | 2025-04-25T18:28:57.226964Z - 2025-04-25T18:29:57.226964Z,,,,,,,2025-04-25T18:29:02.319750Z,,2025-04-25T18:29:10.077910Z,
HE.FIA1.00.?HZ | 2025-04-25T18:28:47.504386Z - 2025-04-25T18:29:47.504386Z,,,,,,,2025-04-25T18:29:02.319750Z,,2025-04-25T18:29:10.225180Z,
HE.KY02.00.CZ | 2025-04-25T18:28:31.429238Z - 2025-04-25T18:29:31.429238Z,,,,,,,2025-04-25T18:28:52.956610Z,,2025-04-25T18:28:54.333110Z,
HE.KY17.00.CZ | 2025-04-25T18:28:42.931688Z - 2025-04-25T18:29:42.931688Z,,,,,,,2025-04-25T18:28:55.060030Z,,2025-04-25T18:28:57.917520Z,
HE.LOVF.00.CZ | 2025-04-25T18:28:19.328953Z - 2025-04-25T18:29:19.328953Z,,,,,,,2025-04-25T18:28:59.912220Z,,2025-04-25T18:29:06.483480Z,
HE.PVF.00.CZ | 2025-04-25T18:28:29.701329Z - 2025-04-25T18:29:29.701329Z,,,,,,,2025-04-25T18:29:00.704140Z,,2025-04-25T18:29:07.162520Z,
HE.VJF.00.?HZ | 2025-04-25T18:28:42.303390Z - 2025-04-25T18:29:42.303390Z,,,,,,,,,2025-04-25T18:29:09.335970Z,
HE.FIA0.00.?HZ | 2025-04-25T18:37:12.088093Z - 2025-04-25T18:38:12.088093Z,,,,,,,2025-04-25T18:37:56.849130Z,,2025-04-25T18:38:04.681160Z,
HE.FIA1.00.?HZ | 2025-04-25T18:37:38.878358Z - 2025-04-25T18:38:38.878358Z,,,,,,,2025-04-25T18:37:56.849130Z,,2025-04-25T18:38:04.672560Z,
HE.KEF.00.?HZ | 2025-04-25T18:37:40.639096Z - 2025-04-25T18:38:40.639096Z,,,,,,,,,2025-04-25T18:38:33.039870Z,
HE.KY02.00.CZ | 2025-04-25T18:37:11.457677Z - 2025-04-25T18:38:11.457677Z,,,,,,,2025-04-25T18:37:47.607560Z,,2025-04-25T18:37:48.958680Z,
HE.KY17.00.CZ | 2025-04-25T18:37:09.846268Z - 2025-04-25T18:38:09.846268Z,,,,,,,2025-04-25T18:37:49.714970Z,,2025-04-25T18:37:52.608630Z,
HE.LOVF.00.CZ | 2025-04-25T18:37:43.657079Z - 2025-04-25T18:38:43.657079Z,,,,,,,2025-04-25T18:37:54.776640Z,,2025-04-25T18:38:00.982400Z,
HE.MEF.00.BHZ | 2025-04-25T18:37:49.890811Z - 2025-04-25T18:38:49.890811Z,,,,,,,,,2025-04-25T18:38:26.089110Z,
HE.PVF.00.CZ | 2025-04-25T18:37:12.435675Z - 2025-04-25T18:38:12.435675Z,,,,,,,2025-04-25T18:37:55.527410Z,,2025-04-25T18:38:01.936120Z,
HE.SUF.00.BHZ | 2025-04-25T18:38:16.608789Z - 2025-04-25T18:39:16.608789Z,,,,,,,,,2025-04-25T18:38:42.641080Z,
HE.TRE03.00.CZ | 2025-04-25T18:37:35.883474Z - 2025-04-25T18:38:35.883474Z,,,,,,,2025-04-25T18:38:10.589810Z,,2025-04-25T18:38:28.534760Z,
HE.VJF.00.?HZ | 2025-04-25T18:37:14.249477Z - 2025-04-25T18:38:14.249477Z,,,,,,,2025-04-25T18:37:56.525740Z,,2025-04-25T18:38:04.522090Z,
FN.KLF.00.BHZ | 2025-04-27T05:35:20.650980Z - 2025-04-27T05:36:20.650980Z,,,,,,,2025-04-27T05:35:57.567110Z,,2025-04-27T05:36:06.674860Z,
FN.RNF.00.BHZ | 2025-04-27T05:35:47.532772Z - 2025-04-27T05:36:47.532772Z,,,,,,,2025-04-27T05:36:15.058360Z,,2025-04-27T05:36:37.115230Z,
FN.SGF.00.BHZ | 2025-04-27T05:35:37.719148Z - 2025-04-27T05:36:37.719148Z,,,,,,,2025-04-27T05:36:12.702860Z,,2025-04-27T05:36:32.591160Z,
HE.HEF.00.BHZ | 2025-04-27T05:35:18.627570Z - 2025-04-27T05:36:18.627570Z,,,,,,,2025-04-27T05:36:00.681410Z,,2025-04-27T05:36:12.255500Z,
HE.KIF.00.BHZ | 2025-04-27T05:35:40.693840Z - 2025-04-27T05:36:40.693840Z,,,,,,,2025-04-27T05:36:11.769820Z,,2025-04-27T05:36:31.308030Z,
FN.KLF.00.BHZ | 2025-04-27T07:09:55.521633Z - 2025-04-27T07:10:55.521633Z,,,,,,,2025-04-27T07:10:40.602040Z,,2025-04-27T07:10:49.496520Z,
FN.RNF.00.BHZ | 2025-04-27T07:10:33.104262Z - 2025-04-27T07:11:33.104262Z,,,,,,,,,2025-04-27T07:11:19.802250Z,
FN.SGF.00.BHZ | 2025-04-27T07:10:54.961753Z - 2025-04-27T07:11:54.961753Z,,,,,,,,,2025-04-27T07:11:14.944880Z,
HE.HEF.00.BHZ | 2025-04-27T07:10:15.789197Z - 2025-04-27T07:11:15.789197Z,,,,,,,,,2025-04-27T07:10:55.319850Z,
HE.KIF.00.BHZ | 2025-04-27T07:10:49.355742Z - 2025-04-27T07:11:49.355742Z,,,,,,,,,2025-04-27T07:11:14.375850Z,
HE.ECKF.00.CZ | 2025-04-27T17:07:07.112437Z - 2025-04-27T17:08:07.112437Z,,,,,,,,,2025-04-27T17:07:54.500000Z,
HE.KPF.00.BHZ | 2025-04-27T17:07:50.448547Z - 2025-04-27T17:08:50.448547Z,,,,,,,,,2025-04-27T17:08:17.360000Z,
HE.RAF.00.BHZ | 2025-04-27T17:08:02.349659Z - 2025-04-27T17:09:02.349659Z,,,,,,,,,2025-04-27T17:08:14.370000Z,
UP.AAL.00.BHZ | 2025-04-27T17:07:38.295514Z - 2025-04-27T17:08:38.295514Z,,,,,,,,,2025-04-27T17:08:01.010000Z,
HE.FIA0.00.?HZ | 2025-04-25T21:08:22.457424Z - 2025-04-25T21:09:22.457424Z,,,,,,,2025-04-25T21:09:06.521090Z,,2025-04-25T21:09:14.539270Z,
HE.FIA1.00.?HZ | 2025-04-25T21:08:26.214206Z - 2025-04-25T21:09:26.214206Z,,,,,,,2025-04-25T21:09:06.521090Z,,2025-04-25T21:09:14.539270Z,
HE.KAF.00.?HZ | 2025-04-25T21:09:23.713531Z - 2025-04-25T21:10:23.713531Z,,,,,,,,,2025-04-25T21:09:31.728170Z,
HE.KY02.00.CZ | 2025-04-25T21:08:08.605362Z - 2025-04-25T21:09:08.605362Z,,,,,,,2025-04-25T21:08:55.914880Z,,2025-04-25T21:08:56.667180Z,
HE.KY17.00.CZ | 2025-04-25T21:08:33.842159Z - 2025-04-25T21:09:33.842159Z,,,,,,,2025-04-25T21:08:56.426470Z,,2025-04-25T21:08:57.526280Z,
HE.LOVF.00.CZ | 2025-04-25T21:08:37.166300Z - 2025-04-25T21:09:37.166300Z,,,,,,,2025-04-25T21:09:05.949920Z,,2025-04-25T21:09:13.561230Z,
HE.PVF.00.CZ | 2025-04-25T21:08:50.808691Z - 2025-04-25T21:09:50.808691Z,,,,,,,2025-04-25T21:09:06.997070Z,,2025-04-25T21:09:15.123250Z,
HE.VJF.00.?HZ | 2025-04-25T21:08:47.531333Z - 2025-04-25T21:09:47.531333Z,,,,,,,2025-04-25T21:09:04.614510Z,,2025-04-25T21:09:11.509460Z,
HE.FIA0.00.?HZ | 2025-04-25T21:13:00.370566Z - 2025-04-25T21:14:00.370566Z,,,,,,,2025-04-25T21:13:28.661830Z,,2025-04-25T21:13:36.631170Z,
HE.FIA1.00.?HZ | 2025-04-25T21:12:51.866828Z - 2025-04-25T21:13:51.866828Z,,,,,,,2025-04-25T21:13:28.661830Z,,2025-04-25T21:13:36.631170Z,
HE.KY02.00.CZ | 2025-04-25T21:12:41.357905Z - 2025-04-25T21:13:41.357905Z,,,,,,,2025-04-25T21:13:18.064860Z,,2025-04-25T21:13:18.836570Z,
HE.KY17.00.CZ | 2025-04-25T21:12:39.292427Z - 2025-04-25T21:13:39.292427Z,,,,,,,2025-04-25T21:13:18.526350Z,,2025-04-25T21:13:19.727460Z,
HE.PVF.00.CZ | 2025-04-25T21:13:22.587424Z - 2025-04-25T21:14:22.587424Z,,,,,,,2025-04-25T21:13:29.125090Z,,2025-04-25T21:13:37.555840Z,
HE.VJF.00.?HZ | 2025-04-25T21:13:17.489483Z - 2025-04-25T21:14:17.489483Z,,,,,,,,,2025-04-25T21:13:33.620300Z,
HE.KY02.00.CZ | 2025-04-25T21:21:20.451142Z - 2025-04-25T21:22:20.451142Z,,,,,,,2025-04-25T21:22:10.154930Z,,2025-04-25T21:22:10.909830Z,
HE.KY17.00.CZ | 2025-04-25T21:21:21.774418Z - 2025-04-25T21:22:21.774418Z,,,,,,,2025-04-25T21:22:10.604390Z,,2025-04-25T21:22:11.742030Z,
HE.VJF.00.?HZ | 2025-04-25T21:21:57.905884Z - 2025-04-25T21:22:57.905884Z,,,,,,,,,2025-04-25T21:22:25.672810Z,
HE.FIA0.00.?HZ | 2025-04-25T23:50:15.926724Z - 2025-04-25T23:51:15.926724Z,,,,,,,2025-04-25T23:50:39.786910Z,,2025-04-25T23:50:48.038570Z,
HE.FIA1.00.?HZ | 2025-04-25T23:50:09.422748Z - 2025-04-25T23:51:09.422748Z,,,,,,,2025-04-25T23:50:39.786910Z,,2025-04-25T23:50:48.038570Z,
HE.KY02.00.CZ | 2025-04-25T23:50:02.638414Z - 2025-04-25T23:51:02.638414Z,,,,,,,2025-04-25T23:50:29.303170Z,,2025-04-25T23:50:30.054120Z,
HE.KY17.00.CZ | 2025-04-25T23:50:20.060755Z - 2025-04-25T23:51:20.060755Z,,,,,,,2025-04-25T23:50:29.802420Z,,2025-04-25T23:50:30.934380Z,
HE.PVF.00.CZ | 2025-04-25T23:50:06.448913Z - 2025-04-25T23:51:06.448913Z,,,,,,,2025-04-25T23:50:40.096600Z,,2025-04-25T23:50:48.128300Z,
FN.KLF.00.BHZ | 2025-04-26T20:38:01.976162Z - 2025-04-26T20:39:01.976162Z,,,,,,,,,2025-04-26T20:38:29.575730Z,
FN.KMNF.00.?HZ | 2025-04-26T20:37:08.366970Z - 2025-04-26T20:38:08.366970Z,,,,,,,2025-04-26T20:37:36.610000Z,,2025-04-26T20:37:51.166390Z,
FN.RAJF.00.?HZ | 2025-04-26T20:38:02.472759Z - 2025-04-26T20:39:02.472759Z,,,,,,,,,2025-04-26T20:38:13.773030Z,
HE.HEF.00.BHZ | 2025-04-26T20:37:32.796425Z - 2025-04-26T20:38:32.796425Z,,,,,,,2025-04-26T20:37:39.150000Z,,2025-04-26T20:37:55.930000Z,
HE.KEV.00.?HZ | 2025-04-26T20:37:18.823645Z - 2025-04-26T20:38:18.823645Z,,,,,,,2025-04-26T20:37:34.030000Z,,2025-04-26T20:37:46.548510Z,
HE.KIF.00.BHZ | 2025-04-26T20:37:39.119052Z - 2025-04-26T20:38:39.119052Z,,,,,,,,,2025-04-26T20:37:57.311880Z,
HE.ALAJF.00.?HZ | 2025-04-25T21:48:29.927891Z - 2025-04-25T21:49:29.927891Z,,,,,,,,,2025-04-25T21:48:41.651010Z,
HE.FIA0.00.?HZ | 2025-04-25T21:47:14.340645Z - 2025-04-25T21:48:14.340645Z,,,,,,,2025-04-25T21:47:35.101430Z,,2025-04-25T21:47:42.996900Z,
HE.FIA1.00.?HZ | 2025-04-25T21:46:54.248961Z - 2025-04-25T21:47:54.248961Z,,,,,,,2025-04-25T21:47:35.142890Z,,2025-04-25T21:47:43.013450Z,
HE.KAF.00.?HZ | 2025-04-25T21:47:17.306873Z - 2025-04-25T21:48:17.306873Z,,,,,,,2025-04-25T21:47:46.270180Z,,2025-04-25T21:48:02.707900Z,
HE.KEF.00.?HZ | 2025-04-25T21:47:35.786486Z - 2025-04-25T21:48:35.786486Z,,,,,,,2025-04-25T21:47:51.845850Z,,2025-04-25T21:48:11.867110Z,
HE.KPF.00.BHZ | 2025-04-25T21:47:54.009752Z - 2025-04-25T21:48:54.009752Z,,,,,,,2025-04-25T21:48:06.269050Z,,2025-04-25T21:48:37.032390Z,
HE.KUNI.00.BHZ | 2025-04-25T21:47:09.879310Z - 2025-04-25T21:48:09.879310Z,,,,,,,2025-04-25T21:47:43.264850Z,,,
HE.KY02.00.CZ | 2025-04-25T21:46:57.327700Z - 2025-04-25T21:47:57.327700Z,,,,,,,2025-04-25T21:47:25.856940Z,,2025-04-25T21:47:27.243500Z,
HE.KY17.00.CZ | 2025-04-25T21:46:51.511843Z - 2025-04-25T21:47:51.511843Z,,,,,,,2025-04-25T21:47:27.973910Z,,2025-04-25T21:47:30.879960Z,
HE.LOVF.00.CZ | 2025-04-25T21:46:55.516844Z - 2025-04-25T21:47:55.516844Z,,,,,,,2025-04-25T21:47:33.073150Z,,2025-04-25T21:47:39.476360Z,
HE.MEF.00.BHZ | 2025-04-25T21:47:20.639904Z - 2025-04-25T21:48:20.639904Z,,,,,,,2025-04-25T21:47:47.581060Z,,2025-04-25T21:48:04.379000Z,
HE.NIF.00.BHZ | 2025-04-25T21:47:47.808217Z - 2025-04-25T21:48:47.808217Z,,,,,,,,,2025-04-25T21:48:42.228340Z,
HE.PVF.00.CZ | 2025-04-25T21:47:02.913482Z - 2025-04-25T21:48:02.913482Z,,,,,,,2025-04-25T21:47:33.417420Z,,2025-04-25T21:47:40.247360Z,
HE.RAF.00.BHZ | 2025-04-25T21:47:42.218456Z - 2025-04-25T21:48:42.218456Z,,,,,,,2025-04-25T21:48:05.672450Z,,2025-04-25T21:48:36.736600Z,
HE.RUF.00.BHZ | 2025-04-25T21:47:15.620591Z - 2025-04-25T21:48:15.620591Z,,,,,,,2025-04-25T21:47:46.104270Z,,2025-04-25T21:48:03.000550Z,
HE.SUF.00.BHZ | 2025-04-25T21:47:43.577834Z - 2025-04-25T21:48:43.577834Z,,,,,,,2025-04-25T21:47:57.270600Z,,2025-04-25T21:48:20.591460Z,
HE.TRE03.00.CZ | 2025-04-25T21:47:21.399530Z - 2025-04-25T21:48:21.399530Z,,,,,,,2025-04-25T21:47:49.147610Z,,2025-04-25T21:48:06.916230Z,
HE.TVF.00.BHZ | 2025-04-25T21:47:47.709054Z - 2025-04-25T21:48:47.709054Z,,,,,,,2025-04-25T21:47:59.938770Z,,2025-04-25T21:48:25.240250Z,
HE.VJF.00.?HZ | 2025-04-25T21:46:57.595267Z - 2025-04-25T21:47:57.595267Z,,,,,,,2025-04-25T21:47:34.717510Z,,2025-04-25T21:47:42.810860Z,
HE.VUOS.00.BHZ | 2025-04-25T21:47:37.042885Z - 2025-04-25T21:48:37.042885Z,,,,,,,2025-04-25T21:47:42.714530Z,,2025-04-25T21:47:55.841890Z,
HE.FIA0.00.?HZ | 2025-04-30T12:04:09.269560Z - 2025-04-30T12:05:09.269560Z,,,,,,,2025-04-30T12:04:35.317940Z,,2025-04-30T12:04:51.681370Z,
HE.FIA1.00.?HZ | 2025-04-30T12:03:59.165216Z - 2025-04-30T12:04:59.165216Z,,,,,,,2025-04-30T12:04:35.317940Z,,2025-04-30T12:04:51.676000Z,
HE.HEL1.00.BHZ | 2025-04-30T12:04:28.244056Z - 2025-04-30T12:05:28.244056Z,,,,,,,,,2025-04-30T12:04:53.857570Z,
HE.HEL5.00.BHZ | 2025-04-30T12:04:11.086256Z - 2025-04-30T12:05:11.086256Z,,,,,,,2025-04-30T12:04:38.433900Z,,2025-04-30T12:04:56.330030Z,
HE.KAF.00.?HZ | 2025-04-30T12:04:27.149846Z - 2025-04-30T12:05:27.149846Z,,,,,,,2025-04-30T12:04:44.964760Z,,2025-04-30T12:05:08.280260Z,
HE.KEF.00.?HZ | 2025-04-30T12:04:29.102586Z - 2025-04-30T12:05:29.102586Z,,,,,,,2025-04-30T12:04:51.306920Z,,2025-04-30T12:05:18.891240Z,
HE.KUNI.00.BHZ | 2025-04-30T12:04:11.165599Z - 2025-04-30T12:05:11.165599Z,,,,,,,2025-04-30T12:04:36.390850Z,,2025-04-30T12:04:52.930400Z,
HE.KY02.00.CZ | 2025-04-30T12:04:00.739351Z - 2025-04-30T12:05:00.739351Z,,,,,,,2025-04-30T12:04:24.997500Z,,2025-04-30T12:04:33.356740Z,
HE.KY17.00.CZ | 2025-04-30T12:04:05.881698Z - 2025-04-30T12:05:05.881698Z,,,,,,,2025-04-30T12:04:23.622520Z,,2025-04-30T12:04:30.884280Z,
HE.LAUT.00.BHZ | 2025-04-30T12:04:02.719532Z - 2025-04-30T12:05:02.719532Z,,,,,,,2025-04-30T12:04:37.432020Z,,2025-04-30T12:04:54.269650Z,
HE.LOVF.00.CZ | 2025-04-30T12:04:02.566522Z - 2025-04-30T12:05:02.566522Z,,,,,,,2025-04-30T12:04:24.149350Z,,2025-04-30T12:04:31.605410Z,
HE.MEF.00.BHZ | 2025-04-30T12:04:07.021649Z - 2025-04-30T12:05:07.021649Z,,,,,,,2025-04-30T12:04:41.392240Z,,2025-04-30T12:05:01.068920Z,
HE.NUR.00.SHZ | 2025-04-30T12:04:18.055035Z - 2025-04-30T12:05:18.055035Z,,,,,,,2025-04-30T12:04:38.514210Z,,2025-04-30T12:04:56.536070Z,
HE.PVF.00.CZ | 2025-04-30T12:04:16.285533Z - 2025-04-30T12:05:16.285533Z,,,,,,,2025-04-30T12:04:27.930560Z,,2025-04-30T12:04:38.301660Z,
HE.RSUO.00.BHZ | 2025-04-30T12:04:36.735913Z - 2025-04-30T12:05:36.735913Z,,,,,,,,,2025-04-30T12:04:53.033420Z,
HE.RUF.00.BHZ | 2025-04-30T12:04:05.880252Z - 2025-04-30T12:05:05.880252Z,,,,,,,2025-04-30T12:04:35.694240Z,,2025-04-30T12:04:52.312280Z,
HE.SUF.00.BHZ | 2025-04-30T12:04:42.166280Z - 2025-04-30T12:05:42.166280Z,,,,,,,2025-04-30T12:04:55.126200Z,,2025-04-30T12:05:25.896550Z,
HE.TRE03.00.CZ | 2025-04-30T12:04:31.131686Z - 2025-04-30T12:05:31.131686Z,,,,,,,2025-04-30T12:04:48.734690Z,,2025-04-30T12:05:14.770470Z,
HE.TVF.00.BHZ | 2025-04-30T12:04:35.541945Z - 2025-04-30T12:05:35.541945Z,,,,,,,2025-04-30T12:04:50.973030Z,,2025-04-30T12:05:19.097280Z,
HE.VJF.00.?HZ | 2025-04-30T12:03:49.148172Z - 2025-04-30T12:04:49.148172Z,,,,,,,2025-04-30T12:04:15.950110Z,,2025-04-30T12:04:17.539240Z,
HE.VUOS.00.BHZ | 2025-04-30T12:04:12.125887Z - 2025-04-30T12:05:12.125887Z,,,,,,,2025-04-30T12:04:34.669420Z,,2025-04-30T12:04:50.045860Z,
HE.FIA0.00.?HZ | 2025-04-30T21:38:56.411086Z - 2025-04-30T21:39:56.411086Z,,,,,,,2025-04-30T21:39:12.057570Z,,2025-04-30T21:39:28.121780Z,
HE.FIA1.00.?HZ | 2025-04-30T21:38:48.925174Z - 2025-04-30T21:39:48.925174Z,,,,,,,2025-04-30T21:39:12.057570Z,,2025-04-30T21:39:28.121780Z,
HE.HEL1.00.BHZ | 2025-04-30T21:38:47.932528Z - 2025-04-30T21:39:47.932528Z,,,,,,,2025-04-30T21:39:13.696130Z,,2025-04-30T21:39:30.498530Z,
HE.KAF.00.?HZ | 2025-04-30T21:39:03.142681Z - 2025-04-30T21:40:03.142681Z,,,,,,,2025-04-30T21:39:21.615830Z,,2025-04-30T21:39:44.737710Z,
HE.KEF.00.?HZ | 2025-04-30T21:39:17.974813Z - 2025-04-30T21:40:17.974813Z,,,,,,,2025-04-30T21:39:27.770290Z,,2025-04-30T21:39:56.776670Z,
HE.KUNI.00.BHZ | 2025-04-30T21:39:05.009281Z - 2025-04-30T21:40:05.009281Z,,,,,,,2025-04-30T21:39:13.058910Z,,2025-04-30T21:39:29.535530Z,
HE.KY02.00.CZ | 2025-04-30T21:38:55.516112Z - 2025-04-30T21:39:55.516112Z,,,,,,,2025-04-30T21:39:01.745070Z,,2025-04-30T21:39:10.146630Z,
HE.KY17.00.CZ | 2025-04-30T21:38:40.303778Z - 2025-04-30T21:39:40.303778Z,,,,,,,2025-04-30T21:39:00.321790Z,,2025-04-30T21:39:07.772770Z,
HE.LAUT.00.BHZ | 2025-04-30T21:38:37.230337Z - 2025-04-30T21:39:37.230337Z,,,,,,,2025-04-30T21:39:14.151280Z,,2025-04-30T21:39:30.892610Z,
HE.LOVF.00.CZ | 2025-04-30T21:38:45.295549Z - 2025-04-30T21:39:45.295549Z,,,,,,,2025-04-30T21:39:00.825230Z,,2025-04-30T21:39:08.410460Z,
HE.MEF.00.BHZ | 2025-04-30T21:39:00.530342Z - 2025-04-30T21:40:00.530342Z,,,,,,,2025-04-30T21:39:17.701490Z,,2025-04-30T21:39:37.723490Z,
HE.NUR.00.SHZ | 2025-04-30T21:38:41.262716Z - 2025-04-30T21:39:41.262716Z,,,,,,,2025-04-30T21:39:14.970560Z,,2025-04-30T21:39:33.388510Z,
HE.PVF.00.CZ | 2025-04-30T21:38:25.209940Z - 2025-04-30T21:39:25.209940Z,,,,,,,2025-04-30T21:39:04.569730Z,,2025-04-30T21:39:14.999250Z,
HE.RUF.00.BHE | 2025-04-30T21:38:54.169702Z - 2025-04-30T21:39:54.169702Z,,,,,,,2025-04-30T21:39:12.499520Z,,2025-04-30T21:39:28.716250Z,
HE.SUF.00.BHZ | 2025-04-30T21:39:24.071774Z - 2025-04-30T21:40:24.071774Z,,,,,,,,,2025-04-30T21:40:02.345900Z,
HE.TRE03.00.CZ | 2025-04-30T21:39:01.405619Z - 2025-04-30T21:40:01.405619Z,,,,,,,2025-04-30T21:39:24.899340Z,,2025-04-30T21:39:50.654730Z,
HE.TVF.00.BHZ | 2025-04-30T21:39:22.542738Z - 2025-04-30T21:40:22.542738Z,,,,,,,,,2025-04-30T21:39:56.312570Z,
HE.VJF.00.?HN | 2025-04-30T21:38:23.110515Z - 2025-04-30T21:39:23.110515Z,,,,,,,2025-04-30T21:38:52.695450Z,,2025-04-30T21:38:54.360400Z,
HE.VUOS.00.BHZ | 2025-04-30T21:38:33.998454Z - 2025-04-30T21:39:33.998454Z,,,,,,,2025-04-30T21:39:11.543050Z,,2025-04-30T21:39:26.622530Z,
HE.FIA0.00.?HZ | 2025-04-30T16:11:31.924466Z - 2025-04-30T16:12:31.924466Z,,,,,,,2025-04-30T16:11:48.157690Z,,2025-04-30T16:12:04.254900Z,
HE.FIA1.00.?HZ | 2025-04-30T16:11:36.533974Z - 2025-04-30T16:12:36.533974Z,,,,,,,2025-04-30T16:11:48.157690Z,,2025-04-30T16:12:04.254900Z,
HE.KAF.00.?HZ | 2025-04-30T16:11:30.618999Z - 2025-04-30T16:12:30.618999Z,,,,,,,,,2025-04-30T16:12:20.614730Z,
HE.KEF.00.?HZ | 2025-04-30T16:12:20.621899Z - 2025-04-30T16:13:20.621899Z,,,,,,,,,2025-04-30T16:12:32.564470Z,
HE.KY02.00.CZ | 2025-04-30T16:11:23.209148Z - 2025-04-30T16:12:23.209148Z,,,,,,,2025-04-30T16:11:37.669160Z,,2025-04-30T16:11:46.239310Z,
HE.KY17.00.CZ | 2025-04-30T16:11:00.102702Z - 2025-04-30T16:12:00.102702Z,,,,,,,2025-04-30T16:11:36.024710Z,,2025-04-30T16:11:43.509750Z,
HE.LOVF.00.CZ | 2025-04-30T16:11:21.617485Z - 2025-04-30T16:12:21.617485Z,,,,,,,2025-04-30T16:11:36.745480Z,,2025-04-30T16:11:44.073320Z,
HE.MEF.00.BHZ | 2025-04-30T16:11:28.181835Z - 2025-04-30T16:12:28.181835Z,,,,,,,2025-04-30T16:11:53.419710Z,,2025-04-30T16:12:13.384660Z,
HE.PVF.00.CZ | 2025-04-30T16:11:11.861726Z - 2025-04-30T16:12:11.861726Z,,,,,,,2025-04-30T16:11:40.469470Z,,2025-04-30T16:11:50.680390Z,
HE.RUF.00.BHN | 2025-04-30T16:11:46.976131Z - 2025-04-30T16:12:46.976131Z,,,,,,,,,2025-04-30T16:12:04.375030Z,
HE.TRE03.00.CZ | 2025-04-30T16:11:57.317021Z - 2025-04-30T16:12:57.317021Z,,,,,,,,,2025-04-30T16:12:26.199210Z,
HE.TVF.00.BHZ | 2025-04-30T16:12:24.137978Z - 2025-04-30T16:13:24.137978Z,,,,,,,,,2025-04-30T16:12:33.205860Z,
HE.VJF.00.?HZ | 2025-04-30T16:11:00.202971Z - 2025-04-30T16:12:00.202971Z,,,,,,,2025-04-30T16:11:28.779230Z,,2025-04-30T16:11:30.490740Z,
HE.VUOS.00.BHZ | 2025-04-30T16:11:19.992036Z - 2025-04-30T16:12:19.992036Z,,,,,,,,,2025-04-30T16:12:02.452970Z,
FN.KLF.00.BHZ | 2025-05-01T06:33:40.894044Z - 2025-05-01T06:34:40.894044Z,,,,,,,2025-05-01T06:33:47.646070Z,,2025-05-01T06:34:10.594400Z,
FN.RNF.00.BHZ | 2025-05-01T06:33:55.300903Z - 2025-05-01T06:34:55.300903Z,,,,,,,,,2025-05-01T06:34:39.105980Z,
HE.HEF.00.BHZ | 2025-05-01T06:33:16.537937Z - 2025-05-01T06:34:16.537937Z,,,,,,,2025-05-01T06:33:46.255260Z,,2025-05-01T06:34:08.276390Z,
HE.KIF.00.BHZ | 2025-05-01T06:33:14.774567Z - 2025-05-01T06:34:14.774567Z,,,,,,,2025-05-01T06:33:41.570070Z,,2025-05-01T06:33:59.699740Z,
HE.FIA0.00.?HZ | 2025-04-25T18:38:10.808744Z - 2025-04-25T18:39:10.808744Z,,,,,,,2025-04-25T18:38:48.036490Z,,2025-04-25T18:39:04.826820Z,
HE.FIA1.00.?HZ | 2025-04-25T18:38:41.828637Z - 2025-04-25T18:39:41.828637Z,,,,,,,2025-04-25T18:38:48.036490Z,,2025-04-25T18:39:04.826820Z,
HE.HEL1.00.BHZ | 2025-04-25T18:39:03.574350Z - 2025-04-25T18:40:03.574350Z,,,,,,,,,2025-04-25T18:39:21.370000Z,
HE.HEL5.00.BHZ | 2025-04-25T18:38:49.614639Z - 2025-04-25T18:39:49.614639Z,,,,,,,2025-04-25T18:38:58.810000Z,,2025-04-25T18:39:23.510000Z,
HE.KEF.00.?HZ | 2025-04-25T18:38:43.261071Z - 2025-04-25T18:39:43.261071Z,,,,,,,2025-04-25T18:39:02.610000Z,,2025-04-25T18:39:30.840000Z,
HE.KUNI.00.BHZ | 2025-04-25T18:38:55.522961Z - 2025-04-25T18:39:55.522961Z,,,,,,,,,2025-04-25T18:39:19.900000Z,
HE.KY02.00.CZ | 2025-04-25T18:38:31.457522Z - 2025-04-25T18:39:31.457522Z,,,,,,,2025-04-25T18:38:38.870000Z,,2025-04-25T18:38:49.388870Z,
HE.KY17.00.CZ | 2025-04-25T18:38:10.189060Z - 2025-04-25T18:39:10.189060Z,,,,,,,2025-04-25T18:38:36.460190Z,,2025-04-25T18:38:45.431850Z,
HE.LAUT.00.BHZ | 2025-04-25T18:38:33.094396Z - 2025-04-25T18:39:33.094396Z,,,,,,,,,2025-04-25T18:39:21.710000Z,
HE.LOVF.00.CZ | 2025-04-25T18:38:35.250360Z - 2025-04-25T18:39:35.250360Z,,,,,,,2025-04-25T18:38:43.970000Z,,2025-04-25T18:38:58.160000Z,
HE.MEF.00.BHZ | 2025-04-25T18:38:53.930947Z - 2025-04-25T18:39:53.930947Z,,,,,,,2025-04-25T18:39:00.060000Z,,2025-04-25T18:39:26.440000Z,
HE.NUR.00.SHZ | 2025-04-25T18:38:47.364995Z - 2025-04-25T18:39:47.364995Z,,,,,,,2025-04-25T18:38:57.480000Z,,2025-04-25T18:39:21.820000Z,
HE.PVF.00.CZ | 2025-04-25T18:38:11.751022Z - 2025-04-25T18:39:11.751022Z,,,,,,,2025-04-25T18:38:47.321280Z,,2025-04-25T18:39:03.810000Z,
HE.RSUO.00.BHZ | 2025-04-25T18:39:08.242992Z - 2025-04-25T18:40:08.242992Z,,,,,,,,,2025-04-25T18:39:20.580000Z,
HE.RUF.00.BHZ | 2025-04-25T18:38:26.402616Z - 2025-04-25T18:39:26.402616Z,,,,,,,2025-04-25T18:38:37.217650Z,,2025-04-25T18:38:46.111350Z,
HE.TRE03.00.CZ | 2025-04-25T18:38:42.084808Z - 2025-04-25T18:39:42.084808Z,,,,,,,2025-04-25T18:39:02.760000Z,,2025-04-25T18:39:31.850000Z,
HE.VUOS.00.BHZ | 2025-04-25T18:38:45.844756Z - 2025-04-25T18:39:45.844756Z,,,,,,,,,2025-04-25T18:39:17.760000Z,
FN.KLF.00.BHZ | 2025-05-02T07:29:26.544536Z - 2025-05-02T07:30:26.544536Z,,,,,,,2025-05-02T07:29:59.011410Z,,2025-05-02T07:30:16.336860Z,
FN.SGF.00.BHZ | 2025-05-02T07:30:03.499655Z - 2025-05-02T07:31:03.499655Z,,,,,,,,,2025-05-02T07:30:27.043310Z,
HE.HEF.00.BHZ | 2025-05-02T07:29:21.596125Z - 2025-05-02T07:30:21.596125Z,,,,,,,2025-05-02T07:29:43.535450Z,,2025-05-02T07:29:48.896100Z,
HE.KIF.00.BHZ | 2025-05-02T07:29:20.915716Z - 2025-05-02T07:30:20.915716Z,,,,,,,2025-05-02T07:29:51.260200Z,,2025-05-02T07:30:02.781410Z,
HE.FIA0.00.?HZ | 2025-05-07T10:46:39.349168Z - 2025-05-07T10:47:39.349168Z,,,,,,,2025-05-07T10:46:54.670000Z,,2025-05-07T10:47:09.610000Z,
HE.FIA1.00.?HZ | 2025-05-07T10:46:38.674622Z - 2025-05-07T10:47:38.674622Z,,,,,,,2025-05-07T10:46:54.680000Z,,2025-05-07T10:47:09.610000Z,
HE.KY02.00.CZ | 2025-05-07T10:46:03.347692Z - 2025-05-07T10:47:03.347692Z,,,,,,,2025-05-07T10:46:44.790000Z,,2025-05-07T10:46:53.060000Z,
HE.KY17.00.CZ | 2025-05-07T10:45:56.372282Z - 2025-05-07T10:46:56.372282Z,,,,,,,2025-05-07T10:46:42.560000Z,,2025-05-07T10:46:49.020000Z,
HE.LOVF.00.CZ | 2025-05-07T10:46:42.662462Z - 2025-05-07T10:47:42.662462Z,,,,,,,,,2025-05-07T10:47:00.810000Z,
HE.PVF.00.CZ | 2025-05-07T10:46:49.685734Z - 2025-05-07T10:47:49.685734Z,,,,,,,,,2025-05-07T10:47:06.190000Z,
HE.RUF.00.BHZ | 2025-05-07T10:46:42.959303Z - 2025-05-07T10:47:42.959303Z,,,,,,,,,2025-05-07T10:46:59.460000Z,
HE.VJF.00.?HZ | 2025-05-07T10:45:51.043778Z - 2025-05-07T10:46:51.043778Z,,,,,,,2025-05-07T10:46:38.500000Z,,2025-05-07T10:46:42.230000Z,
FN.KLF.00.BHZ | 2025-05-10T20:36:17.939918Z - 2025-05-10T20:37:17.939918Z,,,,,,,2025-05-10T20:37:02.187920Z,,2025-05-10T20:37:06.792380Z,
FN.MSF.00.BHZ | 2025-05-10T20:37:28.027880Z - 2025-05-10T20:38:28.027880Z,,,,,,,,,2025-05-10T20:38:00.915100Z,
FN.OLKF.00.BHZ | 2025-05-10T20:37:06.322285Z - 2025-05-10T20:38:06.322285Z,,,,,,,,,2025-05-10T20:38:00.412360Z,
FN.OUL.00.BHZ | 2025-05-10T20:37:24.411397Z - 2025-05-10T20:38:24.411397Z,,,,,,,,,2025-05-10T20:37:54.524460Z,
FN.RANF.00.?HZ | 2025-05-10T20:37:00.010374Z - 2025-05-10T20:38:00.010374Z,,,,,,,2025-05-10T20:37:20.626080Z,,2025-05-10T20:37:39.053000Z,
FN.RNF.00.BHZ | 2025-05-10T20:36:39.355631Z - 2025-05-10T20:37:39.355631Z,,,,,,,2025-05-10T20:37:11.161690Z,,2025-05-10T20:37:22.195160Z,
FN.SGF.00.BHZ | 2025-05-10T20:36:37.324605Z - 2025-05-10T20:37:37.324605Z,,,,,,,2025-05-10T20:37:16.085560Z,,2025-05-10T20:37:31.137860Z,
HE.HEF.00.BHZ | 2025-05-10T20:36:54.677677Z - 2025-05-10T20:37:54.677677Z,,,,,,,2025-05-10T20:37:22.394140Z,,2025-05-10T20:37:42.109830Z,
HE.KU2.00.SHZ | 2025-05-10T20:37:08.220544Z - 2025-05-10T20:38:08.220544Z,,,,,,,2025-05-10T20:37:31.551190Z,,2025-05-10T20:37:59.698280Z,
HE.OBF3.00.BHZ | 2025-05-10T20:37:41.085931Z - 2025-05-10T20:38:41.085931Z,,,,,,,,,2025-05-10T20:37:57.946190Z,
HE.FIA0.00.?HZ | 2025-05-10T00:13:02.830543Z - 2025-05-10T00:14:02.830543Z,,,,,,,2025-05-10T00:13:11.778780Z,,2025-05-10T00:13:27.572820Z,
HE.FIA1.00.?HZ | 2025-05-10T00:12:58.096006Z - 2025-05-10T00:13:58.096006Z,,,,,,,2025-05-10T00:13:11.560840Z,,2025-05-10T00:13:27.572820Z,
HE.HEL1.00.BHZ | 2025-05-10T00:12:46.063122Z - 2025-05-10T00:13:46.063122Z,,,,,,,,,2025-05-10T00:13:29.323430Z,
HE.KAF.00.?HZ | 2025-05-10T00:13:21.649629Z - 2025-05-10T00:14:21.649629Z,,,,,,,,,2025-05-10T00:13:43.778990Z,
HE.KEF.00.?HZ | 2025-05-10T00:13:09.935697Z - 2025-05-10T00:14:09.935697Z,,,,,,,2025-05-10T00:13:26.795910Z,,2025-05-10T00:13:55.618760Z,
HE.KUNI.00.BHZ | 2025-05-10T00:13:14.147025Z - 2025-05-10T00:14:14.147025Z,,,,,,,,,2025-05-10T00:13:28.538560Z,
HE.KY02.00.CZ | 2025-05-10T00:12:50.551560Z - 2025-05-10T00:13:50.551560Z,,,,,,,2025-05-10T00:13:00.811940Z,,2025-05-10T00:13:09.057900Z,
HE.KY17.00.CZ | 2025-05-10T00:12:42.144279Z - 2025-05-10T00:13:42.144279Z,,,,,,,2025-05-10T00:12:59.559600Z,,2025-05-10T00:13:06.919920Z,
HE.LOVF.00.CZ | 2025-05-10T00:12:53.922509Z - 2025-05-10T00:13:53.922509Z,,,,,,,2025-05-10T00:12:59.923070Z,,2025-05-10T00:13:07.374260Z,
HE.MEF.00.BHZ | 2025-05-10T00:12:47.449099Z - 2025-05-10T00:13:47.449099Z,,,,,,,,,2025-05-10T00:13:36.721860Z,
HE.PVF.00.CZ | 2025-05-10T00:12:19.804865Z - 2025-05-10T00:13:19.804865Z,,,,,,,2025-05-10T00:13:03.634880Z,,2025-05-10T00:13:14.332340Z,
HE.RUF.00.BHZ | 2025-05-10T00:12:34.232851Z - 2025-05-10T00:13:34.232851Z,,,,,,,,,2025-05-10T00:13:27.974830Z,
HE.TRE03.00.CZ | 2025-05-10T00:13:09.209625Z - 2025-05-10T00:14:09.209625Z,,,,,,,,,2025-05-10T00:13:50.779710Z,
HE.VJF.00.?HZ | 2025-05-10T00:12:17.602409Z - 2025-05-10T00:13:17.602409Z,,,,,,,2025-05-10T00:12:51.886470Z,,2025-05-10T00:12:53.508210Z,
FN.KLF.00.BHZ | 2025-05-09T03:31:07.607795Z - 2025-05-09T03:32:07.607795Z,,,,,,,2025-05-09T03:31:52.024820Z,,2025-05-09T03:32:02.547670Z,
FN.KMNF.00.?HZ | 2025-05-09T03:32:24.616083Z - 2025-05-09T03:33:24.616083Z,,,,,,,,,2025-05-09T03:32:39.536520Z,
FN.RAJF.00.?HZ | 2025-05-09T03:32:02.696328Z - 2025-05-09T03:33:02.696328Z,,,,,,,,,2025-05-09T03:32:43.726960Z,
FN.RANF.00.?HZ | 2025-05-09T03:32:43.810643Z - 2025-05-09T03:33:43.810643Z,,,,,,,,,2025-05-09T03:32:53.504670Z,
FN.RNF.00.BHZ | 2025-05-09T03:31:37.916933Z - 2025-05-09T03:32:37.916933Z,,,,,,,,,2025-05-09T03:32:31.916440Z,
FN.SGF.00.BHZ | 2025-05-09T03:31:32.988132Z - 2025-05-09T03:32:32.988132Z,,,,,,,2025-05-09T03:32:04.527250Z,,2025-05-09T03:32:24.388550Z,
HE.HEF.00.BHZ | 2025-05-09T03:31:16.495284Z - 2025-05-09T03:32:16.495284Z,,,,,,,2025-05-09T03:31:49.448680Z,,2025-05-09T03:31:58.399660Z,
HE.KEV.00.?HZ | 2025-05-09T03:32:34.185958Z - 2025-05-09T03:33:34.185958Z,,,,,,,,,2025-05-09T03:32:51.409450Z,
HE.KIF.00.BHZ | 2025-05-09T03:31:54.398045Z - 2025-05-09T03:32:54.398045Z,,,,,,,2025-05-09T03:32:01.244650Z,,2025-05-09T03:32:18.754700Z,
HE.VRF.00.BHZ | 2025-05-09T03:32:10.436174Z - 2025-05-09T03:33:10.436174Z,,,,,,,,,2025-05-09T03:32:56.531100Z,
FN.KLF.00.BHZ | 2025-05-11T01:38:15.135420Z - 2025-05-11T01:39:15.135420Z,,,,,,,2025-05-11T01:38:36.942660Z,,2025-05-11T01:38:41.661470Z,
FN.MSF.00.BHZ | 2025-05-11T01:39:00.111968Z - 2025-05-11T01:40:00.111968Z,,,,,,,,,2025-05-11T01:39:38.764680Z,
FN.OLKF.00.BHZ | 2025-05-11T01:38:58.227022Z - 2025-05-11T01:39:58.227022Z,,,,,,,,,2025-05-11T01:39:38.189120Z,
FN.OUL.00.BHZ | 2025-05-11T01:38:36.291918Z - 2025-05-11T01:39:36.291918Z,,,,,,,,,2025-05-11T01:39:29.629380Z,
FN.RANF.00.?HZ | 2025-05-11T01:38:26.975460Z - 2025-05-11T01:39:26.975460Z,,,,,,,2025-05-11T01:38:55.953350Z,,2025-05-11T01:39:14.269850Z,
FN.RNF.00.BHZ | 2025-05-11T01:38:26.720213Z - 2025-05-11T01:39:26.720213Z,,,,,,,2025-05-11T01:38:46.171880Z,,2025-05-11T01:38:57.544250Z,
FN.SGF.00.BHZ | 2025-05-11T01:38:26.476213Z - 2025-05-11T01:39:26.476213Z,,,,,,,,,2025-05-11T01:39:06.365680Z,
HE.HEF.00.BHZ | 2025-05-11T01:38:29.356312Z - 2025-05-11T01:39:29.356312Z,,,,,,,2025-05-11T01:38:57.676990Z,,2025-05-11T01:39:17.411570Z,
HE.KU2.00.SHZ | 2025-05-11T01:39:09.425465Z - 2025-05-11T01:40:09.425465Z,,,,,,,,,2025-05-11T01:39:33.469260Z,
HE.OBF3.00.BHZ | 2025-05-11T01:39:18.164010Z - 2025-05-11T01:40:18.164010Z,,,,,,,,,2025-05-11T01:39:31.840220Z,
FN.KLF.00.BHZ | 2025-05-12T03:11:52.918434Z - 2025-05-12T03:12:52.918434Z,,,,,,,2025-05-12T03:12:04.291930Z,,2025-05-12T03:12:34.289630Z,
FN.OUL.00.BHZ | 2025-05-12T03:11:35.487230Z - 2025-05-12T03:12:35.487230Z,,,,,,,2025-05-12T03:11:53.228740Z,,2025-05-12T03:12:13.026720Z,
FN.RANF.00.?HZ | 2025-05-12T03:11:38.096100Z - 2025-05-12T03:12:38.096100Z,,,,,,,2025-05-12T03:12:01.615130Z,,2025-05-12T03:12:29.858680Z,
FN.RNF.00.BHZ | 2025-05-12T03:11:40.696012Z - 2025-05-12T03:12:40.696012Z,,,,,,,2025-05-12T03:12:03.865290Z,,2025-05-12T03:12:33.710600Z,
HE.ALAJF.00.?HZ | 2025-05-12T03:11:33.074560Z - 2025-05-12T03:12:33.074560Z,,,,,,,2025-05-12T03:12:03.182410Z,,2025-05-12T03:12:28.011800Z,
HE.KJNF.00.CZ | 2025-05-12T03:12:01.626801Z - 2025-05-12T03:13:01.626801Z,,,,,,,2025-05-12T03:12:08.297790Z,,2025-05-12T03:12:39.325280Z,
HE.KU2.00.SHZ | 2025-05-12T03:11:56.426558Z - 2025-05-12T03:12:56.426558Z,,,,,,,2025-05-12T03:12:08.380860Z,,2025-05-12T03:12:43.308940Z,
HE.OBF0.00.BHZ | 2025-05-12T03:11:23.918874Z - 2025-05-12T03:12:23.918874Z,,,,,,,2025-05-12T03:11:44.140400Z,,2025-05-12T03:11:57.382390Z,
HE.OBF3.00.BHZ | 2025-05-12T03:11:25.769784Z - 2025-05-12T03:12:25.769784Z,,,,,,,2025-05-12T03:11:45.006510Z,,2025-05-12T03:11:59.218590Z,
HE.OBF8.00.BHZ | 2025-05-12T03:11:03.570024Z - 2025-05-12T03:12:03.570024Z,,,,,,,2025-05-12T03:11:41.837830Z,,2025-05-12T03:11:53.517110Z,
HE.VAF.00.BHZ | 2025-05-12T03:11:47.226454Z - 2025-05-12T03:12:47.226454Z,,,,,,,2025-05-12T03:12:00.936810Z,,2025-05-12T03:12:27.414490Z,
HE.FIA0.00.?HZ | 2025-05-14T21:24:08.226885Z - 2025-05-14T21:25:08.226885Z,,,,,,,2025-05-14T21:24:27.226180Z,,2025-05-14T21:24:42.966220Z,
HE.FIA1.00.?HZ | 2025-05-14T21:24:21.578553Z - 2025-05-14T21:25:21.578553Z,,,,,,,2025-05-14T21:24:27.226180Z,,2025-05-14T21:24:42.966220Z,
HE.HEL1.00.BHZ | 2025-05-14T21:24:00.893598Z - 2025-05-14T21:25:00.893598Z,,,,,,,,,2025-05-14T21:24:45.717210Z,
HE.KAF.00.?HZ | 2025-05-14T21:24:32.679940Z - 2025-05-14T21:25:32.679940Z,,,,,,,,,2025-05-14T21:24:59.386370Z,
HE.KEF.00.?HZ | 2025-05-14T21:24:37.372765Z - 2025-05-14T21:25:37.372765Z,,,,,,,,,2025-05-14T21:25:10.948500Z,
HE.KUNI.00.BHZ | 2025-05-14T21:24:22.839315Z - 2025-05-14T21:25:22.839315Z,,,,,,,,,2025-05-14T21:24:44.557670Z,
HE.KY02.00.CZ | 2025-05-14T21:23:58.313370Z - 2025-05-14T21:24:58.313370Z,,,,,,,2025-05-14T21:24:16.867860Z,,2025-05-14T21:24:24.840850Z,
HE.LOVF.00.CZ | 2025-05-14T21:23:42.882659Z - 2025-05-14T21:24:42.882659Z,,,,,,,2025-05-14T21:24:15.843990Z,,2025-05-14T21:24:23.339260Z,
HE.MEF.00.BHZ | 2025-05-14T21:24:07.532511Z - 2025-05-14T21:25:07.532511Z,,,,,,,2025-05-14T21:24:32.730300Z,,2025-05-14T21:24:52.674490Z,
HE.NUR.00.SHZ | 2025-05-14T21:24:07.359483Z - 2025-05-14T21:25:07.359483Z,,,,,,,2025-05-14T21:24:30.238160Z,,2025-05-14T21:24:48.268210Z,
HE.PVF.00.CZ | 2025-05-14T21:23:47.157073Z - 2025-05-14T21:24:47.157073Z,,,,,,,2025-05-14T21:24:19.590350Z,,2025-05-14T21:24:29.961720Z,
HE.RAF.00.BHZ | 2025-05-14T21:25:07.411773Z - 2025-05-14T21:26:07.411773Z,,,,,,,,,2025-05-14T21:25:33.026670Z,
HE.RUF.00.BHZ | 2025-05-14T21:24:11.721828Z - 2025-05-14T21:25:11.721828Z,,,,,,,,,2025-05-14T21:24:43.743500Z,
HE.SUF.00.BHZ | 2025-05-14T21:24:59.442492Z - 2025-05-14T21:25:59.442492Z,,,,,,,,,2025-05-14T21:25:18.257440Z,
HE.TRE03.00.CZ | 2025-05-14T21:24:28.288743Z - 2025-05-14T21:25:28.288743Z,,,,,,,,,2025-05-14T21:25:06.187620Z,
HE.TVF.00.BHZ | 2025-05-14T21:24:34.425043Z - 2025-05-14T21:25:34.425043Z,,,,,,,,,2025-05-14T21:25:12.850580Z,
HE.VJF.00.?HZ | 2025-05-14T21:24:02.680607Z - 2025-05-14T21:25:02.680607Z,,,,,,,2025-05-14T21:24:07.694860Z,,2025-05-14T21:24:09.415000Z,
HE.VUOS.00.BHZ | 2025-05-14T21:24:17.738864Z - 2025-05-14T21:25:17.738864Z,,,,,,,2025-05-14T21:24:26.700660Z,,2025-05-14T21:24:41.774760Z,
HE.FIA0.00.?HN | 2025-05-14T21:37:41.137336Z - 2025-05-14T21:38:41.137336Z,,,,,,,2025-05-14T21:37:51.875190Z,,2025-05-14T21:38:08.108100Z,
HE.FIA1.00.?HZ | 2025-05-14T21:37:34.628935Z - 2025-05-14T21:38:34.628935Z,,,,,,,2025-05-14T21:37:51.875190Z,,2025-05-14T21:38:08.108100Z,
HE.HEL1.00.BHZ | 2025-05-14T21:37:18.540985Z - 2025-05-14T21:38:18.540985Z,,,,,,,2025-05-14T21:37:53.639610Z,,2025-05-14T21:38:10.465440Z,
HE.HEL5.00.BHZ | 2025-05-14T21:37:32.640387Z - 2025-05-14T21:38:32.640387Z,,,,,,,2025-05-14T21:37:54.962320Z,,2025-05-14T21:38:13.168530Z,
HE.KAF.00.?HZ | 2025-05-14T21:37:30.197509Z - 2025-05-14T21:38:30.197509Z,,,,,,,2025-05-14T21:38:01.615260Z,,2025-05-14T21:38:24.549120Z,
HE.KEF.00.?HZ | 2025-05-14T21:37:46.168441Z - 2025-05-14T21:38:46.168441Z,,,,,,,2025-05-14T21:38:07.779100Z,,2025-05-14T21:38:36.050700Z,
HE.KUNI.00.BHZ | 2025-05-14T21:37:23.498459Z - 2025-05-14T21:38:23.498459Z,,,,,,,2025-05-14T21:37:52.766360Z,,2025-05-14T21:38:09.493780Z,
HE.KY02.00.CZ | 2025-05-14T21:37:22.919389Z - 2025-05-14T21:38:22.919389Z,,,,,,,2025-05-14T21:37:41.646260Z,,2025-05-14T21:37:49.749700Z,
HE.KY17.00.CZ | 2025-05-14T21:37:15.928051Z - 2025-05-14T21:38:15.928051Z,,,,,,,2025-05-14T21:37:40.182070Z,,2025-05-14T21:37:47.288730Z,
HE.LAUT.00.BHZ | 2025-05-14T21:37:29.017688Z - 2025-05-14T21:38:29.017688Z,,,,,,,2025-05-14T21:37:53.770540Z,,2025-05-14T21:38:11.172100Z,
HE.LOVF.00.CZ | 2025-05-14T21:37:27.570335Z - 2025-05-14T21:38:27.570335Z,,,,,,,2025-05-14T21:37:40.627190Z,,2025-05-14T21:37:48.161030Z,
HE.MEF.00.BHZ | 2025-05-14T21:37:42.693933Z - 2025-05-14T21:38:42.693933Z,,,,,,,2025-05-14T21:37:57.666270Z,,2025-05-14T21:38:17.534760Z,
HE.NUR.00.SHZ | 2025-05-14T21:37:33.965584Z - 2025-05-14T21:38:33.965584Z,,,,,,,2025-05-14T21:37:54.909780Z,,2025-05-14T21:38:13.094690Z,
HE.PVF.00.CZ | 2025-05-14T21:37:36.808376Z - 2025-05-14T21:38:36.808376Z,,,,,,,2025-05-14T21:37:44.448700Z,,2025-05-14T21:37:55.003350Z,
HE.RSUO.00.BHZ | 2025-05-14T21:37:27.642235Z - 2025-05-14T21:38:27.642235Z,,,,,,,,,2025-05-14T21:38:09.935440Z,
HE.RUF.00.BHZ | 2025-05-14T21:37:45.252281Z - 2025-05-14T21:38:45.252281Z,,,,,,,2025-05-14T21:37:52.369430Z,,2025-05-14T21:38:08.484770Z,
HE.SUF.00.BHZ | 2025-05-14T21:37:49.641800Z - 2025-05-14T21:38:49.641800Z,,,,,,,2025-05-14T21:38:11.553260Z,,2025-05-14T21:38:41.913320Z,
HE.TRE03.00.CZ | 2025-05-14T21:37:57.838033Z - 2025-05-14T21:38:57.838033Z,,,,,,,2025-05-14T21:38:04.563900Z,,2025-05-14T21:38:30.009560Z,
HE.TVF.00.BHZ | 2025-05-14T21:37:43.389722Z - 2025-05-14T21:38:43.389722Z,,,,,,,2025-05-14T21:38:08.386210Z,,2025-05-14T21:38:36.343670Z,
HE.VJF.00.?HZ | 2025-05-14T21:37:18.538515Z - 2025-05-14T21:38:18.538515Z,,,,,,,2025-05-14T21:37:32.504460Z,,2025-05-14T21:37:34.216210Z,
HE.VUOS.00.BHZ | 2025-05-14T21:37:35.046849Z - 2025-05-14T21:38:35.046849Z,,,,,,,2025-05-14T21:37:51.239990Z,,2025-05-14T21:38:06.572830Z,
HE.FIA0.00.?HZ | 2025-05-14T21:45:24.304616Z - 2025-05-14T21:46:24.304616Z,,,,,,,2025-05-14T21:45:54.048230Z,,2025-05-14T21:46:10.164420Z,
HE.FIA1.00.?HZ | 2025-05-14T21:45:38.320231Z - 2025-05-14T21:46:38.320231Z,,,,,,,2025-05-14T21:45:54.048230Z,,2025-05-14T21:46:10.164420Z,
HE.HEL1.00.BHN | 2025-05-14T21:45:20.985228Z - 2025-05-14T21:46:20.985228Z,,,,,,,,,2025-05-14T21:46:12.720670Z,
HE.HEL5.00.BHZ | 2025-05-14T21:45:50.366524Z - 2025-05-14T21:46:50.366524Z,,,,,,,2025-05-14T21:45:57.197370Z,,2025-05-14T21:46:15.271670Z,
HE.KAF.00.?HZ | 2025-05-14T21:46:09.637239Z - 2025-05-14T21:47:09.637239Z,,,,,,,,,2025-05-14T21:46:26.928970Z,
HE.KEF.00.?HZ | 2025-05-14T21:45:56.217495Z - 2025-05-14T21:46:56.217495Z,,,,,,,2025-05-14T21:46:09.937760Z,,2025-05-14T21:46:38.462580Z,
HE.KUNI.00.BHZ | 2025-05-14T21:45:45.686230Z - 2025-05-14T21:46:45.686230Z,,,,,,,2025-05-14T21:45:55.159690Z,,2025-05-14T21:46:11.561120Z,
HE.KY02.00.CZ | 2025-05-14T21:45:26.365028Z - 2025-05-14T21:46:26.365028Z,,,,,,,2025-05-14T21:45:43.832030Z,,2025-05-14T21:45:52.103170Z,
HE.KY17.00.CZ | 2025-05-14T21:45:34.725287Z - 2025-05-14T21:46:34.725287Z,,,,,,,2025-05-14T21:45:42.308240Z,,2025-05-14T21:45:49.509760Z,
HE.LAUT.00.BHZ | 2025-05-14T21:45:41.048398Z - 2025-05-14T21:46:41.048398Z,,,,,,,,,2025-05-14T21:46:13.184490Z,
HE.LOVF.00.CZ | 2025-05-14T21:45:02.550807Z - 2025-05-14T21:46:02.550807Z,,,,,,,2025-05-14T21:45:42.945240Z,,2025-05-14T21:45:50.187330Z,
HE.MEF.00.BHZ | 2025-05-14T21:45:37.456783Z - 2025-05-14T21:46:37.456783Z,,,,,,,2025-05-14T21:45:59.965670Z,,2025-05-14T21:46:19.797090Z,
HE.NUR.00.SHZ | 2025-05-14T21:45:21.064220Z - 2025-05-14T21:46:21.064220Z,,,,,,,2025-05-14T21:45:57.289990Z,,2025-05-14T21:46:15.351240Z,
HE.PVF.00.CZ | 2025-05-14T21:45:06.769672Z - 2025-05-14T21:46:06.769672Z,,,,,,,2025-05-14T21:45:46.640180Z,,2025-05-14T21:45:57.059930Z,
HE.RAF.00.BHZ | 2025-05-14T21:46:29.226827Z - 2025-05-14T21:47:29.226827Z,,,,,,,,,2025-05-14T21:46:58.043290Z,
HE.RUF.00.BHZ | 2025-05-14T21:45:42.855939Z - 2025-05-14T21:46:42.855939Z,,,,,,,2025-05-14T21:45:54.511340Z,,2025-05-14T21:46:10.865400Z,
HE.SUF.00.BHZ | 2025-05-14T21:46:16.505359Z - 2025-05-14T21:47:16.505359Z,,,,,,,,,2025-05-14T21:46:44.376120Z,
HE.TRE03.00.CZ | 2025-05-14T21:45:51.289406Z - 2025-05-14T21:46:51.289406Z,,,,,,,,,2025-05-14T21:46:32.208410Z,
HE.TVF.00.BHZ | 2025-05-14T21:45:55.393332Z - 2025-05-14T21:46:55.393332Z,,,,,,,,,2025-05-14T21:46:38.694490Z,
HE.VJF.00.?HZ | 2025-05-14T21:45:26.660737Z - 2025-05-14T21:46:26.660737Z,,,,,,,2025-05-14T21:45:34.811430Z,,2025-05-14T21:45:36.537210Z,
HE.VUOS.00.BHZ | 2025-05-14T21:45:36.016385Z - 2025-05-14T21:46:36.016385Z,,,,,,,2025-05-14T21:45:53.399870Z,,2025-05-14T21:46:08.546310Z,
FN.KLF.00.BHZ | 2025-05-15T13:19:44.473638Z - 2025-05-15T13:20:44.473638Z,,,,,,,2025-05-15T13:20:20.297190Z,,2025-05-15T13:20:23.601100Z,
FN.OLKF.00.BHZ | 2025-05-15T13:20:46.939538Z - 2025-05-15T13:21:46.939538Z,,,,,,,,,2025-05-15T13:21:27.306750Z,
FN.RAJF.00.?HZ | 2025-05-15T13:21:05.394066Z - 2025-05-15T13:22:05.394066Z,,,,,,,,,2025-05-15T13:21:24.366760Z,
FN.RANF.00.?HZ | 2025-05-15T13:20:29.523608Z - 2025-05-15T13:21:29.523608Z,,,,,,,2025-05-15T13:20:44.172170Z,,2025-05-15T13:21:04.937250Z,
FN.RNF.00.BHZ | 2025-05-15T13:20:06.080241Z - 2025-05-15T13:21:06.080241Z,,,,,,,2025-05-15T13:20:34.155760Z,,2025-05-15T13:20:47.938700Z,
FN.SGF.00.BHZ | 2025-05-15T13:20:24.817386Z - 2025-05-15T13:21:24.817386Z,,,,,,,2025-05-15T13:20:36.815590Z,,2025-05-15T13:20:52.410320Z,
HE.HEF.00.BHZ | 2025-05-15T13:20:27.961835Z - 2025-05-15T13:21:27.961835Z,,,,,,,2025-05-15T13:20:39.755580Z,,2025-05-15T13:20:57.497850Z,
HE.KIF.00.BHZ | 2025-05-15T13:20:34.020811Z - 2025-05-15T13:21:34.020811Z,,,,,,,,,2025-05-15T13:21:23.471980Z,
HE.KU6.00.BHZ | 2025-05-15T13:20:58.443033Z - 2025-05-15T13:21:58.443033Z,,,,,,,,,2025-05-15T13:21:36.352310Z,
HE.VRF.00.BHZ | 2025-05-15T13:20:50.188420Z - 2025-05-15T13:21:50.188420Z,,,,,,,,,2025-05-15T13:21:28.157350Z,
FN.KLF.00.BHN | 2025-05-20T09:12:18.750745Z - 2025-05-20T09:13:18.750745Z,,,,,,,,,2025-05-20T09:12:35.129950Z,
FN.OUL.00.BHE | 2025-05-20T09:12:17.102355Z - 2025-05-20T09:13:17.102355Z,,,,,,,,,2025-05-20T09:13:02.380720Z,
FN.RNF.00.BHZ | 2025-05-20T09:12:20.545938Z - 2025-05-20T09:13:20.545938Z,,,,,,,,,2025-05-20T09:12:48.930000Z,
HE.ECKF.00.CZ | 2025-05-20T01:12:42.290587Z - 2025-05-20T01:13:42.290587Z,,,,,,,,,2025-05-20T01:13:19.697930Z,
HE.KPF.00.BHZ | 2025-05-20T01:12:25.034806Z - 2025-05-20T01:13:25.034806Z,,,,,,,,,2025-05-20T01:13:14.669620Z,
HE.RAF.00.BHZ | 2025-05-20T01:12:30.179813Z - 2025-05-20T01:13:30.179813Z,,,,,,,2025-05-20T01:12:53.071600Z,,2025-05-20T01:13:20.568630Z,
HE.VAF.00.BHZ | 2025-05-20T01:12:46.258898Z - 2025-05-20T01:13:46.258898Z,,,,,,,2025-05-20T01:12:55.069650Z,,2025-05-20T01:13:23.636020Z,
UP.AAL.00.BHZ | 2025-05-20T01:12:58.778807Z - 2025-05-20T01:13:58.778807Z,,,,,,,,,2025-05-20T01:13:23.867670Z,
HE.ECKF.00.CZ | 2025-05-25T12:51:38.278610Z - 2025-05-25T12:52:38.278610Z,,,,,,,2025-05-25T12:51:52.820000Z,,2025-05-25T12:52:09.700000Z,
HE.KORF.00.CZ | 2025-05-25T12:51:49.556129Z - 2025-05-25T12:52:49.556129Z,,,,,,,2025-05-25T12:52:06.610000Z,,2025-05-25T12:52:34.140000Z,
HE.KPF.00.BHZ | 2025-05-25T12:51:54.818391Z - 2025-05-25T12:52:54.818391Z,,,,,,,2025-05-25T12:52:06.650000Z,,2025-05-25T12:52:34.000000Z,
HE.RAF.00.BHZ | 2025-05-25T12:51:55.141207Z - 2025-05-25T12:52:55.141207Z,,,,,,,2025-05-25T12:52:03.380000Z,,2025-05-25T12:52:28.430000Z,
UP.AAL.00.BHZ | 2025-05-25T12:51:24.365870Z - 2025-05-25T12:52:24.365870Z,,,,,,,2025-05-25T12:51:56.240000Z,,2025-05-25T12:52:15.880000Z,
HE.HEF.00.BHZ | 2025-05-25T02:01:10.819441Z - 2025-05-25T02:02:10.819441Z,,,,,,,,,2025-05-25T02:01:36.754930Z,
HE.KIF.00.BHZ | 2025-05-25T02:00:33.637717Z - 2025-05-25T02:01:33.637717Z,,,,,,,2025-05-25T02:00:42.965550Z,,2025-05-25T02:01:02.505320Z,
FN.KLF.00.BHZ | 2025-05-24T07:06:31.469716Z - 2025-05-24T07:07:31.469716Z,,,,,,,2025-05-24T07:06:59.897710Z,,2025-05-24T07:07:09.995320Z,
FN.KMNF.00.?HZ | 2025-05-24T07:07:43.961258Z - 2025-05-24T07:08:43.961258Z,,,,,,,,,2025-05-24T07:07:53.343360Z,
FN.RAJF.00.?HZ | 2025-05-24T07:07:35.665869Z - 2025-05-24T07:08:35.665869Z,,,,,,,,,2025-05-24T07:07:57.146440Z,
FN.RANF.00.?HZ | 2025-05-24T07:07:18.188887Z - 2025-05-24T07:08:18.188887Z,,,,,,,,,2025-05-24T07:07:58.908440Z,
FN.RNF.00.BHZ | 2025-05-24T07:07:08.681956Z - 2025-05-24T07:08:08.681956Z,,,,,,,,,2025-05-24T07:07:41.109840Z,
FN.SGF.00.BHZ | 2025-05-24T07:07:05.526621Z - 2025-05-24T07:08:05.526621Z,,,,,,,,,2025-05-24T07:07:36.385120Z,
HE.HEF.00.BHZ | 2025-05-24T07:06:35.512147Z - 2025-05-24T07:07:35.512147Z,,,,,,,2025-05-24T07:07:01.727040Z,,2025-05-24T07:07:12.672390Z,
HE.KIF.00.BHZ | 2025-05-24T07:06:47.228829Z - 2025-05-24T07:07:47.228829Z,,,,,,,,,2025-05-24T07:07:30.417540Z,
FN.KLF.00.BHZ | 2025-05-24T11:53:48.960798Z - 2025-05-24T11:54:48.960798Z,,,,,,,,,2025-05-24T11:54:05.935420Z,
FN.KMNF.00.?HZ | 2025-05-24T11:52:58.340404Z - 2025-05-24T11:53:58.340404Z,,,,,,,2025-05-24T11:53:26.525310Z,,2025-05-24T11:53:39.431640Z,
FN.RAJF.00.?HZ | 2025-05-24T11:53:27.412253Z - 2025-05-24T11:54:27.412253Z,,,,,,,2025-05-24T11:53:37.021350Z,,2025-05-24T11:53:58.605680Z,
FN.SGF.00.BHZ | 2025-05-24T11:53:47.332347Z - 2025-05-24T11:54:47.332347Z,,,,,,,,,2025-05-24T11:54:06.024400Z,
HE.HEF.00.BHZ | 2025-05-24T11:53:12.949202Z - 2025-05-24T11:54:12.949202Z,,,,,,,2025-05-24T11:53:22.090980Z,,2025-05-24T11:53:31.787240Z,
HE.KEV.00.?HZ | 2025-05-24T11:53:04.647443Z - 2025-05-24T11:54:04.647443Z,,,,,,,2025-05-24T11:53:29.588350Z,,2025-05-24T11:53:44.520370Z,
HE.KIF.00.BHZ | 2025-05-24T11:53:24.007310Z - 2025-05-24T11:54:24.007310Z,,,,,,,2025-05-24T11:53:29.915060Z,,2025-05-24T11:53:45.049070Z,
HE.KPF.00.BHZ | 2025-05-29T00:55:07.663343Z - 2025-05-29T00:56:07.663343Z,,,,,,,,,2025-05-29T00:55:59.189710Z,
HE.VAF.00.BHZ | 2025-05-29T00:55:23.361233Z - 2025-05-29T00:56:23.361233Z,,,,,,,2025-05-29T00:55:31.164600Z,,2025-05-29T00:55:58.639150Z,
FN.MSF.00.BHZ | 2025-06-02T17:10:18.350712Z - 2025-06-02T17:11:18.350712Z,,,,,,,2025-06-02T17:11:09.606400Z,,2025-06-02T17:11:12.512390Z,
FN.OLKF.00.BHZ | 2025-06-02T17:10:51.303378Z - 2025-06-02T17:11:51.303378Z,,,,,,,2025-06-02T17:11:17.119180Z,,2025-06-02T17:11:25.185710Z,
FN.OUL.00.BHZ | 2025-06-02T17:10:55.092912Z - 2025-06-02T17:11:55.092912Z,,,,,,,2025-06-02T17:11:29.790150Z,,2025-06-02T17:11:46.952320Z,
FN.RANF.00.?HZ | 2025-06-02T17:10:58.203687Z - 2025-06-02T17:11:58.203687Z,,,,,,,2025-06-02T17:11:20.726640Z,,2025-06-02T17:11:31.740390Z,
FN.RNF.00.BHZ | 2025-06-02T17:11:12.508660Z - 2025-06-02T17:12:12.508660Z,,,,,,,2025-06-02T17:11:30.655240Z,,2025-06-02T17:11:48.640990Z,
FN.SGF.00.BHZ | 2025-06-02T17:11:57.712182Z - 2025-06-02T17:12:57.712182Z,,,,,,,,,2025-06-02T17:12:03.594530Z,
HE.KU1.00.SHZ | 2025-06-02T17:11:02.529060Z - 2025-06-02T17:12:02.529060Z,,,,,,,2025-06-02T17:11:12.373260Z,,2025-06-02T17:11:17.031150Z,
HE.KU2.00.SHZ | 2025-06-02T17:10:32.446720Z - 2025-06-02T17:11:32.446720Z,,,,,,,2025-06-02T17:11:09.700050Z,,2025-06-02T17:11:12.698510Z,
HE.KU6.00.BHZ | 2025-06-02T17:10:29.685837Z - 2025-06-02T17:11:29.685837Z,,,,,,,2025-06-02T17:11:15.857710Z,,2025-06-02T17:11:22.528140Z,
HE.OBF3.00.BHZ | 2025-06-02T17:11:52.461044Z - 2025-06-02T17:12:52.461044Z,,,,,,,,,2025-06-02T17:12:04.145580Z,
HE.RMF.00.BHZ | 2025-06-02T17:11:33.550238Z - 2025-06-02T17:12:33.550238Z,,,,,,,,,2025-06-02T17:11:53.656010Z,
HE.TOF.00.BHZ | 2025-06-02T17:11:39.577043Z - 2025-06-02T17:12:39.577043Z,,,,,,,,,2025-06-02T17:12:02.851640Z,
FN.MSF.00.BHZ | 2025-06-03T11:17:56.095889Z - 2025-06-03T11:18:56.095889Z,,,,,,,2025-06-03T11:18:38.787550Z,,2025-06-03T11:18:44.067180Z,
FN.OLKF.00.BHZ | 2025-06-03T11:18:08.934949Z - 2025-06-03T11:19:08.934949Z,,,,,,,2025-06-03T11:18:40.064170Z,,2025-06-03T11:18:46.011810Z,
HE.KU1.00.SHZ | 2025-06-03T11:18:33.722452Z - 2025-06-03T11:19:33.722452Z,,,,,,,2025-06-03T11:18:39.027100Z,,2025-06-03T11:18:44.766400Z,
HE.KU2.00.SHZ | 2025-06-03T11:18:14.233489Z - 2025-06-03T11:19:14.233489Z,,,,,,,,,2025-06-03T11:18:54.357240Z,
HE.KU6.00.BHZ | 2025-06-03T11:18:28.125532Z - 2025-06-03T11:19:28.125532Z,,,,,,,2025-06-03T11:18:35.443950Z,,2025-06-03T11:18:38.355170Z,
HE.FIA0.00.?HZ | 2025-06-03T10:07:17.703540Z - 2025-06-03T10:08:17.703540Z,,,,,,,2025-06-03T10:07:54.502680Z,,2025-06-03T10:08:11.706540Z,
HE.FIA1.00.?HZ | 2025-06-03T10:07:48.072560Z - 2025-06-03T10:08:48.072560Z,,,,,,,2025-06-03T10:07:54.502680Z,,2025-06-03T10:08:11.706540Z,
HE.KAF.00.?HZ | 2025-06-03T10:07:53.055012Z - 2025-06-03T10:08:53.055012Z,,,,,,,,,2025-06-03T10:08:28.646820Z,
HE.KUNI.00.BHZ | 2025-06-03T10:07:19.726212Z - 2025-06-03T10:08:19.726212Z,,,,,,,,,2025-06-03T10:08:09.061020Z,
HE.KY02.00.CZ | 2025-06-03T10:07:11.398851Z - 2025-06-03T10:08:11.398851Z,,,,,,,2025-06-03T10:07:44.195820Z,,2025-06-03T10:07:53.413680Z,
HE.KY17.00.CZ | 2025-06-03T10:07:15.878412Z - 2025-06-03T10:08:15.878412Z,,,,,,,2025-06-03T10:07:43.003140Z,,2025-06-03T10:07:51.256700Z,
HE.LOVF.00.CZ | 2025-06-03T10:07:19.318438Z - 2025-06-03T10:08:19.318438Z,,,,,,,2025-06-03T10:07:41.486950Z,,2025-06-03T10:07:48.772650Z,
HE.PVF.00.CZ | 2025-06-03T10:07:14.042834Z - 2025-06-03T10:08:14.042834Z,,,,,,,2025-06-03T10:07:45.587600Z,,2025-06-03T10:07:55.980530Z,
HE.RUF.00.BHZ | 2025-06-03T10:07:21.406477Z - 2025-06-03T10:08:21.406477Z,,,,,,,,,2025-06-03T10:08:12.634780Z,
HE.SUF.00.BHZ | 2025-06-03T10:08:38.907928Z - 2025-06-03T10:09:38.907928Z,,,,,,,,,2025-06-03T10:08:46.396320Z,
HE.TRE03.00.CZ | 2025-06-03T10:08:10.403109Z - 2025-06-03T10:09:10.403109Z,,,,,,,,,2025-06-03T10:08:33.520050Z,
HE.TVF.00.BHZ | 2025-06-03T10:07:50.899547Z - 2025-06-03T10:08:50.899547Z,,,,,,,,,2025-06-03T10:08:36.536810Z,
HE.VJF.00.?HZ | 2025-06-03T10:07:30.514569Z - 2025-06-03T10:08:30.514569Z,,,,,,,2025-06-03T10:07:35.795410Z,,2025-06-03T10:07:38.972080Z,
FN.KLF.00.BHN | 2025-06-04T06:45:05.077601Z - 2025-06-04T06:46:05.077601Z,,,,,,,2025-06-04T06:45:11.091600Z,,2025-06-04T06:45:17.838220Z,
FN.RNF.00.BHZ | 2025-06-04T06:44:53.822045Z - 2025-06-04T06:45:53.822045Z,,,,,,,2025-06-04T06:45:18.778660Z,,2025-06-04T06:45:31.116760Z,
HE.HEF.00.BHZ | 2025-06-04T06:45:24.372081Z - 2025-06-04T06:46:24.372081Z,,,,,,,,,2025-06-04T06:45:52.068260Z,
FN.KLF.00.BHZ | 2025-06-05T03:02:58.705152Z - 2025-06-05T03:03:58.705152Z,,,,,,,2025-06-05T03:03:16.393850Z,,2025-06-05T03:03:47.004580Z,
FN.MSF.00.BHZ | 2025-06-05T03:02:27.578634Z - 2025-06-05T03:03:27.578634Z,,,,,,,2025-06-05T03:02:41.908460Z,,2025-06-05T03:02:46.455550Z,
FN.OLKF.00.BHZ | 2025-06-05T03:02:27.541295Z - 2025-06-05T03:03:27.541295Z,,,,,,,2025-06-05T03:02:43.838620Z,,2025-06-05T03:02:49.739920Z,
FN.OUL.00.BHZ | 2025-06-05T03:03:00.059059Z - 2025-06-05T03:04:00.059059Z,,,,,,,2025-06-05T03:03:05.903220Z,,2025-06-05T03:03:28.094950Z,
FN.RANF.00.?HZ | 2025-06-05T03:02:39.869046Z - 2025-06-05T03:03:39.869046Z,,,,,,,2025-06-05T03:02:56.274120Z,,2025-06-05T03:03:10.908740Z,
FN.RNF.00.BHZ | 2025-06-05T03:02:55.839407Z - 2025-06-05T03:03:55.839407Z,,,,,,,2025-06-05T03:03:03.138290Z,,2025-06-05T03:03:23.810630Z,
FN.SGF.00.BHZ | 2025-06-05T03:02:39.448575Z - 2025-06-05T03:03:39.448575Z,,,,,,,2025-06-05T03:03:08.749350Z,,2025-06-05T03:03:33.235530Z,
HE.KU1.00.SHZ | 2025-06-05T03:02:29.030582Z - 2025-06-05T03:03:29.030582Z,,,,,,,2025-06-05T03:02:43.543410Z,,2025-06-05T03:02:49.118950Z,
HE.KU2.00.SHZ | 2025-06-05T03:02:33.118897Z - 2025-06-05T03:03:33.118897Z,,,,,,,2025-06-05T03:02:47.110140Z,,2025-06-05T03:02:55.410990Z,
HE.KU6.00.BHZ | 2025-06-05T03:02:32.155895Z - 2025-06-05T03:03:32.155895Z,,,,,,,2025-06-05T03:02:40.952250Z,,2025-06-05T03:02:44.866260Z,
HE.OBF3.00.BHZ | 2025-06-05T03:02:53.763976Z - 2025-06-05T03:03:53.763976Z,,,,,,,2025-06-05T03:03:14.114810Z,,2025-06-05T03:03:43.675540Z,
HE.RMF.00.BHZ | 2025-06-05T03:03:10.794656Z - 2025-06-05T03:04:10.794656Z,,,,,,,,,2025-06-05T03:03:26.568810Z,
HE.TOF.00.BHZ | 2025-06-05T03:03:01.791749Z - 2025-06-05T03:04:01.791749Z,,,,,,,2025-06-05T03:03:11.094320Z,,2025-06-05T03:03:35.871250Z,
HE.VRF.00.BHZ | 2025-06-05T03:03:10.558932Z - 2025-06-05T03:04:10.558932Z,,,,,,,,,2025-06-05T03:03:28.590760Z,
FN.KLF.00.BHZ | 2025-06-08T04:26:44.252070Z - 2025-06-08T04:27:44.252070Z,,,,,,,2025-06-08T04:27:09.116300Z,,2025-06-08T04:27:27.354720Z,
FN.MSF.00.BHZ | 2025-06-08T04:27:44.611138Z - 2025-06-08T04:28:44.611138Z,,,,,,,,,2025-06-08T04:28:04.020020Z,
FN.OLKF.00.BHZ | 2025-06-08T04:27:36.183491Z - 2025-06-08T04:28:36.183491Z,,,,,,,,,2025-06-08T04:28:07.644230Z,
FN.OUL.00.BHZ | 2025-06-08T04:26:52.527458Z - 2025-06-08T04:27:52.527458Z,,,,,,,2025-06-08T04:27:17.097610Z,,2025-06-08T04:27:40.728910Z,
FN.RANF.00.?HZ | 2025-06-08T04:26:58.739234Z - 2025-06-08T04:27:58.739234Z,,,,,,,2025-06-08T04:27:18.150410Z,,2025-06-08T04:27:42.163300Z,
FN.RNF.00.BHZ | 2025-06-08T04:27:08.701298Z - 2025-06-08T04:28:08.701298Z,,,,,,,2025-06-08T04:27:14.410070Z,,2025-06-08T04:27:35.487680Z,
HE.HEF.00.BHZ | 2025-06-08T04:27:06.792846Z - 2025-06-08T04:28:06.792846Z,,,,,,,2025-06-08T04:27:25.163920Z,,2025-06-08T04:27:54.423440Z,
HE.KU2.00.SHZ | 2025-06-08T04:27:50.260894Z - 2025-06-08T04:28:50.260894Z,,,,,,,,,2025-06-08T04:27:56.833310Z,
HE.OBF0.00.BHZ | 2025-06-08T04:26:48.330006Z - 2025-06-08T04:27:48.330006Z,,,,,,,2025-06-08T04:27:16.386720Z,,2025-06-08T04:27:39.545400Z,
HE.OBF3.00.BHZ | 2025-06-08T04:26:53.727663Z - 2025-06-08T04:27:53.727663Z,,,,,,,2025-06-08T04:27:13.621070Z,,2025-06-08T04:27:34.585970Z,
HE.OBF8.00.BHZ | 2025-06-08T04:27:05.536764Z - 2025-06-08T04:28:05.536764Z,,,,,,,,,2025-06-08T04:27:40.447120Z,
HE.TOF.00.BHZ | 2025-06-08T04:26:49.249696Z - 2025-06-08T04:27:49.249696Z,,,,,,,2025-06-08T04:27:01.061240Z,,2025-06-08T04:27:13.067460Z,
HE.FIA0.00.?HZ | 2025-06-07T19:15:26.809651Z - 2025-06-07T19:16:26.809651Z,,,,,,,2025-06-07T19:15:56.698470Z,,2025-06-07T19:16:10.322330Z,
HE.FIA1.00.?HZ | 2025-06-07T19:15:19.804628Z - 2025-06-07T19:16:19.804628Z,,,,,,,2025-06-07T19:15:56.698470Z,,2025-06-07T19:16:10.287130Z,
HE.JOF.00.BHZ | 2025-06-07T19:15:55.646550Z - 2025-06-07T19:16:55.646550Z,,,,,,,2025-06-07T19:16:18.353890Z,,2025-06-07T19:16:46.723190Z,
HE.KAF.00.?HZ | 2025-06-07T19:15:27.991367Z - 2025-06-07T19:16:27.991367Z,,,,,,,2025-06-07T19:16:01.917890Z,,2025-06-07T19:16:18.913730Z,
HE.KEF.00.?HZ | 2025-06-07T19:16:03.445396Z - 2025-06-07T19:17:03.445396Z,,,,,,,2025-06-07T19:16:11.679240Z,,2025-06-07T19:16:35.455400Z,
HE.KY02.00.CZ | 2025-06-07T19:15:26.101360Z - 2025-06-07T19:16:26.101360Z,,,,,,,2025-06-07T19:15:50.298740Z,,2025-06-07T19:15:59.223190Z,
HE.KY17.00.CZ | 2025-06-07T19:15:36.604482Z - 2025-06-07T19:16:36.604482Z,,,,,,,2025-06-07T19:15:48.367780Z,,2025-06-07T19:15:56.038740Z,
HE.LOVF.00.CZ | 2025-06-07T19:15:53.133947Z - 2025-06-07T19:16:53.133947Z,,,,,,,2025-06-07T19:16:00.270170Z,,2025-06-07T19:16:13.640900Z,
HE.MEF.00.BHZ | 2025-06-07T19:16:27.518144Z - 2025-06-07T19:17:27.518144Z,,,,,,,,,2025-06-07T19:16:39.947820Z,
HE.NIF.00.BHZ | 2025-06-07T19:15:55.524579Z - 2025-06-07T19:16:55.524579Z,,,,,,,2025-06-07T19:16:17.099720Z,,2025-06-07T19:16:45.230090Z,
HE.NUR.00.SHZ | 2025-06-07T19:16:19.606258Z - 2025-06-07T19:17:19.606258Z,,,,,,,,,2025-06-07T19:16:33.804040Z,
HE.PVF.00.CZ | 2025-06-07T19:15:36.574051Z - 2025-06-07T19:16:36.574051Z,,,,,,,2025-06-07T19:16:01.592050Z,,2025-06-07T19:16:17.366310Z,
HE.RUF.00.BHZ | 2025-06-07T19:15:26.498294Z - 2025-06-07T19:16:26.498294Z,,,,,,,2025-06-07T19:15:46.855820Z,,2025-06-07T19:15:53.203740Z,
HE.SUF.00.BHZ | 2025-06-07T19:15:58.496450Z - 2025-06-07T19:16:58.496450Z,,,,,,,2025-06-07T19:16:11.320800Z,,2025-06-07T19:16:34.476820Z,
HE.VJF.00.?HZ | 2025-06-07T19:15:41.668147Z - 2025-06-07T19:16:41.668147Z,,,,,,,2025-06-07T19:15:49.961840Z,,2025-06-07T19:15:58.913290Z,
FN.OUL.00.BHZ | 2025-06-08T13:40:38.670278Z - 2025-06-08T13:41:38.670278Z,,,,,,,,,2025-06-08T13:40:46.973390Z,
HE.ALAJF.00.?HZ | 2025-06-08T13:39:55.855389Z - 2025-06-08T13:40:55.855389Z,,,,,,,2025-06-08T13:40:20.786360Z,,2025-06-08T13:40:44.629130Z,
HE.FIA0.00.?HZ | 2025-06-08T13:40:18.187044Z - 2025-06-08T13:41:18.187044Z,,,,,,,,,2025-06-08T13:40:52.128180Z,
HE.FIA1.00.?HZ | 2025-06-08T13:40:23.347465Z - 2025-06-08T13:41:23.347465Z,,,,,,,,,2025-06-08T13:40:51.871410Z,
HE.JOF.00.BHZ | 2025-06-08T13:39:51.365557Z - 2025-06-08T13:40:51.365557Z,,,,,,,2025-06-08T13:40:13.085190Z,,2025-06-08T13:40:31.129570Z,
HE.KAF.00.?HZ | 2025-06-08T13:39:42.281766Z - 2025-06-08T13:40:42.281766Z,,,,,,,2025-06-08T13:40:14.485080Z,,2025-06-08T13:40:33.811640Z,
HE.KEF.00.?HZ | 2025-06-08T13:40:06.939597Z - 2025-06-08T13:41:06.939597Z,,,,,,,2025-06-08T13:40:21.419100Z,,2025-06-08T13:40:46.106630Z,
HE.KJNF.00.CZ | 2025-06-08T13:39:48.742751Z - 2025-06-08T13:40:48.742751Z,,,,,,,2025-06-08T13:40:04.456440Z,,2025-06-08T13:40:16.242000Z,
HE.NIF.00.BHZ | 2025-06-08T13:39:03.182678Z - 2025-06-08T13:40:03.182678Z,,,,,,,2025-06-08T13:39:51.070920Z,,2025-06-08T13:39:53.833280Z,
HE.OBF0.00.BHZ | 2025-06-08T13:40:38.772803Z - 2025-06-08T13:41:38.772803Z,,,,,,,,,2025-06-08T13:40:50.793310Z,
HE.RMF.00.BHZ | 2025-06-08T13:40:15.043264Z - 2025-06-08T13:41:15.043264Z,,,,,,,,,2025-06-08T13:40:22.194010Z,
HE.RUF.00.BHZ | 2025-06-08T13:39:59.217648Z - 2025-06-08T13:40:59.217648Z,,,,,,,2025-06-08T13:40:20.823970Z,,2025-06-08T13:40:45.557130Z,
HE.SUF.00.BHZ | 2025-06-08T13:39:57.429331Z - 2025-06-08T13:40:57.429331Z,,,,,,,2025-06-08T13:40:07.843870Z,,2025-06-08T13:40:22.064660Z,
FN.KLF.00.BHZ | 2025-06-09T02:39:01.181380Z - 2025-06-09T02:40:01.181380Z,,,,,,,2025-06-09T02:39:27.519800Z,,2025-06-09T02:39:48.792110Z,
FN.OUL.00.BHZ | 2025-06-09T02:39:03.654655Z - 2025-06-09T02:40:03.654655Z,,,,,,,2025-06-09T02:39:23.166340Z,,2025-06-09T02:39:41.162050Z,
FN.RANF.00.?HZ | 2025-06-09T02:39:12.976586Z - 2025-06-09T02:40:12.976586Z,,,,,,,2025-06-09T02:39:27.718560Z,,2025-06-09T02:39:48.878840Z,
FN.RNF.00.BHZ | 2025-06-09T02:39:22.304997Z - 2025-06-09T02:40:22.304997Z,,,,,,,2025-06-09T02:39:27.345880Z,,2025-06-09T02:39:47.280460Z,
FN.SGF.00.BHZ | 2025-06-09T02:39:33.988514Z - 2025-06-09T02:40:33.988514Z,,,,,,,,,2025-06-09T02:40:07.448800Z,
HE.OBF3.00.BHZ | 2025-06-09T02:38:53.859919Z - 2025-06-09T02:39:53.859919Z,,,,,,,2025-06-09T02:39:18.851620Z,,2025-06-09T02:39:34.070360Z,
HE.TOF.00.BHZ | 2025-06-09T02:38:31.419149Z - 2025-06-09T02:39:31.419149Z,,,,,,,2025-06-09T02:39:11.506640Z,,2025-06-09T02:39:20.447970Z,
FN.KLF.00.BHZ | 2025-06-10T03:16:13.385348Z - 2025-06-10T03:17:13.385348Z,,,,,,,2025-06-10T03:16:34.207270Z,,2025-06-10T03:16:44.354340Z,
FN.OUL.00.BHZ | 2025-06-10T03:17:04.864211Z - 2025-06-10T03:18:04.864211Z,,,,,,,,,2025-06-10T03:17:39.978230Z,
FN.RANF.00.?HZ | 2025-06-10T03:16:36.807596Z - 2025-06-10T03:17:36.807596Z,,,,,,,2025-06-10T03:16:58.556500Z,,2025-06-10T03:17:28.080500Z,
FN.RNF.00.BHZ | 2025-06-10T03:16:44.630054Z - 2025-06-10T03:17:44.630054Z,,,,,,,2025-06-10T03:16:50.513160Z,,2025-06-10T03:17:12.033040Z,
FN.SGF.00.BHZ | 2025-06-10T03:16:24.297324Z - 2025-06-10T03:17:24.297324Z,,,,,,,2025-06-10T03:16:51.648170Z,,2025-06-10T03:17:14.177660Z,
HE.HEF.00.BHZ | 2025-06-10T03:16:31.489626Z - 2025-06-10T03:17:31.489626Z,,,,,,,2025-06-10T03:16:44.565040Z,,2025-06-10T03:17:02.059520Z,
HE.KIF.00.BHZ | 2025-06-10T03:16:22.182847Z - 2025-06-10T03:17:22.182847Z,,,,,,,2025-06-10T03:16:53.696310Z,,2025-06-10T03:17:17.064080Z,
HE.OBF3.00.BHZ | 2025-06-10T03:16:41.815549Z - 2025-06-10T03:17:41.815549Z,,,,,,,,,2025-06-10T03:17:35.277890Z,
HE.TOF.00.BHZ | 2025-06-10T03:16:40.895962Z - 2025-06-10T03:17:40.895962Z,,,,,,,2025-06-10T03:16:47.125210Z,,2025-06-10T03:17:05.558420Z,
HE.FIA0.00.?HZ | 2025-06-13T14:38:09.721825Z - 2025-06-13T14:39:09.721825Z,,,,,,,2025-06-13T14:38:21.250610Z,,2025-06-13T14:38:44.810500Z,
HE.FIA1.00.?HZ | 2025-06-13T14:38:04.034239Z - 2025-06-13T14:39:04.034239Z,,,,,,,2025-06-13T14:38:21.250610Z,,2025-06-13T14:38:44.810500Z,
HE.JOF.00.BHZ | 2025-06-13T14:37:48.790491Z - 2025-06-13T14:38:48.790491Z,,,,,,,2025-06-13T14:38:16.284710Z,,2025-06-13T14:38:35.652670Z,
HE.KAF.00.?HZ | 2025-06-13T14:38:01.918533Z - 2025-06-13T14:39:01.918533Z,,,,,,,2025-06-13T14:38:20.543780Z,,2025-06-13T14:38:43.003300Z,
HE.KEF.00.?HZ | 2025-06-13T14:38:33.345774Z - 2025-06-13T14:39:33.345774Z,,,,,,,,,2025-06-13T14:39:01.941650Z,
HE.KY17.00.CZ | 2025-06-13T14:37:56.953901Z - 2025-06-13T14:38:56.953901Z,,,,,,,2025-06-13T14:38:15.879590Z,,2025-06-13T14:38:34.502400Z,
HE.LOVF.00.CZ | 2025-06-13T14:38:15.426472Z - 2025-06-13T14:39:15.426472Z,,,,,,,2025-06-13T14:38:24.934560Z,,2025-06-13T14:38:52.594240Z,
HE.NIF.00.BHZ | 2025-06-13T14:38:03.406667Z - 2025-06-13T14:39:03.406667Z,,,,,,,2025-06-13T14:38:24.467940Z,,2025-06-13T14:38:51.152800Z,
HE.PVF.00.CZ | 2025-06-13T14:38:18.352824Z - 2025-06-13T14:39:18.352824Z,,,,,,,,,2025-06-13T14:38:55.251940Z,
HE.RUF.00.BHZ | 2025-06-13T14:37:36.341020Z - 2025-06-13T14:38:36.341020Z,,,,,,,2025-06-13T14:37:57.058910Z,,2025-06-13T14:38:02.540530Z,
HE.SUF.00.BHZ | 2025-06-13T14:38:03.034167Z - 2025-06-13T14:39:03.034167Z,,,,,,,2025-06-13T14:38:25.759990Z,,2025-06-13T14:38:52.870850Z,
HE.VJF.00.?HZ | 2025-06-13T14:37:48.679485Z - 2025-06-13T14:38:48.679485Z,,,,,,,2025-06-13T14:38:16.230300Z,,2025-06-13T14:38:35.652670Z,
HE.ECKF.00.CZ | 2025-06-18T16:35:23.871644Z - 2025-06-18T16:36:23.871644Z,,,,,,,2025-06-18T16:35:54.846220Z,,2025-06-18T16:36:18.101580Z,
HE.KORF.00.CZ | 2025-06-18T16:35:47.862329Z - 2025-06-18T16:36:47.862329Z,,,,,,,2025-06-18T16:36:06.175080Z,,2025-06-18T16:36:38.136430Z,
HE.KPF.00.BHZ | 2025-06-18T16:35:50.718734Z - 2025-06-18T16:36:50.718734Z,,,,,,,2025-06-18T16:36:02.535560Z,,2025-06-18T16:36:31.930080Z,
HE.RAF.00.BHZ | 2025-06-18T16:35:52.571557Z - 2025-06-18T16:36:52.571557Z,,,,,,,2025-06-18T16:36:02.139600Z,,2025-06-18T16:36:30.860510Z,
UP.AAL.00.BHZ | 2025-06-18T16:35:51.333308Z - 2025-06-18T16:36:51.333308Z,,,,,,,2025-06-18T16:35:58.032970Z,,2025-06-18T16:36:23.834620Z,
FN.OUL.00.BHZ | 2025-06-18T03:28:59.897586Z - 2025-06-18T03:29:59.897586Z,,,,,,,,,2025-06-18T03:29:23.157800Z,
HE.ALAJF.00.?HZ | 2025-06-18T03:29:19.115182Z - 2025-06-18T03:30:19.115182Z,,,,,,,,,2025-06-18T03:29:24.545550Z,
HE.OBF0.00.BHZ | 2025-06-18T03:28:36.676274Z - 2025-06-18T03:29:36.676274Z,,,,,,,2025-06-18T03:28:46.861840Z,,2025-06-18T03:29:04.637680Z,
HE.OBF3.00.BHZ | 2025-06-18T03:28:50.537002Z - 2025-06-18T03:29:50.537002Z,,,,,,,,,2025-06-18T03:29:09.444980Z,
HE.OBF8.00.BHZ | 2025-06-18T03:28:17.327635Z - 2025-06-18T03:29:17.327635Z,,,,,,,2025-06-18T03:28:42.725330Z,,2025-06-18T03:28:56.809420Z,
HE.TOF.00.BHZ | 2025-06-18T03:28:45.004795Z - 2025-06-18T03:29:45.004795Z,,,,,,,,,2025-06-18T03:29:18.399780Z,
HE.VAF.00.BHZ | 2025-06-18T03:28:32.969313Z - 2025-06-18T03:29:32.969313Z,,,,,,,,,2025-06-18T03:29:19.192780Z,
FN.KLF.00.BHZ | 2025-06-21T18:05:09.248349Z - 2025-06-21T18:06:09.248349Z,,,,,,,,,2025-06-21T18:05:15.090830Z,
FN.OUL.00.BHZ | 2025-06-21T18:04:21.327732Z - 2025-06-21T18:05:21.327732Z,,,,,,,2025-06-21T18:04:26.867440Z,,2025-06-21T18:04:53.124760Z,
HE.ALAJF.00.?HZ | 2025-06-21T18:04:21.868686Z - 2025-06-21T18:05:21.868686Z,,,,,,,,,2025-06-21T18:04:51.099820Z,
HE.KAF.00.?HZ | 2025-06-21T18:04:49.593505Z - 2025-06-21T18:05:49.593505Z,,,,,,,,,2025-06-21T18:05:26.259620Z,
HE.KEF.00.?HZ | 2025-06-21T18:05:07.669547Z - 2025-06-21T18:06:07.669547Z,,,,,,,,,2025-06-21T18:05:16.022720Z,
HE.KU2.00.SHZ | 2025-06-21T18:05:00.315562Z - 2025-06-21T18:06:00.315562Z,,,,,,,,,2025-06-21T18:05:24.194600Z,
HE.NIF.00.BHZ | 2025-06-21T18:04:36.230605Z - 2025-06-21T18:05:36.230605Z,,,,,,,,,2025-06-21T18:05:25.767990Z,
HE.OBF0.00.BHZ | 2025-06-21T18:03:41.603313Z - 2025-06-21T18:04:41.603313Z,,,,,,,2025-06-21T18:04:15.120960Z,,2025-06-21T18:04:31.472140Z,
HE.OBF3.00.BHZ | 2025-06-21T18:03:42.746949Z - 2025-06-21T18:04:42.746949Z,,,,,,,2025-06-21T18:04:18.673670Z,,2025-06-21T18:04:37.349450Z,
HE.OBF8.00.BHZ | 2025-06-21T18:03:44.179880Z - 2025-06-21T18:04:44.179880Z,,,,,,,2025-06-21T18:04:10.194930Z,,2025-06-21T18:04:23.453680Z,
HE.SUF.00.BHZ | 2025-06-21T18:04:58.269658Z - 2025-06-21T18:05:58.269658Z,,,,,,,,,2025-06-21T18:05:14.560300Z,
HE.TOF.00.BHZ | 2025-06-21T18:04:16.772577Z - 2025-06-21T18:05:16.772577Z,,,,,,,2025-06-21T18:04:25.412270Z,,2025-06-21T18:04:49.724170Z,
HE.VAF.00.BHZ | 2025-06-21T18:03:57.152821Z - 2025-06-21T18:04:57.152821Z,,,,,,,2025-06-21T18:04:23.574420Z,,2025-06-21T18:04:46.051360Z,
FN.KLF.00.BHZ | 2025-06-21T04:22:15.931082Z - 2025-06-21T04:23:15.931082Z,,,,,,,,,2025-06-21T04:22:36.152520Z,
FN.KMNF.00.?HZ | 2025-06-21T04:22:19.316424Z - 2025-06-21T04:23:19.316424Z,,,,,,,,,2025-06-21T04:22:59.277460Z,
HE.HEF.00.BHZ | 2025-06-21T04:22:01.728562Z - 2025-06-21T04:23:01.728562Z,,,,,,,2025-06-21T04:22:06.737580Z,,2025-06-21T04:22:23.156780Z,
HE.KIF.00.BHZ | 2025-06-21T04:21:37.298706Z - 2025-06-21T04:22:37.298706Z,,,,,,,2025-06-21T04:21:59.058370Z,,2025-06-21T04:22:09.790510Z,
HE.TOF.00.BHZ | 2025-06-21T04:22:44.644248Z - 2025-06-21T04:23:44.644248Z,,,,,,,,,2025-06-21T04:22:59.731850Z,
FN.KLF.00.BHZ | 2025-06-21T16:40:59.779044Z - 2025-06-21T16:41:59.779044Z,,,,,,,2025-06-21T16:41:26.844570Z,,2025-06-21T16:41:49.776030Z,
FN.MSF.00.BHZ | 2025-06-21T16:41:16.037411Z - 2025-06-21T16:42:16.037411Z,,,,,,,2025-06-21T16:41:30.417490Z,,2025-06-21T16:41:53.554460Z,
FN.OLKF.00.BHZ | 2025-06-21T16:41:10.599796Z - 2025-06-21T16:42:10.599796Z,,,,,,,,,2025-06-21T16:42:01.262380Z,
FN.OUL.00.BHZ | 2025-06-21T16:40:30.172837Z - 2025-06-21T16:41:30.172837Z,,,,,,,2025-06-21T16:41:10.432460Z,,2025-06-21T16:41:19.340040Z,
FN.SGF.00.BHZ | 2025-06-21T16:41:43.673913Z - 2025-06-21T16:42:43.673913Z,,,,,,,,,2025-06-21T16:41:58.717270Z,
HE.KU1.00.SHZ | 2025-06-21T16:41:09.319126Z - 2025-06-21T16:42:09.319126Z,,,,,,,2025-06-21T16:41:33.787750Z,,2025-06-21T16:41:59.341250Z,
HE.KU2.00.SHZ | 2025-06-21T16:40:58.627585Z - 2025-06-21T16:41:58.627585Z,,,,,,,2025-06-21T16:41:24.593110Z,,2025-06-21T16:41:43.258740Z,
HE.KU6.00.BHZ | 2025-06-21T16:41:41.893409Z - 2025-06-21T16:42:41.893409Z,,,,,,,,,2025-06-21T16:42:04.341280Z,
HE.OBF0.00.BHZ | 2025-06-21T16:41:01.088055Z - 2025-06-21T16:42:01.088055Z,,,,,,,2025-06-21T16:41:17.125800Z,,2025-06-21T16:41:31.297410Z,
HE.OBF3.00.BHZ | 2025-06-21T16:40:51.119005Z - 2025-06-21T16:41:51.119005Z,,,,,,,2025-06-21T16:41:11.356630Z,,2025-06-21T16:41:20.689670Z,
HE.RMF.00.BHZ | 2025-06-21T16:41:39.471868Z - 2025-06-21T16:42:39.471868Z,,,,,,,,,2025-06-21T16:42:15.773340Z,
HE.TOF.00.BHZ | 2025-06-21T16:40:28.903734Z - 2025-06-21T16:41:28.903734Z,,,,,,,2025-06-21T16:41:07.544280Z,,2025-06-21T16:41:14.216040Z,
HE.VAF.00.BHZ | 2025-06-21T16:42:09.864448Z - 2025-06-21T16:43:09.864448Z,,,,,,,,,2025-06-21T16:42:17.317560Z,
FN.OUL.00.BHZ | 2025-06-22T03:56:12.211984Z - 2025-06-22T03:57:12.211984Z,,,,,,,,,2025-06-22T03:56:46.662850Z,
HE.ALAJF.00.?HZ | 2025-06-22T03:56:09.080921Z - 2025-06-22T03:57:09.080921Z,,,,,,,,,2025-06-22T03:56:34.475010Z,
HE.KEF.00.?HZ | 2025-06-22T03:56:12.797444Z - 2025-06-22T03:57:12.797444Z,,,,,,,,,2025-06-22T03:56:57.208560Z,
HE.KPF.00.BHZ | 2025-06-22T03:56:36.779820Z - 2025-06-22T03:57:36.779820Z,,,,,,,,,2025-06-22T03:56:50.923970Z,
HE.NIF.00.BHZ | 2025-06-22T03:56:20.056855Z - 2025-06-22T03:57:20.056855Z,,,,,,,,,2025-06-22T03:57:06.249530Z,
HE.OBF0.00.BHZ | 2025-06-22T03:55:49.552605Z - 2025-06-22T03:56:49.552605Z,,,,,,,2025-06-22T03:56:03.893280Z,,2025-06-22T03:56:23.627210Z,
HE.OBF3.00.BHN | 2025-06-22T03:55:40.941326Z - 2025-06-22T03:56:40.941326Z,,,,,,,2025-06-22T03:56:07.617820Z,,2025-06-22T03:56:30.199090Z,
HE.OBF8.00.BHZ | 2025-06-22T03:55:32.707493Z - 2025-06-22T03:56:32.707493Z,,,,,,,2025-06-22T03:55:58.245050Z,,2025-06-22T03:56:13.167530Z,
HE.SUF.00.BHZ | 2025-06-22T03:56:29.440840Z - 2025-06-22T03:57:29.440840Z,,,,,,,,,2025-06-22T03:56:58.960510Z,
HE.TOF.00.BHZ | 2025-06-22T03:56:03.824370Z - 2025-06-22T03:57:03.824370Z,,,,,,,,,2025-06-22T03:56:44.535670Z,
HE.VAF.00.BHZ | 2025-06-22T03:55:50.866660Z - 2025-06-22T03:56:50.866660Z,,,,,,,2025-06-22T03:56:05.362200Z,,2025-06-22T03:56:25.963530Z,
FN.KLF.00.BHZ | 2025-06-24T20:33:18.079153Z - 2025-06-24T20:34:18.079153Z,,,,,,,2025-06-24T20:33:28.879570Z,,2025-06-24T20:33:56.818960Z,
FN.OUL.00.BHZ | 2025-06-24T20:33:06.125365Z - 2025-06-24T20:34:06.125365Z,,,,,,,2025-06-24T20:33:18.534090Z,,2025-06-24T20:33:36.945880Z,
HE.ALAJF.00.?HZ | 2025-06-24T20:33:11.501348Z - 2025-06-24T20:34:11.501348Z,,,,,,,2025-06-24T20:33:31.743380Z,,2025-06-24T20:34:00.061490Z,
HE.KJNF.00.CZ | 2025-06-24T20:33:15.973138Z - 2025-06-24T20:34:15.973138Z,,,,,,,2025-06-24T20:33:34.571870Z,,2025-06-24T20:34:04.817210Z,
HE.KU2.00.SHZ | 2025-06-24T20:33:35.324179Z - 2025-06-24T20:34:35.324179Z,,,,,,,,,2025-06-24T20:34:05.465710Z,
HE.OBF0.00.BHZ | 2025-06-24T20:32:37.151131Z - 2025-06-24T20:33:37.151131Z,,,,,,,2025-06-24T20:33:11.950740Z,,2025-06-24T20:33:25.645970Z,
HE.OBF3.00.BHZ | 2025-06-24T20:33:05.701023Z - 2025-06-24T20:34:05.701023Z,,,,,,,2025-06-24T20:33:11.316470Z,,2025-06-24T20:33:25.011930Z,
HE.OBF8.00.BHZ | 2025-06-24T20:32:49.467864Z - 2025-06-24T20:33:49.467864Z,,,,,,,2025-06-24T20:33:11.265980Z,,2025-06-24T20:33:24.504140Z,
HE.TOF.00.BHZ | 2025-06-24T20:33:00.787124Z - 2025-06-24T20:34:00.787124Z,,,,,,,2025-06-24T20:33:13.028600Z,,,
HE.VAF.00.BHZ | 2025-06-24T20:33:25.642837Z - 2025-06-24T20:34:25.642837Z,,,,,,,,,2025-06-24T20:33:59.629160Z,
FN.KLF.00.BHZ | 2025-06-22T11:21:50.909451Z - 2025-06-22T11:22:50.909451Z,,,,,,,,,2025-06-22T11:22:17.110050Z,
FN.MSF.00.BHZ | 2025-06-22T11:21:09.898918Z - 2025-06-22T11:22:09.898918Z,,,,,,,2025-06-22T11:21:18.307220Z,,2025-06-22T11:21:35.148930Z,
FN.OLKF.00.BHZ | 2025-06-22T11:21:04.722379Z - 2025-06-22T11:22:04.722379Z,,,,,,,2025-06-22T11:21:11.506170Z,,2025-06-22T11:21:23.464370Z,
FN.OUL.00.BHZ | 2025-06-22T11:22:03.693696Z - 2025-06-22T11:23:03.693696Z,,,,,,,,,2025-06-22T11:22:18.198540Z,
FN.RAJF.00.?HZ | 2025-06-22T11:21:21.706583Z - 2025-06-22T11:22:21.706583Z,,,,,,,,,2025-06-22T11:21:49.358990Z,
FN.SGF.00.BHZ | 2025-06-22T11:21:15.790704Z - 2025-06-22T11:22:15.790704Z,,,,,,,2025-06-22T11:21:26.671770Z,,2025-06-22T11:21:50.116230Z,
HE.KU1.00.SHZ | 2025-06-22T11:21:24.080853Z - 2025-06-22T11:22:24.080853Z,,,,,,,,,2025-06-22T11:21:40.649960Z,
HE.KU6.00.BHZ | 2025-06-22T11:20:50.054445Z - 2025-06-22T11:21:50.054445Z,,,,,,,2025-06-22T11:21:13.508250Z,,2025-06-22T11:21:26.848450Z,
HE.TOF.00.BHZ | 2025-06-22T11:22:07.713638Z - 2025-06-22T11:23:07.713638Z,,,,,,,,,2025-06-22T11:22:18.673230Z,
HE.VRF.00.BHZ | 2025-06-22T11:21:01.460479Z - 2025-06-22T11:22:01.460479Z,,,,,,,2025-06-22T11:21:12.254800Z,,2025-06-22T11:21:24.587860Z,
HE.ECKF.00.CZ | 2025-06-26T01:40:35.150131Z - 2025-06-26T01:41:35.150131Z,,,,,,,,,2025-06-26T01:41:08.539650Z,
HE.KPF.00.BHZ | 2025-06-26T01:41:11.539440Z - 2025-06-26T01:42:11.539440Z,,,,,,,,,2025-06-26T01:41:22.290660Z,
UP.AAL.00.BHZ | 2025-06-26T01:40:28.587432Z - 2025-06-26T01:41:28.587432Z,,,,,,,,,2025-06-26T01:41:15.145260Z,
HE.ALAJF.00.?HZ | 2025-06-29T20:15:51.909492Z - 2025-06-29T20:16:51.909492Z,,,,,,,,,2025-06-29T20:16:35.300410Z,
HE.FIA0.00.?HZ | 2025-06-29T20:15:20.234907Z - 2025-06-29T20:16:20.234907Z,,,,,,,2025-06-29T20:15:32.257320Z,,2025-06-29T20:15:36.957070Z,
HE.FIA1.00.?HZ | 2025-06-29T20:15:20.043533Z - 2025-06-29T20:16:20.043533Z,,,,,,,2025-06-29T20:15:32.257320Z,,2025-06-29T20:15:36.946840Z,
HE.HEL1.00.BHZ | 2025-06-29T20:15:39.433480Z - 2025-06-29T20:16:39.433480Z,,,,,,,,,2025-06-29T20:16:04.338060Z,
HE.HEL5.00.BHZ | 2025-06-29T20:15:57.151139Z - 2025-06-29T20:16:57.151139Z,,,,,,,,,2025-06-29T20:16:07.273620Z,
HE.KAF.00.?HZ | 2025-06-29T20:15:08.479223Z - 2025-06-29T20:16:08.479223Z,,,,,,,2025-06-29T20:15:43.623050Z,,2025-06-29T20:15:56.398640Z,
HE.KEF.00.?HZ | 2025-06-29T20:15:21.179812Z - 2025-06-29T20:16:21.179812Z,,,,,,,2025-06-29T20:15:49.289390Z,,2025-06-29T20:16:05.905120Z,
HE.KPF.00.BHZ | 2025-06-29T20:16:15.761848Z - 2025-06-29T20:17:15.761848Z,,,,,,,,,2025-06-29T20:16:31.367340Z,
HE.KUNI.00.BHZ | 2025-06-29T20:15:10.615510Z - 2025-06-29T20:16:10.615510Z,,,,,,,,,2025-06-29T20:16:01.930790Z,
HE.KY02.00.CZ | 2025-06-29T20:14:52.155724Z - 2025-06-29T20:15:52.155724Z,,,,,,,2025-06-29T20:15:29.826030Z,,2025-06-29T20:15:32.951530Z,
HE.KY17.00.CZ | 2025-06-29T20:15:00.009110Z - 2025-06-29T20:16:00.009110Z,,,,,,,2025-06-29T20:15:31.888520Z,,2025-06-29T20:15:36.422180Z,
HE.LOVF.00.CZ | 2025-06-29T20:15:17.644084Z - 2025-06-29T20:16:17.644084Z,,,,,,,2025-06-29T20:15:38.497780Z,,2025-06-29T20:15:47.700860Z,
HE.MEF.00.BHZ | 2025-06-29T20:15:36.312750Z - 2025-06-29T20:16:36.312750Z,,,,,,,2025-06-29T20:15:50.594950Z,,2025-06-29T20:16:08.401630Z,
HE.NIF.00.BHZ | 2025-06-29T20:16:00.783598Z - 2025-06-29T20:17:00.783598Z,,,,,,,2025-06-29T20:16:07.245250Z,,2025-06-29T20:16:37.196760Z,
HE.NUR.00.SHZ | 2025-06-29T20:15:09.073110Z - 2025-06-29T20:16:09.073110Z,,,,,,,2025-06-29T20:15:45.914500Z,,2025-06-29T20:16:00.087670Z,
HE.PVF.00.CZ | 2025-06-29T20:15:25.042205Z - 2025-06-29T20:16:25.042205Z,,,,,,,2025-06-29T20:15:37.668390Z,,2025-06-29T20:15:46.491120Z,
HE.RAF.00.BHZ | 2025-06-29T20:15:53.298033Z - 2025-06-29T20:16:53.298033Z,,,,,,,2025-06-29T20:16:05.946570Z,,2025-06-29T20:16:35.353590Z,
HE.RUF.00.BHZ | 2025-06-29T20:15:08.260139Z - 2025-06-29T20:16:08.260139Z,,,,,,,,,2025-06-29T20:16:02.929150Z,
HE.SUF.00.BHZ | 2025-06-29T20:16:03.794969Z - 2025-06-29T20:17:03.794969Z,,,,,,,,,2025-06-29T20:16:14.257330Z,
HE.TRE03.00.CZ | 2025-06-29T20:15:19.382529Z - 2025-06-29T20:16:19.382529Z,,,,,,,2025-06-29T20:15:47.752040Z,,,
HE.VJF.00.?HZ | 2025-06-29T20:15:34.296870Z - 2025-06-29T20:16:34.296870Z,,,,,,,2025-06-29T20:15:39.989430Z,,2025-06-29T20:15:50.531270Z,
FN.KLF.00.BHZ | 2025-06-29T23:33:08.121264Z - 2025-06-29T23:34:08.121264Z,,,,,,,2025-06-29T23:33:23.597170Z,,2025-06-29T23:33:57.219480Z,
FN.MSF.00.BHZ | 2025-06-29T23:34:13.435450Z - 2025-06-29T23:35:13.435450Z,,,,,,,,,2025-06-29T23:34:23.706760Z,
FN.OLKF.00.BHZ | 2025-06-29T23:33:41.417305Z - 2025-06-29T23:34:41.417305Z,,,,,,,,,2025-06-29T23:34:28.372920Z,
FN.OUL.00.BHZ | 2025-06-29T23:33:13.975902Z - 2025-06-29T23:34:13.975902Z,,,,,,,2025-06-29T23:33:19.890260Z,,2025-06-29T23:33:50.262920Z,
FN.RANF.00.?HZ | 2025-06-29T23:33:09.809490Z - 2025-06-29T23:34:09.809490Z,,,,,,,2025-06-29T23:33:28.023820Z,,2025-06-29T23:34:02.492800Z,
FN.RNF.00.BHZ | 2025-06-29T23:32:33.518146Z - 2025-06-29T23:33:33.518146Z,,,,,,,2025-06-29T23:33:27.425040Z,,,
FN.SGF.00.BHZ | 2025-06-29T23:33:55.721602Z - 2025-06-29T23:34:55.721602Z,,,,,,,,,2025-06-29T23:34:17.119250Z,
HE.HEF.00.BHE | 2025-06-29T23:33:27.565619Z - 2025-06-29T23:34:27.565619Z,,,,,,,,,2025-06-29T23:34:20.138530Z,
HE.KAF.00.?HZ | 2025-06-29T23:33:43.897328Z - 2025-06-29T23:34:43.897328Z,,,,,,,,,2025-06-29T23:34:25.628120Z,
HE.KEF.00.?HZ | 2025-06-29T23:33:33.583283Z - 2025-06-29T23:34:33.583283Z,,,,,,,,,2025-06-29T23:34:15.419860Z,
HE.KJNF.00.CZ | 2025-06-29T23:33:43.838611Z - 2025-06-29T23:34:43.838611Z,,,,,,,,,2025-06-29T23:34:10.531740Z,
HE.KPF.00.BHZ | 2025-06-29T23:33:50.386024Z - 2025-06-29T23:34:50.386024Z,,,,,,,,,2025-06-29T23:34:15.066650Z,
HE.KU1.00.SHZ | 2025-06-29T23:33:53.602842Z - 2025-06-29T23:34:53.602842Z,,,,,,,,,2025-06-29T23:34:27.275000Z,
HE.KU2.00.SHZ | 2025-06-29T23:33:59.197893Z - 2025-06-29T23:34:59.197893Z,,,,,,,,,2025-06-29T23:34:15.060660Z,
HE.KU6.00.BHZ | 2025-06-29T23:34:23.154921Z - 2025-06-29T23:35:23.154921Z,,,,,,,,,2025-06-29T23:34:31.991740Z,
HE.OBF0.00.BHZ | 2025-06-29T23:33:03.677690Z - 2025-06-29T23:34:03.677690Z,,,,,,,2025-06-29T23:33:11.152630Z,,2025-06-29T23:33:34.996690Z,
HE.OBF3.00.BHZ | 2025-06-29T23:33:04.021664Z - 2025-06-29T23:34:04.021664Z,,,,,,,2025-06-29T23:33:13.406530Z,,2025-06-29T23:33:38.528560Z,
HE.OBF8.00.BHZ | 2025-06-29T23:32:51.379610Z - 2025-06-29T23:33:51.379610Z,,,,,,,2025-06-29T23:33:07.111400Z,,2025-06-29T23:33:27.333210Z,
HE.SUF.00.BHZ | 2025-06-29T23:33:39.334549Z - 2025-06-29T23:34:39.334549Z,,,,,,,,,2025-06-29T23:34:14.801820Z,
HE.TOF.00.BHZ | 2025-06-29T23:33:00.232607Z - 2025-06-29T23:34:00.232607Z,,,,,,,2025-06-29T23:33:14.675150Z,,2025-06-29T23:33:42.465140Z,
HE.VAF.00.BHZ | 2025-06-29T23:33:01.854131Z - 2025-06-29T23:34:01.854131Z,,,,,,,2025-06-29T23:33:17.508410Z,,2025-06-29T23:33:45.665130Z,
FN.OUL.00.BHZ | 2025-06-28T15:42:14.912410Z - 2025-06-28T15:43:14.912410Z,,,,,,,,,2025-06-28T15:42:42.079860Z,
HE.ALAJF.00.?HZ | 2025-06-28T15:41:40.286494Z - 2025-06-28T15:42:40.286494Z,,,,,,,2025-06-28T15:41:56.470700Z,,2025-06-28T15:42:15.542910Z,
HE.KAF.00.?HZ | 2025-06-28T15:42:03.642059Z - 2025-06-28T15:43:03.642059Z,,,,,,,2025-06-28T15:42:19.681610Z,,2025-06-28T15:42:56.285840Z,
HE.KEF.00.?HZ | 2025-06-28T15:42:02.449488Z - 2025-06-28T15:43:02.449488Z,,,,,,,2025-06-28T15:42:10.519610Z,,2025-06-28T15:42:40.412260Z,
HE.KPF.00.BHZ | 2025-06-28T15:41:42.766602Z - 2025-06-28T15:42:42.766602Z,,,,,,,2025-06-28T15:42:04.207670Z,,2025-06-28T15:42:28.567010Z,
HE.NIF.00.BHZ | 2025-06-28T15:42:30.525261Z - 2025-06-28T15:43:30.525261Z,,,,,,,,,2025-06-28T15:43:01.104470Z,
HE.OBF0.00.BHZ | 2025-06-28T15:41:28.570889Z - 2025-06-28T15:42:28.570889Z,,,,,,,2025-06-28T15:41:58.308550Z,,2025-06-28T15:42:19.005690Z,
HE.OBF3.00.BHZ | 2025-06-28T15:41:34.461881Z - 2025-06-28T15:42:34.461881Z,,,,,,,2025-06-28T15:42:03.553170Z,,2025-06-28T15:42:29.069070Z,
HE.OBF8.00.BHZ | 2025-06-28T15:41:15.554809Z - 2025-06-28T15:42:15.554809Z,,,,,,,2025-06-28T15:41:51.861820Z,,2025-06-28T15:42:07.966450Z,
HE.RAF.00.BHZ | 2025-06-28T15:42:02.879605Z - 2025-06-28T15:43:02.879605Z,,,,,,,2025-06-28T15:42:16.712090Z,,2025-06-28T15:42:51.570830Z,
HE.SUF.00.BHZ | 2025-06-28T15:42:06.710945Z - 2025-06-28T15:43:06.710945Z,,,,,,,2025-06-28T15:42:13.640890Z,,2025-06-28T15:42:45.491960Z,
HE.TOF.00.BHZ | 2025-06-28T15:42:09.849976Z - 2025-06-28T15:43:09.849976Z,,,,,,,,,2025-06-28T15:42:47.551300Z,
HE.TRE03.00.CZ | 2025-06-28T15:42:20.634077Z - 2025-06-28T15:43:20.634077Z,,,,,,,,,2025-06-28T15:42:46.783060Z,
HE.VAF.00.BHZ | 2025-06-28T15:41:42.549038Z - 2025-06-28T15:42:42.549038Z,,,,,,,2025-06-28T15:41:48.016580Z,,2025-06-28T15:42:00.950140Z,
HE.ECKF.00.CZ | 2025-06-30T00:58:37.042502Z - 2025-06-30T00:59:37.042502Z,,,,,,,,,2025-06-30T00:59:21.011560Z,
HE.KPF.00.BHZ | 2025-06-30T00:58:49.794128Z - 2025-06-30T00:59:49.794128Z,,,,,,,2025-06-30T00:59:00.276390Z,,2025-06-30T00:59:27.273660Z,
HE.RAF.00.BHZ | 2025-06-30T00:58:51.911231Z - 2025-06-30T00:59:51.911231Z,,,,,,,2025-06-30T00:59:00.432390Z,,2025-06-30T00:59:29.600440Z,
HE.VAF.00.BHZ | 2025-06-30T00:58:56.076506Z - 2025-06-30T00:59:56.076506Z,,,,,,,2025-06-30T00:59:07.447140Z,,2025-06-30T00:59:40.049970Z,
UP.AAL.00.BHN | 2025-06-30T00:58:59.057012Z - 2025-06-30T00:59:59.057012Z,,,,,,,,,2025-06-30T00:59:26.425350Z,
HE.ALAJF.00.?HZ | 2025-06-15T21:38:15.664882Z - 2025-06-15T21:39:15.664882Z,,,,,,,,,2025-06-15T21:38:44.578990Z,
HE.KPF.00.BHZ | 2025-06-15T21:37:31.809268Z - 2025-06-15T21:38:31.809268Z,,,,,,,2025-06-15T21:37:55.061070Z,,2025-06-15T21:38:21.671930Z,
HE.OBF8.00.BHZ | 2025-06-15T21:38:03.736067Z - 2025-06-15T21:39:03.736067Z,,,,,,,,,2025-06-15T21:38:47.190000Z,
HE.VAF.00.BHZ | 2025-06-15T21:37:46.170371Z - 2025-06-15T21:38:46.170371Z,,,,,,,2025-06-15T21:37:56.040000Z,,2025-06-15T21:38:26.254190Z,
FN.MSF.00.BHZ | 2025-06-30T06:29:26.170959Z - 2025-06-30T06:30:26.170959Z,,,,,,,2025-06-30T06:29:33.616460Z,,2025-06-30T06:29:56.980630Z,
FN.OLKF.00.BHZ | 2025-06-30T06:29:21.628299Z - 2025-06-30T06:30:21.628299Z,,,,,,,2025-06-30T06:29:30.208550Z,,2025-06-30T06:29:51.017680Z,
FN.OUL.00.BHZ | 2025-06-30T06:29:50.042830Z - 2025-06-30T06:30:50.042830Z,,,,,,,2025-06-30T06:29:55.136900Z,,2025-06-30T06:30:45.012020Z,
FN.RAJF.00.?HZ | 2025-06-30T06:29:32.935854Z - 2025-06-30T06:30:32.935854Z,,,,,,,2025-06-30T06:29:48.176980Z,,2025-06-30T06:30:27.679130Z,
FN.RANF.00.?HZ | 2025-06-30T06:29:39.732545Z - 2025-06-30T06:30:39.732545Z,,,,,,,2025-06-30T06:29:46.218190Z,,2025-06-30T06:30:24.872030Z,
FN.RNF.00.BHZ | 2025-06-30T06:29:41.957536Z - 2025-06-30T06:30:41.957536Z,,,,,,,2025-06-30T06:29:52.653700Z,,2025-06-30T06:30:33.642520Z,
FN.SGF.00.BHZ | 2025-06-30T06:29:35.285732Z - 2025-06-30T06:30:35.285732Z,,,,,,,2025-06-30T06:29:51.402500Z,,2025-06-30T06:30:22.593410Z,
HE.KU1.00.SHZ | 2025-06-30T06:29:24.025984Z - 2025-06-30T06:30:24.025984Z,,,,,,,2025-06-30T06:29:32.579920Z,,2025-06-30T06:29:55.012030Z,
HE.KU2.00.SHZ | 2025-06-30T06:29:22.393713Z - 2025-06-30T06:30:22.393713Z,,,,,,,2025-06-30T06:29:39.798180Z,,2025-06-30T06:30:08.757430Z,
HE.KU6.00.BHZ | 2025-06-30T06:28:55.864410Z - 2025-06-30T06:29:55.864410Z,,,,,,,2025-06-30T06:29:27.525240Z,,2025-06-30T06:29:46.472110Z,
HE.RMF.00.BHZ | 2025-06-30T06:29:40.641617Z - 2025-06-30T06:30:40.641617Z,,,,,,,2025-06-30T06:29:47.225620Z,,2025-06-30T06:30:19.498840Z,
HE.VRF.00.BHZ | 2025-06-30T06:29:22.704434Z - 2025-06-30T06:30:22.704434Z,,,,,,,2025-06-30T06:29:36.557470Z,,2025-06-30T06:30:04.055940Z,
HE.ECKF.00.CZ | 2025-06-30T21:48:09.438070Z - 2025-06-30T21:49:09.438070Z,,,,,,,2025-06-30T21:48:24.188750Z,,2025-06-30T21:48:53.343540Z,
HE.KORF.00.CZ | 2025-06-30T21:48:30.448393Z - 2025-06-30T21:49:30.448393Z,,,,,,,,,2025-06-30T21:49:24.086100Z,
HE.RAF.00.BHZ | 2025-06-30T21:49:17.200968Z - 2025-06-30T21:50:17.200968Z,,,,,,,,,2025-06-30T21:49:34.287910Z,
UP.AAL.00.BHZ | 2025-06-30T21:48:18.040842Z - 2025-06-30T21:49:18.040842Z,,,,,,,2025-06-30T21:48:28.727170Z,,2025-06-30T21:49:00.206310Z,
HE.FIA0.00.?HZ | 2025-07-01T21:23:52.380737Z - 2025-07-01T21:24:52.380737Z,,,,,,,2025-07-01T21:24:05.893250Z,,2025-07-01T21:24:15.239880Z,
HE.FIA1.00.?HZ | 2025-07-01T21:23:33.859378Z - 2025-07-01T21:24:33.859378Z,,,,,,,2025-07-01T21:24:05.947590Z,,2025-07-01T21:24:15.256440Z,
HE.KAF.00.?HZ | 2025-07-01T21:23:55.676896Z - 2025-07-01T21:24:55.676896Z,,,,,,,2025-07-01T21:24:17.918390Z,,2025-07-01T21:24:36.145350Z,
HE.KEF.00.?HZ | 2025-07-01T21:24:00.283085Z - 2025-07-01T21:25:00.283085Z,,,,,,,2025-07-01T21:24:21.258100Z,,2025-07-01T21:24:41.014450Z,
HE.KY02.00.CZ | 2025-07-01T21:23:11.763810Z - 2025-07-01T21:24:11.763810Z,,,,,,,2025-07-01T21:24:00.640700Z,,2025-07-01T21:24:05.897710Z,
HE.KY17.00.CZ | 2025-07-01T21:23:45.769750Z - 2025-07-01T21:24:45.769750Z,,,,,,,2025-07-01T21:24:02.581880Z,,2025-07-01T21:24:09.173030Z,
HE.LOVF.00.CZ | 2025-07-01T21:23:11.868755Z - 2025-07-01T21:24:11.868755Z,,,,,,,2025-07-01T21:23:59.204410Z,,2025-07-01T21:24:03.460590Z,
HE.MEF.00.BHZ | 2025-07-01T21:23:42.657551Z - 2025-07-01T21:24:42.657551Z,,,,,,,,,2025-07-01T21:24:23.587900Z,
HE.NUR.00.SHZ | 2025-07-01T21:23:48.180724Z - 2025-07-01T21:24:48.180724Z,,,,,,,2025-07-01T21:24:06.417920Z,,2025-07-01T21:24:15.923980Z,
HE.PVF.00.CZ | 2025-07-01T21:23:19.713733Z - 2025-07-01T21:24:19.713733Z,,,,,,,2025-07-01T21:23:57.288790Z,,2025-07-01T21:24:00.438050Z,
HE.RUF.00.BHZ | 2025-07-01T21:23:53.562510Z - 2025-07-01T21:24:53.562510Z,,,,,,,,,2025-07-01T21:24:41.027750Z,
HE.TRE03.00.CZ | 2025-07-01T21:23:57.885195Z - 2025-07-01T21:24:57.885195Z,,,,,,,2025-07-01T21:24:16.340240Z,,2025-07-01T21:24:32.378510Z,
HE.VJF.00.?HZ | 2025-07-01T21:24:00.704689Z - 2025-07-01T21:25:00.704689Z,,,,,,,2025-07-01T21:24:06.893200Z,,2025-07-01T21:24:16.687200Z,
FN.MSF.00.BHZ | 2025-07-02T05:46:52.748836Z - 2025-07-02T05:47:52.748836Z,,,,,,,2025-07-02T05:47:12.203170Z,,2025-07-02T05:47:17.295340Z,
FN.OLKF.00.BHZ | 2025-07-02T05:46:31.904573Z - 2025-07-02T05:47:31.904573Z,,,,,,,2025-07-02T05:47:15.468670Z,,2025-07-02T05:47:22.716370Z,
FN.OUL.00.BHZ | 2025-07-02T05:47:13.413885Z - 2025-07-02T05:48:13.413885Z,,,,,,,2025-07-02T05:47:36.097570Z,,2025-07-02T05:47:58.653450Z,
FN.RANF.00.?HZ | 2025-07-02T05:47:06.848707Z - 2025-07-02T05:48:06.848707Z,,,,,,,2025-07-02T05:47:27.948520Z,,2025-07-02T05:47:43.765890Z,
FN.RNF.00.BHZ | 2025-07-02T05:47:16.409529Z - 2025-07-02T05:48:16.409529Z,,,,,,,2025-07-02T05:47:35.502350Z,,2025-07-02T05:47:57.778160Z,
FN.SGF.00.BHZ | 2025-07-02T05:47:40.110982Z - 2025-07-02T05:48:40.110982Z,,,,,,,,,2025-07-02T05:48:07.974520Z,
HE.KJNF.00.CZ | 2025-07-02T05:47:17.794683Z - 2025-07-02T05:48:17.794683Z,,,,,,,,,2025-07-02T05:47:59.265830Z,
HE.KU1.00.SHZ | 2025-07-02T05:46:59.233082Z - 2025-07-02T05:47:59.233082Z,,,,,,,2025-07-02T05:47:10.816200Z,,2025-07-02T05:47:14.784890Z,
HE.KU2.00.SHZ | 2025-07-02T05:47:01.572486Z - 2025-07-02T05:48:01.572486Z,,,,,,,2025-07-02T05:47:17.531910Z,,2025-07-02T05:47:26.266500Z,
HE.KU6.00.BHZ | 2025-07-02T05:46:24.602707Z - 2025-07-02T05:47:24.602707Z,,,,,,,2025-07-02T05:47:10.137450Z,,2025-07-02T05:47:13.650570Z,
HE.NIF.00.BHZ | 2025-07-02T05:47:40.090781Z - 2025-07-02T05:48:40.090781Z,,,,,,,,,2025-07-02T05:48:21.495790Z,
HE.OBF3.00.BHZ | 2025-07-02T05:47:47.479723Z - 2025-07-02T05:48:47.479723Z,,,,,,,,,2025-07-02T05:48:15.225330Z,
HE.RMF.00.BHZ | 2025-07-02T05:47:08.646713Z - 2025-07-02T05:48:08.646713Z,,,,,,,2025-07-02T05:47:32.741510Z,,2025-07-02T05:47:52.458320Z,
HE.TOF.00.BHZ | 2025-07-02T05:47:28.467300Z - 2025-07-02T05:48:28.467300Z,,,,,,,2025-07-02T05:47:42.377060Z,,2025-07-02T05:48:12.878930Z,
HE.VRF.00.BHZ | 2025-07-02T05:47:31.301246Z - 2025-07-02T05:48:31.301246Z,,,,,,,2025-07-02T05:47:38.673010Z,,2025-07-02T05:48:03.474710Z,
FN.OUL.00.BHZ | 2025-07-03T17:19:09.710142Z - 2025-07-03T17:20:09.710142Z,,,,,,,2025-07-03T17:19:14.805260Z,,2025-07-03T17:19:30.331000Z,
HE.ALAJF.00.?HZ | 2025-07-03T17:18:21.471575Z - 2025-07-03T17:19:21.471575Z,,,,,,,2025-07-03T17:19:09.873530Z,,,
HE.FIA0.00.?HZ | 2025-07-03T17:19:21.602135Z - 2025-07-03T17:20:21.602135Z,,,,,,,2025-07-03T17:19:34.821900Z,,2025-07-03T17:20:06.559030Z,
HE.FIA1.00.?HZ | 2025-07-03T17:19:22.533216Z - 2025-07-03T17:20:22.533216Z,,,,,,,2025-07-03T17:19:34.821900Z,,2025-07-03T17:20:06.655290Z,
HE.KAF.00.?HZ | 2025-07-03T17:19:11.526899Z - 2025-07-03T17:20:11.526899Z,,,,,,,2025-07-03T17:19:25.396400Z,,2025-07-03T17:19:49.222940Z,
HE.KEF.00.?HZ | 2025-07-03T17:19:14.088234Z - 2025-07-03T17:20:14.088234Z,,,,,,,2025-07-03T17:19:23.347630Z,,2025-07-03T17:19:45.426770Z,
HE.KJNF.00.CZ | 2025-07-03T17:19:02.584256Z - 2025-07-03T17:20:02.584256Z,,,,,,,2025-07-03T17:19:13.460170Z,,2025-07-03T17:19:28.060360Z,
HE.KPF.00.BHZ | 2025-07-03T17:19:16.629185Z - 2025-07-03T17:20:16.629185Z,,,,,,,2025-07-03T17:19:34.106650Z,,2025-07-03T17:20:07.185750Z,
HE.KU2.00.SHZ | 2025-07-03T17:19:48.838118Z - 2025-07-03T17:20:48.838118Z,,,,,,,,,2025-07-03T17:19:59.297490Z,
HE.NIF.00.BHZ | 2025-07-03T17:18:46.729432Z - 2025-07-03T17:19:46.729432Z,,,,,,,2025-07-03T17:19:15.921620Z,,2025-07-03T17:19:32.514280Z,
HE.OBF0.00.BHZ | 2025-07-03T17:18:51.717584Z - 2025-07-03T17:19:51.717584Z,,,,,,,2025-07-03T17:19:06.333670Z,,2025-07-03T17:19:15.703730Z,
HE.OBF3.00.BHZ | 2025-07-03T17:18:45.382104Z - 2025-07-03T17:19:45.382104Z,,,,,,,2025-07-03T17:19:09.855330Z,,2025-07-03T17:19:21.610500Z,
HE.OBF8.00.BHZ | 2025-07-03T17:18:55.580723Z - 2025-07-03T17:19:55.580723Z,,,,,,,2025-07-03T17:19:08.723690Z,,2025-07-03T17:19:19.589110Z,
HE.OUF.00.BHZ | 2025-07-03T17:18:41.945656Z - 2025-07-03T17:19:41.945656Z,,,,,,,,,2025-07-03T17:19:09.635760Z,
HE.RMF.00.BHZ | 2025-07-03T17:19:09.216705Z - 2025-07-03T17:20:09.216705Z,,,,,,,2025-07-03T17:19:28.716430Z,,2025-07-03T17:19:53.776860Z,
HE.SUF.00.BHZ | 2025-07-03T17:19:00.216557Z - 2025-07-03T17:20:00.216557Z,,,,,,,2025-07-03T17:19:15.542470Z,,2025-07-03T17:19:31.848530Z,
HE.TOF.00.BHZ | 2025-07-03T17:19:06.547156Z - 2025-07-03T17:20:06.547156Z,,,,,,,,,2025-07-03T17:19:58.790660Z,
HE.TRE03.00.CZ | 2025-07-03T17:19:35.332820Z - 2025-07-03T17:20:35.332820Z,,,,,,,,,2025-07-03T17:20:03.404840Z,
HE.VAF.00.BHZ | 2025-07-03T17:19:13.081272Z - 2025-07-03T17:20:13.081272Z,,,,,,,2025-07-03T17:19:18.310790Z,,2025-07-03T17:19:36.308330Z,
FN.KLF.00.BHZ | 2025-07-03T14:41:34.681414Z - 2025-07-03T14:42:34.681414Z,,,,,,,2025-07-03T14:42:05.659620Z,,2025-07-03T14:42:26.912200Z,
FN.KMNF.00.?HZ | 2025-07-03T14:41:32.349999Z - 2025-07-03T14:42:32.349999Z,,,,,,,2025-07-03T14:41:59.272660Z,,2025-07-03T14:42:15.577780Z,
FN.RAJF.00.?HZ | 2025-07-03T14:41:53.046157Z - 2025-07-03T14:42:53.046157Z,,,,,,,2025-07-03T14:42:08.307920Z,,2025-07-03T14:42:30.544550Z,
FN.RNF.00.BHZ | 2025-07-03T14:42:03.786885Z - 2025-07-03T14:43:03.786885Z,,,,,,,2025-07-03T14:42:18.995140Z,,2025-07-03T14:42:50.948600Z,
FN.SGF.00.BHZ | 2025-07-03T14:41:45.800651Z - 2025-07-03T14:42:45.800651Z,,,,,,,2025-07-03T14:42:08.514390Z,,2025-07-03T14:42:32.049240Z,
HE.HEF.00.BHZ | 2025-07-03T14:41:30.892317Z - 2025-07-03T14:42:30.892317Z,,,,,,,2025-07-03T14:41:46.052170Z,,2025-07-03T14:41:52.573440Z,
HE.KEV.00.?HZ | 2025-07-03T14:41:46.612914Z - 2025-07-03T14:42:46.612914Z,,,,,,,2025-07-03T14:42:03.104450Z,,2025-07-03T14:42:22.304750Z,
HE.KIF.00.BHZ | 2025-07-03T14:41:46.010137Z - 2025-07-03T14:42:46.010137Z,,,,,,,2025-07-03T14:41:53.799350Z,,2025-07-03T14:42:06.077490Z,
HE.VRF.00.BHZ | 2025-07-03T14:42:42.216997Z - 2025-07-03T14:43:42.216997Z,,,,,,,,,2025-07-03T14:42:51.459170Z,
HE.FIA0.00.?HZ | 2025-07-01T19:27:27.318262Z - 2025-07-01T19:28:27.318262Z,,,,,,,,,2025-07-01T19:28:04.091910Z,
HE.FIA1.00.?HZ | 2025-07-01T19:27:14.836151Z - 2025-07-01T19:28:14.836151Z,,,,,,,,,2025-07-01T19:28:04.091910Z,
HE.KY02.00.CZ | 2025-07-01T19:27:08.579903Z - 2025-07-01T19:28:08.579903Z,,,,,,,,,2025-07-01T19:27:56.535900Z,
HE.KY17.00.CZ | 2025-07-01T19:27:25.815248Z - 2025-07-01T19:28:25.815248Z,,,,,,,,,2025-07-01T19:27:59.521540Z,
HE.LOVF.00.CZ | 2025-07-01T19:27:39.504067Z - 2025-07-01T19:28:39.504067Z,,,,,,,2025-07-01T19:27:45.048450Z,,2025-07-01T19:27:47.930000Z,
HE.PVF.00.CZ | 2025-07-01T19:27:35.607991Z - 2025-07-01T19:28:35.607991Z,,,,,,,2025-07-01T19:27:42.885990Z,,2025-07-01T19:27:44.073890Z,
HE.FIA0.00.?HZ | 2025-07-04T15:30:45.924502Z - 2025-07-04T15:31:45.924502Z,,,,,,,,,2025-07-04T15:31:30.614100Z,
HE.FIA1.00.?HZ | 2025-07-04T15:31:08.368536Z - 2025-07-04T15:32:08.368536Z,,,,,,,,,2025-07-04T15:31:30.614100Z,
HE.HEL1.00.BHZ | 2025-07-04T15:30:37.439820Z - 2025-07-04T15:31:37.439820Z,,,,,,,,,2025-07-04T15:31:06.433200Z,
HE.KAF.00.?HZ | 2025-07-04T15:31:05.950047Z - 2025-07-04T15:32:05.950047Z,,,,,,,,,2025-07-04T15:31:50.598730Z,
HE.KEF.00.?HZ | 2025-07-04T15:31:46.308869Z - 2025-07-04T15:32:46.308869Z,,,,,,,,,2025-07-04T15:31:53.316790Z,
HE.KUNI.00.BHZ | 2025-07-04T15:30:53.283865Z - 2025-07-04T15:31:53.283865Z,,,,,,,,,2025-07-04T15:31:05.657230Z,
HE.KY02.00.CZ | 2025-07-04T15:30:55.788227Z - 2025-07-04T15:31:55.788227Z,,,,,,,,,2025-07-04T15:31:21.358710Z,
HE.KY17.00.CZ | 2025-07-04T15:31:11.995352Z - 2025-07-04T15:32:11.995352Z,,,,,,,,,2025-07-04T15:31:23.487450Z,
HE.LAUT.00.BHZ | 2025-07-04T15:30:42.377672Z - 2025-07-04T15:31:42.377672Z,,,,,,,,,2025-07-04T15:31:06.827750Z,
HE.LOVF.00.CZ | 2025-07-04T15:30:38.901958Z - 2025-07-04T15:31:38.901958Z,,,,,,,2025-07-04T15:31:00.470470Z,,2025-07-04T15:31:04.922100Z,
HE.MEF.00.BHZ | 2025-07-04T15:30:56.873793Z - 2025-07-04T15:31:56.873793Z,,,,,,,2025-07-04T15:31:05.674560Z,,2025-07-04T15:31:13.784510Z,
HE.NUR.00.SHZ | 2025-07-04T15:30:54.477334Z - 2025-07-04T15:31:54.477334Z,,,,,,,2025-07-04T15:31:04.023070Z,,2025-07-04T15:31:11.007350Z,
HE.PVF.00.CZ | 2025-07-04T15:30:10.636168Z - 2025-07-04T15:31:10.636168Z,,,,,,,2025-07-04T15:30:59.203880Z,,2025-07-04T15:31:02.787110Z,
HE.RSUO.00.BHZ | 2025-07-04T15:30:52.811802Z - 2025-07-04T15:31:52.811802Z,,,,,,,,,2025-07-04T15:31:05.624550Z,
HE.TRE03.00.CZ | 2025-07-04T15:31:27.844852Z - 2025-07-04T15:32:27.844852Z,,,,,,,,,2025-07-04T15:31:40.941520Z,
HE.TVF.00.BHZ | 2025-07-04T15:31:24.236738Z - 2025-07-04T15:32:24.236738Z,,,,,,,,,2025-07-04T15:31:33.738000Z,
HE.VJF.00.?HZ | 2025-07-04T15:31:06.124786Z - 2025-07-04T15:32:06.124786Z,,,,,,,,,2025-07-04T15:31:24.135330Z,
FN.OUL.00.BHZ | 2025-07-05T04:51:12.913198Z - 2025-07-05T04:52:12.913198Z,,,,,,,,,2025-07-05T04:51:41.886610Z,
HE.OBF0.00.BHZ | 2025-07-05T04:50:41.770569Z - 2025-07-05T04:51:41.770569Z,,,,,,,2025-07-05T04:50:59.574440Z,,2025-07-05T04:51:22.129020Z,
HE.OBF3.00.BHZ | 2025-07-05T04:51:20.846500Z - 2025-07-05T04:52:20.846500Z,,,,,,,,,2025-07-05T04:51:26.526570Z,
HE.OBF8.00.BHZ | 2025-07-05T04:50:18.608794Z - 2025-07-05T04:51:18.608794Z,,,,,,,2025-07-05T04:50:54.426560Z,,2025-07-05T04:51:12.589330Z,
HE.TOF.00.BHZ | 2025-07-05T04:50:58.892670Z - 2025-07-05T04:51:58.892670Z,,,,,,,2025-07-05T04:51:07.624900Z,,2025-07-05T04:51:35.719500Z,
HE.VAF.00.BHZ | 2025-07-05T04:50:50.980998Z - 2025-07-05T04:51:50.980998Z,,,,,,,2025-07-05T04:51:03.399870Z,,2025-07-05T04:51:28.263880Z,
HE.ECKF.00.CZ | 2025-07-05T15:33:55.769123Z - 2025-07-05T15:34:55.769123Z,,,,,,,,,2025-07-05T15:34:24.910000Z,
HE.KORF.00.CZ | 2025-07-05T15:34:17.422063Z - 2025-07-05T15:35:17.422063Z,,,,,,,,,2025-07-05T15:34:51.908860Z,
HE.KPF.00.BHZ | 2025-07-05T15:34:29.575740Z - 2025-07-05T15:35:29.575740Z,,,,,,,,,2025-07-05T15:34:57.076630Z,
HE.RAF.00.BHZ | 2025-07-05T15:34:36.943641Z - 2025-07-05T15:35:36.943641Z,,,,,,,,,2025-07-05T15:34:50.420000Z,
UP.AAL.00.BHZ | 2025-07-05T15:33:45.858787Z - 2025-07-05T15:34:45.858787Z,,,,,,,2025-07-05T15:34:07.970000Z,,2025-07-05T15:34:31.500000Z,
HE.ECKF.00.CZ | 2025-07-05T22:06:21.280062Z - 2025-07-05T22:07:21.280062Z,,,,,,,,,2025-07-05T22:06:43.530020Z,
HE.FIA0.00.?HZ | 2025-07-05T22:06:39.469537Z - 2025-07-05T22:07:39.469537Z,,,,,,,,,2025-07-05T22:07:06.950440Z,
HE.FIA1.00.?HZ | 2025-07-05T22:06:58.888681Z - 2025-07-05T22:07:58.888681Z,,,,,,,,,2025-07-05T22:07:06.950440Z,
HE.KEF.00.?HZ | 2025-07-05T22:06:56.470524Z - 2025-07-05T22:07:56.470524Z,,,,,,,,,2025-07-05T22:07:08.978960Z,
HE.KORF.00.CZ | 2025-07-05T22:05:40.611756Z - 2025-07-05T22:06:40.611756Z,,,,,,,2025-07-05T22:06:09.070000Z,,2025-07-05T22:06:14.310000Z,
HE.KPF.00.BHZ | 2025-07-05T22:06:04.722533Z - 2025-07-05T22:07:04.722533Z,,,,,,,,,2025-07-05T22:06:48.889110Z,
HE.LOVF.00.CZ | 2025-07-05T22:06:45.908825Z - 2025-07-05T22:07:45.908825Z,,,,,,,,,2025-07-05T22:07:02.481250Z,
HE.MEF.00.BHZ | 2025-07-05T22:05:38.588913Z - 2025-07-05T22:06:38.588913Z,,,,,,,,,2025-07-05T22:06:33.571990Z,
HE.NUR.00.SHZ | 2025-07-05T22:06:14.253033Z - 2025-07-05T22:07:14.253033Z,,,,,,,,,2025-07-05T22:06:37.980000Z,
HE.PVF.00.CZ | 2025-07-05T22:06:32.980404Z - 2025-07-05T22:07:32.980404Z,,,,,,,,,2025-07-05T22:06:56.185900Z,
HE.RAF.00.BHZ | 2025-07-05T22:05:51.158104Z - 2025-07-05T22:06:51.158104Z,,,,,,,2025-07-05T22:06:15.020000Z,,2025-07-05T22:06:25.080000Z,
HE.TRE03.00.CZ | 2025-07-05T22:06:45.218205Z - 2025-07-05T22:07:45.218205Z,,,,,,,,,2025-07-05T22:06:53.164640Z,
HE.TVF.00.BHZ | 2025-07-05T22:05:29.107107Z - 2025-07-05T22:06:29.107107Z,,,,,,,2025-07-05T22:06:12.904040Z,,2025-07-05T22:06:21.389310Z,
UP.AAL.00.BHZ | 2025-07-05T22:06:18.300427Z - 2025-07-05T22:07:18.300427Z,,,,,,,,,2025-07-05T22:06:36.538210Z,
FN.KLF.00.BHZ | 2025-07-08T01:54:18.320577Z - 2025-07-08T01:55:18.320577Z,,,,,,,2025-07-08T01:54:36.204740Z,,2025-07-08T01:55:07.742310Z,
FN.KMNF.00.?HZ | 2025-07-08T01:53:49.249654Z - 2025-07-08T01:54:49.249654Z,,,,,,,2025-07-08T01:54:15.537100Z,,2025-07-08T01:54:30.063570Z,
FN.RAJF.00.?HZ | 2025-07-08T01:54:08.471572Z - 2025-07-08T01:55:08.471572Z,,,,,,,2025-07-08T01:54:28.480010Z,,2025-07-08T01:54:53.464990Z,
FN.SGF.00.BHZ | 2025-07-08T01:54:30.460399Z - 2025-07-08T01:55:30.460399Z,,,,,,,2025-07-08T01:54:35.651300Z,,2025-07-08T01:55:05.997980Z,
HE.HEF.00.BHZ | 2025-07-08T01:54:01.869962Z - 2025-07-08T01:55:01.869962Z,,,,,,,2025-07-08T01:54:19.957030Z,,2025-07-08T01:54:38.266040Z,
HE.KEV.00.?HZ | 2025-07-08T01:53:59.111037Z - 2025-07-08T01:54:59.111037Z,,,,,,,2025-07-08T01:54:11.205910Z,,2025-07-08T01:54:22.925850Z,
HE.KIF.00.BHZ | 2025-07-08T01:54:06.370045Z - 2025-07-08T01:55:06.370045Z,,,,,,,2025-07-08T01:54:20.483850Z,,2025-07-08T01:54:38.636490Z,
HE.VRF.00.BHZ | 2025-07-08T01:54:28.832603Z - 2025-07-08T01:55:28.832603Z,,,,,,,2025-07-08T01:54:40.116490Z,,2025-07-08T01:55:14.309120Z,
HE.OBF0.00.BHZ | 2025-07-09T02:25:50.699186Z - 2025-07-09T02:26:50.699186Z,,,,,,,2025-07-09T02:26:07.402570Z,,2025-07-09T02:26:24.541680Z,
HE.OBF3.00.BHZ | 2025-07-09T02:25:49.616240Z - 2025-07-09T02:26:49.616240Z,,,,,,,2025-07-09T02:26:10.977040Z,,2025-07-09T02:26:31.200390Z,
HE.OBF8.00.BHZ | 2025-07-09T02:25:52.068034Z - 2025-07-09T02:26:52.068034Z,,,,,,,,,2025-07-09T02:26:14.376420Z,
HE.TOF.00.BHZ | 2025-07-09T02:25:56.428778Z - 2025-07-09T02:26:56.428778Z,,,,,,,,,2025-07-09T02:26:44.432460Z,
HE.VAF.00.BHZ | 2025-07-09T02:25:52.841290Z - 2025-07-09T02:26:52.841290Z,,,,,,,2025-07-09T02:26:14.602460Z,,2025-07-09T02:26:36.135570Z,
FN.OUL.00.BHZ | 2025-07-11T14:00:32.196533Z - 2025-07-11T14:01:32.196533Z,,,,,,,,,2025-07-11T14:00:55.650040Z,
FN.RANF.00.?HZ | 2025-07-11T14:00:51.683192Z - 2025-07-11T14:01:51.683192Z,,,,,,,,,2025-07-11T14:01:12.972260Z,
FN.RNF.00.BHZ | 2025-07-11T14:01:10.218781Z - 2025-07-11T14:02:10.218781Z,,,,,,,,,2025-07-11T14:01:15.242510Z,
HE.OBF0.00.BHZ | 2025-07-11T14:00:10.641836Z - 2025-07-11T14:01:10.641836Z,,,,,,,2025-07-11T14:00:22.295070Z,,2025-07-11T14:00:36.708570Z,
HE.OBF3.00.BHZ | 2025-07-11T14:00:11.868235Z - 2025-07-11T14:01:11.868235Z,,,,,,,2025-07-11T14:00:24.520320Z,,2025-07-11T14:00:40.714530Z,
HE.OBF8.00.BHZ | 2025-07-11T13:59:36.836379Z - 2025-07-11T14:00:36.836379Z,,,,,,,2025-07-11T14:00:18.498020Z,,2025-07-11T14:00:30.676440Z,
HE.TOF.00.BHZ | 2025-07-11T13:59:56.865345Z - 2025-07-11T14:00:56.865345Z,,,,,,,,,2025-07-11T14:00:50.453290Z,
HE.VAF.00.BHZ | 2025-07-11T14:00:45.858365Z - 2025-07-11T14:01:45.858365Z,,,,,,,,,2025-07-11T14:01:07.799080Z,
FN.MSF.00.BHZ | 2025-07-13T19:19:38.621265Z - 2025-07-13T19:20:38.621265Z,,,,,,,2025-07-13T19:19:55.500430Z,,2025-07-13T19:19:59.569190Z,
FN.OLKF.00.BHZ | 2025-07-13T19:19:37.497363Z - 2025-07-13T19:20:37.497363Z,,,,,,,2025-07-13T19:19:56.203870Z,,2025-07-13T19:20:00.826420Z,
FN.OUL.00.BHZ | 2025-07-13T19:19:51.822122Z - 2025-07-13T19:20:51.822122Z,,,,,,,2025-07-13T19:20:20.830030Z,,2025-07-13T19:20:43.055520Z,
FN.RAJF.00.?HZ | 2025-07-13T19:20:36.950380Z - 2025-07-13T19:21:36.950380Z,,,,,,,,,2025-07-13T19:20:59.744950Z,
FN.RANF.00.?HZ | 2025-07-13T19:19:53.877754Z - 2025-07-13T19:20:53.877754Z,,,,,,,2025-07-13T19:20:10.240480Z,,2025-07-13T19:20:24.546820Z,
FN.RNF.00.BHZ | 2025-07-13T19:19:51.071380Z - 2025-07-13T19:20:51.071380Z,,,,,,,2025-07-13T19:20:16.949060Z,,2025-07-13T19:20:36.847850Z,
FN.SGF.00.BHZ | 2025-07-13T19:19:51.698014Z - 2025-07-13T19:20:51.698014Z,,,,,,,2025-07-13T19:20:21.329000Z,,2025-07-13T19:20:44.059510Z,
HE.KJNF.00.CZ | 2025-07-13T19:19:54.936175Z - 2025-07-13T19:20:54.936175Z,,,,,,,2025-07-13T19:20:22.878840Z,,2025-07-13T19:20:47.172190Z,
HE.KU1.00.SHZ | 2025-07-13T19:19:29.105496Z - 2025-07-13T19:20:29.105496Z,,,,,,,2025-07-13T19:19:58.688100Z,,2025-07-13T19:20:04.950890Z,
HE.KU2.00.SHZ | 2025-07-13T19:19:20.809800Z - 2025-07-13T19:20:20.809800Z,,,,,,,2025-07-13T19:20:01.471310Z,,2025-07-13T19:20:09.837970Z,
HE.NIF.00.BHZ | 2025-07-13T19:20:44.626585Z - 2025-07-13T19:21:44.626585Z,,,,,,,,,2025-07-13T19:21:05.437060Z,
HE.OBF3.00.BHZ | 2025-07-13T19:20:22.137555Z - 2025-07-13T19:21:22.137555Z,,,,,,,2025-07-13T19:20:28.919870Z,,2025-07-13T19:20:56.811900Z,
HE.RMF.00.BHZ | 2025-07-13T19:20:07.922433Z - 2025-07-13T19:21:07.922433Z,,,,,,,,,2025-07-13T19:20:43.250410Z,
HE.SUF.00.BHN | 2025-07-13T19:21:09.441312Z - 2025-07-13T19:22:09.441312Z,,,,,,,,,2025-07-13T19:21:27.408630Z,
HE.TOF.00.BHZ | 2025-07-13T19:20:10.800416Z - 2025-07-13T19:21:10.800416Z,,,,,,,,,2025-07-13T19:20:51.292020Z,
HE.VRF.00.BHZ | 2025-07-13T19:20:14.894166Z - 2025-07-13T19:21:14.894166Z,,,,,,,2025-07-13T19:20:19.959240Z,,2025-07-13T19:20:41.626520Z,
FN.KLF.00.BHZ | 2025-07-14T04:58:16.137664Z - 2025-07-14T04:59:16.137664Z,,,,,,,2025-07-14T04:58:47.701860Z,,,
FN.KLF.00.BHZ | 2025-07-14T04:59:11.501846Z - 2025-07-14T05:00:11.501846Z,,,,,,,,,2025-07-14T04:59:42.577600Z,
FN.KMNF.00.?HZ | 2025-07-14T04:58:26.896874Z - 2025-07-14T04:59:26.896874Z,,,,,,,2025-07-14T04:58:41.018780Z,,2025-07-14T04:59:19.338350Z,
FN.RAJF.00.?HZ | 2025-07-14T04:58:26.313986Z - 2025-07-14T04:59:26.313986Z,,,,,,,2025-07-14T04:58:51.648880Z,,,
HE.HEF.00.BHZ | 2025-07-14T04:58:26.003242Z - 2025-07-14T04:59:26.003242Z,,,,,,,2025-07-14T04:58:34.258850Z,,2025-07-14T04:59:13.333640Z,
HE.KEV.00.?HZ | 2025-07-14T04:58:28.807529Z - 2025-07-14T04:59:28.807529Z,,,,,,,2025-07-14T04:58:38.241790Z,,2025-07-14T04:59:14.900640Z,
HE.KIF.00.BHZ | 2025-07-14T04:57:52.721840Z - 2025-07-14T04:58:52.721840Z,,,,,,,2025-07-14T04:58:18.197230Z,,2025-07-14T04:58:39.381360Z,
HE.KEF.00.?HZ | 2025-07-10T23:39:56.762503Z - 2025-07-10T23:40:56.762503Z,,,,,,,,,2025-07-10T23:40:47.277820Z,
HE.KPF.00.BHZ | 2025-07-10T23:40:17.996676Z - 2025-07-10T23:41:17.996676Z,,,,,,,,,2025-07-10T23:40:30.415730Z,
HE.OBF0.00.BHZ | 2025-07-10T23:39:32.562903Z - 2025-07-10T23:40:32.562903Z,,,,,,,,,2025-07-10T23:40:21.005550Z,
HE.OBF8.00.BHZ | 2025-07-10T23:39:34.938826Z - 2025-07-10T23:40:34.938826Z,,,,,,,2025-07-10T23:39:46.333490Z,,2025-07-10T23:40:10.356240Z,
HE.RAF.00.BHZ | 2025-07-10T23:40:05.689756Z - 2025-07-10T23:41:05.689756Z,,,,,,,,,2025-07-10T23:40:49.498440Z,
HE.SUF.00.BHZ | 2025-07-10T23:40:00.845960Z - 2025-07-10T23:41:00.845960Z,,,,,,,,,2025-07-10T23:40:54.193950Z,
HE.TOF.00.BHZ | 2025-07-10T23:39:46.928637Z - 2025-07-10T23:40:46.928637Z,,,,,,,,,2025-07-10T23:40:36.708350Z,
HE.TRE03.00.CZ | 2025-07-10T23:40:23.418232Z - 2025-07-10T23:41:23.418232Z,,,,,,,,,2025-07-10T23:40:52.067510Z,
HE.VAF.00.BHZ | 2025-07-10T23:39:39.744801Z - 2025-07-10T23:40:39.744801Z,,,,,,,2025-07-10T23:39:46.223860Z,,2025-07-10T23:40:09.213060Z,
FN.KLF.00.BHZ | 2025-07-15T05:16:50.381038Z - 2025-07-15T05:17:50.381038Z,,,,,,,2025-07-15T05:17:04.405360Z,,,
FN.KLF.00.BHZ | 2025-07-15T05:17:08.991436Z - 2025-07-15T05:18:08.991436Z,,,,,,,,,2025-07-15T05:17:59.608690Z,
FN.KMNF.00.?HZ | 2025-07-15T05:16:42.441949Z - 2025-07-15T05:17:42.441949Z,,,,,,,2025-07-15T05:16:57.642270Z,,2025-07-15T05:17:36.716940Z,
FN.RAJF.00.?HZ | 2025-07-15T05:16:59.480651Z - 2025-07-15T05:17:59.480651Z,,,,,,,2025-07-15T05:17:08.159010Z,,2025-07-15T05:17:54.335940Z,
HE.HEF.00.BHZ | 2025-07-15T05:16:38.462166Z - 2025-07-15T05:17:38.462166Z,,,,,,,2025-07-15T05:16:50.924680Z,,2025-07-15T05:17:24.043030Z,
HE.KEV.00.?HZ | 2025-07-15T05:16:42.221512Z - 2025-07-15T05:17:42.221512Z,,,,,,,2025-07-15T05:16:54.917780Z,,2025-07-15T05:17:31.569000Z,
HE.KIF.00.BHZ | 2025-07-15T05:16:08.834965Z - 2025-07-15T05:17:08.834965Z,,,,,,,2025-07-15T05:16:34.775440Z,,2025-07-15T05:16:56.296160Z,
HE.FIA0.00.?HZ | 2025-07-15T00:15:39.789380Z - 2025-07-15T00:16:39.789380Z,,,,,,,2025-07-15T00:15:50.008730Z,,2025-07-15T00:16:06.406750Z,
HE.FIA1.00.?HZ | 2025-07-15T00:15:31.650447Z - 2025-07-15T00:16:31.650447Z,,,,,,,2025-07-15T00:15:50.156810Z,,2025-07-15T00:16:06.712140Z,
HE.HEL1.00.BHZ | 2025-07-15T00:15:19.211785Z - 2025-07-15T00:16:19.211785Z,,,,,,,,,2025-07-15T00:16:08.832960Z,
HE.KAF.00.?HZ | 2025-07-15T00:16:12.616321Z - 2025-07-15T00:17:12.616321Z,,,,,,,,,2025-07-15T00:16:23.170430Z,
HE.KY02.00.CZ | 2025-07-15T00:15:30.617149Z - 2025-07-15T00:16:30.617149Z,,,,,,,2025-07-15T00:15:39.829320Z,,2025-07-15T00:15:48.316440Z,
HE.KY17.00.CZ | 2025-07-15T00:15:12.160496Z - 2025-07-15T00:16:12.160496Z,,,,,,,2025-07-15T00:15:38.398720Z,,2025-07-15T00:15:45.895670Z,
HE.LAUT.00.BHZ | 2025-07-15T00:15:53.821586Z - 2025-07-15T00:16:53.821586Z,,,,,,,,,2025-07-15T00:16:09.139460Z,
HE.LOVF.00.CZ | 2025-07-15T00:15:10.463866Z - 2025-07-15T00:16:10.463866Z,,,,,,,2025-07-15T00:15:38.843860Z,,2025-07-15T00:15:46.402770Z,
HE.MEF.00.BHZ | 2025-07-15T00:15:42.962810Z - 2025-07-15T00:16:42.962810Z,,,,,,,,,2025-07-15T00:16:15.706440Z,
HE.PVF.00.CZ | 2025-07-15T00:15:35.874144Z - 2025-07-15T00:16:35.874144Z,,,,,,,2025-07-15T00:15:42.639740Z,,2025-07-15T00:15:53.214820Z,
HE.RUF.00.BHZ | 2025-07-15T00:15:43.264865Z - 2025-07-15T00:16:43.264865Z,,,,,,,2025-07-15T00:15:50.211470Z,,2025-07-15T00:16:07.103820Z,
HE.TRE03.00.CZ | 2025-07-15T00:15:46.173405Z - 2025-07-15T00:16:46.173405Z,,,,,,,,,2025-07-15T00:16:29.321550Z,
HE.VJF.00.?HZ | 2025-07-15T00:14:39.069952Z - 2025-07-15T00:15:39.069952Z,,,,,,,2025-07-15T00:15:30.673440Z,,2025-07-15T00:15:32.361440Z,
FN.MSF.00.BHZ | 2025-07-15T20:40:49.030966Z - 2025-07-15T20:41:49.030966Z,,,,,,,2025-07-15T20:41:06.529070Z,,2025-07-15T20:41:26.951610Z,
FN.OLKF.00.BHZ | 2025-07-15T20:40:32.791093Z - 2025-07-15T20:41:32.791093Z,,,,,,,2025-07-15T20:41:03.351050Z,,2025-07-15T20:41:21.843720Z,
FN.RANF.00.?HZ | 2025-07-15T20:41:06.581036Z - 2025-07-15T20:42:06.581036Z,,,,,,,2025-07-15T20:41:18.967140Z,,2025-07-15T20:41:49.210080Z,
FN.RNF.00.BHZ | 2025-07-15T20:41:32.138620Z - 2025-07-15T20:42:32.138620Z,,,,,,,,,2025-07-15T20:41:57.127960Z,
FN.SGF.00.BHZ | 2025-07-15T20:41:25.610583Z - 2025-07-15T20:42:25.610583Z,,,,,,,,,2025-07-15T20:42:01.913270Z,
HE.KU1.00.SHZ | 2025-07-15T20:40:44.909280Z - 2025-07-15T20:41:44.909280Z,,,,,,,2025-07-15T20:41:04.530350Z,,2025-07-15T20:41:24.089780Z,
HE.KU2.00.SHZ | 2025-07-15T20:41:04.361172Z - 2025-07-15T20:42:04.361172Z,,,,,,,2025-07-15T20:41:12.422660Z,,2025-07-15T20:41:37.276120Z,
HE.RMF.00.BHZ | 2025-07-15T20:41:02.211295Z - 2025-07-15T20:42:02.211295Z,,,,,,,,,2025-07-15T20:41:47.560550Z,
HE.VRF.00.BHZ | 2025-07-15T20:40:51.969055Z - 2025-07-15T20:41:51.969055Z,,,,,,,2025-07-15T20:41:13.279540Z,,2025-07-15T20:41:39.273560Z,
HE.OBF0.00.BHZ | 2025-07-18T11:06:21.267085Z - 2025-07-18T11:07:21.267085Z,,,,,,,2025-07-18T11:06:31.439750Z,,2025-07-18T11:06:54.746620Z,
HE.OBF3.00.BHZ | 2025-07-18T11:06:47.197460Z - 2025-07-18T11:07:47.197460Z,,,,,,,,,2025-07-18T11:06:59.042100Z,
HE.OBF8.00.BHZ | 2025-07-18T11:05:53.368116Z - 2025-07-18T11:06:53.368116Z,,,,,,,2025-07-18T11:06:26.841410Z,,2025-07-18T11:06:47.218440Z,
HE.TOF.00.BHZ | 2025-07-18T11:06:28.736760Z - 2025-07-18T11:07:28.736760Z,,,,,,,,,2025-07-18T11:07:03.014300Z,
HE.VAF.00.BHZ | 2025-07-18T11:06:11.854642Z - 2025-07-18T11:07:11.854642Z,,,,,,,,,2025-07-18T11:07:05.209980Z,
FN.KLF.00.BHZ | 2025-07-25T14:03:11.108517Z - 2025-07-25T14:04:11.108517Z,,,,,,,2025-07-25T14:03:18.620450Z,,2025-07-25T14:03:28.146920Z,
FN.OLKF.00.BHZ | 2025-07-25T14:03:13.056203Z - 2025-07-25T14:04:13.056203Z,,,,,,,2025-07-25T14:03:34.756640Z,,2025-07-25T14:03:56.220660Z,
FN.RAJF.00.?HZ | 2025-07-25T14:03:45.502011Z - 2025-07-25T14:04:45.502011Z,,,,,,,,,2025-07-25T14:04:03.951000Z,
FN.RANF.00.?HZ | 2025-07-25T14:03:09.490869Z - 2025-07-25T14:04:09.490869Z,,,,,,,2025-07-25T14:03:24.048670Z,,2025-07-25T14:03:36.876500Z,
FN.RNF.00.BHZ | 2025-07-25T14:02:29.294381Z - 2025-07-25T14:03:29.294381Z,,,,,,,2025-07-25T14:03:11.911240Z,,2025-07-25T14:03:16.328760Z,
FN.SGF.00.BHZ | 2025-07-25T14:02:45.628539Z - 2025-07-25T14:03:45.628539Z,,,,,,,2025-07-25T14:03:18.519400Z,,2025-07-25T14:03:27.616880Z,
HE.HEF.00.BHZ | 2025-07-25T14:03:16.863929Z - 2025-07-25T14:04:16.863929Z,,,,,,,,,2025-07-25T14:03:57.411250Z,
HE.KU1.00.SHZ | 2025-07-25T14:03:36.675595Z - 2025-07-25T14:04:36.675595Z,,,,,,,,,2025-07-25T14:04:07.519630Z,
HE.KU2.00.SHZ | 2025-07-25T14:03:04.010925Z - 2025-07-25T14:04:04.010925Z,,,,,,,,,2025-07-25T14:03:54.578830Z,
HE.TOF.00.BHZ | 2025-07-25T14:03:01.079623Z - 2025-07-25T14:04:01.079623Z,,,,,,,2025-07-25T14:03:22.954270Z,,2025-07-25T14:03:34.508630Z,
HE.VRF.00.BHZ | 2025-07-25T14:03:21.026559Z - 2025-07-25T14:04:21.026559Z,,,,,,,,,2025-07-25T14:04:00.427470Z,
HE.ECKF.00.CZ | 2025-07-27T01:58:02.980663Z - 2025-07-27T01:59:02.980663Z,,,,,,,2025-07-27T01:58:16.789590Z,,2025-07-27T01:58:30.979250Z,
HE.FIA0.00.?HZ | 2025-07-27T01:58:32.368171Z - 2025-07-27T01:59:32.368171Z,,,,,,,2025-07-27T01:58:40.566850Z,,2025-07-27T01:59:13.938520Z,
HE.FIA1.00.?HZ | 2025-07-27T01:58:24.217607Z - 2025-07-27T01:59:24.217607Z,,,,,,,2025-07-27T01:58:41.436380Z,,2025-07-27T01:59:14.245800Z,
HE.HEL5.00.BHZ | 2025-07-27T01:57:40.484756Z - 2025-07-27T01:58:40.484756Z,,,,,,,2025-07-27T01:58:24.843180Z,,,
HE.KAF.00.?HZ | 2025-07-27T01:58:42.009902Z - 2025-07-27T01:59:42.009902Z,,,,,,,2025-07-27T01:58:49.277100Z,,2025-07-27T01:59:27.413000Z,
HE.KEF.00.?HZ | 2025-07-27T01:58:28.027637Z - 2025-07-27T01:59:28.027637Z,,,,,,,2025-07-27T01:58:42.721190Z,,2025-07-27T01:59:15.464680Z,
HE.KORF.00.CZ | 2025-07-27T01:57:19.377381Z - 2025-07-27T01:58:19.377381Z,,,,,,,2025-07-27T01:57:58.640310Z,,2025-07-27T01:58:00.329740Z,
HE.KPF.00.BHZ | 2025-07-27T01:58:17.203968Z - 2025-07-27T01:59:17.203968Z,,,,,,,2025-07-27T01:58:28.422550Z,,2025-07-27T01:58:51.288150Z,
HE.LAUT.00.BHN | 2025-07-27T01:58:40.040630Z - 2025-07-27T01:59:40.040630Z,,,,,,,,,2025-07-27T01:58:47.825680Z,
HE.MEF.00.BHZ | 2025-07-27T01:57:53.509880Z - 2025-07-27T01:58:53.509880Z,,,,,,,2025-07-27T01:58:21.775150Z,,,
HE.NUR.00.SHN | 2025-07-27T01:58:19.800610Z - 2025-07-27T01:59:19.800610Z,,,,,,,,,2025-07-27T01:58:44.093140Z,
HE.PVF.00.CZ | 2025-07-27T01:58:23.186829Z - 2025-07-27T01:59:23.186829Z,,,,,,,2025-07-27T01:58:35.242760Z,,2025-07-27T01:59:01.069810Z,
HE.RAF.00.BHZ | 2025-07-27T01:57:58.063088Z - 2025-07-27T01:58:58.063088Z,,,,,,,2025-07-27T01:58:14.048690Z,,2025-07-27T01:58:25.898450Z,
HE.TRE03.00.CZ | 2025-07-27T01:58:12.119047Z - 2025-07-27T01:59:12.119047Z,,,,,,,2025-07-27T01:58:32.249180Z,,2025-07-27T01:58:57.441040Z,
HE.TVF.00.BHZ | 2025-07-27T01:57:48.620554Z - 2025-07-27T01:58:48.620554Z,,,,,,,2025-07-27T01:58:12.176110Z,,2025-07-27T01:58:22.940900Z,
UP.AAL.00.BHZ | 2025-07-27T01:57:59.663477Z - 2025-07-27T01:58:59.663477Z,,,,,,,2025-07-27T01:58:12.459990Z,,2025-07-27T01:58:23.418450Z,
HE.FIA0.00.?HZ | 2025-07-30T08:17:47.170709Z - 2025-07-30T08:18:47.170709Z,,,,,,,2025-07-30T08:18:08.417150Z,,2025-07-30T08:18:24.226300Z,
HE.FIA1.00.?HZ | 2025-07-30T08:17:42.138164Z - 2025-07-30T08:18:42.138164Z,,,,,,,2025-07-30T08:18:08.417150Z,,2025-07-30T08:18:24.226300Z,
HE.KY02.00.CZ | 2025-07-30T08:17:13.199129Z - 2025-07-30T08:18:13.199129Z,,,,,,,2025-07-30T08:17:57.923450Z,,2025-07-30T08:18:06.158700Z,
HE.LOVF.00.CZ | 2025-07-30T08:17:44.068421Z - 2025-07-30T08:18:44.068421Z,,,,,,,2025-07-30T08:17:56.753670Z,,2025-07-30T08:18:03.981620Z,
HE.PVF.00.CZ | 2025-07-30T08:17:42.447665Z - 2025-07-30T08:18:42.447665Z,,,,,,,2025-07-30T08:18:00.476150Z,,2025-07-30T08:18:10.748450Z,
HE.RUF.00.BHZ | 2025-07-30T08:18:17.074816Z - 2025-07-30T08:19:17.074816Z,,,,,,,,,2025-07-30T08:18:24.881980Z,
HE.VJF.00.?HZ | 2025-07-30T08:17:30.093012Z - 2025-07-30T08:18:30.093012Z,,,,,,,2025-07-30T08:17:48.720600Z,,2025-07-30T08:17:50.488490Z,
HE.ECKF.00.CZ | 2025-07-29T21:31:47.125518Z - 2025-07-29T21:32:47.125518Z,,,,,,,,,2025-07-29T21:32:28.726660Z,
HE.KORF.00.CZ | 2025-07-29T21:31:47.543632Z - 2025-07-29T21:32:47.543632Z,,,,,,,2025-07-29T21:31:59.228610Z,,2025-07-29T21:32:00.302100Z,
HE.KPF.00.BHZ | 2025-07-29T21:32:27.999800Z - 2025-07-29T21:33:27.999800Z,,,,,,,,,2025-07-29T21:32:53.766990Z,
HE.MEF.00.BHZ | 2025-07-29T21:32:06.005999Z - 2025-07-29T21:33:06.005999Z,,,,,,,,,2025-07-29T21:32:44.135480Z,
HE.PVF.00.CZ | 2025-07-29T21:32:18.611200Z - 2025-07-29T21:33:18.611200Z,,,,,,,,,2025-07-29T21:33:06.239590Z,
HE.RAF.00.BHZ | 2025-07-29T21:31:59.417932Z - 2025-07-29T21:32:59.417932Z,,,,,,,2025-07-29T21:32:16.318460Z,,2025-07-29T21:32:28.891530Z,
HE.TRE03.00.CZ | 2025-07-29T21:32:22.281917Z - 2025-07-29T21:33:22.281917Z,,,,,,,2025-07-29T21:32:34.352100Z,,2025-07-29T21:33:00.181340Z,
HE.TVF.00.BHZ | 2025-07-29T21:31:55.518358Z - 2025-07-29T21:32:55.518358Z,,,,,,,,,2025-07-29T21:32:26.931470Z,
HE.KEF.00.?HZ | 2025-07-29T07:11:44.037461Z - 2025-07-29T07:12:44.037461Z,,,,,,,,,2025-07-29T07:12:26.534050Z,
HE.RAF.00.BHZ | 2025-07-29T07:12:39.376043Z - 2025-07-29T07:13:39.376043Z,,,,,,,,,2025-07-29T07:12:46.117930Z,
HE.SUF.00.BHZ | 2025-07-29T07:12:22.509113Z - 2025-07-29T07:13:22.509113Z,,,,,,,,,2025-07-29T07:12:31.895690Z,
FN.KLF.00.BHZ | 2025-08-04T05:11:43.446594Z - 2025-08-04T05:12:43.446594Z,,,,,,,2025-08-04T05:11:49.029390Z,,2025-08-04T05:12:11.459990Z,
FN.OLKF.00.BHZ | 2025-08-04T05:11:27.786028Z - 2025-08-04T05:12:27.786028Z,,,,,,,2025-08-04T05:11:42.755140Z,,2025-08-04T05:11:59.767250Z,
FN.OUL.00.BHZ | 2025-08-04T05:11:05.561898Z - 2025-08-04T05:12:05.561898Z,,,,,,,2025-08-04T05:11:30.777180Z,,2025-08-04T05:11:39.599350Z,
FN.RANF.00.?HZ | 2025-08-04T05:10:54.506055Z - 2025-08-04T05:11:54.506055Z,,,,,,,2025-08-04T05:11:24.120000Z,,2025-08-04T05:11:28.269520Z,
FN.RNF.00.BHZ | 2025-08-04T05:10:58.748472Z - 2025-08-04T05:11:58.748472Z,,,,,,,2025-08-04T05:11:34.028960Z,,2025-08-04T05:11:44.686840Z,
HE.KU1.00.SHZ | 2025-08-04T05:11:13.489156Z - 2025-08-04T05:12:13.489156Z,,,,,,,2025-08-04T05:11:42.010560Z,,2025-08-04T05:11:58.690680Z,
HE.KU2.00.SHZ | 2025-08-04T05:11:16.953518Z - 2025-08-04T05:12:16.953518Z,,,,,,,2025-08-04T05:11:32.167280Z,,2025-08-04T05:11:41.973760Z,
HE.KU6.00.BHZ | 2025-08-04T05:11:20.330664Z - 2025-08-04T05:12:20.330664Z,,,,,,,,,2025-08-04T05:12:03.348980Z,
HE.OBF0.00.BHZ | 2025-08-04T05:11:40.544150Z - 2025-08-04T05:12:40.544150Z,,,,,,,2025-08-04T05:11:45.592510Z,,2025-08-04T05:12:04.244480Z,
HE.OBF3.00.BHZ | 2025-08-04T05:11:28.461865Z - 2025-08-04T05:12:28.461865Z,,,,,,,2025-08-04T05:11:39.042150Z,,2025-08-04T05:11:53.805480Z,
HE.TOF.00.BHZ | 2025-08-04T05:11:02.566463Z - 2025-08-04T05:12:02.566463Z,,,,,,,2025-08-04T05:11:33.856920Z,,2025-08-04T05:11:45.230170Z,
FN.KLF.00.BHZ | 2025-08-03T08:12:57.658713Z - 2025-08-03T08:13:57.658713Z,,,,,,,2025-08-03T08:13:08.368390Z,,2025-08-03T08:13:29.011500Z,
FN.KMNF.00.?HZ | 2025-08-03T08:13:12.495086Z - 2025-08-03T08:14:12.495086Z,,,,,,,2025-08-03T08:13:29.952630Z,,2025-08-03T08:14:06.686220Z,
FN.RAJF.00.?HZ | 2025-08-03T08:13:41.471573Z - 2025-08-03T08:14:41.471573Z,,,,,,,,,2025-08-03T08:14:11.167790Z,
FN.RNF.00.BHZ | 2025-08-03T08:13:02.261779Z - 2025-08-03T08:14:02.261779Z,,,,,,,2025-08-03T08:13:24.142820Z,,2025-08-03T08:13:55.986890Z,
FN.SGF.00.BHZ | 2025-08-03T08:13:11.384449Z - 2025-08-03T08:14:11.384449Z,,,,,,,2025-08-03T08:13:23.843790Z,,2025-08-03T08:13:56.093830Z,
HE.HEF.00.BHZ | 2025-08-03T08:12:42.064195Z - 2025-08-03T08:13:42.064195Z,,,,,,,2025-08-03T08:13:10.119630Z,,2025-08-03T08:13:31.461550Z,
HE.KIF.00.BHZ | 2025-08-03T08:12:34.453154Z - 2025-08-03T08:13:34.453154Z,,,,,,,2025-08-03T08:13:08.959230Z,,2025-08-03T08:13:29.338640Z,
HE.TOF.00.BHZ | 2025-08-03T08:13:13.978872Z - 2025-08-03T08:14:13.978872Z,,,,,,,2025-08-03T08:13:19.115910Z,,2025-08-03T08:13:47.947900Z,
HE.FIA0.00.?HZ | 2025-08-01T00:19:53.778452Z - 2025-08-01T00:20:53.778452Z,,,,,,,2025-08-01T00:20:10.028780Z,,2025-08-01T00:20:26.794920Z,
HE.FIA1.00.?HZ | 2025-08-01T00:19:44.181978Z - 2025-08-01T00:20:44.181978Z,,,,,,,2025-08-01T00:20:10.028780Z,,2025-08-01T00:20:26.794920Z,
HE.HEL1.00.BHZ | 2025-08-01T00:20:05.124528Z - 2025-08-01T00:21:05.124528Z,,,,,,,2025-08-01T00:20:11.699110Z,,2025-08-01T00:20:28.570470Z,
HE.HEL5.00.BHZ | 2025-08-01T00:19:49.095858Z - 2025-08-01T00:20:49.095858Z,,,,,,,2025-08-01T00:20:13.207210Z,,2025-08-01T00:20:31.178600Z,
HE.KAF.00.?HZ | 2025-08-01T00:19:50.177025Z - 2025-08-01T00:20:50.177025Z,,,,,,,2025-08-01T00:20:19.685500Z,,2025-08-01T00:20:43.491620Z,
HE.KEF.00.?HZ | 2025-08-01T00:20:16.150502Z - 2025-08-01T00:21:16.150502Z,,,,,,,2025-08-01T00:20:25.997110Z,,2025-08-01T00:20:53.510710Z,
HE.KUNI.00.BHZ | 2025-08-01T00:19:38.244159Z - 2025-08-01T00:20:38.244159Z,,,,,,,2025-08-01T00:20:11.122740Z,,2025-08-01T00:20:27.873670Z,
HE.KY02.00.CZ | 2025-08-01T00:19:39.196265Z - 2025-08-01T00:20:39.196265Z,,,,,,,2025-08-01T00:19:59.819980Z,,2025-08-01T00:20:07.350170Z,
HE.LOVF.00.CZ | 2025-08-01T00:19:53.398542Z - 2025-08-01T00:20:53.398542Z,,,,,,,2025-08-01T00:19:58.903730Z,,2025-08-01T00:20:06.216960Z,
HE.MEF.00.BHZ | 2025-08-01T00:19:46.837209Z - 2025-08-01T00:20:46.837209Z,,,,,,,2025-08-01T00:20:15.970320Z,,2025-08-01T00:20:35.513370Z,
HE.NUR.00.SHZ | 2025-08-01T00:19:42.231330Z - 2025-08-01T00:20:42.231330Z,,,,,,,2025-08-01T00:20:13.189240Z,,2025-08-01T00:20:31.097090Z,
HE.PVF.00.CZ | 2025-08-01T00:19:39.685399Z - 2025-08-01T00:20:39.685399Z,,,,,,,2025-08-01T00:20:02.696970Z,,2025-08-01T00:20:12.868400Z,
HE.RSUO.00.BHZ | 2025-08-01T00:19:51.455502Z - 2025-08-01T00:20:51.455502Z,,,,,,,2025-08-01T00:20:11.617850Z,,2025-08-01T00:20:28.100980Z,
HE.RUF.00.BHZ | 2025-08-01T00:19:38.490592Z - 2025-08-01T00:20:38.490592Z,,,,,,,2025-08-01T00:20:10.515630Z,,2025-08-01T00:20:27.191740Z,
HE.SUF.00.BHZ | 2025-08-01T00:20:17.994969Z - 2025-08-01T00:21:17.994969Z,,,,,,,2025-08-01T00:20:29.523650Z,,2025-08-01T00:20:59.740400Z,
HE.TRE03.00.CZ | 2025-08-01T00:20:18.004968Z - 2025-08-01T00:21:18.004968Z,,,,,,,2025-08-01T00:20:23.658190Z,,2025-08-01T00:20:49.544820Z,
HE.TVF.00.BHZ | 2025-08-01T00:20:11.351033Z - 2025-08-01T00:21:11.351033Z,,,,,,,2025-08-01T00:20:25.710220Z,,2025-08-01T00:20:54.293450Z,
HE.VJF.00.?HZ | 2025-08-01T00:19:03.175043Z - 2025-08-01T00:20:03.175043Z,,,,,,,2025-08-01T00:19:50.814350Z,,2025-08-01T00:19:52.479340Z,
HE.FIA0.00.?HZ | 2025-08-03T17:10:52.555493Z - 2025-08-03T17:11:52.555493Z,,,,,,,2025-08-03T17:11:21.632730Z,,2025-08-03T17:11:38.232580Z,
HE.FIA1.00.?HZ | 2025-08-03T17:10:56.378659Z - 2025-08-03T17:11:56.378659Z,,,,,,,2025-08-03T17:11:21.823820Z,,2025-08-03T17:11:38.473110Z,
HE.KAF.00.?HZ | 2025-08-03T17:11:12.121741Z - 2025-08-03T17:12:12.121741Z,,,,,,,,,2025-08-03T17:11:54.963380Z,
HE.KEF.00.?HZ | 2025-08-03T17:11:55.366509Z - 2025-08-03T17:12:55.366509Z,,,,,,,,,2025-08-03T17:12:05.697200Z,
HE.KY02.00.CZ | 2025-08-03T17:10:48.842678Z - 2025-08-03T17:11:48.842678Z,,,,,,,2025-08-03T17:11:11.254490Z,,2025-08-03T17:11:19.638380Z,
HE.KY17.00.CZ | 2025-08-03T17:11:02.196787Z - 2025-08-03T17:12:02.196787Z,,,,,,,2025-08-03T17:11:09.478390Z,,,
HE.LOVF.00.CZ | 2025-08-03T17:10:59.745949Z - 2025-08-03T17:11:59.745949Z,,,,,,,2025-08-03T17:11:10.085110Z,,2025-08-03T17:11:17.219060Z,
HE.MEF.00.BHZ | 2025-08-03T17:11:12.613929Z - 2025-08-03T17:12:12.613929Z,,,,,,,,,2025-08-03T17:11:47.120340Z,
HE.PVF.00.CZ | 2025-08-03T17:10:30.701460Z - 2025-08-03T17:11:30.701460Z,,,,,,,2025-08-03T17:11:13.899430Z,,2025-08-03T17:11:24.678380Z,
HE.RUF.00.BHZ | 2025-08-03T17:10:59.414413Z - 2025-08-03T17:11:59.414413Z,,,,,,,,,2025-08-03T17:11:37.875090Z,
HE.TRE03.00.CZ | 2025-08-03T17:11:50.556817Z - 2025-08-03T17:12:50.556817Z,,,,,,,,,2025-08-03T17:12:01.075220Z,
HE.TVF.00.BHN | 2025-08-03T17:11:26.856144Z - 2025-08-03T17:12:26.856144Z,,,,,,,,,2025-08-03T17:12:05.135120Z,
HE.VJF.00.?HZ | 2025-08-03T17:10:52.790424Z - 2025-08-03T17:11:52.790424Z,,,,,,,2025-08-03T17:11:02.024740Z,,2025-08-03T17:11:03.796540Z,
FN.KMNF.00.?HZ | 2025-08-02T20:36:36.107620Z - 2025-08-02T20:37:36.107620Z,,,,,,,,,2025-08-02T20:36:57.504610Z,
FN.MSF.00.BHZ | 2025-08-02T20:35:17.812377Z - 2025-08-02T20:36:17.812377Z,,,,,,,2025-08-02T20:35:48.822420Z,,2025-08-02T20:36:07.614520Z,
FN.OLKF.00.BHZ | 2025-08-02T20:35:15.753057Z - 2025-08-02T20:36:15.753057Z,,,,,,,2025-08-02T20:35:45.359650Z,,2025-08-02T20:36:00.499230Z,
FN.OUL.00.BHZ | 2025-08-02T20:36:17.769010Z - 2025-08-02T20:37:17.769010Z,,,,,,,,,2025-08-02T20:36:51.612810Z,
FN.RAJF.00.?HZ | 2025-08-02T20:36:10.130986Z - 2025-08-02T20:37:10.130986Z,,,,,,,,,2025-08-02T20:36:37.025680Z,
FN.RANF.00.?HZ | 2025-08-02T20:35:42.105487Z - 2025-08-02T20:36:42.105487Z,,,,,,,,,2025-08-02T20:36:32.338530Z,
FN.RNF.00.BHZ | 2025-08-02T20:35:44.844513Z - 2025-08-02T20:36:44.844513Z,,,,,,,2025-08-02T20:36:05.526980Z,,2025-08-02T20:36:39.518160Z,
FN.SGF.00.BHZ | 2025-08-02T20:36:05.671477Z - 2025-08-02T20:37:05.671477Z,,,,,,,,,2025-08-02T20:36:38.859950Z,
HE.KEV.00.?HZ | 2025-08-02T20:37:03.584399Z - 2025-08-02T20:38:03.584399Z,,,,,,,,,2025-08-02T20:37:09.053300Z,
HE.KJNF.00.CZ | 2025-08-02T20:36:37.942871Z - 2025-08-02T20:37:37.942871Z,,,,,,,,,2025-08-02T20:36:45.494680Z,
HE.KU1.00.SHZ | 2025-08-02T20:35:31.160529Z - 2025-08-02T20:36:31.160529Z,,,,,,,2025-08-02T20:35:48.840810Z,,2025-08-02T20:36:06.886640Z,
HE.KU2.00.SHZ | 2025-08-02T20:35:33.336728Z - 2025-08-02T20:36:33.336728Z,,,,,,,,,2025-08-02T20:36:18.279490Z,
HE.KU6.00.BHZ | 2025-08-02T20:35:11.222679Z - 2025-08-02T20:36:11.222679Z,,,,,,,2025-08-02T20:35:42.658760Z,,2025-08-02T20:35:56.694340Z,
HE.RMF.00.BHZ | 2025-08-02T20:36:17.537827Z - 2025-08-02T20:37:17.537827Z,,,,,,,,,2025-08-02T20:36:34.966550Z,
HE.VRF.00.BHZ | 2025-08-02T20:35:27.324044Z - 2025-08-02T20:36:27.324044Z,,,,,,,2025-08-02T20:35:54.053570Z,,2025-08-02T20:36:16.294030Z,
HE.ECKF.00.CZ | 2025-08-06T13:24:10.203140Z - 2025-08-06T13:25:10.203140Z,,,,,,,2025-08-06T13:24:26.819600Z,,2025-08-06T13:24:50.966420Z,
HE.KORF.00.CZ | 2025-08-06T13:24:55.375837Z - 2025-08-06T13:25:55.375837Z,,,,,,,,,2025-08-06T13:25:06.866910Z,
HE.KPF.00.BHZ | 2025-08-06T13:23:59.152821Z - 2025-08-06T13:24:59.152821Z,,,,,,,2025-08-06T13:24:28.475380Z,,2025-08-06T13:24:53.864030Z,
HE.RAF.00.BHZ | 2025-08-06T13:24:09.438285Z - 2025-08-06T13:25:09.438285Z,,,,,,,2025-08-06T13:24:30.269140Z,,2025-08-06T13:24:56.901050Z,
HE.VAF.00.BHZ | 2025-08-06T13:24:22.763144Z - 2025-08-06T13:25:22.763144Z,,,,,,,2025-08-06T13:24:36.064380Z,,2025-08-06T13:25:07.562200Z,
UP.AAL.00.BHZ | 2025-08-06T13:24:07.355460Z - 2025-08-06T13:25:07.355460Z,,,,,,,2025-08-06T13:24:29.321120Z,,2025-08-06T13:24:56.485690Z,
HE.ECKF.00.CZ | 2025-08-11T20:58:38.787720Z - 2025-08-11T20:59:38.787720Z,,,,,,,2025-08-11T20:58:53.507960Z,,2025-08-11T20:59:10.017730Z,
HE.HEL5.00.BHZ | 2025-08-11T20:58:53.027433Z - 2025-08-11T20:59:53.027433Z,,,,,,,2025-08-11T20:59:06.304260Z,,2025-08-11T20:59:32.513430Z,
HE.KEF.00.?HZ | 2025-08-11T20:58:51.674077Z - 2025-08-11T20:59:51.674077Z,,,,,,,2025-08-11T20:59:07.148670Z,,2025-08-11T20:59:32.480950Z,
HE.KORF.00.CZ | 2025-08-11T20:58:27.156091Z - 2025-08-11T20:59:27.156091Z,,,,,,,2025-08-11T20:58:49.985230Z,,2025-08-11T20:59:03.362620Z,
HE.KPF.00.BHZ | 2025-08-11T20:58:27.450931Z - 2025-08-11T20:59:27.450931Z,,,,,,,2025-08-11T20:58:45.719270Z,,2025-08-11T20:58:55.767040Z,
HE.KUNI.00.BHZ | 2025-08-11T20:58:59.222590Z - 2025-08-11T20:59:59.222590Z,,,,,,,2025-08-11T20:59:06.304260Z,,2025-08-11T20:59:32.123700Z,
HE.MEF.00.BHZ | 2025-08-11T20:58:33.332194Z - 2025-08-11T20:59:33.332194Z,,,,,,,2025-08-11T20:59:02.894140Z,,2025-08-11T20:59:26.050450Z,
HE.NUR.00.SHZ | 2025-08-11T20:58:46.024715Z - 2025-08-11T20:59:46.024715Z,,,,,,,2025-08-11T20:59:02.569370Z,,2025-08-11T20:59:25.530810Z,
HE.RAF.00.BHZ | 2025-08-11T20:57:49.739637Z - 2025-08-11T20:58:49.739637Z,,,,,,,2025-08-11T20:58:35.482080Z,,2025-08-11T20:58:38.666340Z,
HE.TRE03.00.CZ | 2025-08-11T20:58:29.759198Z - 2025-08-11T20:59:29.759198Z,,,,,,,2025-08-11T20:58:58.134850Z,,2025-08-11T20:59:17.342320Z,
HE.TVF.00.BHZ | 2025-08-11T20:58:38.612309Z - 2025-08-11T20:59:38.612309Z,,,,,,,2025-08-11T20:59:00.321580Z,,2025-08-11T20:59:21.129130Z,
HE.VAF.00.BHZ | 2025-08-11T20:58:58.803139Z - 2025-08-11T20:59:58.803139Z,,,,,,,2025-08-11T20:59:07.542530Z,,,
UP.AAL.00.BHZ | 2025-08-11T20:58:13.407993Z - 2025-08-11T20:59:13.407993Z,,,,,,,2025-08-11T20:58:52.002300Z,,2025-08-11T20:59:07.430170Z,
HE.FIA0.00.?HZ | 2025-08-13T15:06:00.870648Z - 2025-08-13T15:07:00.870648Z,,,,,,,2025-08-13T15:06:42.369260Z,,2025-08-13T15:06:51.914360Z,
HE.FIA1.00.?HZ | 2025-08-13T15:06:26.869613Z - 2025-08-13T15:07:26.869613Z,,,,,,,2025-08-13T15:06:42.464440Z,,2025-08-13T15:06:51.914360Z,
HE.HEL1.00.BHZ | 2025-08-13T15:06:50.724819Z - 2025-08-13T15:07:50.724819Z,,,,,,,,,2025-08-13T15:07:06.539940Z,
HE.KAF.00.?HZ | 2025-08-13T15:07:02.165993Z - 2025-08-13T15:08:02.165993Z,,,,,,,,,2025-08-13T15:07:09.416860Z,
HE.KEF.00.?HZ | 2025-08-13T15:06:39.691773Z - 2025-08-13T15:07:39.691773Z,,,,,,,2025-08-13T15:06:58.792560Z,,2025-08-13T15:07:20.158030Z,
HE.KPF.00.BHZ | 2025-08-13T15:07:03.400763Z - 2025-08-13T15:08:03.400763Z,,,,,,,,,2025-08-13T15:07:47.338690Z,
HE.KUNI.00.BHZ | 2025-08-13T15:06:23.256146Z - 2025-08-13T15:07:23.256146Z,,,,,,,2025-08-13T15:06:49.936950Z,,2025-08-13T15:07:04.532020Z,
HE.KY02.00.CZ | 2025-08-13T15:06:12.969396Z - 2025-08-13T15:07:12.969396Z,,,,,,,2025-08-13T15:06:31.407650Z,,2025-08-13T15:06:33.347800Z,
HE.KY17.00.CZ | 2025-08-13T15:05:39.560831Z - 2025-08-13T15:06:39.560831Z,,,,,,,2025-08-13T15:06:30.591590Z,,2025-08-13T15:06:31.963360Z,
HE.LAUT.00.BHZ | 2025-08-13T15:06:29.647102Z - 2025-08-13T15:07:29.647102Z,,,,,,,,,2025-08-13T15:07:07.612410Z,
HE.LOVF.00.CZ | 2025-08-13T15:06:18.094844Z - 2025-08-13T15:07:18.094844Z,,,,,,,2025-08-13T15:06:38.449190Z,,2025-08-13T15:06:45.391700Z,
HE.MEF.00.BHZ | 2025-08-13T15:06:27.221816Z - 2025-08-13T15:07:27.221816Z,,,,,,,2025-08-13T15:06:53.836770Z,,2025-08-13T15:07:12.204430Z,
HE.NUR.00.SHZ | 2025-08-13T15:06:17.526531Z - 2025-08-13T15:07:17.526531Z,,,,,,,2025-08-13T15:06:50.322750Z,,2025-08-13T15:07:05.135100Z,
HE.PVF.00.CZ | 2025-08-13T15:05:58.098980Z - 2025-08-13T15:06:58.098980Z,,,,,,,2025-08-13T15:06:40.162640Z,,2025-08-13T15:06:48.319410Z,
HE.RAF.00.BHZ | 2025-08-13T15:07:15.854170Z - 2025-08-13T15:08:15.854170Z,,,,,,,,,2025-08-13T15:07:46.725950Z,
HE.RUF.00.BHZ | 2025-08-13T15:06:33.120017Z - 2025-08-13T15:07:33.120017Z,,,,,,,2025-08-13T15:06:49.194810Z,,2025-08-13T15:07:03.550360Z,
HE.SUF.00.BHZ | 2025-08-13T15:06:32.342945Z - 2025-08-13T15:07:32.342945Z,,,,,,,,,2025-08-13T15:07:27.156470Z,
HE.TVF.00.BHZ | 2025-08-13T15:06:42.902441Z - 2025-08-13T15:07:42.902441Z,,,,,,,,,2025-08-13T15:07:32.300840Z,
HE.VJF.00.?HZ | 2025-08-13T15:06:24.164626Z - 2025-08-13T15:07:24.164626Z,,,,,,,2025-08-13T15:06:36.631820Z,,2025-08-13T15:06:42.424690Z,
HE.FIA0.00.?HZ | 2025-08-13T15:18:24.111096Z - 2025-08-13T15:19:24.111096Z,,,,,,,2025-08-13T15:18:45.500610Z,,2025-08-13T15:18:55.159620Z,
HE.KAF.00.?HZ | 2025-08-13T15:18:56.624822Z - 2025-08-13T15:19:56.624822Z,,,,,,,,,2025-08-13T15:19:12.445490Z,
HE.KEF.00.?HZ | 2025-08-13T15:19:18.199806Z - 2025-08-13T15:20:18.199806Z,,,,,,,,,2025-08-13T15:19:23.809730Z,
HE.KY02.00.CZ | 2025-08-13T15:18:04.043626Z - 2025-08-13T15:19:04.043626Z,,,,,,,2025-08-13T15:18:34.606310Z,,,
HE.KY17.00.CZ | 2025-08-13T15:18:28.454327Z - 2025-08-13T15:19:28.454327Z,,,,,,,2025-08-13T15:18:33.791540Z,,2025-08-13T15:18:35.162270Z,
HE.MEF.00.BHZ | 2025-08-13T15:18:27.645389Z - 2025-08-13T15:19:27.645389Z,,,,,,,,,2025-08-13T15:19:15.872650Z,
HE.PVF.00.CZ | 2025-08-13T15:18:21.092365Z - 2025-08-13T15:19:21.092365Z,,,,,,,2025-08-13T15:18:43.404020Z,,2025-08-13T15:18:51.492100Z,
HE.SUF.00.BHZ | 2025-08-13T15:19:24.206993Z - 2025-08-13T15:20:24.206993Z,,,,,,,,,2025-08-13T15:19:31.106290Z,
HE.FIA0.00.?HZ | 2025-08-13T15:22:04.143649Z - 2025-08-13T15:23:04.143649Z,,,,,,,2025-08-13T15:22:35.720310Z,,2025-08-13T15:22:45.110050Z,
HE.FIA1.00.?HZ | 2025-08-13T15:22:15.665979Z - 2025-08-13T15:23:15.665979Z,,,,,,,2025-08-13T15:22:35.709910Z,,2025-08-13T15:22:45.262260Z,
HE.HEL5.00.BHZ | 2025-08-13T15:21:53.670187Z - 2025-08-13T15:22:53.670187Z,,,,,,,2025-08-13T15:22:45.782920Z,,,
HE.KAF.00.?HZ | 2025-08-13T15:22:43.304396Z - 2025-08-13T15:23:43.304396Z,,,,,,,,,2025-08-13T15:23:02.940660Z,
HE.KEF.00.?HZ | 2025-08-13T15:22:30.144518Z - 2025-08-13T15:23:30.144518Z,,,,,,,2025-08-13T15:22:52.028990Z,,2025-08-13T15:23:13.055540Z,
HE.KPF.00.BHZ | 2025-08-13T15:23:00.679478Z - 2025-08-13T15:24:00.679478Z,,,,,,,2025-08-13T15:23:06.391550Z,,2025-08-13T15:23:38.643370Z,
HE.KY02.00.CZ | 2025-08-13T15:21:34.419091Z - 2025-08-13T15:22:34.419091Z,,,,,,,2025-08-13T15:22:24.763340Z,,2025-08-13T15:22:26.699050Z,
HE.KY17.00.CZ | 2025-08-13T15:22:17.849682Z - 2025-08-13T15:23:17.849682Z,,,,,,,2025-08-13T15:22:23.935750Z,,2025-08-13T15:22:25.259610Z,
HE.LOVF.00.CZ | 2025-08-13T15:22:04.782407Z - 2025-08-13T15:23:04.782407Z,,,,,,,2025-08-13T15:22:31.823190Z,,2025-08-13T15:22:38.765770Z,
HE.NIF.00.BHZ | 2025-08-13T15:22:53.776773Z - 2025-08-13T15:23:53.776773Z,,,,,,,,,2025-08-13T15:23:39.579000Z,
HE.NUR.00.SHZ | 2025-08-13T15:22:18.376723Z - 2025-08-13T15:23:18.376723Z,,,,,,,2025-08-13T15:22:43.700780Z,,2025-08-13T15:22:58.675860Z,
HE.PVF.00.CN | 2025-08-13T15:21:48.789893Z - 2025-08-13T15:22:48.789893Z,,,,,,,2025-08-13T15:22:33.563760Z,,2025-08-13T15:22:41.665260Z,
HE.RAF.00.BHZ | 2025-08-13T15:22:49.192460Z - 2025-08-13T15:23:49.192460Z,,,,,,,2025-08-13T15:23:05.928710Z,,2025-08-13T15:23:39.406050Z,
HE.RUF.00.BHZ | 2025-08-13T15:22:35.422685Z - 2025-08-13T15:23:35.422685Z,,,,,,,2025-08-13T15:22:42.526560Z,,2025-08-13T15:22:56.265510Z,
HE.SUF.00.BHZ | 2025-08-13T15:22:56.656430Z - 2025-08-13T15:23:56.656430Z,,,,,,,,,2025-08-13T15:23:21.643040Z,
HE.TRE03.00.CZ | 2025-08-13T15:22:42.368606Z - 2025-08-13T15:23:42.368606Z,,,,,,,2025-08-13T15:22:50.162220Z,,2025-08-13T15:23:09.540590Z,
HE.TVF.00.BHZ | 2025-08-13T15:23:14.757384Z - 2025-08-13T15:24:14.757384Z,,,,,,,,,2025-08-13T15:23:26.494040Z,
HE.VJF.00.?HZ | 2025-08-13T15:21:59.180074Z - 2025-08-13T15:22:59.180074Z,,,,,,,2025-08-13T15:22:29.914830Z,,2025-08-13T15:22:35.494700Z,
HE.FIA0.00.?HZ | 2025-08-13T15:25:17.704609Z - 2025-08-13T15:26:17.704609Z,,,,,,,2025-08-13T15:25:54.181590Z,,2025-08-13T15:26:03.418160Z,
HE.FIA1.00.?HZ | 2025-08-13T15:25:09.866351Z - 2025-08-13T15:26:09.866351Z,,,,,,,2025-08-13T15:25:54.322820Z,,2025-08-13T15:26:03.366620Z,
HE.KY02.00.CZ | 2025-08-13T15:25:31.082342Z - 2025-08-13T15:26:31.082342Z,,,,,,,2025-08-13T15:25:43.360530Z,,2025-08-13T15:25:45.251230Z,
HE.KY17.00.CZ | 2025-08-13T15:24:49.794732Z - 2025-08-13T15:25:49.794732Z,,,,,,,2025-08-13T15:25:42.541220Z,,2025-08-13T15:25:43.903250Z,
HE.LOVF.00.CZ | 2025-08-13T15:25:49.267893Z - 2025-08-13T15:26:49.267893Z,,,,,,,,,2025-08-13T15:25:57.315950Z,
HE.PVF.00.CZ | 2025-08-13T15:25:42.855404Z - 2025-08-13T15:26:42.855404Z,,,,,,,2025-08-13T15:25:52.230240Z,,2025-08-13T15:26:00.128260Z,
HE.VJF.00.?HZ | 2025-08-13T15:25:10.828891Z - 2025-08-13T15:26:10.828891Z,,,,,,,2025-08-13T15:25:48.566440Z,,2025-08-13T15:25:53.848040Z,
HE.FIA0.00.?HZ | 2025-08-13T15:17:29.703831Z - 2025-08-13T15:18:29.703831Z,,,,,,,2025-08-13T15:18:09.192370Z,,2025-08-13T15:18:18.208480Z,
HE.LOVF.00.CZ | 2025-08-13T15:17:36.093777Z - 2025-08-13T15:18:36.093777Z,,,,,,,2025-08-13T15:18:05.516540Z,,2025-08-13T15:18:12.263510Z,
HE.FIA0.00.?HZ | 2025-08-13T10:40:00.613524Z - 2025-08-13T10:41:00.613524Z,,,,,,,2025-08-13T10:40:33.046570Z,,2025-08-13T10:40:49.981390Z,
HE.FIA1.00.?HZ | 2025-08-13T10:40:02.721220Z - 2025-08-13T10:41:02.721220Z,,,,,,,2025-08-13T10:40:33.494120Z,,2025-08-13T10:40:50.047790Z,
HE.KAF.00.?HZ | 2025-08-13T10:40:30.388607Z - 2025-08-13T10:41:30.388607Z,,,,,,,2025-08-13T10:40:37.512560Z,,2025-08-13T10:40:57.059190Z,
HE.KY02.00.CZ | 2025-08-13T10:39:48.384192Z - 2025-08-13T10:40:48.384192Z,,,,,,,2025-08-13T10:40:26.717840Z,,2025-08-13T10:40:40.099550Z,
HE.KY17.00.CZ | 2025-08-13T10:40:08.908242Z - 2025-08-13T10:41:08.908242Z,,,,,,,2025-08-13T10:40:24.514960Z,,2025-08-13T10:40:36.026770Z,
HE.LOVF.00.CZ | 2025-08-13T10:39:58.211472Z - 2025-08-13T10:40:58.211472Z,,,,,,,,,2025-08-13T10:40:51.958750Z,
HE.PVF.00.CZ | 2025-08-13T10:40:24.328264Z - 2025-08-13T10:41:24.328264Z,,,,,,,2025-08-13T10:40:36.166520Z,,2025-08-13T10:40:56.401640Z,
HE.RUF.00.BHZ | 2025-08-13T10:39:49.770873Z - 2025-08-13T10:40:49.770873Z,,,,,,,2025-08-13T10:40:16.457090Z,,2025-08-13T10:40:20.676050Z,
HE.SUF.00.BHZ | 2025-08-13T10:40:21.294190Z - 2025-08-13T10:41:21.294190Z,,,,,,,2025-08-13T10:40:46.127460Z,,2025-08-13T10:41:11.106160Z,
HE.VJF.00.?HZ | 2025-08-13T10:40:17.447507Z - 2025-08-13T10:41:17.447507Z,,,,,,,2025-08-13T10:40:24.473570Z,,2025-08-13T10:40:35.422330Z,
FN.KLF.00.BHZ | 2025-08-17T03:15:15.726713Z - 2025-08-17T03:16:15.726713Z,,,,,,,2025-08-17T03:15:38.396350Z,,2025-08-17T03:16:06.609250Z,
FN.KMNF.00.?HZ | 2025-08-17T03:16:06.830333Z - 2025-08-17T03:17:06.830333Z,,,,,,,,,2025-08-17T03:16:59.079560Z,
FN.MSF.00.BHZ | 2025-08-17T03:15:36.713631Z - 2025-08-17T03:16:36.713631Z,,,,,,,,,2025-08-17T03:16:29.174590Z,
FN.OUL.00.BHZ | 2025-08-17T03:15:15.971006Z - 2025-08-17T03:16:15.971006Z,,,,,,,2025-08-17T03:15:31.878380Z,,2025-08-17T03:15:55.853190Z,
FN.RANF.00.?HZ | 2025-08-17T03:15:28.496270Z - 2025-08-17T03:16:28.496270Z,,,,,,,2025-08-17T03:15:38.573290Z,,2025-08-17T03:16:08.266500Z,
FN.RNF.00.BHZ | 2025-08-17T03:15:50.258037Z - 2025-08-17T03:16:50.258037Z,,,,,,,,,2025-08-17T03:16:13.166800Z,
FN.SGF.00.BHZ | 2025-08-17T03:15:49.490984Z - 2025-08-17T03:16:49.490984Z,,,,,,,,,2025-08-17T03:16:24.337360Z,
HE.FIA1.00.?HZ | 2025-08-17T03:16:19.811388Z - 2025-08-17T03:17:19.811388Z,,,,,,,,,2025-08-17T03:16:50.453340Z,
HE.HEF.00.BHZ | 2025-08-17T03:16:03.428418Z - 2025-08-17T03:17:03.428418Z,,,,,,,,,2025-08-17T03:16:30.887450Z,
HE.JOF.00.BHN | 2025-08-17T03:16:24.066778Z - 2025-08-17T03:17:24.066778Z,,,,,,,,,2025-08-17T03:17:06.587660Z,
HE.KAF.00.?HZ | 2025-08-17T03:16:08.421518Z - 2025-08-17T03:17:08.421518Z,,,,,,,,,2025-08-17T03:16:38.952280Z,
HE.KEF.00.?HZ | 2025-08-17T03:15:36.836186Z - 2025-08-17T03:16:36.836186Z,,,,,,,2025-08-17T03:15:51.928000Z,,2025-08-17T03:16:29.347080Z,
HE.KJNF.00.CZ | 2025-08-17T03:15:26.787567Z - 2025-08-17T03:16:26.787567Z,,,,,,,2025-08-17T03:15:44.090100Z,,2025-08-17T03:16:16.878610Z,
HE.KPF.00.BHZ | 2025-08-17T03:15:45.574093Z - 2025-08-17T03:16:45.574093Z,,,,,,,2025-08-17T03:15:51.503010Z,,2025-08-17T03:16:28.659110Z,
HE.KU1.00.SHZ | 2025-08-17T03:15:42.742088Z - 2025-08-17T03:16:42.742088Z,,,,,,,2025-08-17T03:15:52.938890Z,,2025-08-17T03:16:32.934820Z,
HE.KU2.00.SHZ | 2025-08-17T03:16:01.575693Z - 2025-08-17T03:17:01.575693Z,,,,,,,,,2025-08-17T03:16:20.141250Z,
HE.KU6.00.BHZ | 2025-08-17T03:16:03.229437Z - 2025-08-17T03:17:03.229437Z,,,,,,,,,2025-08-17T03:16:37.251110Z,
HE.NIF.00.BHZ | 2025-08-17T03:15:02.471442Z - 2025-08-17T03:16:02.471442Z,,,,,,,2025-08-17T03:15:51.193880Z,,,
HE.OBF0.00.BHZ | 2025-08-17T03:14:54.578667Z - 2025-08-17T03:15:54.578667Z,,,,,,,2025-08-17T03:15:24.557560Z,,2025-08-17T03:15:42.827190Z,
HE.OBF3.00.BHZ | 2025-08-17T03:15:01.112747Z - 2025-08-17T03:16:01.112747Z,,,,,,,2025-08-17T03:15:25.702520Z,,2025-08-17T03:15:44.862680Z,
HE.OBF8.00.BHZ | 2025-08-17T03:15:28.900659Z - 2025-08-17T03:16:28.900659Z,,,,,,,,,2025-08-17T03:15:37.499100Z,
HE.OUF.00.BHZ | 2025-08-17T03:15:05.747912Z - 2025-08-17T03:16:05.747912Z,,,,,,,,,2025-08-17T03:15:49.946230Z,
HE.RMF.00.BHN | 2025-08-17T03:16:34.597039Z - 2025-08-17T03:17:34.597039Z,,,,,,,,,2025-08-17T03:16:40.392510Z,
HE.SUF.00.BHZ | 2025-08-17T03:15:38.883620Z - 2025-08-17T03:16:38.883620Z,,,,,,,2025-08-17T03:15:50.097150Z,,2025-08-17T03:16:26.059700Z,
HE.TOF.00.BHZ | 2025-08-17T03:15:02.813333Z - 2025-08-17T03:16:02.813333Z,,,,,,,2025-08-17T03:15:27.565080Z,,2025-08-17T03:15:48.247190Z,
HE.VAF.00.BHZ | 2025-08-17T03:15:22.100143Z - 2025-08-17T03:16:22.100143Z,,,,,,,2025-08-17T03:15:35.707380Z,,2025-08-17T03:16:00.988180Z,
HE.FIA0.00.?HZ | 2025-08-17T04:59:36.946654Z - 2025-08-17T05:00:36.946654Z,,,,,,,,,2025-08-17T04:59:50.693780Z,
HE.FIA1.00.?HZ | 2025-08-17T04:59:10.471559Z - 2025-08-17T05:00:10.471559Z,,,,,,,,,2025-08-17T04:59:50.833510Z,
HE.KEF.00.?HZ | 2025-08-17T04:59:22.601467Z - 2025-08-17T05:00:22.601467Z,,,,,,,,,2025-08-17T04:59:51.907290Z,
HE.KORF.00.CZ | 2025-08-17T04:57:52.445198Z - 2025-08-17T04:58:52.445198Z,,,,,,,2025-08-17T04:58:34.865470Z,,2025-08-17T04:58:36.172850Z,
HE.KPF.00.BHZ | 2025-08-17T04:58:58.119726Z - 2025-08-17T04:59:58.119726Z,,,,,,,2025-08-17T04:59:04.728410Z,,2025-08-17T04:59:28.025150Z,
HE.LAUT.00.BHZ | 2025-08-17T04:59:12.666863Z - 2025-08-17T05:00:12.666863Z,,,,,,,,,2025-08-17T04:59:23.970980Z,
HE.MEF.00.BHZ | 2025-08-17T04:58:50.178214Z - 2025-08-17T04:59:50.178214Z,,,,,,,2025-08-17T04:58:57.901090Z,,2025-08-17T04:59:15.291780Z,
HE.NUR.00.SHZ | 2025-08-17T04:58:27.390525Z - 2025-08-17T04:59:27.390525Z,,,,,,,2025-08-17T04:59:00.887010Z,,2025-08-17T04:59:20.671660Z,
HE.PVF.00.CZ | 2025-08-17T04:58:47.407464Z - 2025-08-17T04:59:47.407464Z,,,,,,,,,2025-08-17T04:59:37.369050Z,
HE.RAF.00.BHZ | 2025-08-17T04:58:34.012729Z - 2025-08-17T04:59:34.012729Z,,,,,,,2025-08-17T04:58:50.049500Z,,2025-08-17T04:59:02.366760Z,
HE.TRE03.00.CZ | 2025-08-17T04:58:52.830544Z - 2025-08-17T04:59:52.830544Z,,,,,,,2025-08-17T04:59:08.253730Z,,2025-08-17T04:59:33.462360Z,
HE.TVF.00.BHZ | 2025-08-17T04:58:16.138409Z - 2025-08-17T04:59:16.138409Z,,,,,,,2025-08-17T04:58:48.604260Z,,2025-08-17T04:58:58.705580Z,
UP.AAL.00.BHZ | 2025-08-17T04:58:06.377461Z - 2025-08-17T04:59:06.377461Z,,,,,,,2025-08-17T04:58:48.944300Z,,2025-08-17T04:58:59.557860Z,
FN.MSF.00.BHZ | 2025-08-13T06:07:38.105859Z - 2025-08-13T06:08:38.105859Z,,,,,,,,,2025-08-13T06:08:11.386190Z,
FN.OLKF.00.BHZ | 2025-08-13T06:07:32.486954Z - 2025-08-13T06:08:32.486954Z,,,,,,,2025-08-13T06:08:05.248640Z,,2025-08-13T06:08:09.148160Z,
HE.KU1.00.SHZ | 2025-08-13T06:07:44.328283Z - 2025-08-13T06:08:44.328283Z,,,,,,,2025-08-13T06:08:09.529750Z,,2025-08-13T06:08:16.204940Z,
HE.KU2.00.SHZ | 2025-08-13T06:07:27.511804Z - 2025-08-13T06:08:27.511804Z,,,,,,,2025-08-13T06:08:11.923840Z,,2025-08-13T06:08:21.401260Z,
HE.KU6.00.BHZ | 2025-08-13T06:07:46.451386Z - 2025-08-13T06:08:46.451386Z,,,,,,,2025-08-13T06:08:03.210000Z,,2025-08-13T06:08:06.193970Z,
FN.MSF.00.BHZ | 2025-08-18T08:05:46.365506Z - 2025-08-18T08:06:46.365506Z,,,,,,,2025-08-18T08:06:07.940040Z,,2025-08-18T08:06:11.692960Z,
FN.OLKF.00.BHZ | 2025-08-18T08:05:32.350652Z - 2025-08-18T08:06:32.350652Z,,,,,,,2025-08-18T08:06:13.158630Z,,2025-08-18T08:06:20.441720Z,
FN.RANF.00.?HZ | 2025-08-18T08:05:59.312400Z - 2025-08-18T08:06:59.312400Z,,,,,,,2025-08-18T08:06:22.029670Z,,2025-08-18T08:06:35.499720Z,
HE.KU1.00.SHZ | 2025-08-18T08:05:44.005670Z - 2025-08-18T08:06:44.005670Z,,,,,,,2025-08-18T08:06:08.484870Z,,2025-08-18T08:06:12.603950Z,
HE.KU2.00.SHZ | 2025-08-18T08:05:50.093634Z - 2025-08-18T08:06:50.093634Z,,,,,,,2025-08-18T08:06:11.887360Z,,2025-08-18T08:06:18.285210Z,
HE.KU6.00.BHZ | 2025-08-18T08:05:23.452839Z - 2025-08-18T08:06:23.452839Z,,,,,,,2025-08-18T08:06:09.849130Z,,2025-08-18T08:06:15.038690Z,
HE.FIA0.00.?HZ | 2025-08-18T20:13:32.370698Z - 2025-08-18T20:14:32.370698Z,,,,,,,2025-08-18T20:13:48.165190Z,,2025-08-18T20:14:15.405350Z,
HE.FIA1.00.?HZ | 2025-08-18T20:13:42.212657Z - 2025-08-18T20:14:42.212657Z,,,,,,,2025-08-18T20:13:48.133220Z,,2025-08-18T20:14:15.342000Z,
HE.HEL1.00.BHZ | 2025-08-18T20:13:09.791832Z - 2025-08-18T20:14:09.791832Z,,,,,,,,,2025-08-18T20:13:40.749780Z,
HE.HEL5.00.BHZ | 2025-08-18T20:13:03.154988Z - 2025-08-18T20:14:03.154988Z,,,,,,,2025-08-18T20:13:26.772100Z,,2025-08-18T20:13:37.789670Z,
HE.KORF.00.CZ | 2025-08-18T20:13:18.528465Z - 2025-08-18T20:14:18.528465Z,,,,,,,2025-08-18T20:13:25.506590Z,,2025-08-18T20:13:35.314080Z,
HE.KPF.00.BHZ | 2025-08-18T20:13:27.637164Z - 2025-08-18T20:14:27.637164Z,,,,,,,2025-08-18T20:13:46.224320Z,,2025-08-18T20:14:10.986970Z,
HE.LOVF.00.CZ | 2025-08-18T20:13:13.650042Z - 2025-08-18T20:14:13.650042Z,,,,,,,2025-08-18T20:13:41.636370Z,,2025-08-18T20:14:02.432660Z,
HE.MEF.00.BHZ | 2025-08-18T20:13:11.596517Z - 2025-08-18T20:14:11.596517Z,,,,,,,2025-08-18T20:13:24.290940Z,,2025-08-18T20:13:33.856960Z,
HE.NUR.00.SHZ | 2025-08-18T20:12:59.836225Z - 2025-08-18T20:13:59.836225Z,,,,,,,2025-08-18T20:13:28.796450Z,,2025-08-18T20:13:42.073470Z,
HE.PVF.00.CZ | 2025-08-18T20:13:03.007707Z - 2025-08-18T20:14:03.007707Z,,,,,,,2025-08-18T20:13:38.545200Z,,2025-08-18T20:13:57.947600Z,
HE.RAF.00.BHZ | 2025-08-18T20:13:22.290174Z - 2025-08-18T20:14:22.290174Z,,,,,,,2025-08-18T20:13:33.703820Z,,2025-08-18T20:13:50.140100Z,
HE.TVF.00.BHZ | 2025-08-18T20:12:59.167010Z - 2025-08-18T20:13:59.167010Z,,,,,,,2025-08-18T20:13:12.861150Z,,2025-08-18T20:13:14.694870Z,
UP.AAL.00.BHZ | 2025-08-18T20:13:11.855159Z - 2025-08-18T20:14:11.855159Z,,,,,,,2025-08-18T20:13:38.482640Z,,2025-08-18T20:13:58.409700Z,
HE.FIA0.00.?HZ | 2025-08-20T13:06:27.987609Z - 2025-08-20T13:07:27.987609Z,,,,,,,,,2025-08-20T13:06:57.477080Z,
HE.FIA1.00.?HZ | 2025-08-20T13:06:33.539213Z - 2025-08-20T13:07:33.539213Z,,,,,,,,,2025-08-20T13:06:57.477080Z,
HE.KEF.00.?HZ | 2025-08-20T13:06:18.319756Z - 2025-08-20T13:07:18.319756Z,,,,,,,,,2025-08-20T13:06:54.742720Z,
HE.KORF.00.CZ | 2025-08-20T13:05:33.391635Z - 2025-08-20T13:06:33.391635Z,,,,,,,2025-08-20T13:05:55.245570Z,,2025-08-20T13:06:01.999990Z,
HE.KPF.00.BHZ | 2025-08-20T13:06:01.255715Z - 2025-08-20T13:07:01.255715Z,,,,,,,2025-08-20T13:06:08.324170Z,,2025-08-20T13:06:24.448810Z,
HE.PVF.00.CZ | 2025-08-20T13:05:58.675825Z - 2025-08-20T13:06:58.675825Z,,,,,,,,,2025-08-20T13:06:52.292880Z,
HE.RAF.00.BHZ | 2025-08-20T13:05:25.267982Z - 2025-08-20T13:06:25.267982Z,,,,,,,2025-08-20T13:05:53.489980Z,,2025-08-20T13:05:58.925680Z,
UP.AAL.00.BHZ | 2025-08-20T13:05:41.831996Z - 2025-08-20T13:06:41.831996Z,,,,,,,2025-08-20T13:06:01.838450Z,,2025-08-20T13:06:12.979370Z,
FN.KLF.00.BHZ | 2025-08-22T03:37:35.605349Z - 2025-08-22T03:38:35.605349Z,,,,,,,2025-08-22T03:37:58.778400Z,,2025-08-22T03:38:22.144120Z,
FN.KMNF.00.?HZ | 2025-08-22T03:37:54.606173Z - 2025-08-22T03:38:54.606173Z,,,,,,,2025-08-22T03:38:15.401950Z,,2025-08-22T03:38:47.005910Z,
FN.MSF.00.BHZ | 2025-08-22T03:37:53.787343Z - 2025-08-22T03:38:53.787343Z,,,,,,,2025-08-22T03:38:32.690600Z,,,
FN.OLKF.00.BHZ | 2025-08-22T03:38:23.888566Z - 2025-08-22T03:39:23.888566Z,,,,,,,2025-08-22T03:38:30.142070Z,,2025-08-22T03:39:17.988870Z,
FN.OUL.00.BHZ | 2025-08-22T03:38:55.475155Z - 2025-08-22T03:39:55.475155Z,,,,,,,,,2025-08-22T03:39:11.421700Z,
FN.RAJF.00.?HZ | 2025-08-22T03:38:10.953567Z - 2025-08-22T03:39:10.953567Z,,,,,,,2025-08-22T03:38:17.394390Z,,2025-08-22T03:38:54.881600Z,
FN.RANF.00.?HZ | 2025-08-22T03:38:14.948304Z - 2025-08-22T03:39:14.948304Z,,,,,,,2025-08-22T03:38:21.034770Z,,2025-08-22T03:39:08.896450Z,
FN.RNF.00.BHZ | 2025-08-22T03:37:59.162592Z - 2025-08-22T03:38:59.162592Z,,,,,,,2025-08-22T03:38:15.395210Z,,2025-08-22T03:38:51.372960Z,
FN.SGF.00.BHZ | 2025-08-22T03:37:54.117529Z - 2025-08-22T03:38:54.117529Z,,,,,,,2025-08-22T03:38:10.006310Z,,2025-08-22T03:38:45.701250Z,
HE.HEF.00.BHZ | 2025-08-22T03:37:34.090397Z - 2025-08-22T03:38:34.090397Z,,,,,,,2025-08-22T03:37:53.692310Z,,2025-08-22T03:38:12.702380Z,
HE.KIF.00.BHZ | 2025-08-22T03:37:30.164394Z - 2025-08-22T03:38:30.164394Z,,,,,,,2025-08-22T03:37:45.406500Z,,2025-08-22T03:37:59.108560Z,
HE.KU2.00.SHZ | 2025-08-22T03:38:22.389337Z - 2025-08-22T03:39:22.389337Z,,,,,,,2025-08-22T03:38:30.033430Z,,2025-08-22T03:39:17.129480Z,
HE.OBF0.00.BHZ | 2025-08-22T03:38:34.790287Z - 2025-08-22T03:39:34.790287Z,,,,,,,,,2025-08-22T03:39:15.633800Z,
HE.TOF.00.BHZ | 2025-08-22T03:38:00.597398Z - 2025-08-22T03:39:00.597398Z,,,,,,,2025-08-22T03:38:11.143820Z,,2025-08-22T03:38:46.994320Z,
FN.KLF.00.BHZ | 2025-08-23T20:59:38.266169Z - 2025-08-23T21:00:38.266169Z,,,,,,,2025-08-23T20:59:47.096360Z,,2025-08-23T20:59:55.166450Z,
FN.MSF.00.BHZ | 2025-08-23T21:00:04.453788Z - 2025-08-23T21:01:04.453788Z,,,,,,,2025-08-23T21:00:14.811190Z,,2025-08-23T21:00:43.850680Z,
FN.OLKF.00.BHZ | 2025-08-23T21:00:32.234721Z - 2025-08-23T21:01:32.234721Z,,,,,,,,,2025-08-23T21:00:44.748260Z,
FN.OUL.00.BHZ | 2025-08-23T20:59:42.545388Z - 2025-08-23T21:00:42.545388Z,,,,,,,2025-08-23T21:00:08.285680Z,,2025-08-23T21:00:31.361000Z,
FN.RAJF.00.?HZ | 2025-08-23T21:00:11.110746Z - 2025-08-23T21:01:11.110746Z,,,,,,,2025-08-23T21:00:18.810530Z,,2025-08-23T21:00:51.872840Z,
FN.RANF.00.?HZ | 2025-08-23T20:59:32.998955Z - 2025-08-23T21:00:32.998955Z,,,,,,,2025-08-23T21:00:01.442210Z,,2025-08-23T21:00:19.764060Z,
FN.RNF.00.BHZ | 2025-08-23T20:59:19.187652Z - 2025-08-23T21:00:19.187652Z,,,,,,,2025-08-23T20:59:52.888300Z,,2025-08-23T21:00:05.067440Z,
FN.SGF.00.BHZ | 2025-08-23T20:59:30.407469Z - 2025-08-23T21:00:30.407469Z,,,,,,,2025-08-23T21:00:00.835490Z,,2025-08-23T21:00:18.655560Z,
HE.HEF.00.BHZ | 2025-08-23T20:59:54.437961Z - 2025-08-23T21:00:54.437961Z,,,,,,,2025-08-23T21:00:07.534750Z,,2025-08-23T21:00:31.064550Z,
HE.KIF.00.BHZ | 2025-08-23T20:59:28.337491Z - 2025-08-23T21:00:28.337491Z,,,,,,,2025-08-23T21:00:21.160590Z,,,
HE.KU1.00.SHZ | 2025-08-23T20:59:40.581306Z - 2025-08-23T21:00:40.581306Z,,,,,,,2025-08-23T21:00:20.173850Z,,,
HE.KU2.00.SHZ | 2025-08-23T21:00:02.215996Z - 2025-08-23T21:01:02.215996Z,,,,,,,2025-08-23T21:00:12.697830Z,,2025-08-23T21:00:37.992770Z,
HE.KU6.00.BHZ | 2025-08-23T21:00:00.467232Z - 2025-08-23T21:01:00.467232Z,,,,,,,,,2025-08-23T21:00:53.106260Z,
HE.OBF0.00.BHZ | 2025-08-23T20:59:52.172452Z - 2025-08-23T21:00:52.172452Z,,,,,,,,,2025-08-23T21:00:42.276850Z,
HE.OBF3.00.BHZ | 2025-08-23T20:59:26.925214Z - 2025-08-23T21:00:26.925214Z,,,,,,,2025-08-23T21:00:09.687750Z,,,
HE.TOF.00.BHZ | 2025-08-23T20:59:08.095554Z - 2025-08-23T21:00:08.095554Z,,,,,,,2025-08-23T20:59:47.259860Z,,2025-08-23T20:59:55.305450Z,
FN.MSF.00.BHZ | 2025-08-24T10:42:22.837006Z - 2025-08-24T10:43:22.837006Z,,,,,,,2025-08-24T10:42:31.230640Z,,2025-08-24T10:42:35.263110Z,
FN.OLKF.00.BHZ | 2025-08-24T10:41:56.449061Z - 2025-08-24T10:42:56.449061Z,,,,,,,2025-08-24T10:42:38.843420Z,,2025-08-24T10:42:47.965600Z,
FN.OUL.00.BHZ | 2025-08-24T10:42:25.070320Z - 2025-08-24T10:43:25.070320Z,,,,,,,2025-08-24T10:42:48.485900Z,,2025-08-24T10:43:04.387170Z,
FN.RANF.00.?HZ | 2025-08-24T10:42:26.681934Z - 2025-08-24T10:43:26.681934Z,,,,,,,2025-08-24T10:42:40.642020Z,,2025-08-24T10:42:51.249910Z,
FN.RNF.00.BHZ | 2025-08-24T10:42:17.303486Z - 2025-08-24T10:43:17.303486Z,,,,,,,2025-08-24T10:42:51.249910Z,,2025-08-24T10:43:09.756760Z,
HE.KJNF.00.CZ | 2025-08-24T10:42:56.081036Z - 2025-08-24T10:43:56.081036Z,,,,,,,,,2025-08-24T10:43:09.339710Z,
HE.KU1.00.SHZ | 2025-08-24T10:42:14.486432Z - 2025-08-24T10:43:14.486432Z,,,,,,,2025-08-24T10:42:32.609080Z,,2025-08-24T10:42:37.568010Z,
HE.KU2.00.SHZ | 2025-08-24T10:41:53.426021Z - 2025-08-24T10:42:53.426021Z,,,,,,,2025-08-24T10:42:29.392140Z,,2025-08-24T10:42:32.201010Z,
HE.KU6.00.BHZ | 2025-08-24T10:42:20.244058Z - 2025-08-24T10:43:20.244058Z,,,,,,,2025-08-24T10:42:36.762260Z,,2025-08-24T10:42:45.012680Z,
HE.NIF.00.BHZ | 2025-08-24T10:42:53.577659Z - 2025-08-24T10:43:53.577659Z,,,,,,,,,2025-08-24T10:43:33.392480Z,
HE.OBF3.00.BHN | 2025-08-24T10:42:49.944798Z - 2025-08-24T10:43:49.944798Z,,,,,,,,,2025-08-24T10:43:21.330060Z,
HE.RMF.00.BHZ | 2025-08-24T10:42:38.426897Z - 2025-08-24T10:43:38.426897Z,,,,,,,,,2025-08-24T10:43:11.685650Z,
HE.TOF.00.BHZ | 2025-08-24T10:43:12.753267Z - 2025-08-24T10:44:12.753267Z,,,,,,,,,2025-08-24T10:43:19.974630Z,
HE.ECKF.00.CZ | 2025-08-24T01:20:30.277187Z - 2025-08-24T01:21:30.277187Z,,,,,,,,,2025-08-24T01:20:45.363080Z,
HE.FIA0.00.?HZ | 2025-08-24T01:20:13.216055Z - 2025-08-24T01:21:13.216055Z,,,,,,,2025-08-24T01:20:28.752920Z,,2025-08-24T01:20:56.555730Z,
HE.FIA1.00.?HZ | 2025-08-24T01:20:11.963967Z - 2025-08-24T01:21:11.963967Z,,,,,,,2025-08-24T01:20:28.511620Z,,2025-08-24T01:20:55.957280Z,
HE.HEL1.00.BHZ | 2025-08-24T01:19:54.138554Z - 2025-08-24T01:20:54.138554Z,,,,,,,2025-08-24T01:20:07.583090Z,,2025-08-24T01:20:20.124220Z,
HE.HEL5.00.BHZ | 2025-08-24T01:19:56.818463Z - 2025-08-24T01:20:56.818463Z,,,,,,,2025-08-24T01:20:06.205510Z,,2025-08-24T01:20:17.441370Z,
HE.KAF.00.?HZ | 2025-08-24T01:20:24.607023Z - 2025-08-24T01:21:24.607023Z,,,,,,,,,2025-08-24T01:21:11.897560Z,
HE.KEF.00.?HZ | 2025-08-24T01:20:12.088520Z - 2025-08-24T01:21:12.088520Z,,,,,,,2025-08-24T01:20:33.798180Z,,2025-08-24T01:21:04.049270Z,
HE.KORF.00.CZ | 2025-08-24T01:19:32.735286Z - 2025-08-24T01:20:32.735286Z,,,,,,,2025-08-24T01:20:05.181810Z,,2025-08-24T01:20:15.903290Z,
HE.KPF.00.BHZ | 2025-08-24T01:20:18.014050Z - 2025-08-24T01:21:18.014050Z,,,,,,,2025-08-24T01:20:25.517820Z,,2025-08-24T01:20:51.248950Z,
HE.LAUT.00.BHZ | 2025-08-24T01:19:52.931132Z - 2025-08-24T01:20:52.931132Z,,,,,,,2025-08-24T01:20:07.387340Z,,2025-08-24T01:20:19.678410Z,
HE.LOVF.00.CZ | 2025-08-24T01:20:13.774142Z - 2025-08-24T01:21:13.774142Z,,,,,,,2025-08-24T01:20:21.324360Z,,2025-08-24T01:20:42.636310Z,
HE.MEF.00.BHZ | 2025-08-24T01:19:58.474801Z - 2025-08-24T01:20:58.474801Z,,,,,,,2025-08-24T01:20:03.812450Z,,2025-08-24T01:20:13.416710Z,
HE.NUR.00.SHZ | 2025-08-24T01:19:59.871400Z - 2025-08-24T01:20:59.871400Z,,,,,,,2025-08-24T01:20:08.681030Z,,2025-08-24T01:20:21.764590Z,
HE.PVF.00.CN | 2025-08-24T01:20:04.404440Z - 2025-08-24T01:21:04.404440Z,,,,,,,2025-08-24T01:20:18.112270Z,,2025-08-24T01:20:37.630430Z,
HE.RAF.00.BHZ | 2025-08-24T01:20:06.002667Z - 2025-08-24T01:21:06.002667Z,,,,,,,2025-08-24T01:20:13.286190Z,,2025-08-24T01:20:30.366070Z,
HE.TRE03.00.CZ | 2025-08-24T01:20:14.188583Z - 2025-08-24T01:21:14.188583Z,,,,,,,2025-08-24T01:20:22.697390Z,,2025-08-24T01:20:45.475130Z,
HE.TVF.00.BHZ | 2025-08-24T01:19:14.930314Z - 2025-08-24T01:20:14.930314Z,,,,,,,2025-08-24T01:19:52.432370Z,,2025-08-24T01:19:54.273120Z,
FN.KLF.00.BHZ | 2025-08-26T10:52:21.597925Z - 2025-08-26T10:53:21.597925Z,,,,,,,2025-08-26T10:52:49.293350Z,,2025-08-26T10:53:10.917770Z,
FN.OUL.00.BHZ | 2025-08-26T10:52:14.993353Z - 2025-08-26T10:53:14.993353Z,,,,,,,2025-08-26T10:52:45.491700Z,,2025-08-26T10:53:05.753600Z,
FN.RANF.00.?HZ | 2025-08-26T10:52:23.592337Z - 2025-08-26T10:53:23.592337Z,,,,,,,2025-08-26T10:52:50.445620Z,,2025-08-26T10:53:14.746700Z,
FN.RNF.00.BHZ | 2025-08-26T10:52:17.467660Z - 2025-08-26T10:53:17.467660Z,,,,,,,2025-08-26T10:52:49.856060Z,,2025-08-26T10:53:12.072350Z,
FN.SGF.00.BHZ | 2025-08-26T10:53:25.659616Z - 2025-08-26T10:54:25.659616Z,,,,,,,,,2025-08-26T10:53:30.728430Z,
HE.KU2.00.SHZ | 2025-08-26T10:53:18.615977Z - 2025-08-26T10:54:18.615977Z,,,,,,,,,2025-08-26T10:53:29.937990Z,
HE.OBF0.00.BHZ | 2025-08-26T10:52:15.732162Z - 2025-08-26T10:53:15.732162Z,,,,,,,,,2025-08-26T10:53:00.791950Z,
HE.OBF3.00.BHZ | 2025-08-26T10:52:06.925726Z - 2025-08-26T10:53:06.925726Z,,,,,,,2025-08-26T10:52:41.143550Z,,2025-08-26T10:52:57.486560Z,
HE.OBF8.00.BHZ | 2025-08-26T10:52:32.861748Z - 2025-08-26T10:53:32.861748Z,,,,,,,,,2025-08-26T10:53:01.115500Z,
HE.TOF.00.BHZ | 2025-08-26T10:52:08.757647Z - 2025-08-26T10:53:08.757647Z,,,,,,,2025-08-26T10:52:34.415630Z,,2025-08-26T10:52:45.518240Z,
FN.KLF.00.BHZ | 2025-08-26T17:49:25.929897Z - 2025-08-26T17:50:25.929897Z,,,,,,,2025-08-26T17:49:37.585890Z,,2025-08-26T17:49:46.971980Z,
FN.KMNF.00.?HZ | 2025-08-26T17:50:17.109984Z - 2025-08-26T17:51:17.109984Z,,,,,,,,,2025-08-26T17:50:34.081600Z,
FN.RANF.00.?HZ | 2025-08-26T17:50:00.202645Z - 2025-08-26T17:51:00.202645Z,,,,,,,,,2025-08-26T17:50:35.570920Z,
FN.RNF.00.BHZ | 2025-08-26T17:49:28.116652Z - 2025-08-26T17:50:28.116652Z,,,,,,,2025-08-26T17:49:55.091150Z,,2025-08-26T17:50:17.320530Z,
FN.SGF.00.BHZ | 2025-08-26T17:49:23.096524Z - 2025-08-26T17:50:23.096524Z,,,,,,,2025-08-26T17:49:52.912520Z,,2025-08-26T17:50:14.111150Z,
HE.HEF.00.BHZ | 2025-08-26T17:49:35.615832Z - 2025-08-26T17:50:35.615832Z,,,,,,,2025-08-26T17:49:41.706980Z,,2025-08-26T17:49:54.315540Z,
HE.KIF.00.BHZ | 2025-08-26T17:49:48.466720Z - 2025-08-26T17:50:48.466720Z,,,,,,,,,2025-08-26T17:50:12.045110Z,
HE.TOF.00.BHZ | 2025-08-26T17:49:40.099094Z - 2025-08-26T17:50:40.099094Z,,,,,,,2025-08-26T17:49:54.521440Z,,2025-08-26T17:50:16.518180Z,
HE.FIA0.00.?HZ | 2025-08-28T13:04:19.859520Z - 2025-08-28T13:05:19.859520Z,,,,,,,2025-08-28T13:04:54.010000Z,,2025-08-28T13:05:06.380000Z,
HE.FIA1.00.?HZ | 2025-08-28T13:04:30.679629Z - 2025-08-28T13:05:30.679629Z,,,,,,,2025-08-28T13:04:54.020000Z,,2025-08-28T13:05:06.380000Z,
HE.HEL5.00.BHZ | 2025-08-28T13:04:40.546549Z - 2025-08-28T13:05:40.546549Z,,,,,,,,,2025-08-28T13:04:54.023650Z,
HE.KAF.00.?HZ | 2025-08-28T13:05:19.302558Z - 2025-08-28T13:06:19.302558Z,,,,,,,,,2025-08-28T13:05:26.420430Z,
HE.KEF.00.?HZ | 2025-08-28T13:04:54.593202Z - 2025-08-28T13:05:54.593202Z,,,,,,,,,2025-08-28T13:05:28.437300Z,
HE.KUNI.00.BHZ | 2025-08-28T13:04:31.121356Z - 2025-08-28T13:05:31.121356Z,,,,,,,2025-08-28T13:04:44.114000Z,,2025-08-28T13:04:48.986660Z,
HE.KY17.00.CZ | 2025-08-28T13:04:27.369455Z - 2025-08-28T13:05:27.369455Z,,,,,,,2025-08-28T13:04:52.265940Z,,2025-08-28T13:05:04.535620Z,
HE.LOVF.00.CZ | 2025-08-28T13:04:15.876595Z - 2025-08-28T13:05:15.876595Z,,,,,,,2025-08-28T13:04:44.670000Z,,2025-08-28T13:04:49.790000Z,
HE.MEF.00.BHZ | 2025-08-28T13:04:46.521451Z - 2025-08-28T13:05:46.521451Z,,,,,,,,,2025-08-28T13:04:55.994640Z,
HE.NUR.00.SHZ | 2025-08-28T13:04:10.771408Z - 2025-08-28T13:05:10.771408Z,,,,,,,,,2025-08-28T13:04:48.987630Z,
HE.PVF.00.CZ | 2025-08-28T13:04:33.408140Z - 2025-08-28T13:05:33.408140Z,,,,,,,2025-08-28T13:04:40.590000Z,,2025-08-28T13:04:43.160000Z,
HE.RAF.00.BHZ | 2025-08-28T13:05:05.213877Z - 2025-08-28T13:06:05.213877Z,,,,,,,,,2025-08-28T13:05:33.496600Z,
HE.VJF.00.?HZ | 2025-08-28T13:04:49.546351Z - 2025-08-28T13:05:49.546351Z,,,,,,,,,2025-08-28T13:05:09.463110Z,
HE.ECKF.00.CZ | 2025-08-29T19:16:52.804184Z - 2025-08-29T19:17:52.804184Z,,,,,,,2025-08-29T19:17:09.341890Z,,2025-08-29T19:17:14.803690Z,
HE.KORF.00.CZ | 2025-08-29T19:17:01.230952Z - 2025-08-29T19:18:01.230952Z,,,,,,,2025-08-29T19:17:14.180200Z,,2025-08-29T19:17:23.016340Z,
HE.KPF.00.BHZ | 2025-08-29T19:17:18.128658Z - 2025-08-29T19:18:18.128658Z,,,,,,,,,2025-08-29T19:17:53.667160Z,
HE.MEF.00.BHZ | 2025-08-29T19:17:13.597206Z - 2025-08-29T19:18:13.597206Z,,,,,,,,,2025-08-29T19:18:05.620030Z,
HE.RAF.00.BHZ | 2025-08-29T19:17:00.425702Z - 2025-08-29T19:18:00.425702Z,,,,,,,2025-08-29T19:17:19.215850Z,,2025-08-29T19:17:31.567450Z,
HE.TVF.00.BHZ | 2025-08-29T19:17:39.475185Z - 2025-08-29T19:18:39.475185Z,,,,,,,,,2025-08-29T19:17:50.900000Z,
UP.AAL.00.BHZ | 2025-08-29T19:16:38.651971Z - 2025-08-29T19:17:38.651971Z,,,,,,,2025-08-29T19:17:06.987660Z,,2025-08-29T19:17:10.566080Z,
FN.MSF.00.BHZ | 2025-09-03T17:13:00.465288Z - 2025-09-03T17:14:00.465288Z,,,,,,,2025-09-03T17:13:30.920740Z,,2025-09-03T17:13:51.388160Z,
FN.OLKF.00.BHZ | 2025-09-03T17:12:54.408575Z - 2025-09-03T17:13:54.408575Z,,,,,,,2025-09-03T17:13:25.557600Z,,2025-09-03T17:13:41.730160Z,
FN.RAJF.00.?HZ | 2025-09-03T17:13:43.195040Z - 2025-09-03T17:14:43.195040Z,,,,,,,,,2025-09-03T17:14:13.589000Z,
FN.RANF.00.?HZ | 2025-09-03T17:13:30.067622Z - 2025-09-03T17:14:30.067622Z,,,,,,,2025-09-03T17:13:43.694810Z,,2025-09-03T17:14:13.463570Z,
FN.RNF.00.BHZ | 2025-09-03T17:14:09.788037Z - 2025-09-03T17:15:09.788037Z,,,,,,,,,2025-09-03T17:14:18.606140Z,
FN.SGF.00.BHZ | 2025-09-03T17:14:04.108419Z - 2025-09-03T17:15:04.108419Z,,,,,,,,,2025-09-03T17:14:14.592430Z,
HE.KU1.00.SHZ | 2025-09-03T17:13:10.831609Z - 2025-09-03T17:14:10.831609Z,,,,,,,2025-09-03T17:13:31.493200Z,,2025-09-03T17:13:51.617540Z,
HE.KU2.00.SHZ | 2025-09-03T17:13:17.983306Z - 2025-09-03T17:14:17.983306Z,,,,,,,2025-09-03T17:13:37.089310Z,,2025-09-03T17:14:01.623930Z,
HE.KU6.00.BHZ | 2025-09-03T17:12:56.549382Z - 2025-09-03T17:13:56.549382Z,,,,,,,2025-09-03T17:13:24.340840Z,,2025-09-03T17:13:40.225020Z,
HE.VRF.00.BHZ | 2025-09-03T17:13:24.018234Z - 2025-09-03T17:14:24.018234Z,,,,,,,2025-09-03T17:13:29.712240Z,,2025-09-03T17:13:48.628730Z,
HE.ECKF.00.CZ | 2025-09-03T11:34:00.081168Z - 2025-09-03T11:35:00.081168Z,,,,,,,2025-09-03T11:34:19.186770Z,,2025-09-03T11:34:38.823300Z,
HE.KORF.00.CZ | 2025-09-03T11:34:47.954710Z - 2025-09-03T11:35:47.954710Z,,,,,,,,,2025-09-03T11:34:58.403310Z,
HE.KPF.00.BHZ | 2025-09-03T11:33:58.437042Z - 2025-09-03T11:34:58.437042Z,,,,,,,,,2025-09-03T11:34:51.964440Z,
HE.RAF.00.BHZ | 2025-09-03T11:33:56.726356Z - 2025-09-03T11:34:56.726356Z,,,,,,,2025-09-03T11:34:26.837710Z,,2025-09-03T11:34:50.382960Z,
UP.AAL.00.BHZ | 2025-09-03T11:34:36.909960Z - 2025-09-03T11:35:36.909960Z,,,,,,,,,2025-09-03T11:34:45.031710Z,
HE.KPF.00.BHZ | 2025-09-02T16:01:19.571145Z - 2025-09-02T16:02:19.571145Z,,,,,,,,,2025-09-02T16:01:49.549100Z,
HE.VAF.00.BHZ | 2025-09-02T16:01:11.222075Z - 2025-09-02T16:02:11.222075Z,,,,,,,2025-09-02T16:01:18.737110Z,,2025-09-02T16:01:42.199450Z,
FN.KLF.00.BHZ | 2025-09-04T12:08:28.727701Z - 2025-09-04T12:09:28.727701Z,,,,,,,2025-09-04T12:09:02.966590Z,,,
FN.KMNF.00.?HZ | 2025-09-04T12:08:43.558716Z - 2025-09-04T12:09:43.558716Z,,,,,,,2025-09-04T12:09:02.387090Z,,2025-09-04T12:09:33.182550Z,
FN.MSF.00.BHZ | 2025-09-04T12:08:22.277993Z - 2025-09-04T12:09:22.277993Z,,,,,,,2025-09-04T12:08:42.811760Z,,2025-09-04T12:08:58.634880Z,
FN.OLKF.00.BHZ | 2025-09-04T12:08:26.188190Z - 2025-09-04T12:09:26.188190Z,,,,,,,2025-09-04T12:08:35.769800Z,,2025-09-04T12:08:46.836730Z,
FN.RAJF.00.?HZ | 2025-09-04T12:08:30.605182Z - 2025-09-04T12:09:30.605182Z,,,,,,,2025-09-04T12:08:50.850710Z,,2025-09-04T12:09:13.330840Z,
FN.RANF.00.?HZ | 2025-09-04T12:08:45.916376Z - 2025-09-04T12:09:45.916376Z,,,,,,,2025-09-04T12:08:52.281290Z,,2025-09-04T12:09:15.467380Z,
FN.RNF.00.BHZ | 2025-09-04T12:08:30.089209Z - 2025-09-04T12:09:30.089209Z,,,,,,,2025-09-04T12:08:52.773960Z,,2025-09-04T12:09:17.187380Z,
FN.SGF.00.BHZ | 2025-09-04T12:08:34.459750Z - 2025-09-04T12:09:34.459750Z,,,,,,,2025-09-04T12:08:50.493000Z,,2025-09-04T12:09:12.449450Z,
HE.HEF.00.BHZ | 2025-09-04T12:09:02.546801Z - 2025-09-04T12:10:02.546801Z,,,,,,,2025-09-04T12:09:08.558030Z,,2025-09-04T12:09:44.076070Z,
HE.KU1.00.SHZ | 2025-09-04T12:08:18.309856Z - 2025-09-04T12:09:18.309856Z,,,,,,,2025-09-04T12:08:46.139180Z,,2025-09-04T12:09:04.888710Z,
HE.KU2.00.SHZ | 2025-09-04T12:08:28.795861Z - 2025-09-04T12:09:28.795861Z,,,,,,,2025-09-04T12:08:48.696010Z,,2025-09-04T12:09:09.099260Z,
HE.KU6.00.BHZ | 2025-09-04T12:08:12.785083Z - 2025-09-04T12:09:12.785083Z,,,,,,,2025-09-04T12:08:38.246780Z,,2025-09-04T12:08:50.859890Z,
HE.RMF.00.BHZ | 2025-09-04T12:08:44.645525Z - 2025-09-04T12:09:44.645525Z,,,,,,,2025-09-04T12:09:03.731610Z,,2025-09-04T12:09:35.469560Z,
FN.KLF.00.BHZ | 2025-09-05T17:08:18.112604Z - 2025-09-05T17:09:18.112604Z,,,,,,,2025-09-05T17:08:39.688170Z,,2025-09-05T17:08:54.851800Z,
FN.OLKF.00.BHZ | 2025-09-05T17:09:15.703902Z - 2025-09-05T17:10:15.703902Z,,,,,,,,,2025-09-05T17:09:25.160510Z,
FN.OUL.00.BHZ | 2025-09-05T17:08:26.845739Z - 2025-09-05T17:09:26.845739Z,,,,,,,2025-09-05T17:08:41.727060Z,,2025-09-05T17:08:58.783620Z,
FN.RANF.00.?HZ | 2025-09-05T17:08:02.598726Z - 2025-09-05T17:09:02.598726Z,,,,,,,2025-09-05T17:08:40.760980Z,,2025-09-05T17:08:56.848930Z,
FN.RNF.00.BHZ | 2025-09-05T17:08:28.523659Z - 2025-09-05T17:09:28.523659Z,,,,,,,2025-09-05T17:08:37.825200Z,,2025-09-05T17:08:51.681040Z,
FN.SGF.00.BHZ | 2025-09-05T17:08:43.278876Z - 2025-09-05T17:09:43.278876Z,,,,,,,2025-09-05T17:08:49.585200Z,,2025-09-05T17:09:12.290150Z,
HE.HEF.00.BHZ | 2025-09-05T17:08:44.767891Z - 2025-09-05T17:09:44.767891Z,,,,,,,,,2025-09-05T17:09:29.083460Z,
HE.KU2.00.SHZ | 2025-09-05T17:08:52.034696Z - 2025-09-05T17:09:52.034696Z,,,,,,,,,2025-09-05T17:09:14.269560Z,
HE.OBF0.00.BHZ | 2025-09-05T17:08:23.723002Z - 2025-09-05T17:09:23.723002Z,,,,,,,2025-09-05T17:08:46.048680Z,,2025-09-05T17:09:06.119060Z,
HE.OBF3.00.BHZ | 2025-09-05T17:08:14.591167Z - 2025-09-05T17:09:14.591167Z,,,,,,,2025-09-05T17:08:41.551140Z,,2025-09-05T17:08:58.069390Z,
HE.OBF8.00.BHZ | 2025-09-05T17:08:40.730171Z - 2025-09-05T17:09:40.730171Z,,,,,,,2025-09-05T17:08:48.436170Z,,2025-09-05T17:09:10.681850Z,
HE.TOF.00.BHZ | 2025-09-05T17:07:50.064993Z - 2025-09-05T17:08:50.064993Z,,,,,,,2025-09-05T17:08:23.013540Z,,2025-09-05T17:08:26.396840Z,
FN.KLF.00.BHZ | 2025-09-06T18:09:52.250225Z - 2025-09-06T18:10:52.250225Z,,,,,,,,,2025-09-06T18:10:46.262890Z,
FN.MSF.00.BHZ | 2025-09-06T18:09:21.989031Z - 2025-09-06T18:10:21.989031Z,,,,,,,,,2025-09-06T18:09:55.638420Z,
FN.OLKF.00.BHZ | 2025-09-06T18:09:29.617414Z - 2025-09-06T18:10:29.617414Z,,,,,,,,,2025-09-06T18:10:08.440410Z,
FN.OUL.00.BHZ | 2025-09-06T18:09:07.405444Z - 2025-09-06T18:10:07.405444Z,,,,,,,2025-09-06T18:09:46.025960Z,,2025-09-06T18:09:59.677480Z,
FN.RANF.00.?HZ | 2025-09-06T18:09:13.853685Z - 2025-09-06T18:10:13.853685Z,,,,,,,2025-09-06T18:09:48.344700Z,,2025-09-06T18:10:04.048520Z,
FN.RNF.00.BHZ | 2025-09-06T18:09:29.473083Z - 2025-09-06T18:10:29.473083Z,,,,,,,2025-09-06T18:09:59.827300Z,,2025-09-06T18:10:23.415590Z,
FN.SGF.00.BHZ | 2025-09-06T18:10:23.857313Z - 2025-09-06T18:11:23.857313Z,,,,,,,,,2025-09-06T18:10:42.977020Z,
HE.JOF.00.BHZ | 2025-09-06T18:09:46.756937Z - 2025-09-06T18:10:46.756937Z,,,,,,,,,2025-09-06T18:10:34.429580Z,
HE.KJNF.00.CZ | 2025-09-06T18:09:01.076137Z - 2025-09-06T18:10:01.076137Z,,,,,,,2025-09-06T18:09:41.031400Z,,2025-09-06T18:09:51.488700Z,
HE.KU1.00.SHZ | 2025-09-06T18:08:59.425199Z - 2025-09-06T18:09:59.425199Z,,,,,,,2025-09-06T18:09:39.869480Z,,2025-09-06T18:09:49.220180Z,
HE.KU2.00.SHZ | 2025-09-06T18:09:18.062660Z - 2025-09-06T18:10:18.062660Z,,,,,,,2025-09-06T18:09:39.703490Z,,2025-09-06T18:09:49.164850Z,
HE.KU6.00.BHZ | 2025-09-06T18:09:38.962573Z - 2025-09-06T18:10:38.962573Z,,,,,,,,,2025-09-06T18:10:02.665280Z,
HE.NIF.00.BHZ | 2025-09-06T18:09:22.815750Z - 2025-09-06T18:10:22.815750Z,,,,,,,2025-09-06T18:09:54.489690Z,,2025-09-06T18:10:14.716500Z,
HE.OBF0.00.BHZ | 2025-09-06T18:09:55.887226Z - 2025-09-06T18:10:55.887226Z,,,,,,,,,2025-09-06T18:10:21.620350Z,
HE.OBF3.00.BHZ | 2025-09-06T18:09:41.304195Z - 2025-09-06T18:10:41.304195Z,,,,,,,2025-09-06T18:09:54.141540Z,,2025-09-06T18:10:14.654640Z,
HE.RMF.00.BHZ | 2025-09-06T18:09:01.762738Z - 2025-09-06T18:10:01.762738Z,,,,,,,2025-09-06T18:09:44.074530Z,,2025-09-06T18:09:56.689680Z,
HE.SUF.00.BHZ | 2025-09-06T18:10:19.453373Z - 2025-09-06T18:11:19.453373Z,,,,,,,,,2025-09-06T18:10:40.129810Z,
HE.TOF.00.BHZ | 2025-09-06T18:09:32.302943Z - 2025-09-06T18:10:32.302943Z,,,,,,,2025-09-06T18:10:01.322900Z,,2025-09-06T18:10:25.444480Z,
HE.FIA0.00.?HZ | 2025-09-06T05:02:21.885929Z - 2025-09-06T05:03:21.885929Z,,,,,,,2025-09-06T05:03:01.209950Z,,2025-09-06T05:03:08.663870Z,
HE.FIA1.00.?HZ | 2025-09-06T05:02:37.426289Z - 2025-09-06T05:03:37.426289Z,,,,,,,2025-09-06T05:03:01.209950Z,,2025-09-06T05:03:08.663870Z,
HE.KAF.00.?HZ | 2025-09-06T05:02:59.665481Z - 2025-09-06T05:03:59.665481Z,,,,,,,2025-09-06T05:03:09.832150Z,,2025-09-06T05:03:23.383300Z,
HE.KEF.00.?HZ | 2025-09-06T05:02:44.954892Z - 2025-09-06T05:03:44.954892Z,,,,,,,,,2025-09-06T05:03:36.604250Z,
HE.KY02.00.CZ | 2025-09-06T05:02:04.382100Z - 2025-09-06T05:03:04.382100Z,,,,,,,2025-09-06T05:02:54.799060Z,,2025-09-06T05:02:57.693230Z,
HE.KY17.00.CZ | 2025-09-06T05:02:12.624017Z - 2025-09-06T05:03:12.624017Z,,,,,,,2025-09-06T05:02:54.495180Z,,2025-09-06T05:02:57.135730Z,
HE.LOVF.00.CZ | 2025-09-06T05:02:52.311500Z - 2025-09-06T05:03:52.311500Z,,,,,,,,,2025-09-06T05:03:15.430730Z,
HE.MEF.00.BHZ | 2025-09-06T05:02:58.419293Z - 2025-09-06T05:03:58.419293Z,,,,,,,,,2025-09-06T05:03:40.167990Z,
HE.NUR.00.SHZ | 2025-09-06T05:03:22.942341Z - 2025-09-06T05:04:22.942341Z,,,,,,,,,2025-09-06T05:03:31.963940Z,
HE.PVF.00.CZ | 2025-09-06T05:02:36.506096Z - 2025-09-06T05:03:36.506096Z,,,,,,,2025-09-06T05:03:05.951110Z,,2025-09-06T05:03:16.589150Z,
HE.RUF.00.BHZ | 2025-09-06T05:03:05.262587Z - 2025-09-06T05:04:05.262587Z,,,,,,,,,2025-09-06T05:03:21.064210Z,
HE.SUF.00.BHZ | 2025-09-06T05:02:57.298384Z - 2025-09-06T05:03:57.298384Z,,,,,,,,,2025-09-06T05:03:41.936030Z,
HE.VJF.00.?HZ | 2025-09-06T05:02:26.962902Z - 2025-09-06T05:03:26.962902Z,,,,,,,,,2025-09-06T05:03:11.155100Z,
HE.FIA0.00.?HZ | 2025-09-09T16:30:50.937057Z - 2025-09-09T16:31:50.937057Z,,,,,,,2025-09-09T16:31:06.652120Z,,2025-09-09T16:31:16.420520Z,
HE.FIA1.00.?HZ | 2025-09-09T16:30:29.405819Z - 2025-09-09T16:31:29.405819Z,,,,,,,2025-09-09T16:31:06.652120Z,,2025-09-09T16:31:16.420520Z,
HE.HEL1.00.BHZ | 2025-09-09T16:30:45.769481Z - 2025-09-09T16:31:45.769481Z,,,,,,,,,2025-09-09T16:31:31.339400Z,
HE.HEL5.00.BHZ | 2025-09-09T16:31:26.826788Z - 2025-09-09T16:32:26.826788Z,,,,,,,,,2025-09-09T16:31:34.349590Z,
HE.KAF.00.?HZ | 2025-09-09T16:31:26.189981Z - 2025-09-09T16:32:26.189981Z,,,,,,,,,2025-09-09T16:31:33.840020Z,
HE.KEF.00.?HZ | 2025-09-09T16:31:04.874255Z - 2025-09-09T16:32:04.874255Z,,,,,,,2025-09-09T16:31:22.976840Z,,2025-09-09T16:31:44.940230Z,
HE.KPF.00.BHZ | 2025-09-09T16:31:31.153555Z - 2025-09-09T16:32:31.153555Z,,,,,,,2025-09-09T16:31:37.399380Z,,2025-09-09T16:32:10.267780Z,
HE.KUNI.00.BHZ | 2025-09-09T16:31:02.717682Z - 2025-09-09T16:32:02.717682Z,,,,,,,2025-09-09T16:31:14.257800Z,,2025-09-09T16:31:29.359500Z,
HE.KY02.00.CZ | 2025-09-09T16:30:05.203831Z - 2025-09-09T16:31:05.203831Z,,,,,,,2025-09-09T16:30:55.727200Z,,2025-09-09T16:30:57.686860Z,
HE.KY17.00.CZ | 2025-09-09T16:30:23.639651Z - 2025-09-09T16:31:23.639651Z,,,,,,,2025-09-09T16:30:54.906930Z,,2025-09-09T16:30:56.289620Z,
HE.LAUT.00.BHZ | 2025-09-09T16:30:38.008511Z - 2025-09-09T16:31:38.008511Z,,,,,,,2025-09-09T16:31:15.740350Z,,2025-09-09T16:31:31.893480Z,
HE.LOVF.00.CZ | 2025-09-09T16:30:30.609149Z - 2025-09-09T16:31:30.609149Z,,,,,,,2025-09-09T16:31:02.777250Z,,2025-09-09T16:31:09.699460Z,
HE.MEF.00.BHZ | 2025-09-09T16:30:55.020060Z - 2025-09-09T16:31:55.020060Z,,,,,,,2025-09-09T16:31:18.444610Z,,2025-09-09T16:31:37.140700Z,
HE.NIF.00.BHZ | 2025-09-09T16:31:25.318433Z - 2025-09-09T16:32:25.318433Z,,,,,,,,,2025-09-09T16:32:10.683070Z,
HE.NUR.00.SHZ | 2025-09-09T16:30:46.707799Z - 2025-09-09T16:31:46.707799Z,,,,,,,2025-09-09T16:31:14.515630Z,,2025-09-09T16:31:29.895660Z,
HE.PVF.00.CZ | 2025-09-09T16:30:36.916806Z - 2025-09-09T16:31:36.916806Z,,,,,,,2025-09-09T16:31:04.505740Z,,2025-09-09T16:31:12.611280Z,
HE.RAF.00.BHZ | 2025-09-09T16:31:22.601223Z - 2025-09-09T16:32:22.601223Z,,,,,,,2025-09-09T16:31:36.530950Z,,2025-09-09T16:32:09.905820Z,
HE.RSUO.00.BHZ | 2025-09-09T16:30:44.677373Z - 2025-09-09T16:31:44.677373Z,,,,,,,,,2025-09-09T16:31:30.225440Z,
HE.RUF.00.BHZ | 2025-09-09T16:31:00.998775Z - 2025-09-09T16:32:00.998775Z,,,,,,,2025-09-09T16:31:13.096080Z,,2025-09-09T16:31:27.751030Z,
HE.SUF.00.BHZ | 2025-09-09T16:31:07.542586Z - 2025-09-09T16:32:07.542586Z,,,,,,,2025-09-09T16:31:27.085120Z,,2025-09-09T16:31:51.512550Z,
HE.TRE03.00.CZ | 2025-09-09T16:31:03.915220Z - 2025-09-09T16:32:03.915220Z,,,,,,,2025-09-09T16:31:20.702920Z,,2025-09-09T16:31:40.799560Z,
HE.TVF.00.BHZ | 2025-09-09T16:31:29.856600Z - 2025-09-09T16:32:29.856600Z,,,,,,,,,2025-09-09T16:31:57.233180Z,
HE.VJF.00.?HZ | 2025-09-09T16:30:38.887433Z - 2025-09-09T16:31:38.887433Z,,,,,,,2025-09-09T16:31:00.891800Z,,2025-09-09T16:31:06.391500Z,
HE.ALAJF.00.?HZ | 2025-09-14T06:02:35.670452Z - 2025-09-14T06:03:35.670452Z,,,,,,,,,2025-09-14T06:03:18.819150Z,
HE.FIA0.00.?HZ | 2025-09-14T06:01:28.123083Z - 2025-09-14T06:02:28.123083Z,,,,,,,2025-09-14T06:02:13.583710Z,,2025-09-14T06:02:22.895740Z,
HE.FIA1.00.?HZ | 2025-09-14T06:01:44.652688Z - 2025-09-14T06:02:44.652688Z,,,,,,,2025-09-14T06:02:13.583710Z,,2025-09-14T06:02:22.895740Z,
HE.HEL1.00.BHZ | 2025-09-14T06:02:04.241117Z - 2025-09-14T06:03:04.241117Z,,,,,,,,,2025-09-14T06:02:26.141860Z,
HE.HEL5.00.BHZ | 2025-09-14T06:02:07.071224Z - 2025-09-14T06:03:07.071224Z,,,,,,,,,2025-09-14T06:02:28.934800Z,
HE.KAF.00.?HZ | 2025-09-14T06:01:55.505288Z - 2025-09-14T06:02:55.505288Z,,,,,,,2025-09-14T06:02:25.577760Z,,2025-09-14T06:02:43.668950Z,
HE.KEF.00.?HZ | 2025-09-14T06:02:07.516511Z - 2025-09-14T06:03:07.516511Z,,,,,,,2025-09-14T06:02:28.652320Z,,2025-09-14T06:02:48.519750Z,
HE.KORF.00.CZ | 2025-09-14T06:02:33.336608Z - 2025-09-14T06:03:33.336608Z,,,,,,,2025-09-14T06:02:41.921840Z,,2025-09-14T06:03:12.059350Z,
HE.KPF.00.BHZ | 2025-09-14T06:02:29.892515Z - 2025-09-14T06:03:29.892515Z,,,,,,,2025-09-14T06:02:39.833310Z,,2025-09-14T06:03:09.328750Z,
HE.KUNI.00.BHZ | 2025-09-14T06:02:08.405092Z - 2025-09-14T06:03:08.405092Z,,,,,,,,,2025-09-14T06:02:23.821270Z,
HE.KY02.00.CZ | 2025-09-14T06:01:48.037167Z - 2025-09-14T06:02:48.037167Z,,,,,,,2025-09-14T06:02:08.415510Z,,2025-09-14T06:02:13.627310Z,
HE.KY17.00.CZ | 2025-09-14T06:01:55.239832Z - 2025-09-14T06:02:55.239832Z,,,,,,,2025-09-14T06:02:10.270560Z,,2025-09-14T06:02:17.028230Z,
HE.LAUT.00.BHZ | 2025-09-14T06:01:50.026494Z - 2025-09-14T06:02:50.026494Z,,,,,,,,,2025-09-14T06:02:26.838030Z,
HE.LOVF.00.CZ | 2025-09-14T06:01:57.156938Z - 2025-09-14T06:02:57.156938Z,,,,,,,2025-09-14T06:02:06.844230Z,,2025-09-14T06:02:10.951620Z,
HE.MEF.00.BHZ | 2025-09-14T06:01:41.441586Z - 2025-09-14T06:02:41.441586Z,,,,,,,,,2025-09-14T06:02:31.382920Z,
HE.NIF.00.BHZ | 2025-09-14T06:03:15.960671Z - 2025-09-14T06:04:15.960671Z,,,,,,,,,2025-09-14T06:03:24.205780Z,
HE.NUR.00.SHZ | 2025-09-14T06:01:41.147741Z - 2025-09-14T06:02:41.147741Z,,,,,,,2025-09-14T06:02:14.069560Z,,2025-09-14T06:02:23.651990Z,
HE.PVF.00.CZ | 2025-09-14T06:01:20.204982Z - 2025-09-14T06:02:20.204982Z,,,,,,,2025-09-14T06:02:04.926250Z,,2025-09-14T06:02:07.929660Z,
HE.RAF.00.BHZ | 2025-09-14T06:02:25.432445Z - 2025-09-14T06:03:25.432445Z,,,,,,,2025-09-14T06:02:37.744790Z,,2025-09-14T06:03:06.315680Z,
HE.RUF.00.BHZ | 2025-09-14T06:02:20.772559Z - 2025-09-14T06:03:20.772559Z,,,,,,,2025-09-14T06:02:28.545100Z,,2025-09-14T06:02:48.802220Z,
HE.SUF.00.BHZ | 2025-09-14T06:02:27.682246Z - 2025-09-14T06:03:27.682246Z,,,,,,,2025-09-14T06:02:35.888320Z,,2025-09-14T06:03:00.950640Z,
HE.TRE03.00.CZ | 2025-09-14T06:02:07.755664Z - 2025-09-14T06:03:07.755664Z,,,,,,,2025-09-14T06:02:23.850240Z,,2025-09-14T06:02:39.763010Z,
HE.TVF.00.BHZ | 2025-09-14T06:02:22.371421Z - 2025-09-14T06:03:22.371421Z,,,,,,,2025-09-14T06:02:30.650950Z,,2025-09-14T06:02:51.900930Z,
HE.VJF.00.?HZ | 2025-09-14T06:01:40.313084Z - 2025-09-14T06:02:40.313084Z,,,,,,,2025-09-14T06:02:14.444490Z,,2025-09-14T06:02:24.296180Z,
HE.FIA0.00.?HZ | 2025-09-14T19:07:09.791867Z - 2025-09-14T19:08:09.791867Z,,,,,,,2025-09-14T19:07:54.164810Z,,2025-09-14T19:08:03.840880Z,
HE.FIA1.00.?HZ | 2025-09-14T19:07:41.063201Z - 2025-09-14T19:08:41.063201Z,,,,,,,2025-09-14T19:07:54.164810Z,,2025-09-14T19:08:03.840880Z,
HE.KAF.00.?HZ | 2025-09-14T19:08:03.355091Z - 2025-09-14T19:09:03.355091Z,,,,,,,,,2025-09-14T19:08:21.001000Z,
HE.KEF.00.?HZ | 2025-09-14T19:08:01.845632Z - 2025-09-14T19:09:01.845632Z,,,,,,,,,2025-09-14T19:08:31.655790Z,
HE.KY02.00.CZ | 2025-09-14T19:07:20.449801Z - 2025-09-14T19:08:20.449801Z,,,,,,,2025-09-14T19:07:43.359330Z,,2025-09-14T19:07:45.287760Z,
HE.KY17.00.CZ | 2025-09-14T19:06:51.441053Z - 2025-09-14T19:07:51.441053Z,,,,,,,2025-09-14T19:07:42.542210Z,,2025-09-14T19:07:43.914980Z,
HE.LOVF.00.CZ | 2025-09-14T19:07:45.142756Z - 2025-09-14T19:08:45.142756Z,,,,,,,2025-09-14T19:07:50.266510Z,,2025-09-14T19:07:57.036570Z,
HE.PVF.00.CZ | 2025-09-14T19:07:38.008781Z - 2025-09-14T19:08:38.008781Z,,,,,,,2025-09-14T19:07:51.862700Z,,2025-09-14T19:08:00.228960Z,
HE.VJF.00.?HZ | 2025-09-14T19:07:38.210390Z - 2025-09-14T19:08:38.210390Z,,,,,,,2025-09-14T19:07:48.450150Z,,2025-09-14T19:07:53.679060Z,
FN.KLF.00.BHZ | 2025-09-11T13:17:05.813134Z - 2025-09-11T13:18:05.813134Z,,,,,,,2025-09-11T13:17:30.799980Z,,2025-09-11T13:17:32.551610Z,
FN.OUL.00.BHZ | 2025-09-11T13:17:48.000900Z - 2025-09-11T13:18:48.000900Z,,,,,,,,,2025-09-11T13:18:33.981340Z,
FN.RAJF.00.?HZ | 2025-09-11T13:17:56.761802Z - 2025-09-11T13:18:56.761802Z,,,,,,,,,2025-09-11T13:18:31.279950Z,
FN.RANF.00.?HZ | 2025-09-11T13:17:46.778791Z - 2025-09-11T13:18:46.778791Z,,,,,,,2025-09-11T13:17:56.009940Z,,2025-09-11T13:18:16.000270Z,
FN.SGF.00.BHZ | 2025-09-11T13:17:47.996434Z - 2025-09-11T13:18:47.996434Z,,,,,,,,,2025-09-11T13:17:59.933300Z,
FN.KLF.00.BHZ | 2025-09-15T10:17:14.069120Z - 2025-09-15T10:18:14.069120Z,,,,,,,2025-09-15T10:17:28.712530Z,,2025-09-15T10:17:30.462010Z,
FN.KMNF.00.?HZ | 2025-09-15T10:18:17.657190Z - 2025-09-15T10:19:17.657190Z,,,,,,,,,2025-09-15T10:18:35.944270Z,
FN.OLKF.00.BHZ | 2025-09-15T10:18:26.556960Z - 2025-09-15T10:19:26.556960Z,,,,,,,,,2025-09-15T10:18:34.724460Z,
FN.OUL.00.BHZ | 2025-09-15T10:18:19.277581Z - 2025-09-15T10:19:19.277581Z,,,,,,,,,2025-09-15T10:18:31.643780Z,
FN.RAJF.00.?HZ | 2025-09-15T10:17:50.632652Z - 2025-09-15T10:18:50.632652Z,,,,,,,,,2025-09-15T10:18:28.563100Z,
FN.RANF.00.?HZ | 2025-09-15T10:17:22.565599Z - 2025-09-15T10:18:22.565599Z,,,,,,,2025-09-15T10:17:53.461070Z,,2025-09-15T10:18:13.570470Z,
FN.RNF.00.BHZ | 2025-09-15T10:17:01.343337Z - 2025-09-15T10:18:01.343337Z,,,,,,,2025-09-15T10:17:42.951810Z,,2025-09-15T10:17:54.935980Z,
HE.HEF.00.BHZ | 2025-09-15T10:17:42.016824Z - 2025-09-15T10:18:42.016824Z,,,,,,,2025-09-15T10:17:49.514540Z,,2025-09-15T10:18:06.279530Z,
HE.KEV.00.?HZ | 2025-09-15T10:18:12.845021Z - 2025-09-15T10:19:12.845021Z,,,,,,,,,2025-09-15T10:18:51.730370Z,
HE.KIF.00.BHZ | 2025-09-15T10:18:19.339019Z - 2025-09-15T10:19:19.339019Z,,,,,,,,,2025-09-15T10:18:34.783520Z,
HE.KU2.00.CZ | 2025-09-15T10:18:02.460781Z - 2025-09-15T10:19:02.460781Z,,,,,,,,,2025-09-15T10:18:32.157230Z,
HE.TOF.00.BHZ | 2025-09-15T10:17:13.889425Z - 2025-09-15T10:18:13.889425Z,,,,,,,2025-09-15T10:17:45.251730Z,,2025-09-15T10:17:58.716350Z,
HE.VRF.00.BHZ | 2025-09-15T10:18:26.712388Z - 2025-09-15T10:19:26.712388Z,,,,,,,,,2025-09-15T10:18:33.594880Z,
HE.ECKF.00.CZ | 2025-09-15T17:23:38.085353Z - 2025-09-15T17:24:38.085353Z,,,,,,,2025-09-15T17:23:59.352000Z,,2025-09-15T17:24:08.699150Z,
HE.KORF.00.CZ | 2025-09-15T17:23:19.875252Z - 2025-09-15T17:24:19.875252Z,,,,,,,2025-09-15T17:23:58.978110Z,,2025-09-15T17:24:08.231800Z,
HE.MEF.00.BHZ | 2025-09-15T17:24:11.617000Z - 2025-09-15T17:25:11.617000Z,,,,,,,,,2025-09-15T17:24:49.219140Z,
HE.RAF.00.BHZ | 2025-09-15T17:23:53.304370Z - 2025-09-15T17:24:53.304370Z,,,,,,,2025-09-15T17:24:13.421100Z,,2025-09-15T17:24:33.205860Z,
HE.TVF.00.BHZ | 2025-09-15T17:24:22.353518Z - 2025-09-15T17:25:22.353518Z,,,,,,,,,2025-09-15T17:24:31.608190Z,
UP.AAL.00.BHZ | 2025-09-15T17:23:22.935775Z - 2025-09-15T17:24:22.935775Z,,,,,,,2025-09-15T17:23:55.908020Z,,2025-09-15T17:24:02.961360Z,
FN.OUL.00.BHZ | 2025-09-14T14:26:15.911442Z - 2025-09-14T14:27:15.911442Z,,,,,,,,,2025-09-14T14:26:44.989510Z,
HE.ALAJF.00.?HZ | 2025-09-14T14:26:20.469173Z - 2025-09-14T14:27:20.469173Z,,,,,,,,,2025-09-14T14:26:44.114670Z,
HE.OBF0.00.BHZ | 2025-09-14T14:25:31.513772Z - 2025-09-14T14:26:31.513772Z,,,,,,,2025-09-14T14:26:09.540160Z,,2025-09-14T14:26:23.284610Z,
HE.OBF3.00.BHZ | 2025-09-14T14:26:04.292056Z - 2025-09-14T14:27:04.292056Z,,,,,,,2025-09-14T14:26:13.115560Z,,2025-09-14T14:26:29.104530Z,
HE.OBF8.00.BHZ | 2025-09-14T14:25:29.468406Z - 2025-09-14T14:26:29.468406Z,,,,,,,2025-09-14T14:26:04.685000Z,,2025-09-14T14:26:15.136730Z,
HE.OUF.00.BHZ | 2025-09-14T14:25:41.363681Z - 2025-09-14T14:26:41.363681Z,,,,,,,2025-09-14T14:26:13.080170Z,,2025-09-14T14:26:30.268510Z,
HE.TOF.00.BHZ | 2025-09-14T14:26:02.851255Z - 2025-09-14T14:27:02.851255Z,,,,,,,,,2025-09-14T14:26:44.770800Z,
HE.VAF.00.BHZ | 2025-09-14T14:25:55.571808Z - 2025-09-14T14:26:55.571808Z,,,,,,,,,2025-09-14T14:26:39.172450Z,
HE.ECKF.00.CZ | 2025-09-16T20:35:05.318091Z - 2025-09-16T20:36:05.318091Z,,,,,,,2025-09-16T20:35:20.433380Z,,2025-09-16T20:35:44.224180Z,
HE.KPF.00.BHZ | 2025-09-16T20:35:13.409177Z - 2025-09-16T20:36:13.409177Z,,,,,,,2025-09-16T20:35:23.964050Z,,2025-09-16T20:35:51.247670Z,
HE.RAF.00.BHZ | 2025-09-16T20:35:03.782199Z - 2025-09-16T20:36:03.782199Z,,,,,,,2025-09-16T20:35:24.866030Z,,2025-09-16T20:35:52.067080Z,
HE.VAF.00.BHZ | 2025-09-16T20:35:19.381758Z - 2025-09-16T20:36:19.381758Z,,,,,,,2025-09-16T20:35:32.051230Z,,2025-09-16T20:36:04.592320Z,
UP.AAL.00.BHZ | 2025-09-16T20:35:08.897665Z - 2025-09-16T20:36:08.897665Z,,,,,,,2025-09-16T20:35:23.447570Z,,2025-09-16T20:35:49.491800Z,
FN.KLF.00.BHZ | 2025-09-15T23:29:06.202666Z - 2025-09-15T23:30:06.202666Z,,,,,,,,,2025-09-15T23:29:38.939730Z,
FN.RNF.00.BHZ | 2025-09-15T23:29:44.523830Z - 2025-09-15T23:30:44.523830Z,,,,,,,,,2025-09-15T23:30:02.675650Z,
HE.HEF.00.BHZ | 2025-09-15T23:29:13.800452Z - 2025-09-15T23:30:13.800452Z,,,,,,,,,2025-09-15T23:29:41.491350Z,
HE.KIF.00.BHZ | 2025-09-15T23:28:53.385051Z - 2025-09-15T23:29:53.385051Z,,,,,,,,,2025-09-15T23:29:36.520040Z,
FN.KLF.00.BHZ | 2025-09-21T10:26:14.269568Z - 2025-09-21T10:27:14.269568Z,,,,,,,2025-09-21T10:26:24.826330Z,,2025-09-21T10:26:41.580410Z,
FN.OUL.00.BHZ | 2025-09-21T10:26:10.544169Z - 2025-09-21T10:27:10.544169Z,,,,,,,2025-09-21T10:26:23.265540Z,,2025-09-21T10:26:38.191760Z,
FN.RANF.00.?HZ | 2025-09-21T10:26:10.619816Z - 2025-09-21T10:27:10.619816Z,,,,,,,2025-09-21T10:26:23.567010Z,,2025-09-21T10:26:38.756530Z,
FN.RNF.00.BHZ | 2025-09-21T10:25:56.762377Z - 2025-09-21T10:26:56.762377Z,,,,,,,2025-09-21T10:26:21.635840Z,,2025-09-21T10:26:35.744400Z,
HE.KU2.00.CZ | 2025-09-21T10:26:20.524659Z - 2025-09-21T10:27:20.524659Z,,,,,,,,,2025-09-21T10:26:56.641050Z,
HE.OBF0.00.BHZ | 2025-09-21T10:26:05.787862Z - 2025-09-21T10:27:05.787862Z,,,,,,,,,2025-09-21T10:26:45.627950Z,
HE.OBF3.00.BHZ | 2025-09-21T10:26:22.439533Z - 2025-09-21T10:27:22.439533Z,,,,,,,,,2025-09-21T10:26:37.626990Z,
HE.OBF8.00.BHZ | 2025-09-21T10:26:14.729826Z - 2025-09-21T10:27:14.729826Z,,,,,,,,,2025-09-21T10:26:50.522670Z,
HE.OUF.00.BHZ | 2025-09-21T10:26:31.416284Z - 2025-09-21T10:27:31.416284Z,,,,,,,,,2025-09-21T10:26:51.369830Z,
HE.TOF.00.BHZ | 2025-09-21T10:25:26.363935Z - 2025-09-21T10:26:26.363935Z,,,,,,,2025-09-21T10:26:06.389430Z,,2025-09-21T10:26:09.747620Z,
FN.OUL.00.BHZ | 2025-09-19T20:46:12.585139Z - 2025-09-19T20:47:12.585139Z,,,,,,,,,2025-09-19T20:47:00.804740Z,
HE.ALAJF.00.?HZ | 2025-09-19T20:46:03.818379Z - 2025-09-19T20:47:03.818379Z,,,,,,,,,2025-09-19T20:46:55.592180Z,
HE.OBF0.00.BHZ | 2025-09-19T20:45:48.099176Z - 2025-09-19T20:46:48.099176Z,,,,,,,2025-09-19T20:46:19.356230Z,,2025-09-19T20:46:40.417490Z,
HE.OBF3.00.BHZ | 2025-09-19T20:46:14.279681Z - 2025-09-19T20:47:14.279681Z,,,,,,,2025-09-19T20:46:22.134800Z,,2025-09-19T20:46:45.457040Z,
HE.OBF8.00.BHZ | 2025-09-19T20:45:53.275931Z - 2025-09-19T20:46:53.275931Z,,,,,,,2025-09-19T20:46:14.468590Z,,2025-09-19T20:46:32.241810Z,
HE.OUF.00.BHZ | 2025-09-19T20:45:57.430293Z - 2025-09-19T20:46:57.430293Z,,,,,,,2025-09-19T20:46:22.983360Z,,2025-09-19T20:46:46.985390Z,
HE.TOF.00.BHZ | 2025-09-19T20:46:24.155971Z - 2025-09-19T20:47:24.155971Z,,,,,,,,,2025-09-19T20:46:52.327170Z,
HE.VAF.00.BHZ | 2025-09-19T20:45:55.336062Z - 2025-09-19T20:46:55.336062Z,,,,,,,2025-09-19T20:46:24.140760Z,,2025-09-19T20:46:49.061870Z,
HE.ALAJF.00.?HZ | 2025-09-19T03:21:31.290314Z - 2025-09-19T03:22:31.290314Z,,,,,,,,,2025-09-19T03:22:23.944540Z,
HE.ECKF.00.CZ | 2025-09-19T03:21:16.589036Z - 2025-09-19T03:22:16.589036Z,,,,,,,,,2025-09-19T03:22:10.689640Z,
HE.KEF.00.?HZ | 2025-09-19T03:21:59.304300Z - 2025-09-19T03:22:59.304300Z,,,,,,,,,2025-09-19T03:22:26.061600Z,
HE.KORF.00.CZ | 2025-09-19T03:22:00.017695Z - 2025-09-19T03:23:00.017695Z,,,,,,,,,2025-09-19T03:22:19.621530Z,
HE.KPF.00.BHZ | 2025-09-19T03:21:00.962800Z - 2025-09-19T03:22:00.962800Z,,,,,,,2025-09-19T03:21:36.618010Z,,2025-09-19T03:21:53.144860Z,
HE.RAF.00.BHZ | 2025-09-19T03:21:10.799140Z - 2025-09-19T03:22:10.799140Z,,,,,,,2025-09-19T03:21:41.557860Z,,2025-09-19T03:22:02.317260Z,
HE.TRE03.00.CZ | 2025-09-19T03:21:41.151973Z - 2025-09-19T03:22:41.151973Z,,,,,,,,,2025-09-19T03:22:23.485570Z,
HE.VAF.00.BHZ | 2025-09-19T03:21:32.646778Z - 2025-09-19T03:22:32.646778Z,,,,,,,2025-09-19T03:21:44.223920Z,,2025-09-19T03:22:06.271330Z,
UP.AAL.00.BHZ | 2025-09-19T03:21:26.179246Z - 2025-09-19T03:22:26.179246Z,,,,,,,,,2025-09-19T03:22:13.896440Z,
HE.ECKF.00.CZ | 2025-09-21T11:45:48.695534Z - 2025-09-21T11:46:48.695534Z,,,,,,,2025-09-21T11:46:01.917290Z,,2025-09-21T11:46:28.516780Z,
HE.KPF.00.BHZ | 2025-09-21T11:46:07.181223Z - 2025-09-21T11:47:07.181223Z,,,,,,,,,2025-09-21T11:46:38.983110Z,
HE.RAF.00.BHZ | 2025-09-21T11:46:01.140692Z - 2025-09-21T11:47:01.140692Z,,,,,,,2025-09-21T11:46:08.349220Z,,2025-09-21T11:46:40.633550Z,
UP.AAL.00.BHZ | 2025-09-21T11:45:55.115305Z - 2025-09-21T11:46:55.115305Z,,,,,,,2025-09-21T11:46:05.268820Z,,2025-09-21T11:46:34.444720Z,
FN.KLF.00.BHZ | 2025-09-20T16:19:01.832888Z - 2025-09-20T16:20:01.832888Z,,,,,,,,,2025-09-20T16:19:51.072120Z,
FN.MSF.00.BHZ | 2025-09-20T16:18:19.150573Z - 2025-09-20T16:19:19.150573Z,,,,,,,2025-09-20T16:18:44.736190Z,,2025-09-20T16:18:51.276480Z,
FN.OLKF.00.BHZ | 2025-09-20T16:18:08.917558Z - 2025-09-20T16:19:08.917558Z,,,,,,,2025-09-20T16:18:51.357360Z,,2025-09-20T16:19:02.657470Z,
FN.OUL.00.BHZ | 2025-09-20T16:18:33.704856Z - 2025-09-20T16:19:33.704856Z,,,,,,,2025-09-20T16:19:01.118360Z,,2025-09-20T16:19:19.195240Z,
FN.RANF.00.?HZ | 2025-09-20T16:18:47.638398Z - 2025-09-20T16:19:47.638398Z,,,,,,,2025-09-20T16:18:55.929620Z,,2025-09-20T16:19:10.388350Z,
FN.RNF.00.BHZ | 2025-09-20T16:18:39.651060Z - 2025-09-20T16:19:39.651060Z,,,,,,,2025-09-20T16:19:05.302820Z,,2025-09-20T16:19:26.978340Z,
HE.JOF.00.BHZ | 2025-09-20T16:19:14.812603Z - 2025-09-20T16:20:14.812603Z,,,,,,,,,2025-09-20T16:19:49.792920Z,
HE.KJNF.00.CZ | 2025-09-20T16:18:39.654616Z - 2025-09-20T16:19:39.654616Z,,,,,,,,,2025-09-20T16:19:17.450080Z,
HE.KU1.00.CZ | 2025-09-20T16:18:13.211994Z - 2025-09-20T16:19:13.211994Z,,,,,,,2025-09-20T16:18:41.319860Z,,2025-09-20T16:18:45.128000Z,
HE.KU2.00.CZ | 2025-09-20T16:18:00.780430Z - 2025-09-20T16:19:00.780430Z,,,,,,,2025-09-20T16:18:45.101380Z,,2025-09-20T16:18:51.807670Z,
HE.KU6.00.BHZ | 2025-09-20T16:18:32.361876Z - 2025-09-20T16:19:32.361876Z,,,,,,,2025-09-20T16:18:47.516910Z,,2025-09-20T16:18:55.746440Z,
HE.NIF.00.BHZ | 2025-09-20T16:18:42.786874Z - 2025-09-20T16:19:42.786874Z,,,,,,,,,2025-09-20T16:19:36.987490Z,
HE.OBF0.00.BHZ | 2025-09-20T16:19:20.140177Z - 2025-09-20T16:20:20.140177Z,,,,,,,,,2025-09-20T16:19:40.784660Z,
HE.OBF3.00.BHZ | 2025-09-20T16:18:40.701258Z - 2025-09-20T16:19:40.701258Z,,,,,,,,,2025-09-20T16:19:33.452150Z,
HE.OBF8.00.BHZ | 2025-09-20T16:19:17.176667Z - 2025-09-20T16:20:17.176667Z,,,,,,,,,2025-09-20T16:19:50.012820Z,
HE.OUF.00.BHZ | 2025-09-20T16:19:20.666962Z - 2025-09-20T16:20:20.666962Z,,,,,,,,,2025-09-20T16:19:37.975900Z,
HE.RMF.00.BHZ | 2025-09-20T16:18:44.523886Z - 2025-09-20T16:19:44.523886Z,,,,,,,2025-09-20T16:18:58.105540Z,,2025-09-20T16:19:14.341260Z,
HE.TOF.00.BHZ | 2025-09-20T16:19:21.864566Z - 2025-09-20T16:20:21.864566Z,,,,,,,,,2025-09-20T16:19:35.871060Z,
FN.KMNF.00.?HZ | 2025-09-22T08:34:12.232507Z - 2025-09-22T08:35:12.232507Z,,,,,,,2025-09-22T08:34:23.327960Z,,2025-09-22T08:34:44.582350Z,
FN.RAJF.00.?HZ | 2025-09-22T08:34:28.325915Z - 2025-09-22T08:35:28.325915Z,,,,,,,,,2025-09-22T08:35:05.745990Z,
HE.HEF.00.BHZ | 2025-09-22T08:34:09.747530Z - 2025-09-22T08:35:09.747530Z,,,,,,,,,2025-09-22T08:34:53.660190Z,
HE.KEV.00.?HZ | 2025-09-22T08:34:09.421465Z - 2025-09-22T08:35:09.421465Z,,,,,,,2025-09-22T08:34:16.647020Z,,2025-09-22T08:34:32.883080Z,
HE.KIF.00.BHZ | 2025-09-22T08:33:54.629769Z - 2025-09-22T08:34:54.629769Z,,,,,,,2025-09-22T08:34:23.972780Z,,2025-09-22T08:34:45.513530Z,
HE.FIA0.00.?HZ | 2025-09-24T12:25:01.432123Z - 2025-09-24T12:26:01.432123Z,,,,,,,,,2025-09-24T12:25:34.677810Z,
HE.FIA1.00.?HZ | 2025-09-24T12:24:47.190848Z - 2025-09-24T12:25:47.190848Z,,,,,,,,,2025-09-24T12:25:34.677810Z,
HE.HEL5.00.BHZ | 2025-09-24T12:25:03.277272Z - 2025-09-24T12:26:03.277272Z,,,,,,,,,2025-09-24T12:25:29.472270Z,
HE.KAF.00.?HZ | 2025-09-24T12:25:33.124130Z - 2025-09-24T12:26:33.124130Z,,,,,,,,,2025-09-24T12:25:54.808090Z,
HE.KEF.00.?HZ | 2025-09-24T12:25:28.078679Z - 2025-09-24T12:26:28.078679Z,,,,,,,,,2025-09-24T12:26:01.329070Z,
HE.KY02.00.CZ | 2025-09-24T12:24:28.412009Z - 2025-09-24T12:25:28.412009Z,,,,,,,2025-09-24T12:25:12.369630Z,,2025-09-24T12:25:20.065400Z,
HE.KY17.00.CZ | 2025-09-24T12:24:52.405786Z - 2025-09-24T12:25:52.405786Z,,,,,,,2025-09-24T12:25:13.015620Z,,2025-09-24T12:25:20.854800Z,
HE.LAUT.00.BHZ | 2025-09-24T12:25:16.156686Z - 2025-09-24T12:26:16.156686Z,,,,,,,,,2025-09-24T12:25:27.650340Z,
HE.LOVF.00.CZ | 2025-09-24T12:24:42.912736Z - 2025-09-24T12:25:42.912736Z,,,,,,,2025-09-24T12:25:03.483400Z,,2025-09-24T12:25:04.634710Z,
HE.MEF.00.BHZ | 2025-09-24T12:25:09.302717Z - 2025-09-24T12:26:09.302717Z,,,,,,,,,2025-09-24T12:25:33.896980Z,
HE.NUR.00.SHZ | 2025-09-24T12:24:35.029971Z - 2025-09-24T12:25:35.029971Z,,,,,,,,,2025-09-24T12:25:29.472270Z,
HE.PVF.00.CZ | 2025-09-24T12:24:36.029055Z - 2025-09-24T12:25:36.029055Z,,,,,,,2025-09-24T12:25:07.825890Z,,2025-09-24T12:25:11.999050Z,
HE.RUF.00.BHZ | 2025-09-24T12:24:57.990590Z - 2025-09-24T12:25:57.990590Z,,,,,,,,,2025-09-24T12:25:50.716490Z,
HE.SUF.00.BHZ | 2025-09-24T12:25:18.635036Z - 2025-09-24T12:26:18.635036Z,,,,,,,,,2025-09-24T12:26:12.197390Z,
HE.TRE03.00.CZ | 2025-09-24T12:25:11.899077Z - 2025-09-24T12:26:11.899077Z,,,,,,,,,2025-09-24T12:25:52.378700Z,
HE.TVF.00.BHZ | 2025-09-24T12:25:44.785054Z - 2025-09-24T12:26:44.785054Z,,,,,,,,,2025-09-24T12:25:54.680220Z,
HE.VJF.00.?HZ | 2025-09-24T12:24:48.545753Z - 2025-09-24T12:25:48.545753Z,,,,,,,2025-09-24T12:25:11.973320Z,,2025-09-24T12:25:19.488240Z,
FN.KLF.00.BHZ | 2025-09-22T02:27:28.989966Z - 2025-09-22T02:28:28.989966Z,,,,,,,,,2025-09-22T02:28:00.635900Z,
HE.KIF.00.BHZ | 2025-09-22T02:27:57.790636Z - 2025-09-22T02:28:57.790636Z,,,,,,,,,2025-09-22T02:28:05.323810Z,
FN.KLF.00.BHZ | 2025-09-30T14:49:27.553318Z - 2025-09-30T14:50:27.553318Z,,,,,,,2025-09-30T14:49:33.043750Z,,2025-09-30T14:49:57.336550Z,
FN.MSF.00.BHZ | 2025-09-30T14:49:38.717027Z - 2025-09-30T14:50:38.717027Z,,,,,,,,,2025-09-30T14:50:05.493180Z,
FN.OUL.00.BHZ | 2025-09-30T14:48:56.685927Z - 2025-09-30T14:49:56.685927Z,,,,,,,2025-09-30T14:49:15.248490Z,,2025-09-30T14:49:26.569600Z,
FN.RANF.00.?HZ | 2025-09-30T14:49:08.624796Z - 2025-09-30T14:50:08.624796Z,,,,,,,2025-09-30T14:49:23.788810Z,,2025-09-30T14:49:41.470040Z,
FN.RNF.00.BHZ | 2025-09-30T14:48:59.856831Z - 2025-09-30T14:49:59.856831Z,,,,,,,2025-09-30T14:49:27.206400Z,,2025-09-30T14:49:46.436850Z,
HE.ALAJF.00.?HZ | 2025-09-30T14:49:13.330639Z - 2025-09-30T14:50:13.330639Z,,,,,,,,,2025-09-30T14:50:05.885220Z,
HE.KU2.00.CZ | 2025-09-30T14:49:34.823673Z - 2025-09-30T14:50:34.823673Z,,,,,,,,,2025-09-30T14:49:54.850020Z,
HE.OBF0.00.BHZ | 2025-09-30T14:48:42.630220Z - 2025-09-30T14:49:42.630220Z,,,,,,,2025-09-30T14:49:15.213020Z,,2025-09-30T14:49:25.955760Z,
HE.OBF3.00.BHZ | 2025-09-30T14:48:58.457323Z - 2025-09-30T14:49:58.457323Z,,,,,,,2025-09-30T14:49:11.388370Z,,2025-09-30T14:49:19.351550Z,
HE.OUF.00.BHZ | 2025-09-30T14:49:00.074429Z - 2025-09-30T14:50:00.074429Z,,,,,,,2025-09-30T14:49:18.375030Z,,2025-09-30T14:49:31.130960Z,
HE.TOF.00.BHZ | 2025-09-30T14:48:54.919784Z - 2025-09-30T14:49:54.919784Z,,,,,,,2025-09-30T14:49:14.134840Z,,2025-09-30T14:49:23.832790Z,
HE.ECKF.00.CZ | 2025-10-02T09:34:40.741848Z - 2025-10-02T09:35:40.741848Z,,,,,,,2025-10-02T09:35:08.442900Z,,2025-10-02T09:35:34.634940Z,
HE.KPF.00.BHZ | 2025-10-02T09:35:00.554271Z - 2025-10-02T09:36:00.554271Z,,,,,,,2025-10-02T09:35:16.230710Z,,2025-10-02T09:35:48.479370Z,
HE.RAF.00.BHZ | 2025-10-02T09:35:07.591595Z - 2025-10-02T09:36:07.591595Z,,,,,,,,,2025-10-02T09:35:52.718520Z,
UP.AAL.00.BHZ | 2025-10-02T09:34:55.334555Z - 2025-10-02T09:35:55.334555Z,,,,,,,2025-10-02T09:35:11.666850Z,,2025-10-02T09:35:40.657700Z,
HE.FIA0.00.?HZ | 2025-10-03T17:15:49.626081Z - 2025-10-03T17:16:49.626081Z,,,,,,,2025-10-03T17:15:57.963760Z,,2025-10-03T17:16:08.969020Z,
HE.FIA1.00.?HZ | 2025-10-03T17:15:49.739020Z - 2025-10-03T17:16:49.739020Z,,,,,,,2025-10-03T17:15:57.964600Z,,2025-10-03T17:16:08.969930Z,
HE.HEL1.00.BHZ | 2025-10-03T17:15:17.268135Z - 2025-10-03T17:16:17.268135Z,,,,,,,,,2025-10-03T17:16:04.494210Z,
HE.HEL5.00.BHZ | 2025-10-03T17:15:23.810515Z - 2025-10-03T17:16:23.810515Z,,,,,,,2025-10-03T17:15:57.366390Z,,2025-10-03T17:16:07.166670Z,
HE.KAF.00.?HZ | 2025-10-03T17:15:54.463703Z - 2025-10-03T17:16:54.463703Z,,,,,,,2025-10-03T17:16:09.916520Z,,2025-10-03T17:16:29.675020Z,
HE.KEF.00.?HZ | 2025-10-03T17:15:48.628070Z - 2025-10-03T17:16:48.628070Z,,,,,,,2025-10-03T17:16:12.393950Z,,2025-10-03T17:16:34.428770Z,
HE.KORF.00.CZ | 2025-10-03T17:16:38.466411Z - 2025-10-03T17:17:38.466411Z,,,,,,,,,2025-10-03T17:16:53.661320Z,
HE.KPF.00.BHZ | 2025-10-03T17:16:01.976270Z - 2025-10-03T17:17:01.976270Z,,,,,,,2025-10-03T17:16:22.660220Z,,2025-10-03T17:16:52.005710Z,
HE.KUNI.00.BHZ | 2025-10-03T17:15:33.877296Z - 2025-10-03T17:16:33.877296Z,,,,,,,,,2025-10-03T17:16:02.256810Z,
HE.KY02.00.CZ | 2025-10-03T17:15:16.111062Z - 2025-10-03T17:16:16.111062Z,,,,,,,2025-10-03T17:15:51.844720Z,,2025-10-03T17:15:58.403510Z,
HE.KY17.00.CZ | 2025-10-03T17:15:37.900163Z - 2025-10-03T17:16:37.900163Z,,,,,,,2025-10-03T17:15:53.278750Z,,2025-10-03T17:16:01.013810Z,
HE.LAUT.00.BHZ | 2025-10-03T17:15:44.099040Z - 2025-10-03T17:16:44.099040Z,,,,,,,,,2025-10-03T17:16:04.991410Z,
HE.LOVF.00.CZ | 2025-10-03T17:15:25.017526Z - 2025-10-03T17:16:25.017526Z,,,,,,,2025-10-03T17:15:45.690510Z,,2025-10-03T17:15:48.138820Z,
HE.MEF.00.BHZ | 2025-10-03T17:15:31.155368Z - 2025-10-03T17:16:31.155368Z,,,,,,,2025-10-03T17:15:58.799240Z,,2025-10-03T17:16:10.017610Z,
HE.NUR.00.SHZ | 2025-10-03T17:15:52.289665Z - 2025-10-03T17:16:52.289665Z,,,,,,,,,2025-10-03T17:16:03.313360Z,
HE.PVF.00.CZ | 2025-10-03T17:14:52.687125Z - 2025-10-03T17:15:52.687125Z,,,,,,,2025-10-03T17:15:44.234560Z,,2025-10-03T17:15:45.666490Z,
HE.RAF.00.BHZ | 2025-10-03T17:16:14.299791Z - 2025-10-03T17:17:14.299791Z,,,,,,,2025-10-03T17:16:19.410190Z,,2025-10-03T17:16:47.596120Z,
HE.RUF.00.BHZ | 2025-10-03T17:16:05.838982Z - 2025-10-03T17:17:05.838982Z,,,,,,,,,2025-10-03T17:16:32.837820Z,
HE.SUF.00.BHZ | 2025-10-03T17:15:58.347864Z - 2025-10-03T17:16:58.347864Z,,,,,,,2025-10-03T17:16:19.868570Z,,2025-10-03T17:16:48.569260Z,
HE.TVF.00.BHZ | 2025-10-03T17:16:23.903809Z - 2025-10-03T17:17:23.903809Z,,,,,,,,,2025-10-03T17:16:31.023280Z,
HE.VJF.00.?HZ | 2025-10-03T17:15:29.034615Z - 2025-10-03T17:16:29.034615Z,,,,,,,2025-10-03T17:15:55.658170Z,,2025-10-03T17:16:05.426470Z,
HE.KPF.00.BHZ | 2025-10-03T00:58:46.323034Z - 2025-10-03T00:59:46.323034Z,,,,,,,,,2025-10-03T00:59:39.213050Z,
HE.OBF0.00.BHZ | 2025-10-03T00:59:07.390481Z - 2025-10-03T01:00:07.390481Z,,,,,,,,,2025-10-03T00:59:21.247600Z,
HE.OBF3.00.BHZ | 2025-10-03T00:58:45.768029Z - 2025-10-03T00:59:45.768029Z,,,,,,,,,2025-10-03T00:59:30.690980Z,
HE.OUF.00.BHZ | 2025-10-03T00:58:35.663547Z - 2025-10-03T00:59:35.663547Z,,,,,,,,,2025-10-03T00:59:25.854130Z,
FN.KLF.00.BHZ | 2025-10-03T23:32:36.188917Z - 2025-10-03T23:33:36.188917Z,,,,,,,,,2025-10-03T23:33:25.792970Z,
FN.KMNF.00.?HZ | 2025-10-03T23:33:10.174663Z - 2025-10-03T23:34:10.174663Z,,,,,,,,,2025-10-03T23:34:00.014890Z,
FN.RNF.00.BHZ | 2025-10-03T23:33:06.285459Z - 2025-10-03T23:34:06.285459Z,,,,,,,,,2025-10-03T23:33:54.619300Z,
FN.SGF.00.BHZ | 2025-10-03T23:33:00.094331Z - 2025-10-03T23:34:00.094331Z,,,,,,,,,2025-10-03T23:33:48.099640Z,
HE.HEF.00.BHZ | 2025-10-03T23:33:06.329637Z - 2025-10-03T23:34:06.329637Z,,,,,,,,,2025-10-03T23:33:18.548990Z,
FN.MSF.00.BHZ | 2025-10-07T10:37:13.841165Z - 2025-10-07T10:38:13.841165Z,,,,,,,2025-10-07T10:38:03.100600Z,,2025-10-07T10:38:06.796800Z,
HE.KU1.00.CZ | 2025-10-07T10:37:35.447779Z - 2025-10-07T10:38:35.447779Z,,,,,,,2025-10-07T10:38:03.854530Z,,2025-10-07T10:38:07.923810Z,
HE.KU6.00.BHZ | 2025-10-07T10:37:24.924465Z - 2025-10-07T10:38:24.924465Z,,,,,,,2025-10-07T10:38:01.901180Z,,2025-10-07T10:38:04.708500Z,
HE.FIA0.00.?HZ | 2025-10-08T06:12:55.711158Z - 2025-10-08T06:13:55.711158Z,,,,,,,2025-10-08T06:13:10.507410Z,,2025-10-08T06:13:26.134390Z,
HE.FIA1.00.?HZ | 2025-10-08T06:12:37.350653Z - 2025-10-08T06:13:37.350653Z,,,,,,,2025-10-08T06:13:10.502690Z,,2025-10-08T06:13:26.137120Z,
HE.HEL1.00.BHZ | 2025-10-08T06:13:06.247242Z - 2025-10-08T06:14:06.247242Z,,,,,,,,,2025-10-08T06:13:33.317050Z,
HE.HEL5.00.BHZ | 2025-10-08T06:13:12.338199Z - 2025-10-08T06:14:12.338199Z,,,,,,,,,2025-10-08T06:13:35.746700Z,
HE.KAF.00.?HZ | 2025-10-08T06:13:12.988296Z - 2025-10-08T06:14:12.988296Z,,,,,,,,,2025-10-08T06:13:41.498430Z,
HE.KUNI.00.BHZ | 2025-10-08T06:13:26.403817Z - 2025-10-08T06:14:26.403817Z,,,,,,,,,2025-10-08T06:13:31.984180Z,
HE.KY02.00.CZ | 2025-10-08T06:12:39.802753Z - 2025-10-08T06:13:39.802753Z,,,,,,,2025-10-08T06:13:00.119740Z,,2025-10-08T06:13:08.200600Z,
HE.KY17.00.CZ | 2025-10-08T06:12:21.322503Z - 2025-10-08T06:13:21.322503Z,,,,,,,2025-10-08T06:12:58.307030Z,,2025-10-08T06:13:04.765110Z,
HE.LAUT.00.BHZ | 2025-10-08T06:12:41.713461Z - 2025-10-08T06:13:41.713461Z,,,,,,,,,2025-10-08T06:13:33.492980Z,
HE.LOVF.00.CZ | 2025-10-08T06:12:19.711213Z - 2025-10-08T06:13:19.711213Z,,,,,,,2025-10-08T06:13:01.316240Z,,2025-10-08T06:13:10.270150Z,
HE.NUR.00.SHZ | 2025-10-08T06:13:26.311614Z - 2025-10-08T06:14:26.311614Z,,,,,,,,,2025-10-08T06:13:35.194190Z,
HE.PVF.00.CZ | 2025-10-08T06:12:46.425311Z - 2025-10-08T06:13:46.425311Z,,,,,,,2025-10-08T06:13:05.143390Z,,2025-10-08T06:13:16.841180Z,
HE.RSUO.00.BHZ | 2025-10-08T06:13:05.312502Z - 2025-10-08T06:14:05.312502Z,,,,,,,,,2025-10-08T06:13:32.429160Z,
HE.RUF.00.BHZ | 2025-10-08T06:13:14.070200Z - 2025-10-08T06:14:14.070200Z,,,,,,,,,2025-10-08T06:13:22.470750Z,
HE.VJF.00.?HZ | 2025-10-08T06:12:00.245192Z - 2025-10-08T06:13:00.245192Z,,,,,,,2025-10-08T06:12:50.038060Z,,2025-10-08T06:12:50.699940Z,
HE.KPF.00.BHZ | 2025-10-08T13:19:12.719702Z - 2025-10-08T13:20:12.719702Z,,,,,,,,,2025-10-08T13:20:04.750000Z,
HE.VAF.00.BHZ | 2025-10-08T13:19:48.689821Z - 2025-10-08T13:20:48.689821Z,,,,,,,,,2025-10-08T13:19:58.120000Z,
HE.ECKF.00.CZ | 2025-10-08T21:38:12.443390Z - 2025-10-08T21:39:12.443390Z,,,,,,,,,2025-10-08T21:39:06.343520Z,
HE.KPF.00.BHZ | 2025-10-08T21:38:33.074459Z - 2025-10-08T21:39:33.074459Z,,,,,,,2025-10-08T21:38:53.661340Z,,2025-10-08T21:39:27.516130Z,
HE.RAF.00.BHZ | 2025-10-08T21:38:57.370825Z - 2025-10-08T21:39:57.370825Z,,,,,,,,,2025-10-08T21:39:25.350260Z,
UP.AAL.00.BHZ | 2025-10-08T21:38:54.641443Z - 2025-10-08T21:39:54.641443Z,,,,,,,,,2025-10-08T21:39:14.318380Z,
FN.KLF.00.BHZ | 2025-10-09T11:31:50.233470Z - 2025-10-09T11:32:50.233470Z,,,,,,,2025-10-09T11:32:30.718320Z,,2025-10-09T11:32:42.184390Z,
FN.KMNF.00.?HZ | 2025-10-09T11:33:04.060547Z - 2025-10-09T11:34:04.060547Z,,,,,,,,,2025-10-09T11:33:12.326070Z,
HE.HEF.00.BHZ | 2025-10-09T11:32:19.679596Z - 2025-10-09T11:33:19.679596Z,,,,,,,2025-10-09T11:32:25.119870Z,,2025-10-09T11:32:31.134180Z,
HE.ALAJF.00.?HZ | 2025-10-07T22:50:46.281342Z - 2025-10-07T22:51:46.281342Z,,,,,,,,,2025-10-07T22:51:27.108760Z,
HE.OBF0.00.BHZ | 2025-10-07T22:50:11.581070Z - 2025-10-07T22:51:11.581070Z,,,,,,,2025-10-07T22:50:45.162300Z,,2025-10-07T22:51:03.400680Z,
HE.OBF3.00.BHZ | 2025-10-07T22:50:39.763500Z - 2025-10-07T22:51:39.763500Z,,,,,,,,,2025-10-07T22:51:06.853310Z,
HE.OUF.00.BHZ | 2025-10-07T22:50:38.353442Z - 2025-10-07T22:51:38.353442Z,,,,,,,2025-10-07T22:50:49.444770Z,,2025-10-07T22:51:10.421030Z,
HE.VAF.00.BHZ | 2025-10-07T22:50:36.564847Z - 2025-10-07T22:51:36.564847Z,,,,,,,,,2025-10-07T22:51:21.584540Z,
HE.FIA0.00.?HZ | 2025-10-11T13:30:58.825313Z - 2025-10-11T13:31:58.825313Z,,,,,,,2025-10-11T13:31:35.509010Z,,2025-10-11T13:31:44.789650Z,
HE.FIA1.00.?HZ | 2025-10-11T13:31:12.143895Z - 2025-10-11T13:32:12.143895Z,,,,,,,2025-10-11T13:31:35.509010Z,,2025-10-11T13:31:44.789650Z,
HE.HEL1.00.BHZ | 2025-10-11T13:31:27.750828Z - 2025-10-11T13:32:27.750828Z,,,,,,,,,2025-10-11T13:31:48.201220Z,
HE.HEL5.00.BHZ | 2025-10-11T13:31:39.193896Z - 2025-10-11T13:32:39.193896Z,,,,,,,,,2025-10-11T13:31:50.981950Z,
HE.KAF.00.?HZ | 2025-10-11T13:31:34.772135Z - 2025-10-11T13:32:34.772135Z,,,,,,,2025-10-11T13:31:47.618380Z,,2025-10-11T13:32:05.545970Z,
HE.KEF.00.?HZ | 2025-10-11T13:31:25.327275Z - 2025-10-11T13:32:25.327275Z,,,,,,,2025-10-11T13:31:50.399390Z,,2025-10-11T13:32:10.372900Z,
HE.KPF.00.BHZ | 2025-10-11T13:31:57.382705Z - 2025-10-11T13:32:57.382705Z,,,,,,,2025-10-11T13:32:02.761550Z,,2025-10-11T13:32:31.072690Z,
HE.KUNI.00.BHZ | 2025-10-11T13:31:40.508313Z - 2025-10-11T13:32:40.508313Z,,,,,,,,,2025-10-11T13:31:46.061990Z,
HE.KY02.00.CZ | 2025-10-11T13:31:22.868027Z - 2025-10-11T13:32:22.868027Z,,,,,,,2025-10-11T13:31:30.675540Z,,2025-10-11T13:31:35.589960Z,
HE.KY17.00.CZ | 2025-10-11T13:31:24.967002Z - 2025-10-11T13:32:24.967002Z,,,,,,,2025-10-11T13:31:32.316290Z,,2025-10-11T13:31:38.937200Z,
HE.LAUT.00.BHZ | 2025-10-11T13:31:20.093814Z - 2025-10-11T13:32:20.093814Z,,,,,,,,,2025-10-11T13:31:48.978350Z,
HE.LOVF.00.CZ | 2025-10-11T13:31:02.909051Z - 2025-10-11T13:32:02.909051Z,,,,,,,2025-10-11T13:31:28.858700Z,,2025-10-11T13:31:33.089010Z,
HE.MEF.00.BHZ | 2025-10-11T13:31:07.995724Z - 2025-10-11T13:32:07.995724Z,,,,,,,,,2025-10-11T13:31:52.896080Z,
HE.NUR.00.SHZ | 2025-10-11T13:31:16.390990Z - 2025-10-11T13:32:16.390990Z,,,,,,,2025-10-11T13:31:36.085040Z,,2025-10-11T13:31:45.572460Z,
HE.PVF.00.CZ | 2025-10-11T13:30:44.861794Z - 2025-10-11T13:31:44.861794Z,,,,,,,2025-10-11T13:31:27.019560Z,,2025-10-11T13:31:30.072530Z,
HE.RAF.00.BHZ | 2025-10-11T13:31:35.373287Z - 2025-10-11T13:32:35.373287Z,,,,,,,2025-10-11T13:31:59.976840Z,,2025-10-11T13:32:26.199460Z,
HE.RUF.00.BHZ | 2025-10-11T13:31:40.699111Z - 2025-10-11T13:32:40.699111Z,,,,,,,2025-10-11T13:31:50.649060Z,,2025-10-11T13:32:10.651540Z,
HE.SUF.00.BHZ | 2025-10-11T13:31:40.192550Z - 2025-10-11T13:32:40.192550Z,,,,,,,2025-10-11T13:31:57.424200Z,,2025-10-11T13:32:22.950640Z,
HE.TRE03.00.CZ | 2025-10-11T13:31:24.027397Z - 2025-10-11T13:32:24.027397Z,,,,,,,2025-10-11T13:31:45.738900Z,,2025-10-11T13:32:01.301600Z,
HE.TVF.00.BHZ | 2025-10-11T13:31:31.560280Z - 2025-10-11T13:32:31.560280Z,,,,,,,2025-10-11T13:31:52.550970Z,,2025-10-11T13:32:13.900360Z,
HE.VJF.00.?HZ | 2025-10-11T13:31:28.847155Z - 2025-10-11T13:32:28.847155Z,,,,,,,2025-10-11T13:31:36.556820Z,,2025-10-11T13:31:46.820800Z,
HE.ECKF.00.CZ | 2025-10-12T17:38:15.142642Z - 2025-10-12T17:39:15.142642Z,,,,,,,2025-10-12T17:38:26.402880Z,,2025-10-12T17:38:43.217300Z,
HE.FIA0.00.?HZ | 2025-10-12T17:38:27.470237Z - 2025-10-12T17:39:27.470237Z,,,,,,,2025-10-12T17:38:45.374560Z,,2025-10-12T17:39:15.191130Z,
HE.FIA1.00.?HZ | 2025-10-12T17:38:34.635128Z - 2025-10-12T17:39:34.635128Z,,,,,,,2025-10-12T17:38:45.189420Z,,2025-10-12T17:39:15.203930Z,
HE.HEL5.00.BHZ | 2025-10-12T17:38:23.389099Z - 2025-10-12T17:39:23.389099Z,,,,,,,2025-10-12T17:38:39.066680Z,,2025-10-12T17:39:04.210980Z,
HE.KEF.00.?HZ | 2025-10-12T17:38:33.757940Z - 2025-10-12T17:39:33.757940Z,,,,,,,2025-10-12T17:38:39.591820Z,,2025-10-12T17:39:05.185300Z,
HE.KORF.00.CZ | 2025-10-12T17:37:46.808324Z - 2025-10-12T17:38:46.808324Z,,,,,,,2025-10-12T17:38:22.875300Z,,2025-10-12T17:38:36.019930Z,
HE.KPF.00.BHZ | 2025-10-12T17:37:55.283587Z - 2025-10-12T17:38:55.283587Z,,,,,,,2025-10-12T17:38:18.644390Z,,2025-10-12T17:38:28.538310Z,
HE.KUNI.00.BHZ | 2025-10-12T17:38:17.157228Z - 2025-10-12T17:39:17.157228Z,,,,,,,2025-10-12T17:38:38.966350Z,,2025-10-12T17:39:04.849820Z,
HE.MEF.00.BHZ | 2025-10-12T17:38:09.718441Z - 2025-10-12T17:39:09.718441Z,,,,,,,2025-10-12T17:38:35.782510Z,,2025-10-12T17:38:58.947660Z,
HE.NUR.00.SHZ | 2025-10-12T17:38:24.752347Z - 2025-10-12T17:39:24.752347Z,,,,,,,2025-10-12T17:38:35.417450Z,,2025-10-12T17:38:58.163020Z,
HE.PVF.00.CZ | 2025-10-12T17:38:24.408732Z - 2025-10-12T17:39:24.408732Z,,,,,,,2025-10-12T17:38:44.593260Z,,2025-10-12T17:39:15.038080Z,
HE.RAF.00.BHZ | 2025-10-12T17:38:01.235492Z - 2025-10-12T17:39:01.235492Z,,,,,,,2025-10-12T17:38:08.400010Z,,2025-10-12T17:38:11.606340Z,
HE.TRE03.00.CZ | 2025-10-12T17:38:14.043959Z - 2025-10-12T17:39:14.043959Z,,,,,,,2025-10-12T17:38:31.016780Z,,2025-10-12T17:38:50.359330Z,
HE.TVF.00.BHZ | 2025-10-12T17:38:16.618910Z - 2025-10-12T17:39:16.618910Z,,,,,,,2025-10-12T17:38:33.017070Z,,2025-10-12T17:38:53.759900Z,
HE.VAF.00.BHZ | 2025-10-12T17:38:16.371473Z - 2025-10-12T17:39:16.371473Z,,,,,,,2025-10-12T17:38:39.880130Z,,2025-10-12T17:39:06.687490Z,
UP.AAL.00.BHZ | 2025-10-12T17:37:54.259586Z - 2025-10-12T17:38:54.259586Z,,,,,,,2025-10-12T17:38:24.829700Z,,2025-10-12T17:38:40.516450Z,
FN.KLF.00.BHZ | 2025-10-12T00:48:37.643235Z - 2025-10-12T00:49:37.643235Z,,,,,,,2025-10-12T00:48:50.038930Z,,2025-10-12T00:49:02.496500Z,
FN.KMNF.00.?HZ | 2025-10-12T00:48:41.030256Z - 2025-10-12T00:49:41.030256Z,,,,,,,2025-10-12T00:48:54.764020Z,,2025-10-12T00:49:10.799750Z,
FN.OLKF.00.BHZ | 2025-10-12T00:49:00.364707Z - 2025-10-12T00:50:00.364707Z,,,,,,,2025-10-12T00:49:11.758630Z,,2025-10-12T00:49:39.885410Z,
FN.RAJF.00.?HZ | 2025-10-12T00:48:21.730302Z - 2025-10-12T00:49:21.730302Z,,,,,,,2025-10-12T00:48:52.600830Z,,2025-10-12T00:49:06.697780Z,
FN.RANF.00.?HZ | 2025-10-12T00:48:50.031519Z - 2025-10-12T00:49:50.031519Z,,,,,,,2025-10-12T00:49:08.156240Z,,2025-10-12T00:49:33.836990Z,
FN.RNF.00.BHZ | 2025-10-12T00:48:32.969312Z - 2025-10-12T00:49:32.969312Z,,,,,,,2025-10-12T00:48:57.659150Z,,2025-10-12T00:49:15.342570Z,
FN.SGF.00.BHZ | 2025-10-12T00:48:11.654797Z - 2025-10-12T00:49:11.654797Z,,,,,,,2025-10-12T00:48:44.566950Z,,2025-10-12T00:48:52.963370Z,
HE.HEF.00.BHZ | 2025-10-12T00:48:34.271664Z - 2025-10-12T00:49:34.271664Z,,,,,,,2025-10-12T00:48:47.158950Z,,2025-10-12T00:48:57.322980Z,
HE.KEV.00.?HZ | 2025-10-12T00:48:54.213216Z - 2025-10-12T00:49:54.213216Z,,,,,,,2025-10-12T00:49:04.466210Z,,2025-10-12T00:49:27.022180Z,
HE.KIF.00.BHZ | 2025-10-12T00:48:58.408585Z - 2025-10-12T00:49:58.408585Z,,,,,,,2025-10-12T00:49:07.903070Z,,2025-10-12T00:49:32.650120Z,
HE.KU2.00.CZ | 2025-10-12T00:48:30.708589Z - 2025-10-12T00:49:30.708589Z,,,,,,,2025-10-12T00:49:16.691480Z,,,
HE.TOF.00.BHZ | 2025-10-12T00:49:12.291319Z - 2025-10-12T00:50:12.291319Z,,,,,,,,,2025-10-12T00:49:32.168770Z,
HE.VRF.00.BHZ | 2025-10-12T00:48:39.924384Z - 2025-10-12T00:49:39.924384Z,,,,,,,2025-10-12T00:49:00.244640Z,,2025-10-12T00:49:19.583830Z,
FN.KLF.00.BHZ | 2025-10-12T11:54:22.354180Z - 2025-10-12T11:55:22.354180Z,,,,,,,2025-10-12T11:54:53.637190Z,,2025-10-12T11:55:02.468450Z,
FN.RNF.00.BHZ | 2025-10-12T11:54:56.243223Z - 2025-10-12T11:55:56.243223Z,,,,,,,,,2025-10-12T11:55:33.291240Z,
FN.SGF.00.BHZ | 2025-10-12T11:54:37.326741Z - 2025-10-12T11:55:37.326741Z,,,,,,,,,2025-10-12T11:55:29.683570Z,
HE.HEF.00.BHZ | 2025-10-12T11:54:53.096594Z - 2025-10-12T11:55:53.096594Z,,,,,,,2025-10-12T11:54:58.274590Z,,2025-10-12T11:55:09.939350Z,
HE.KIF.00.BHZ | 2025-10-12T11:55:07.033027Z - 2025-10-12T11:56:07.033027Z,,,,,,,,,2025-10-12T11:55:28.486240Z,
HE.ALAJF.00.?HZ | 2025-10-18T04:40:00.443365Z - 2025-10-18T04:41:00.443365Z,,,,,,,,,2025-10-18T04:40:53.277590Z,
HE.FIA0.00.?HZ | 2025-10-18T04:39:39.777089Z - 2025-10-18T04:40:39.777089Z,,,,,,,2025-10-18T04:39:48.390660Z,,2025-10-18T04:39:57.264560Z,
HE.FIA1.00.?HZ | 2025-10-18T04:39:04.139953Z - 2025-10-18T04:40:04.139953Z,,,,,,,2025-10-18T04:39:48.390660Z,,2025-10-18T04:39:57.264560Z,
HE.HEL1.00.BHZ | 2025-10-18T04:39:45.516485Z - 2025-10-18T04:40:45.516485Z,,,,,,,,,2025-10-18T04:40:01.235120Z,
HE.KAF.00.?HZ | 2025-10-18T04:39:43.649768Z - 2025-10-18T04:40:43.649768Z,,,,,,,2025-10-18T04:40:00.605980Z,,2025-10-18T04:40:18.231920Z,
HE.KEF.00.?HZ | 2025-10-18T04:39:57.389175Z - 2025-10-18T04:40:57.389175Z,,,,,,,2025-10-18T04:40:03.935460Z,,2025-10-18T04:40:23.330960Z,
HE.KORF.00.CZ | 2025-10-18T04:39:53.008431Z - 2025-10-18T04:40:53.008431Z,,,,,,,2025-10-18T04:40:17.007150Z,,2025-10-18T04:40:46.877940Z,
HE.KPF.00.BHZ | 2025-10-18T04:39:54.495657Z - 2025-10-18T04:40:54.495657Z,,,,,,,2025-10-18T04:40:14.732580Z,,2025-10-18T04:40:43.127230Z,
HE.KY02.00.CZ | 2025-10-18T04:39:35.742165Z - 2025-10-18T04:40:35.742165Z,,,,,,,2025-10-18T04:39:43.340480Z,,2025-10-18T04:39:48.534950Z,
HE.KY17.00.CZ | 2025-10-18T04:39:33.576946Z - 2025-10-18T04:40:33.576946Z,,,,,,,2025-10-18T04:39:45.216260Z,,2025-10-18T04:39:51.925790Z,
HE.LAUT.00.BHZ | 2025-10-18T04:39:38.457156Z - 2025-10-18T04:40:38.457156Z,,,,,,,,,2025-10-18T04:40:01.934990Z,
HE.LOVF.00.CZ | 2025-10-18T04:39:12.835418Z - 2025-10-18T04:40:12.835418Z,,,,,,,2025-10-18T04:39:41.753270Z,,2025-10-18T04:39:45.865570Z,
HE.MEF.00.BHZ | 2025-10-18T04:39:23.559875Z - 2025-10-18T04:40:23.559875Z,,,,,,,,,2025-10-18T04:40:06.334160Z,
HE.NUR.00.SHZ | 2025-10-18T04:39:09.345205Z - 2025-10-18T04:40:09.345205Z,,,,,,,2025-10-18T04:39:49.184260Z,,2025-10-18T04:39:58.635610Z,
HE.PVF.00.CZ | 2025-10-18T04:39:04.245093Z - 2025-10-18T04:40:04.245093Z,,,,,,,2025-10-18T04:39:39.877490Z,,2025-10-18T04:39:42.907600Z,
HE.RAF.00.BHZ | 2025-10-18T04:39:57.155497Z - 2025-10-18T04:40:57.155497Z,,,,,,,,,2025-10-18T04:40:41.327570Z,
HE.RUF.00.BHZ | 2025-10-18T04:39:35.220023Z - 2025-10-18T04:40:35.220023Z,,,,,,,,,2025-10-18T04:40:23.347710Z,
HE.SUF.00.BHZ | 2025-10-18T04:39:55.808735Z - 2025-10-18T04:40:55.808735Z,,,,,,,2025-10-18T04:40:10.352430Z,,2025-10-18T04:40:36.807110Z,
HE.TRE03.00.CZ | 2025-10-18T04:39:53.432194Z - 2025-10-18T04:40:53.432194Z,,,,,,,2025-10-18T04:39:58.435650Z,,2025-10-18T04:40:14.761550Z,
HE.TVF.00.BHZ | 2025-10-18T04:39:44.124531Z - 2025-10-18T04:40:44.124531Z,,,,,,,2025-10-18T04:40:05.634290Z,,2025-10-18T04:40:27.130240Z,
HE.VJF.00.?HZ | 2025-10-18T04:39:32.659563Z - 2025-10-18T04:40:32.659563Z,,,,,,,2025-10-18T04:39:49.472840Z,,2025-10-18T04:39:59.435460Z,
FN.OUL.00.BHZ | 2025-10-16T14:25:29.179371Z - 2025-10-16T14:26:29.179371Z,,,,,,,,,2025-10-16T14:26:12.190840Z,
FN.RANF.00.?HZ | 2025-10-16T14:26:07.997776Z - 2025-10-16T14:27:07.997776Z,,,,,,,,,2025-10-16T14:26:31.067940Z,
HE.JOF.00.BHZ | 2025-10-16T14:25:42.899727Z - 2025-10-16T14:26:42.899727Z,,,,,,,2025-10-16T14:26:04.023720Z,,2025-10-16T14:26:27.713440Z,
HE.KJNF.00.CZ | 2025-10-16T14:24:50.248841Z - 2025-10-16T14:25:50.248841Z,,,,,,,2025-10-16T14:25:35.382130Z,,2025-10-16T14:25:38.387250Z,
HE.KU1.00.CZ | 2025-10-16T14:26:14.445309Z - 2025-10-16T14:27:14.445309Z,,,,,,,,,2025-10-16T14:26:19.814330Z,
HE.NIF.00.BHZ | 2025-10-16T14:25:36.503532Z - 2025-10-16T14:26:36.503532Z,,,,,,,2025-10-16T14:25:43.828450Z,,2025-10-16T14:25:52.660150Z,
HE.OBF0.00.BHZ | 2025-10-16T14:25:56.711821Z - 2025-10-16T14:26:56.711821Z,,,,,,,,,2025-10-16T14:26:23.995640Z,
HE.OUF.00.BHZ | 2025-10-16T14:25:21.330358Z - 2025-10-16T14:26:21.330358Z,,,,,,,,,2025-10-16T14:26:15.597110Z,
HE.RMF.00.BHZ | 2025-10-16T14:25:38.507069Z - 2025-10-16T14:26:38.507069Z,,,,,,,2025-10-16T14:25:46.273650Z,,2025-10-16T14:25:56.784320Z,
HE.SUF.00.BHZ | 2025-10-16T14:25:44.223063Z - 2025-10-16T14:26:44.223063Z,,,,,,,2025-10-16T14:25:59.771020Z,,2025-10-16T14:26:20.645620Z,
FN.KLF.00.BHZ | 2025-10-17T20:06:28.058026Z - 2025-10-17T20:07:28.058026Z,,,,,,,,,2025-10-17T20:06:58.462230Z,
HE.HEF.00.BHZ | 2025-10-17T20:06:20.316056Z - 2025-10-17T20:07:20.316056Z,,,,,,,2025-10-17T20:06:25.868500Z,,2025-10-17T20:06:41.429280Z,
HE.KIF.00.BHZ | 2025-10-17T20:05:51.340562Z - 2025-10-17T20:06:51.340562Z,,,,,,,2025-10-17T20:06:16.117300Z,,2025-10-17T20:06:24.479950Z,
FN.MSF.00.BHZ | 2025-10-20T00:18:40.553767Z - 2025-10-20T00:19:40.553767Z,,,,,,,2025-10-20T00:19:08.313410Z,,2025-10-20T00:19:20.376180Z,
FN.OLKF.00.BHZ | 2025-10-20T00:18:39.416443Z - 2025-10-20T00:19:39.416443Z,,,,,,,2025-10-20T00:19:03.789880Z,,2025-10-20T00:19:11.694240Z,
FN.OUL.00.BHZ | 2025-10-20T00:19:43.205647Z - 2025-10-20T00:20:43.205647Z,,,,,,,,,2025-10-20T00:20:05.611560Z,
FN.RANF.00.?HZ | 2025-10-20T00:19:17.040354Z - 2025-10-20T00:20:17.040354Z,,,,,,,2025-10-20T00:19:22.115830Z,,2025-10-20T00:19:44.123550Z,
FN.RNF.00.BHZ | 2025-10-20T00:19:33.220642Z - 2025-10-20T00:20:33.220642Z,,,,,,,,,2025-10-20T00:19:51.536680Z,
FN.SGF.00.BHZ | 2025-10-20T00:19:20.521084Z - 2025-10-20T00:20:20.521084Z,,,,,,,,,2025-10-20T00:19:53.016610Z,
HE.KU1.00.CZ | 2025-10-20T00:18:39.829879Z - 2025-10-20T00:19:39.829879Z,,,,,,,2025-10-20T00:19:09.998650Z,,2025-10-20T00:19:22.593600Z,
HE.KU2.00.CZ | 2025-10-20T00:18:56.611304Z - 2025-10-20T00:19:56.611304Z,,,,,,,2025-10-20T00:19:15.231770Z,,2025-10-20T00:19:32.077220Z,
HE.KU6.00.BHZ | 2025-10-20T00:18:19.254379Z - 2025-10-20T00:19:19.254379Z,,,,,,,2025-10-20T00:19:02.373990Z,,2025-10-20T00:19:09.732560Z,
HE.RMF.00.BHZ | 2025-10-20T00:19:08.942273Z - 2025-10-20T00:20:08.942273Z,,,,,,,,,2025-10-20T00:19:58.486490Z,
HE.VRF.00.BHZ | 2025-10-20T00:18:46.330271Z - 2025-10-20T00:19:46.330271Z,,,,,,,2025-10-20T00:19:17.019310Z,,2025-10-20T00:19:35.632040Z,
HE.ALAJF.00.?HZ | 2025-10-18T03:58:59.359919Z - 2025-10-18T03:59:59.359919Z,,,,,,,,,2025-10-18T03:59:50.201700Z,
HE.FIA0.00.?HZ | 2025-10-18T03:58:04.487377Z - 2025-10-18T03:59:04.487377Z,,,,,,,2025-10-18T03:58:44.965700Z,,2025-10-18T03:58:54.365200Z,
HE.FIA1.00.?HZ | 2025-10-18T03:58:03.539590Z - 2025-10-18T03:59:03.539590Z,,,,,,,2025-10-18T03:58:44.965700Z,,2025-10-18T03:58:54.365200Z,
HE.KAF.00.?HZ | 2025-10-18T03:58:21.933890Z - 2025-10-18T03:59:21.933890Z,,,,,,,2025-10-18T03:58:57.070090Z,,2025-10-18T03:59:15.224340Z,
HE.KEF.00.?HZ | 2025-10-18T03:58:29.616924Z - 2025-10-18T03:59:29.616924Z,,,,,,,2025-10-18T03:59:00.055040Z,,2025-10-18T03:59:20.074990Z,
HE.KORF.00.CZ | 2025-10-18T03:59:10.298966Z - 2025-10-18T04:00:10.298966Z,,,,,,,,,2025-10-18T03:59:43.575820Z,
HE.KPF.00.BHZ | 2025-10-18T03:58:59.617992Z - 2025-10-18T03:59:59.617992Z,,,,,,,2025-10-18T03:59:11.233330Z,,2025-10-18T03:59:39.639630Z,
HE.KY02.00.CZ | 2025-10-18T03:58:25.514754Z - 2025-10-18T03:59:25.514754Z,,,,,,,2025-10-18T03:58:39.838250Z,,2025-10-18T03:58:45.029040Z,
HE.KY17.00.CZ | 2025-10-18T03:58:08.113514Z - 2025-10-18T03:59:08.113514Z,,,,,,,2025-10-18T03:58:41.648990Z,,2025-10-18T03:58:48.529800Z,
HE.LAUT.00.BHZ | 2025-10-18T03:58:44.957291Z - 2025-10-18T03:59:44.957291Z,,,,,,,,,2025-10-18T03:58:58.634710Z,
HE.LOVF.00.CZ | 2025-10-18T03:58:25.511575Z - 2025-10-18T03:59:25.511575Z,,,,,,,2025-10-18T03:58:38.268950Z,,2025-10-18T03:58:42.407230Z,
HE.MEF.00.BHZ | 2025-10-18T03:58:28.607828Z - 2025-10-18T03:59:28.607828Z,,,,,,,2025-10-18T03:58:50.108330Z,,2025-10-18T03:59:02.666480Z,
HE.NUR.00.SHZ | 2025-10-18T03:58:14.184145Z - 2025-10-18T03:59:14.184145Z,,,,,,,2025-10-18T03:58:45.681040Z,,2025-10-18T03:58:55.245720Z,
HE.PVF.00.CZ | 2025-10-18T03:58:15.478275Z - 2025-10-18T03:59:15.478275Z,,,,,,,2025-10-18T03:58:36.458210Z,,2025-10-18T03:58:39.536460Z,
HE.RAF.00.BHZ | 2025-10-18T03:59:21.430935Z - 2025-10-18T04:00:21.430935Z,,,,,,,,,2025-10-18T03:59:36.984170Z,
HE.RUF.00.BHZ | 2025-10-18T03:58:46.006769Z - 2025-10-18T03:59:46.006769Z,,,,,,,,,2025-10-18T03:59:20.275950Z,
HE.SUF.00.BHZ | 2025-10-18T03:58:44.234262Z - 2025-10-18T03:59:44.234262Z,,,,,,,2025-10-18T03:59:07.197160Z,,2025-10-18T03:59:32.303940Z,
HE.TRE03.00.CZ | 2025-10-18T03:58:29.895925Z - 2025-10-18T03:59:29.895925Z,,,,,,,2025-10-18T03:58:55.213620Z,,2025-10-18T03:59:11.457720Z,
HE.TVF.00.BHZ | 2025-10-18T03:58:52.785238Z - 2025-10-18T03:59:52.785238Z,,,,,,,,,2025-10-18T03:59:23.988890Z,
HE.VJF.00.?HZ | 2025-10-18T03:58:37.137884Z - 2025-10-18T03:59:37.137884Z,,,,,,,2025-10-18T03:58:45.935970Z,,2025-10-18T03:58:55.857820Z,
FN.KLF.00.BHZ | 2025-10-20T06:37:21.043125Z - 2025-10-20T06:38:21.043125Z,,,,,,,,,2025-10-20T06:37:38.131080Z,
HE.HEF.00.BHZ | 2025-10-20T06:36:46.689359Z - 2025-10-20T06:37:46.689359Z,,,,,,,,,2025-10-20T06:37:40.691810Z,
HE.KIF.00.BHZ | 2025-10-20T06:37:03.740581Z - 2025-10-20T06:38:03.740581Z,,,,,,,,,2025-10-20T06:37:33.009600Z,
FN.KLF.00.BHZ | 2025-10-21T06:15:44.776196Z - 2025-10-21T06:16:44.776196Z,,,,,,,,,2025-10-21T06:16:37.392660Z,
FN.OUL.00.BHZ | 2025-10-21T06:15:52.828244Z - 2025-10-21T06:16:52.828244Z,,,,,,,2025-10-21T06:16:16.849340Z,,2025-10-21T06:16:33.869400Z,
FN.RANF.00.?HZ | 2025-10-21T06:16:11.491462Z - 2025-10-21T06:17:11.491462Z,,,,,,,2025-10-21T06:16:19.099760Z,,2025-10-21T06:16:37.716430Z,
FN.RNF.00.BHZ | 2025-10-21T06:15:58.761125Z - 2025-10-21T06:16:58.761125Z,,,,,,,,,2025-10-21T06:16:34.902560Z,
HE.OBF0.00.BHZ | 2025-10-21T06:15:44.211277Z - 2025-10-21T06:16:44.211277Z,,,,,,,,,2025-10-21T06:16:36.389150Z,
HE.OUF.00.BHZ | 2025-10-21T06:16:23.344185Z - 2025-10-21T06:17:23.344185Z,,,,,,,,,2025-10-21T06:16:41.917440Z,
HE.TOF.00.BHZ | 2025-10-21T06:15:33.217698Z - 2025-10-21T06:16:33.217698Z,,,,,,,2025-10-21T06:16:02.828270Z,,2025-10-21T06:16:09.143890Z,
FN.MSF.00.BHZ | 2025-10-21T03:42:54.044964Z - 2025-10-21T03:43:54.044964Z,,,,,,,2025-10-21T03:43:07.233250Z,,2025-10-21T03:43:17.132030Z,
FN.OLKF.00.BHZ | 2025-10-21T03:42:18.484631Z - 2025-10-21T03:43:18.484631Z,,,,,,,2025-10-21T03:43:01.708640Z,,2025-10-21T03:43:07.232540Z,
FN.OUL.00.BHZ | 2025-10-21T03:43:23.783975Z - 2025-10-21T03:44:23.783975Z,,,,,,,,,2025-10-21T03:43:59.137760Z,
FN.RAJF.00.?HZ | 2025-10-21T03:43:49.241877Z - 2025-10-21T03:44:49.241877Z,,,,,,,,,2025-10-21T03:43:55.445830Z,
FN.RANF.00.?HZ | 2025-10-21T03:42:58.023627Z - 2025-10-21T03:43:58.023627Z,,,,,,,2025-10-21T03:43:19.680230Z,,2025-10-21T03:43:38.705080Z,
FN.RNF.00.BHZ | 2025-10-21T03:43:16.332884Z - 2025-10-21T03:44:16.332884Z,,,,,,,2025-10-21T03:43:22.914490Z,,2025-10-21T03:43:44.258760Z,
FN.SGF.00.BHZ | 2025-10-21T03:43:33.597067Z - 2025-10-21T03:44:33.597067Z,,,,,,,,,2025-10-21T03:43:46.238770Z,
HE.KU1.00.CZ | 2025-10-21T03:42:33.963368Z - 2025-10-21T03:43:33.963368Z,,,,,,,2025-10-21T03:43:10.103550Z,,2025-10-21T03:43:22.326440Z,
HE.KU2.00.CZ | 2025-10-21T03:42:33.993785Z - 2025-10-21T03:43:33.993785Z,,,,,,,2025-10-21T03:43:13.505740Z,,2025-10-21T03:43:28.108900Z,
HE.KU6.00.BHZ | 2025-10-21T03:42:53.269394Z - 2025-10-21T03:43:53.269394Z,,,,,,,2025-10-21T03:43:02.581810Z,,2025-10-21T03:43:08.717550Z,
HE.VRF.00.BHZ | 2025-10-21T03:42:54.782178Z - 2025-10-21T03:43:54.782178Z,,,,,,,2025-10-21T03:43:17.429600Z,,2025-10-21T03:43:34.577410Z,
FN.KLF.00.BHZ | 2025-10-22T08:38:11.466744Z - 2025-10-22T08:39:11.466744Z,,,,,,,,,2025-10-22T08:38:37.648670Z,
HE.HEF.00.BHZ | 2025-10-22T08:38:19.837992Z - 2025-10-22T08:39:19.837992Z,,,,,,,2025-10-22T08:38:33.061670Z,,2025-10-22T08:38:46.892930Z,
HE.KIF.00.BHZ | 2025-10-22T08:38:36.312418Z - 2025-10-22T08:39:36.312418Z,,,,,,,,,2025-10-22T08:39:03.039300Z,
HE.TOF.00.BHZ | 2025-10-22T08:38:50.046668Z - 2025-10-22T08:39:50.046668Z,,,,,,,,,2025-10-22T08:39:05.254150Z,
HE.ALAJF.00.?HZ | 2025-10-24T16:39:33.551532Z - 2025-10-24T16:40:33.551532Z,,,,,,,2025-10-24T16:39:38.776450Z,,2025-10-24T16:40:04.072100Z,
HE.OBF0.00.BHZ | 2025-10-24T16:38:58.939429Z - 2025-10-24T16:39:58.939429Z,,,,,,,2025-10-24T16:39:32.623910Z,,2025-10-24T16:39:52.614480Z,
HE.OBF3.00.BHZ | 2025-10-24T16:39:37.442435Z - 2025-10-24T16:40:37.442435Z,,,,,,,,,2025-10-24T16:39:59.566940Z,
HE.OBF8.00.BHZ | 2025-10-24T16:38:57.096542Z - 2025-10-24T16:39:57.096542Z,,,,,,,2025-10-24T16:39:26.837170Z,,2025-10-24T16:39:42.425810Z,
HE.OUF.00.BHZ | 2025-10-24T16:39:21.841663Z - 2025-10-24T16:40:21.841663Z,,,,,,,2025-10-24T16:39:36.306390Z,,2025-10-24T16:39:59.014970Z,
HE.TOF.00.BHZ | 2025-10-24T16:39:26.584501Z - 2025-10-24T16:40:26.584501Z,,,,,,,,,2025-10-24T16:40:14.095570Z,
HE.VAF.00.BHZ | 2025-10-24T16:39:28.018563Z - 2025-10-24T16:40:28.018563Z,,,,,,,2025-10-24T16:39:34.552830Z,,2025-10-24T16:39:54.622250Z,
FN.KMNF.00.?HZ | 2025-10-24T17:52:24.654683Z - 2025-10-24T17:53:24.654683Z,,,,,,,2025-10-24T17:52:55.802010Z,,2025-10-24T17:53:01.735620Z,
FN.RAJF.00.?HZ | 2025-10-24T17:52:43.035317Z - 2025-10-24T17:53:43.035317Z,,,,,,,2025-10-24T17:53:05.499890Z,,2025-10-24T17:53:18.957300Z,
HE.HEF.00.BHZ | 2025-10-24T17:53:27.497288Z - 2025-10-24T17:54:27.497288Z,,,,,,,,,2025-10-24T17:53:42.920940Z,
HE.KEV.00.?HZ | 2025-10-24T17:52:48.274469Z - 2025-10-24T17:53:48.274469Z,,,,,,,2025-10-24T17:52:54.117580Z,,2025-10-24T17:52:59.101430Z,
HE.VRF.00.BHZ | 2025-10-24T17:53:07.937474Z - 2025-10-24T17:54:07.937474Z,,,,,,,,,2025-10-24T17:53:42.448750Z,
FN.KLF.00.BHZ | 2025-10-27T09:31:08.018320Z - 2025-10-27T09:32:08.018320Z,,,,,,,,,2025-10-27T09:31:53.952580Z,
FN.KMNF.00.?HZ | 2025-10-27T09:30:29.808455Z - 2025-10-27T09:31:29.808455Z,,,,,,,2025-10-27T09:31:07.465650Z,,2025-10-27T09:31:20.408230Z,
FN.RAJF.00.?HZ | 2025-10-27T09:30:54.941395Z - 2025-10-27T09:31:54.941395Z,,,,,,,2025-10-27T09:31:19.665690Z,,2025-10-27T09:31:42.084050Z,
FN.SGF.00.BHZ | 2025-10-27T09:31:17.117957Z - 2025-10-27T09:32:17.117957Z,,,,,,,,,2025-10-27T09:31:53.474030Z,
HE.HEF.00.BHZ | 2025-10-27T09:30:42.950489Z - 2025-10-27T09:31:42.950489Z,,,,,,,2025-10-27T09:31:07.010130Z,,2025-10-27T09:31:19.967220Z,
HE.KEV.00.?HZ | 2025-10-27T09:31:00.326920Z - 2025-10-27T09:32:00.326920Z,,,,,,,2025-10-27T09:31:07.529530Z,,2025-10-27T09:31:20.885220Z,
HE.KIF.00.BHZ | 2025-10-27T09:30:44.912014Z - 2025-10-27T09:31:44.912014Z,,,,,,,2025-10-27T09:31:10.892310Z,,2025-10-27T09:31:26.609080Z,
HE.VRF.00.BHZ | 2025-10-27T09:31:24.971112Z - 2025-10-27T09:32:24.971112Z,,,,,,,,,2025-10-27T09:32:01.971310Z,
FN.OUL.00.BHZ | 2025-10-27T19:50:16.361421Z - 2025-10-27T19:51:16.361421Z,,,,,,,,,2025-10-27T19:50:38.695850Z,
HE.ALAJF.00.?HZ | 2025-10-27T19:49:18.157549Z - 2025-10-27T19:50:18.157549Z,,,,,,,2025-10-27T19:49:54.240720Z,,2025-10-27T19:50:12.464380Z,
HE.KEF.00.?HZ | 2025-10-27T19:49:47.432191Z - 2025-10-27T19:50:47.432191Z,,,,,,,,,2025-10-27T19:50:38.737520Z,
HE.KPF.00.BHZ | 2025-10-27T19:50:19.442762Z - 2025-10-27T19:51:19.442762Z,,,,,,,,,2025-10-27T19:50:29.444390Z,
HE.OBF0.00.BHZ | 2025-10-27T19:49:21.013514Z - 2025-10-27T19:50:21.013514Z,,,,,,,2025-10-27T19:49:54.182820Z,,2025-10-27T19:50:12.757870Z,
HE.OBF3.00.BHZ | 2025-10-27T19:49:47.869608Z - 2025-10-27T19:50:47.869608Z,,,,,,,,,2025-10-27T19:50:22.267530Z,
HE.OUF.00.BHZ | 2025-10-27T19:50:07.792059Z - 2025-10-27T19:51:07.792059Z,,,,,,,,,2025-10-27T19:50:17.233480Z,
HE.TOF.00.BHZ | 2025-10-27T19:49:58.759254Z - 2025-10-27T19:50:58.759254Z,,,,,,,,,2025-10-27T19:50:41.555700Z,
HE.VAF.00.BHZ | 2025-10-27T19:49:17.132082Z - 2025-10-27T19:50:17.132082Z,,,,,,,2025-10-27T19:49:47.382430Z,,2025-10-27T19:50:00.364990Z,
FN.MSF.00.BHZ | 2025-10-30T05:34:17.630849Z - 2025-10-30T05:35:17.630849Z,,,,,,,2025-10-30T05:34:53.649980Z,,2025-10-30T05:34:57.115780Z,
FN.OLKF.00.BHZ | 2025-10-30T05:34:38.659307Z - 2025-10-30T05:35:38.659307Z,,,,,,,2025-10-30T05:34:59.227980Z,,2025-10-30T05:35:06.411570Z,
FN.OUL.00.BHZ | 2025-10-30T05:34:53.619808Z - 2025-10-30T05:35:53.619808Z,,,,,,,2025-10-30T05:35:16.209490Z,,2025-10-30T05:35:35.765730Z,
FN.RANF.00.?HZ | 2025-10-30T05:34:42.312453Z - 2025-10-30T05:35:42.312453Z,,,,,,,2025-10-30T05:35:07.512160Z,,2025-10-30T05:35:20.627070Z,
FN.RNF.00.BHZ | 2025-10-30T05:34:52.395358Z - 2025-10-30T05:35:52.395358Z,,,,,,,2025-10-30T05:35:15.931730Z,,2025-10-30T05:35:35.959710Z,
HE.KU1.00.CZ | 2025-10-30T05:34:36.102076Z - 2025-10-30T05:35:36.102076Z,,,,,,,2025-10-30T05:34:54.679510Z,,2025-10-30T05:34:58.831160Z,
HE.KU2.00.CZ | 2025-10-30T05:34:39.038700Z - 2025-10-30T05:35:39.038700Z,,,,,,,2025-10-30T05:34:57.298720Z,,2025-10-30T05:35:03.207440Z,
HE.KU6.00.BHZ | 2025-10-30T05:34:44.349692Z - 2025-10-30T05:35:44.349692Z,,,,,,,2025-10-30T05:34:56.099250Z,,2025-10-30T05:35:01.233610Z,
HE.OBF3.00.BHZ | 2025-10-30T05:35:35.569957Z - 2025-10-30T05:36:35.569957Z,,,,,,,,,2025-10-30T05:35:49.381850Z,
HE.RMF.00.BHZ | 2025-10-30T05:34:54.619851Z - 2025-10-30T05:35:54.619851Z,,,,,,,2025-10-30T05:35:16.212070Z,,2025-10-30T05:35:35.811490Z,
HE.TOF.00.BHZ | 2025-10-30T05:35:11.490835Z - 2025-10-30T05:36:11.490835Z,,,,,,,,,2025-10-30T05:35:46.675550Z,
HE.VRF.00.BHZ | 2025-10-30T05:35:34.849265Z - 2025-10-30T05:36:34.849265Z,,,,,,,,,2025-10-30T05:35:44.744920Z,
HE.ECKF.00.CZ | 2025-10-30T09:31:42.258894Z - 2025-10-30T09:32:42.258894Z,,,,,,,2025-10-30T09:32:12.836780Z,,2025-10-30T09:32:20.856030Z,
HE.HEL5.00.BHZ | 2025-10-30T09:32:18.273462Z - 2025-10-30T09:33:18.273462Z,,,,,,,2025-10-30T09:32:37.337630Z,,2025-10-30T09:33:02.850180Z,
HE.KORF.00.CZ | 2025-10-30T09:32:02.775455Z - 2025-10-30T09:33:02.775455Z,,,,,,,2025-10-30T09:32:09.297390Z,,2025-10-30T09:32:14.527000Z,
HE.KPF.00.BHZ | 2025-10-30T09:32:24.016822Z - 2025-10-30T09:33:24.016822Z,,,,,,,2025-10-30T09:32:32.403010Z,,2025-10-30T09:32:54.079810Z,
HE.MEF.00.BHZ | 2025-10-30T09:32:04.744963Z - 2025-10-30T09:33:04.744963Z,,,,,,,2025-10-30T09:32:34.570460Z,,2025-10-30T09:32:58.020060Z,
HE.NUR.00.SHZ | 2025-10-30T09:32:08.042986Z - 2025-10-30T09:33:08.042986Z,,,,,,,2025-10-30T09:32:37.116820Z,,2025-10-30T09:33:02.099220Z,
HE.RAF.00.BHZ | 2025-10-30T09:31:39.596927Z - 2025-10-30T09:32:39.596927Z,,,,,,,2025-10-30T09:32:17.976420Z,,2025-10-30T09:32:29.880410Z,
HE.TVF.00.BHZ | 2025-10-30T09:32:17.483433Z - 2025-10-30T09:33:17.483433Z,,,,,,,2025-10-30T09:32:26.123010Z,,2025-10-30T09:32:43.115930Z,
UP.AAL.00.BHZ | 2025-10-30T09:31:50.341278Z - 2025-10-30T09:32:50.341278Z,,,,,,,2025-10-30T09:32:08.912700Z,,2025-10-30T09:32:13.521880Z,
FN.MSF.00.BHZ | 2025-11-02T22:56:34.740662Z - 2025-11-02T22:57:34.740662Z,,,,,,,2025-11-02T22:57:09.530180Z,,2025-11-02T22:57:14.459600Z,
FN.OLKF.00.BHZ | 2025-11-02T22:56:55.449532Z - 2025-11-02T22:57:55.449532Z,,,,,,,2025-11-02T22:57:12.438090Z,,2025-11-02T22:57:19.043970Z,
FN.OUL.00.BHZ | 2025-11-02T22:57:14.120048Z - 2025-11-02T22:58:14.120048Z,,,,,,,2025-11-02T22:57:34.863240Z,,2025-11-02T22:57:57.591620Z,
FN.RANF.00.?HZ | 2025-11-02T22:57:08.393070Z - 2025-11-02T22:58:08.393070Z,,,,,,,2025-11-02T22:57:25.940720Z,,2025-11-02T22:57:41.994240Z,
FN.RNF.00.BHZ | 2025-11-02T22:57:14.318424Z - 2025-11-02T22:58:14.318424Z,,,,,,,2025-11-02T22:57:34.005590Z,,2025-11-02T22:57:56.257330Z,
HE.KU1.00.CZ | 2025-11-02T22:56:31.494159Z - 2025-11-02T22:57:31.494159Z,,,,,,,2025-11-02T22:57:08.339910Z,,2025-11-02T22:57:12.275220Z,
HE.KU2.00.CZ | 2025-11-02T22:56:33.029003Z - 2025-11-02T22:57:33.029003Z,,,,,,,2025-11-02T22:57:15.325240Z,,2025-11-02T22:57:24.096380Z,
HE.KU6.00.BHZ | 2025-11-02T22:56:56.071047Z - 2025-11-02T22:57:56.071047Z,,,,,,,2025-11-02T22:57:06.559440Z,,2025-11-02T22:57:09.411080Z,
HE.RMF.00.BHZ | 2025-11-02T22:57:18.800637Z - 2025-11-02T22:58:18.800637Z,,,,,,,2025-11-02T22:57:30.111010Z,,2025-11-02T22:57:50.675760Z,
HE.VRF.00.BHZ | 2025-11-02T22:57:14.159053Z - 2025-11-02T22:58:14.159053Z,,,,,,,,,2025-11-02T22:58:00.038010Z,
FN.KLF.00.BHZ | 2025-10-31T09:59:34.538671Z - 2025-10-31T10:00:34.538671Z,,,,,,,2025-10-31T10:00:10.400340Z,,2025-10-31T10:00:13.483530Z,
FN.RNF.00.BHZ | 2025-10-31T09:59:51.884231Z - 2025-10-31T10:00:51.884231Z,,,,,,,,,2025-10-31T10:00:37.467180Z,
HE.TOF.00.BHZ | 2025-10-31T09:59:56.745337Z - 2025-10-31T10:00:56.745337Z,,,,,,,,,2025-10-31T10:00:36.088820Z,
HE.FIA0.00.?HZ | 2025-10-28T01:20:25.093937Z - 2025-10-28T01:21:25.093937Z,,,,,,,,,2025-10-28T01:21:05.312140Z,
HE.FIA1.00.?HZ | 2025-10-28T01:20:33.002785Z - 2025-10-28T01:21:33.002785Z,,,,,,,,,2025-10-28T01:21:05.312140Z,
HE.KOFF.00.CZ | 2025-10-28T01:19:42.905982Z - 2025-10-28T01:20:42.905982Z,,,,,,,2025-10-28T01:20:32.936200Z,,2025-10-28T01:20:35.753600Z,
HE.KY02.00.CZ | 2025-10-28T01:20:10.670377Z - 2025-10-28T01:21:10.670377Z,,,,,,,2025-10-28T01:20:38.837100Z,,2025-10-28T01:20:47.331400Z,
HE.KY17.00.CZ | 2025-10-28T01:20:21.513206Z - 2025-10-28T01:21:21.513206Z,,,,,,,2025-10-28T01:20:37.296090Z,,2025-10-28T01:20:44.584000Z,
HE.LOVF.00.CZ | 2025-10-28T01:20:15.209329Z - 2025-10-28T01:21:15.209329Z,,,,,,,2025-10-28T01:20:39.279930Z,,2025-10-28T01:20:47.686810Z,
HE.PVF.00.CZ | 2025-10-28T01:20:03.033124Z - 2025-10-28T01:21:03.033124Z,,,,,,,2025-10-28T01:20:43.053000Z,,2025-10-28T01:20:54.179050Z,
HE.RUF.00.BHZ | 2025-10-28T01:20:56.087129Z - 2025-10-28T01:21:56.087129Z,,,,,,,,,2025-10-28T01:21:03.540120Z,
HE.VJF.00.?HZ | 2025-10-28T01:19:45.508205Z - 2025-10-28T01:20:45.508205Z,,,,,,,2025-10-28T01:20:28.726790Z,,2025-10-28T01:20:29.584690Z,
FN.KMNF.00.?HZ | 2025-10-31T14:34:49.139826Z - 2025-10-31T14:35:49.139826Z,,,,,,,2025-10-31T14:34:57.240170Z,,2025-10-31T14:35:12.338030Z,
FN.RAJF.00.?HZ | 2025-10-31T14:35:01.798822Z - 2025-10-31T14:36:01.798822Z,,,,,,,,,2025-10-31T14:35:23.828590Z,
HE.HEF.00.BHZ | 2025-10-31T14:35:45.213456Z - 2025-10-31T14:36:45.213456Z,,,,,,,,,2025-10-31T14:35:50.466700Z,
HE.KEV.00.?HZ | 2025-10-31T14:34:25.784991Z - 2025-10-31T14:35:25.784991Z,,,,,,,2025-10-31T14:34:51.134440Z,,2025-10-31T14:35:02.014850Z,
HE.VRF.00.BHZ | 2025-10-31T14:35:01.543075Z - 2025-10-31T14:36:01.543075Z,,,,,,,,,2025-10-31T14:35:43.912930Z,
FN.KLF.00.BHZ | 2025-11-03T22:17:38.721518Z - 2025-11-03T22:18:38.721518Z,,,,,,,2025-11-03T22:17:45.637690Z,,2025-11-03T22:18:06.652680Z,
FN.RNF.00.BHZ | 2025-11-03T22:17:46.030116Z - 2025-11-03T22:18:46.030116Z,,,,,,,2025-11-03T22:18:01.589620Z,,2025-11-03T22:18:36.090900Z,
FN.SGF.00.BHZ | 2025-11-03T22:17:45.611027Z - 2025-11-03T22:18:45.611027Z,,,,,,,2025-11-03T22:17:57.741980Z,,2025-11-03T22:18:27.393100Z,
HE.HEF.00.BHZ | 2025-11-03T22:17:30.308480Z - 2025-11-03T22:18:30.308480Z,,,,,,,2025-11-03T22:17:41.150930Z,,2025-11-03T22:17:58.202880Z,
HE.KIF.00.BHZ | 2025-11-03T22:17:20.898260Z - 2025-11-03T22:18:20.898260Z,,,,,,,2025-11-03T22:17:36.023200Z,,2025-11-03T22:17:50.060350Z,
HE.TOF.00.BHZ | 2025-11-03T22:17:50.655208Z - 2025-11-03T22:18:50.655208Z,,,,,,,2025-11-03T22:17:58.510150Z,,2025-11-03T22:18:32.309350Z,
FN.KLF.00.BHZ | 2025-11-09T11:20:55.033827Z - 2025-11-09T11:21:55.033827Z,,,,,,,,,2025-11-09T11:21:39.110970Z,
FN.OUL.00.BHZ | 2025-11-09T11:20:48.484537Z - 2025-11-09T11:21:48.484537Z,,,,,,,,,2025-11-09T11:21:37.706480Z,
FN.RANF.00.?HZ | 2025-11-09T11:21:00.887707Z - 2025-11-09T11:22:00.887707Z,,,,,,,,,2025-11-09T11:21:40.416010Z,
FN.RNF.00.BHZ | 2025-11-09T11:20:59.200862Z - 2025-11-09T11:21:59.200862Z,,,,,,,,,2025-11-09T11:21:37.292270Z,
HE.OBF3.00.BHZ | 2025-11-09T11:20:38.484334Z - 2025-11-09T11:21:38.484334Z,,,,,,,,,2025-11-09T11:21:33.408350Z,
HE.OUF.00.BHZ | 2025-11-09T11:21:30.707660Z - 2025-11-09T11:22:30.707660Z,,,,,,,,,2025-11-09T11:21:45.685150Z,
HE.TOF.00.BHZ | 2025-11-09T11:20:53.672157Z - 2025-11-09T11:21:53.672157Z,,,,,,,2025-11-09T11:21:04.594590Z,,2025-11-09T11:21:10.678030Z,
HE.FIA0.00.?HZ | 2025-11-07T20:56:45.649037Z - 2025-11-07T20:57:45.649037Z,,,,,,,2025-11-07T20:57:10.658530Z,,2025-11-07T20:57:24.813250Z,
HE.FIA1.00.?HZ | 2025-11-07T20:56:37.378745Z - 2025-11-07T20:57:37.378745Z,,,,,,,2025-11-07T20:57:10.658530Z,,2025-11-07T20:57:24.813250Z,
HE.HEL1.00.BHZ | 2025-11-07T20:56:49.878036Z - 2025-11-07T20:57:49.878036Z,,,,,,,2025-11-07T20:57:10.492010Z,,2025-11-07T20:57:24.313670Z,
HE.HEL5.00.BHZ | 2025-11-07T20:56:44.785990Z - 2025-11-07T20:57:44.785990Z,,,,,,,2025-11-07T20:57:12.218260Z,,2025-11-07T20:57:27.144620Z,
HE.KAF.00.?HZ | 2025-11-07T20:57:14.637530Z - 2025-11-07T20:58:14.637530Z,,,,,,,2025-11-07T20:57:21.176630Z,,2025-11-07T20:57:43.031890Z,
HE.KEF.00.?HZ | 2025-11-07T20:57:06.103000Z - 2025-11-07T20:58:06.103000Z,,,,,,,2025-11-07T20:57:26.383290Z,,2025-11-07T20:57:52.799070Z,
HE.KOFF.00.CZ | 2025-11-07T20:56:09.811528Z - 2025-11-07T20:57:09.811528Z,,,,,,,2025-11-07T20:56:55.280130Z,,2025-11-07T20:56:58.186610Z,
HE.KUNI.00.BHZ | 2025-11-07T20:56:58.868300Z - 2025-11-07T20:57:58.868300Z,,,,,,,2025-11-07T20:57:09.860800Z,,2025-11-07T20:57:23.397780Z,
HE.KY02.00.CZ | 2025-11-07T20:56:14.611538Z - 2025-11-07T20:57:14.611538Z,,,,,,,2025-11-07T20:57:00.745270Z,,2025-11-07T20:57:07.503330Z,
HE.KY17.00.CZ | 2025-11-07T20:56:44.565347Z - 2025-11-07T20:57:44.565347Z,,,,,,,2025-11-07T20:57:00.195190Z,,2025-11-07T20:57:06.560350Z,
HE.LAUT.00.BHZ | 2025-11-07T20:56:47.948168Z - 2025-11-07T20:57:47.948168Z,,,,,,,2025-11-07T20:57:10.908320Z,,2025-11-07T20:57:24.869990Z,
HE.LOVF.00.CZ | 2025-11-07T20:56:28.964962Z - 2025-11-07T20:57:28.964962Z,,,,,,,2025-11-07T20:56:57.355610Z,,2025-11-07T20:57:01.612600Z,
HE.MEF.00.BHZ | 2025-11-07T20:56:42.877146Z - 2025-11-07T20:57:42.877146Z,,,,,,,2025-11-07T20:57:14.732890Z,,2025-11-07T20:57:31.391030Z,
HE.NUR.00.SHZ | 2025-11-07T20:56:51.546674Z - 2025-11-07T20:57:51.546674Z,,,,,,,2025-11-07T20:57:11.746770Z,,2025-11-07T20:57:26.755960Z,
HE.PVF.00.CZ | 2025-11-07T20:56:54.684117Z - 2025-11-07T20:57:54.684117Z,,,,,,,2025-11-07T20:57:01.138180Z,,2025-11-07T20:57:08.289160Z,
HE.RAF.00.BHZ | 2025-11-07T20:57:16.184937Z - 2025-11-07T20:58:16.184937Z,,,,,,,,,2025-11-07T20:58:09.604040Z,
HE.RUF.00.BHZ | 2025-11-07T20:56:46.084208Z - 2025-11-07T20:57:46.084208Z,,,,,,,2025-11-07T20:57:16.304530Z,,2025-11-07T20:57:33.749770Z,
HE.SUF.00.BHZ | 2025-11-07T20:57:22.418086Z - 2025-11-07T20:58:22.418086Z,,,,,,,2025-11-07T20:57:31.377870Z,,2025-11-07T20:58:02.233280Z,
HE.TRE03.00.CZ | 2025-11-07T20:56:52.939085Z - 2025-11-07T20:57:52.939085Z,,,,,,,2025-11-07T20:57:22.826850Z,,2025-11-07T20:57:45.362700Z,
HE.TVF.00.BHZ | 2025-11-07T20:57:08.599980Z - 2025-11-07T20:58:08.599980Z,,,,,,,,,2025-11-07T20:57:50.723520Z,
HE.VJF.00.?HZ | 2025-11-07T20:56:40.982325Z - 2025-11-07T20:57:40.982325Z,,,,,,,2025-11-07T20:56:57.170240Z,,2025-11-07T20:57:01.324900Z,
HE.VUOS.00.BHZ | 2025-11-07T20:57:00.871366Z - 2025-11-07T20:58:00.871366Z,,,,,,,2025-11-07T20:57:08.289160Z,,2025-11-07T20:57:20.469390Z,
FN.OUL.00.BHZ | 2025-11-11T02:24:13.275968Z - 2025-11-11T02:25:13.275968Z,,,,,,,,,2025-11-11T02:25:03.904600Z,
HE.ALAJF.00.?HZ | 2025-11-11T02:24:17.803226Z - 2025-11-11T02:25:17.803226Z,,,,,,,,,2025-11-11T02:24:59.183330Z,
HE.OBF0.00.BHZ | 2025-11-11T02:24:02.371761Z - 2025-11-11T02:25:02.371761Z,,,,,,,2025-11-11T02:24:27.665730Z,,2025-11-11T02:24:46.054220Z,
HE.OBF3.00.BHZ | 2025-11-11T02:24:01.557749Z - 2025-11-11T02:25:01.557749Z,,,,,,,2025-11-11T02:24:30.650260Z,,2025-11-11T02:24:51.701120Z,
HE.OBF8.00.BHZ | 2025-11-11T02:24:16.862904Z - 2025-11-11T02:25:16.862904Z,,,,,,,2025-11-11T02:24:22.456600Z,,2025-11-11T02:24:37.519960Z,
HE.OUF.00.BHZ | 2025-11-11T02:24:01.714515Z - 2025-11-11T02:25:01.714515Z,,,,,,,2025-11-11T02:24:31.021350Z,,2025-11-11T02:24:52.308760Z,
HE.TOF.00.BHZ | 2025-11-11T02:24:36.457931Z - 2025-11-11T02:25:36.457931Z,,,,,,,,,2025-11-11T02:25:02.901770Z,
HE.VAF.00.BHZ | 2025-11-11T02:24:15.150343Z - 2025-11-11T02:25:15.150343Z,,,,,,,2025-11-11T02:24:31.758410Z,,2025-11-11T02:24:52.452620Z,
FN.KLF.00.BHZ | 2025-11-13T07:51:33.938334Z - 2025-11-13T07:52:33.938334Z,,,,,,,2025-11-13T07:51:55.313580Z,,2025-11-13T07:52:14.111700Z,
FN.KMNF.00.?HZ | 2025-11-13T07:51:52.162898Z - 2025-11-13T07:52:52.162898Z,,,,,,,2025-11-13T07:51:59.927450Z,,2025-11-13T07:52:22.158970Z,
FN.SGF.00.BHZ | 2025-11-13T07:51:52.689248Z - 2025-11-13T07:52:52.689248Z,,,,,,,,,2025-11-13T07:52:26.752260Z,
HE.HEF.00.BHZ | 2025-11-13T07:51:26.766316Z - 2025-11-13T07:52:26.766316Z,,,,,,,2025-11-13T07:51:38.598840Z,,2025-11-13T07:51:45.105880Z,
HE.KEV.00.?HZ | 2025-11-13T07:51:47.168599Z - 2025-11-13T07:52:47.168599Z,,,,,,,2025-11-13T07:52:03.949540Z,,2025-11-13T07:52:29.027790Z,
HE.KIF.00.BHZ | 2025-11-13T07:51:34.262570Z - 2025-11-13T07:52:34.262570Z,,,,,,,2025-11-13T07:51:42.025120Z,,2025-11-13T07:51:51.142360Z,
FN.OUL.00.BHZ | 2025-11-13T03:29:10.863027Z - 2025-11-13T03:30:10.863027Z,,,,,,,,,2025-11-13T03:29:51.969230Z,
HE.ALAJF.00.?HZ | 2025-11-13T03:28:58.260575Z - 2025-11-13T03:29:58.260575Z,,,,,,,2025-11-13T03:29:04.803950Z,,2025-11-13T03:29:19.190980Z,
HE.KEF.00.?HZ | 2025-11-13T03:29:13.601337Z - 2025-11-13T03:30:13.601337Z,,,,,,,2025-11-13T03:29:19.995800Z,,2025-11-13T03:29:46.138050Z,
HE.KPF.00.BHZ | 2025-11-13T03:29:02.052987Z - 2025-11-13T03:30:02.052987Z,,,,,,,2025-11-13T03:29:17.387730Z,,2025-11-13T03:29:41.504180Z,
HE.OBF0.00.BHZ | 2025-11-13T03:28:44.640937Z - 2025-11-13T03:29:44.640937Z,,,,,,,2025-11-13T03:29:08.502520Z,,2025-11-13T03:29:25.423040Z,
HE.OBF3.00.BHZ | 2025-11-13T03:29:04.793416Z - 2025-11-13T03:30:04.793416Z,,,,,,,2025-11-13T03:29:14.241450Z,,2025-11-13T03:29:35.878190Z,
HE.OUF.00.BHZ | 2025-11-13T03:28:39.582347Z - 2025-11-13T03:29:39.582347Z,,,,,,,,,2025-11-13T03:29:28.883510Z,
HE.SUF.00.BHZ | 2025-11-13T03:29:11.556889Z - 2025-11-13T03:30:11.556889Z,,,,,,,2025-11-13T03:29:22.073370Z,,2025-11-13T03:29:49.865300Z,
HE.VAF.00.BHZ | 2025-11-13T03:28:34.657008Z - 2025-11-13T03:29:34.657008Z,,,,,,,2025-11-13T03:28:57.768260Z,,2025-11-13T03:29:07.185440Z,
FN.KLF.00.BHZ | 2025-11-17T22:29:20.123055Z - 2025-11-17T22:30:20.123055Z,,,,,,,,,2025-11-17T22:30:12.125660Z,
FN.MSF.00.BHZ | 2025-11-17T22:28:35.427763Z - 2025-11-17T22:29:35.427763Z,,,,,,,2025-11-17T22:29:17.663940Z,,2025-11-17T22:29:22.031420Z,
FN.OLKF.00.BHZ | 2025-11-17T22:28:57.673514Z - 2025-11-17T22:29:57.673514Z,,,,,,,2025-11-17T22:29:20.725370Z,,2025-11-17T22:29:27.413580Z,
FN.OUL.00.BHZ | 2025-11-17T22:29:45.928435Z - 2025-11-17T22:30:45.928435Z,,,,,,,,,2025-11-17T22:29:54.192900Z,
FN.RANF.00.?HZ | 2025-11-17T22:29:10.542721Z - 2025-11-17T22:30:10.542721Z,,,,,,,2025-11-17T22:29:24.843080Z,,2025-11-17T22:29:34.118060Z,
FN.RNF.00.BHZ | 2025-11-17T22:29:19.419674Z - 2025-11-17T22:30:19.419674Z,,,,,,,2025-11-17T22:29:32.274590Z,,2025-11-17T22:29:47.164720Z,
FN.SGF.00.BHZ | 2025-11-17T22:29:34.822462Z - 2025-11-17T22:30:34.822462Z,,,,,,,,,2025-11-17T22:29:58.979500Z,
HE.KU1.00.CZ | 2025-11-17T22:29:15.941475Z - 2025-11-17T22:30:15.941475Z,,,,,,,2025-11-17T22:29:23.098710Z,,2025-11-17T22:29:31.267490Z,
HE.KU2.00.CZ | 2025-11-17T22:28:30.539721Z - 2025-11-17T22:29:30.539721Z,,,,,,,2025-11-17T22:29:18.752580Z,,2025-11-17T22:29:23.949180Z,
HE.KU6.00.BHZ | 2025-11-17T22:28:37.568122Z - 2025-11-17T22:29:37.568122Z,,,,,,,2025-11-17T22:29:22.120160Z,,2025-11-17T22:29:29.820940Z,
HE.OBF3.00.BHZ | 2025-11-17T22:29:39.299302Z - 2025-11-17T22:30:39.299302Z,,,,,,,,,2025-11-17T22:30:07.503960Z,
HE.OUF.00.BHZ | 2025-11-17T22:29:40.057391Z - 2025-11-17T22:30:40.057391Z,,,,,,,,,2025-11-17T22:30:19.644330Z,
HE.RMF.00.BHZ | 2025-11-17T22:29:12.682425Z - 2025-11-17T22:30:12.682425Z,,,,,,,,,2025-11-17T22:30:05.244460Z,
HE.TOF.00.BHZ | 2025-11-17T22:29:55.515897Z - 2025-11-17T22:30:55.515897Z,,,,,,,,,2025-11-17T22:30:00.534230Z,
HE.VRF.00.BHZ | 2025-11-17T22:29:51.865311Z - 2025-11-17T22:30:51.865311Z,,,,,,,,,2025-11-17T22:30:02.471440Z,
FN.KLF.00.BHZ | 2025-11-18T18:57:55.200454Z - 2025-11-18T18:58:55.200454Z,,,,,,,2025-11-18T18:58:17.185350Z,,2025-11-18T18:58:43.519800Z,
FN.OUL.00.BHZ | 2025-11-18T18:57:54.205648Z - 2025-11-18T18:58:54.205648Z,,,,,,,2025-11-18T18:58:06.858530Z,,2025-11-18T18:58:26.074950Z,
FN.RANF.00.?HZ | 2025-11-18T18:58:05.725382Z - 2025-11-18T18:59:05.725382Z,,,,,,,2025-11-18T18:58:15.011230Z,,2025-11-18T18:58:41.149620Z,
FN.RNF.00.BHZ | 2025-11-18T18:58:11.365741Z - 2025-11-18T18:59:11.365741Z,,,,,,,2025-11-18T18:58:16.604910Z,,2025-11-18T18:58:41.807440Z,
HE.ALAJF.00.?HZ | 2025-11-18T18:58:12.619207Z - 2025-11-18T18:59:12.619207Z,,,,,,,2025-11-18T18:58:19.610040Z,,2025-11-18T18:58:45.881590Z,
HE.OBF0.00.BHZ | 2025-11-18T18:57:32.615384Z - 2025-11-18T18:58:32.615384Z,,,,,,,2025-11-18T18:57:59.085750Z,,2025-11-18T18:58:12.296200Z,
HE.OBF3.00.BHZ | 2025-11-18T18:57:38.997088Z - 2025-11-18T18:58:38.997088Z,,,,,,,2025-11-18T18:57:58.976070Z,,2025-11-18T18:58:12.649500Z,
HE.OBF8.00.BHZ | 2025-11-18T18:57:24.818345Z - 2025-11-18T18:58:24.818345Z,,,,,,,2025-11-18T18:57:57.640380Z,,2025-11-18T18:58:09.747100Z,
HE.OUF.00.BHZ | 2025-11-18T18:57:43.132949Z - 2025-11-18T18:58:43.132949Z,,,,,,,2025-11-18T18:58:03.339530Z,,2025-11-18T18:58:19.854290Z,
HE.TOF.00.BHZ | 2025-11-18T18:57:31.102626Z - 2025-11-18T18:58:31.102626Z,,,,,,,2025-11-18T18:58:02.176060Z,,2025-11-18T18:58:17.615490Z,
HE.VAF.00.BHZ | 2025-11-18T18:57:25.633541Z - 2025-11-18T18:58:25.633541Z,,,,,,,2025-11-18T18:58:18.766840Z,,,
FN.KLF.00.BHZ | 2025-11-17T23:28:17.572731Z - 2025-11-17T23:29:17.572731Z,,,,,,,,,2025-11-17T23:28:55.792970Z,
HE.HEF.00.BHZ | 2025-11-17T23:28:53.319723Z - 2025-11-17T23:29:53.319723Z,,,,,,,,,2025-11-17T23:28:58.586500Z,
HE.KIF.00.BHZ | 2025-11-17T23:28:31.593652Z - 2025-11-17T23:29:31.593652Z,,,,,,,,,2025-11-17T23:28:52.301050Z,
HE.TOF.00.BHZ | 2025-11-17T23:28:54.331125Z - 2025-11-17T23:29:54.331125Z,,,,,,,,,2025-11-17T23:29:09.062250Z,
FN.KLF.00.BHZ | 2025-11-19T12:11:39.686480Z - 2025-11-19T12:12:39.686480Z,,,,,,,2025-11-19T12:11:51.080000Z,,2025-11-19T12:11:59.960000Z,
FN.KMNF.00.?HZ | 2025-11-19T12:12:00.757149Z - 2025-11-19T12:13:00.757149Z,,,,,,,,,2025-11-19T12:12:46.329300Z,
FN.OUL.00.BHZ | 2025-11-19T12:12:24.931634Z - 2025-11-19T12:13:24.931634Z,,,,,,,,,2025-11-19T12:12:56.711520Z,
FN.RAJF.00.?HZ | 2025-11-19T12:11:53.767574Z - 2025-11-19T12:12:53.767574Z,,,,,,,,,2025-11-19T12:12:47.900570Z,
FN.RANF.00.?HZ | 2025-11-19T12:12:06.395403Z - 2025-11-19T12:13:06.395403Z,,,,,,,,,2025-11-19T12:12:44.579350Z,
FN.RNF.00.BHZ | 2025-11-19T12:12:15.897981Z - 2025-11-19T12:13:15.897981Z,,,,,,,,,2025-11-19T12:12:30.840000Z,
FN.SGF.00.BHZ | 2025-11-19T12:11:45.019866Z - 2025-11-19T12:12:45.019866Z,,,,,,,,,2025-11-19T12:12:27.434250Z,
HE.HEF.00.BHZ | 2025-11-19T12:11:48.106777Z - 2025-11-19T12:12:48.106777Z,,,,,,,2025-11-19T12:11:56.880000Z,,2025-11-19T12:12:09.942870Z,
HE.TOF.00.BHZ | 2025-11-19T12:12:11.587511Z - 2025-11-19T12:13:11.587511Z,,,,,,,,,2025-11-19T12:12:27.542350Z,
HE.VRF.00.BHZ | 2025-11-19T12:12:19.994080Z - 2025-11-19T12:13:19.994080Z,,,,,,,,,2025-11-19T12:12:55.952210Z,
FN.KLF.00.BHZ | 2025-11-23T12:18:34.427852Z - 2025-11-23T12:19:34.427852Z,,,,,,,2025-11-23T12:18:43.812670Z,,2025-11-23T12:19:19.046290Z,
FN.OUL.00.BHZ | 2025-11-23T12:18:13.750710Z - 2025-11-23T12:19:13.750710Z,,,,,,,2025-11-23T12:18:36.863320Z,,2025-11-23T12:19:04.918600Z,
FN.RANF.00.?HZ | 2025-11-23T12:18:33.299483Z - 2025-11-23T12:19:33.299483Z,,,,,,,2025-11-23T12:18:44.501500Z,,,
HE.ALAJF.00.?HZ | 2025-11-23T12:18:17.787425Z - 2025-11-23T12:19:17.787425Z,,,,,,,2025-11-23T12:18:39.777220Z,,2025-11-23T12:19:10.651930Z,
HE.OBF0.00.BHZ | 2025-11-23T12:17:55.852141Z - 2025-11-23T12:18:55.852141Z,,,,,,,2025-11-23T12:18:28.043650Z,,2025-11-23T12:18:47.629760Z,
HE.OBF3.00.BHZ | 2025-11-23T12:18:05.109549Z - 2025-11-23T12:19:05.109549Z,,,,,,,2025-11-23T12:18:30.121250Z,,2025-11-23T12:18:51.814660Z,
HE.OBF8.00.BHZ | 2025-11-23T12:18:14.759590Z - 2025-11-23T12:19:14.759590Z,,,,,,,2025-11-23T12:18:23.921110Z,,2025-11-23T12:18:40.578260Z,
HE.OUF.00.BHZ | 2025-11-23T12:18:21.496635Z - 2025-11-23T12:19:21.496635Z,,,,,,,2025-11-23T12:18:31.946210Z,,2025-11-23T12:18:54.324380Z,
HE.TOF.00.BHZ | 2025-11-23T12:18:21.703750Z - 2025-11-23T12:19:21.703750Z,,,,,,,2025-11-23T12:18:33.359040Z,,2025-11-23T12:18:56.728910Z,
HE.VAF.00.BHZ | 2025-11-23T12:18:25.566576Z - 2025-11-23T12:19:25.566576Z,,,,,,,2025-11-23T12:18:36.854790Z,,2025-11-23T12:19:04.747130Z,
FN.KLF.00.BHZ | 2025-11-21T06:47:30.641823Z - 2025-11-21T06:48:30.641823Z,,,,,,,2025-11-21T06:47:42.451740Z,,2025-11-21T06:47:52.285740Z,
FN.OUL.00.BHZ | 2025-11-21T06:47:51.766736Z - 2025-11-21T06:48:51.766736Z,,,,,,,,,2025-11-21T06:48:38.618580Z,
FN.RANF.00.?HZ | 2025-11-21T06:47:42.105556Z - 2025-11-21T06:48:42.105556Z,,,,,,,2025-11-21T06:48:03.631450Z,,2025-11-21T06:48:29.965640Z,
FN.RNF.00.BHZ | 2025-11-21T06:47:28.775936Z - 2025-11-21T06:48:28.775936Z,,,,,,,,,2025-11-21T06:48:15.111420Z,
FN.SGF.00.BHZ | 2025-11-21T06:47:39.581714Z - 2025-11-21T06:48:39.581714Z,,,,,,,2025-11-21T06:48:00.387670Z,,2025-11-21T06:48:22.969610Z,
HE.HEF.00.BHZ | 2025-11-21T06:48:07.735092Z - 2025-11-21T06:49:07.735092Z,,,,,,,,,2025-11-21T06:48:18.139950Z,
HE.KIF.00.BHZ | 2025-11-21T06:48:06.824787Z - 2025-11-21T06:49:06.824787Z,,,,,,,,,2025-11-21T06:48:34.580540Z,
HE.OBF3.00.BHZ | 2025-11-21T06:48:21.765875Z - 2025-11-21T06:49:21.765875Z,,,,,,,,,2025-11-21T06:48:37.753280Z,
HE.TOF.00.BHZ | 2025-11-21T06:47:16.088972Z - 2025-11-21T06:48:16.088972Z,,,,,,,2025-11-21T06:47:49.585250Z,,2025-11-21T06:48:04.727900Z,
FN.KLF.00.BHZ | 2025-11-22T21:54:17.092171Z - 2025-11-22T21:55:17.092171Z,,,,,,,2025-11-22T21:54:24.253160Z,,2025-11-22T21:54:28.815590Z,
FN.OLKF.00.BHZ | 2025-11-22T21:55:20.319678Z - 2025-11-22T21:56:20.319678Z,,,,,,,,,2025-11-22T21:55:25.347920Z,
FN.OUL.00.BHZ | 2025-11-22T21:55:06.915767Z - 2025-11-22T21:56:06.915767Z,,,,,,,,,2025-11-22T21:55:17.391670Z,
FN.RANF.00.?HZ | 2025-11-22T21:54:23.822211Z - 2025-11-22T21:55:23.822211Z,,,,,,,,,2025-11-22T21:55:01.825930Z,
FN.RNF.00.BHZ | 2025-11-22T21:54:10.448824Z - 2025-11-22T21:55:10.448824Z,,,,,,,2025-11-22T21:54:33.464930Z,,2025-11-22T21:54:44.855830Z,
HE.HEF.00.BHZ | 2025-11-22T21:54:40.903213Z - 2025-11-22T21:55:40.903213Z,,,,,,,2025-11-22T21:54:50.803460Z,,2025-11-22T21:55:04.440210Z,
HE.KU2.00.CZ | 2025-11-22T21:54:56.669545Z - 2025-11-22T21:55:56.669545Z,,,,,,,,,2025-11-22T21:55:20.909970Z,
HE.OBF3.00.BHZ | 2025-11-22T21:55:05.839425Z - 2025-11-22T21:56:05.839425Z,,,,,,,,,2025-11-22T21:55:20.909970Z,
HE.TOF.00.BHZ | 2025-11-22T21:54:13.445510Z - 2025-11-22T21:55:13.445510Z,,,,,,,2025-11-22T21:54:32.724850Z,,2025-11-22T21:54:43.344790Z,
FN.KLF.00.BHZ | 2025-11-21T01:33:16.812429Z - 2025-11-21T01:34:16.812429Z,,,,,,,2025-11-21T01:33:39.600000Z,,2025-11-21T01:34:01.535440Z,
FN.RNF.00.BHZ | 2025-11-21T01:34:19.970269Z - 2025-11-21T01:35:19.970269Z,,,,,,,,,2025-11-21T01:34:26.969730Z,
HE.HEF.00.BHZ | 2025-11-21T01:33:25.983445Z - 2025-11-21T01:34:25.983445Z,,,,,,,2025-11-21T01:33:42.450000Z,,2025-11-21T01:34:05.987050Z,
HE.TOF.00.BHZ | 2025-11-21T01:33:55.790892Z - 2025-11-21T01:34:55.790892Z,,,,,,,,,2025-11-21T01:34:15.545280Z,
HE.ECKF.00.CZ | 2025-11-20T23:09:09.484103Z - 2025-11-20T23:10:09.484103Z,,,,,,,2025-11-20T23:09:23.071080Z,,2025-11-20T23:09:50.141220Z,
HE.KPF.00.BHZ | 2025-11-20T23:09:04.757612Z - 2025-11-20T23:10:04.757612Z,,,,,,,2025-11-20T23:09:28.730270Z,,2025-11-20T23:09:59.752620Z,
HE.VAF.00.BHZ | 2025-11-20T23:09:25.566570Z - 2025-11-20T23:10:25.566570Z,,,,,,,2025-11-20T23:09:36.865960Z,,2025-11-20T23:10:12.232460Z,
UP.AAL.00.BHZ | 2025-11-20T23:09:01.250207Z - 2025-11-20T23:10:01.250207Z,,,,,,,2025-11-20T23:09:26.006460Z,,2025-11-20T23:09:54.340290Z,
HE.KIF.00.BHZ | 2025-11-18T01:42:38.347908Z - 2025-11-18T01:43:38.347908Z,,,,,,,,,2025-11-18T01:42:53.620000Z,
FN.KMNF.00.?HZ | 2025-11-25T06:47:49.456936Z - 2025-11-25T06:48:49.456936Z,,,,,,,2025-11-25T06:47:58.090000Z,,2025-11-25T06:48:09.140000Z,
FN.RAJF.00.?HZ | 2025-11-25T06:47:46.823366Z - 2025-11-25T06:48:46.823366Z,,,,,,,2025-11-25T06:48:11.010000Z,,2025-11-25T06:48:32.010000Z,
HE.HEF.00.BHZ | 2025-11-25T06:47:36.587226Z - 2025-11-25T06:48:36.587226Z,,,,,,,2025-11-25T06:48:06.110000Z,,2025-11-25T06:48:23.180000Z,
HE.KEV.00.?HZ | 2025-11-25T06:47:47.050526Z - 2025-11-25T06:48:47.050526Z,,,,,,,2025-11-25T06:47:55.270000Z,,2025-11-25T06:48:04.157700Z,
HE.KIF.00.BHZ | 2025-11-25T06:48:01.994344Z - 2025-11-25T06:49:01.994344Z,,,,,,,2025-11-25T06:48:10.250000Z,,2025-11-25T06:48:30.670000Z,
FN.KMNF.00.?HZ | 2025-11-29T23:36:06.308620Z - 2025-11-29T23:37:06.308620Z,,,,,,,,,2025-11-29T23:36:21.969240Z,
FN.MSF.00.BHZ | 2025-11-29T23:35:22.805746Z - 2025-11-29T23:36:22.805746Z,,,,,,,2025-11-29T23:35:29.291180Z,,2025-11-29T23:35:47.965620Z,
FN.OLKF.00.BHZ | 2025-11-29T23:35:07.827538Z - 2025-11-29T23:36:07.827538Z,,,,,,,2025-11-29T23:35:22.746430Z,,2025-11-29T23:35:36.612330Z,
FN.RAJF.00.?HZ | 2025-11-29T23:35:43.873958Z - 2025-11-29T23:36:43.873958Z,,,,,,,,,2025-11-29T23:36:02.161140Z,
FN.RANF.00.?HZ | 2025-11-29T23:35:16.598730Z - 2025-11-29T23:36:16.598730Z,,,,,,,,,2025-11-29T23:36:07.184940Z,
FN.RNF.00.BHZ | 2025-11-29T23:35:18.660609Z - 2025-11-29T23:36:18.660609Z,,,,,,,,,2025-11-29T23:36:09.912140Z,
FN.SGF.00.BHZ | 2025-11-29T23:35:16.597987Z - 2025-11-29T23:36:16.597987Z,,,,,,,,,2025-11-29T23:36:03.022360Z,
HE.KU1.00.CZ | 2025-11-29T23:35:05.017168Z - 2025-11-29T23:36:05.017168Z,,,,,,,2025-11-29T23:35:32.161910Z,,2025-11-29T23:35:52.400630Z,
HE.KU2.00.CZ | 2025-11-29T23:35:34.300374Z - 2025-11-29T23:36:34.300374Z,,,,,,,,,2025-11-29T23:35:58.566570Z,
HE.KU6.00.BHZ | 2025-11-29T23:34:44.883748Z - 2025-11-29T23:35:44.883748Z,,,,,,,2025-11-29T23:35:23.836770Z,,2025-11-29T23:35:38.752710Z,
HE.VRF.00.BHZ | 2025-11-29T23:34:52.051526Z - 2025-11-29T23:35:52.051526Z,,,,,,,2025-11-29T23:35:23.583970Z,,2025-11-29T23:35:38.101290Z,
FN.MSF.00.BHN | 2025-12-02T12:21:26.803504Z - 2025-12-02T12:22:26.803504Z,,,,,,,2025-12-02T12:21:44.010190Z,,2025-12-02T12:21:57.164640Z,
FN.OLKF.00.BHZ | 2025-12-02T12:21:04.330901Z - 2025-12-02T12:22:04.330901Z,,,,,,,2025-12-02T12:21:40.282250Z,,2025-12-02T12:21:51.202780Z,
FN.RANF.00.?HZ | 2025-12-02T12:22:05.241557Z - 2025-12-02T12:23:05.241557Z,,,,,,,,,2025-12-02T12:22:21.957930Z,
FN.RNF.00.BHZ | 2025-12-02T12:22:12.899513Z - 2025-12-02T12:23:12.899513Z,,,,,,,,,2025-12-02T12:22:28.796320Z,
FN.SGF.00.BHZ | 2025-12-02T12:22:24.807827Z - 2025-12-02T12:23:24.807827Z,,,,,,,,,2025-12-02T12:22:30.589190Z,
HE.KU1.00.CZ | 2025-12-02T12:21:09.043900Z - 2025-12-02T12:22:09.043900Z,,,,,,,2025-12-02T12:21:43.672690Z,,2025-12-02T12:21:56.978860Z,
HE.KU2.00.CZ | 2025-12-02T12:21:59.406296Z - 2025-12-02T12:22:59.406296Z,,,,,,,,,2025-12-02T12:22:08.389970Z,
HE.KU6.00.BHZ | 2025-12-02T12:21:20.768265Z - 2025-12-02T12:22:20.768265Z,,,,,,,2025-12-02T12:21:37.479180Z,,2025-12-02T12:21:46.580550Z,
HE.VRF.00.BHZ | 2025-12-02T12:21:35.894224Z - 2025-12-02T12:22:35.894224Z,,,,,,,,,2025-12-02T12:22:15.232190Z,
FN.KLF.00.BHZ | 2025-12-02T00:43:05.081915Z - 2025-12-02T00:44:05.081915Z,,,,,,,2025-12-02T00:43:14.570320Z,,2025-12-02T00:43:24.212020Z,
FN.KMNF.00.?HZ | 2025-12-02T00:43:14.473488Z - 2025-12-02T00:44:14.473488Z,,,,,,,,,2025-12-02T00:44:06.032470Z,
FN.RNF.00.BHZ | 2025-12-02T00:43:11.580144Z - 2025-12-02T00:44:11.580144Z,,,,,,,2025-12-02T00:43:33.013150Z,,2025-12-02T00:43:55.895870Z,
FN.SGF.00.BHZ | 2025-12-02T00:43:02.835869Z - 2025-12-02T00:44:02.835869Z,,,,,,,2025-12-02T00:43:29.206610Z,,2025-12-02T00:43:49.301100Z,
HE.HEF.00.BHZ | 2025-12-02T00:43:01.289045Z - 2025-12-02T00:44:01.289045Z,,,,,,,2025-12-02T00:43:15.400620Z,,2025-12-02T00:43:25.396810Z,
HE.KIF.00.BHZ | 2025-12-02T00:42:51.845658Z - 2025-12-02T00:43:51.845658Z,,,,,,,,,2025-12-02T00:43:44.877390Z,
HE.TOF.00.BHZ | 2025-12-02T00:43:04.712260Z - 2025-12-02T00:44:04.712260Z,,,,,,,2025-12-02T00:43:34.610800Z,,2025-12-02T00:43:57.133110Z,
FN.KLF.00.BHZ | 2025-12-04T21:03:45.342044Z - 2025-12-04T21:04:45.342044Z,,,,,,,2025-12-04T21:03:58.578480Z,,2025-12-04T21:04:13.556550Z,
FN.KMNF.00.?HZ | 2025-12-04T21:03:23.220958Z - 2025-12-04T21:04:23.220958Z,,,,,,,2025-12-04T21:03:55.217710Z,,2025-12-04T21:04:07.945950Z,
FN.RAJF.00.?HZ | 2025-12-04T21:03:31.366792Z - 2025-12-04T21:04:31.366792Z,,,,,,,2025-12-04T21:03:52.964440Z,,2025-12-04T21:04:03.873310Z,
FN.RANF.00.?HZ | 2025-12-04T21:04:09.029392Z - 2025-12-04T21:05:09.029392Z,,,,,,,,,2025-12-04T21:04:40.640620Z,
FN.RNF.00.BHZ | 2025-12-04T21:03:37.648659Z - 2025-12-04T21:04:37.648659Z,,,,,,,2025-12-04T21:04:03.587960Z,,2025-12-04T21:04:23.141850Z,
FN.SGF.00.BHZ | 2025-12-04T21:03:18.630622Z - 2025-12-04T21:04:18.630622Z,,,,,,,2025-12-04T21:03:49.770510Z,,2025-12-04T21:03:58.630860Z,
HE.HEF.00.BHZ | 2025-12-04T21:03:15.043316Z - 2025-12-04T21:04:15.043316Z,,,,,,,2025-12-04T21:03:53.558750Z,,2025-12-04T21:04:04.558120Z,
HE.KEV.00.?HZ | 2025-12-04T21:03:38.210111Z - 2025-12-04T21:04:38.210111Z,,,,,,,2025-12-04T21:04:05.774290Z,,2025-12-04T21:04:25.722440Z,
HE.KIF.00.BHZ | 2025-12-04T21:04:30.343054Z - 2025-12-04T21:05:30.343054Z,,,,,,,,,2025-12-04T21:04:38.795670Z,
HE.TOF.00.BHZ | 2025-12-04T21:04:08.426820Z - 2025-12-04T21:05:08.426820Z,,,,,,,,,2025-12-04T21:04:42.557060Z,
HE.VRF.00.BHZ | 2025-12-04T21:03:43.569895Z - 2025-12-04T21:04:43.569895Z,,,,,,,2025-12-04T21:04:00.491060Z,,2025-12-04T21:04:19.248010Z,
HE.ALAJF.00.?HZ | 2025-12-03T19:27:47.418158Z - 2025-12-03T19:28:47.418158Z,,,,,,,2025-12-03T19:28:07.415870Z,,2025-12-03T19:28:27.775350Z,
HE.ECKF.00.CZ | 2025-12-03T19:28:10.192337Z - 2025-12-03T19:29:10.192337Z,,,,,,,2025-12-03T19:28:15.752620Z,,2025-12-03T19:28:42.185770Z,
HE.FIA0.00.?HN | 2025-12-03T19:27:56.759686Z - 2025-12-03T19:28:56.759686Z,,,,,,,2025-12-03T19:28:17.362010Z,,2025-12-03T19:28:45.799230Z,
HE.KAF.00.?HZ | 2025-12-03T19:27:55.344611Z - 2025-12-03T19:28:55.344611Z,,,,,,,2025-12-03T19:28:17.363470Z,,2025-12-03T19:28:46.473890Z,
HE.KEF.00.?HZ | 2025-12-03T19:27:32.828236Z - 2025-12-03T19:28:32.828236Z,,,,,,,2025-12-03T19:28:06.481500Z,,2025-12-03T19:28:26.451860Z,
HE.KORF.00.CN | 2025-12-03T19:27:50.515958Z - 2025-12-03T19:28:50.515958Z,,,,,,,2025-12-03T19:28:13.668670Z,,2025-12-03T19:28:38.386630Z,
HE.KPF.00.BHZ | 2025-12-03T19:27:03.653580Z - 2025-12-03T19:28:03.653580Z,,,,,,,2025-12-03T19:27:44.313200Z,,2025-12-03T19:27:47.736870Z,
HE.NUR.00.SHZ | 2025-12-03T19:28:03.235939Z - 2025-12-03T19:29:03.235939Z,,,,,,,2025-12-03T19:28:16.320510Z,,2025-12-03T19:28:44.281250Z,
HE.OBF0.00.BHZ | 2025-12-03T19:27:48.337143Z - 2025-12-03T19:28:48.337143Z,,,,,,,2025-12-03T19:28:25.109810Z,,,
HE.RAF.00.BHZ | 2025-12-03T19:27:42.927597Z - 2025-12-03T19:28:42.927597Z,,,,,,,2025-12-03T19:27:57.890600Z,,2025-12-03T19:28:10.908100Z,
HE.SUF.00.BHZ | 2025-12-03T19:27:57.307702Z - 2025-12-03T19:28:57.307702Z,,,,,,,2025-12-03T19:28:17.418470Z,,2025-12-03T19:28:46.726880Z,
HE.TRE03.00.CZ | 2025-12-03T19:27:37.385723Z - 2025-12-03T19:28:37.385723Z,,,,,,,2025-12-03T19:28:02.502250Z,,2025-12-03T19:28:19.303570Z,
HE.TVF.00.BHZ | 2025-12-03T19:28:33.800458Z - 2025-12-03T19:29:33.800458Z,,,,,,,,,2025-12-03T19:28:50.291700Z,
HE.VAF.00.BHZ | 2025-12-03T19:27:30.300123Z - 2025-12-03T19:28:30.300123Z,,,,,,,2025-12-03T19:28:00.292550Z,,2025-12-03T19:28:14.807150Z,
UP.AAL.00.BHZ | 2025-12-03T19:27:56.587250Z - 2025-12-03T19:28:56.587250Z,,,,,,,2025-12-03T19:28:16.085130Z,,2025-12-03T19:28:41.661330Z,
FN.KLF.00.BHZ | 2025-12-08T05:15:44.386796Z - 2025-12-08T05:16:44.386796Z,,,,,,,,,2025-12-08T05:16:12.432960Z,
FN.KMNF.00.?HZ | 2025-12-08T05:15:50.996952Z - 2025-12-08T05:16:50.996952Z,,,,,,,2025-12-08T05:16:02.540620Z,,2025-12-08T05:16:33.970710Z,
FN.SGF.00.BHZ | 2025-12-08T05:15:35.734094Z - 2025-12-08T05:16:35.734094Z,,,,,,,,,2025-12-08T05:16:29.676110Z,
HE.HEF.00.BHZ | 2025-12-08T05:15:30.326170Z - 2025-12-08T05:16:30.326170Z,,,,,,,2025-12-08T05:15:40.752440Z,,2025-12-08T05:15:55.768670Z,
HE.KEV.00.?HZ | 2025-12-08T05:16:07.673907Z - 2025-12-08T05:17:07.673907Z,,,,,,,,,2025-12-08T05:16:40.482120Z,
HE.KIF.00.BHZ | 2025-12-08T05:15:22.540281Z - 2025-12-08T05:16:22.540281Z,,,,,,,2025-12-08T05:15:31.924610Z,,2025-12-08T05:15:40.877660Z,
HE.TOF.00.BHZ | 2025-12-08T05:16:05.762100Z - 2025-12-08T05:17:05.762100Z,,,,,,,,,2025-12-08T05:16:41.465370Z,
FN.KLF.00.BHZ | 2025-12-09T14:08:00.443944Z - 2025-12-09T14:09:00.443944Z,,,,,,,2025-12-09T14:08:12.085890Z,,2025-12-09T14:08:29.211660Z,
FN.MSF.00.BHZ | 2025-12-09T14:08:15.548915Z - 2025-12-09T14:09:15.548915Z,,,,,,,,,2025-12-09T14:08:47.572840Z,
FN.OLKF.00.BHZ | 2025-12-09T14:08:22.879730Z - 2025-12-09T14:09:22.879730Z,,,,,,,,,2025-12-09T14:08:39.629710Z,
FN.RAJF.00.?HZ | 2025-12-09T14:07:44.106006Z - 2025-12-09T14:08:44.106006Z,,,,,,,2025-12-09T14:08:02.027890Z,,2025-12-09T14:08:12.392850Z,
FN.RANF.00.?HZ | 2025-12-09T14:08:35.175419Z - 2025-12-09T14:09:35.175419Z,,,,,,,,,2025-12-09T14:08:41.608370Z,
FN.RNF.00.BHZ | 2025-12-09T14:07:44.186043Z - 2025-12-09T14:08:44.186043Z,,,,,,,2025-12-09T14:08:10.290180Z,,2025-12-09T14:08:26.581420Z,
FN.SGF.00.BHZ | 2025-12-09T14:07:14.649800Z - 2025-12-09T14:08:14.649800Z,,,,,,,2025-12-09T14:07:55.348640Z,,2025-12-09T14:08:00.938300Z,
HE.HEF.00.BHZ | 2025-12-09T14:07:57.890620Z - 2025-12-09T14:08:57.890620Z,,,,,,,2025-12-09T14:08:13.881370Z,,2025-12-09T14:08:32.420230Z,
HE.KEV.00.?HZ | 2025-12-09T14:07:52.796491Z - 2025-12-09T14:08:52.796491Z,,,,,,,,,2025-12-09T14:08:45.979930Z,
HE.KU6.00.BHZ | 2025-12-09T14:08:06.645174Z - 2025-12-09T14:09:06.645174Z,,,,,,,,,2025-12-09T14:08:49.165760Z,
HE.TOF.00.BHZ | 2025-12-09T14:07:55.503527Z - 2025-12-09T14:08:55.503527Z,,,,,,,,,2025-12-09T14:08:48.938200Z,
HE.VRF.00.BHZ | 2025-12-09T14:07:31.076272Z - 2025-12-09T14:08:31.076272Z,,,,,,,2025-12-09T14:08:03.979230Z,,2025-12-09T14:08:15.479000Z,
HE.KOFF.00.CZ | 2025-12-07T12:02:49.372089Z - 2025-12-07T12:03:49.372089Z,,,,,,,2025-12-07T12:03:18.003490Z,,2025-12-07T12:03:18.134800Z,
HE.KY02.00.CZ | 2025-12-07T12:03:10.311592Z - 2025-12-07T12:04:10.311592Z,,,,,,,,,2025-12-07T12:03:37.064950Z,
HE.KY17.00.CZ | 2025-12-07T12:03:13.235832Z - 2025-12-07T12:04:13.235832Z,,,,,,,,,2025-12-07T12:03:36.101670Z,
HE.LOVF.00.CZ | 2025-12-07T12:03:10.913520Z - 2025-12-07T12:04:10.913520Z,,,,,,,,,2025-12-07T12:03:28.717670Z,
HE.PVF.00.CZ | 2025-12-07T12:02:53.373604Z - 2025-12-07T12:03:53.373604Z,,,,,,,2025-12-07T12:03:27.677290Z,,2025-12-07T12:03:35.963440Z,
HE.VJF.00.?HZ | 2025-12-07T12:03:01.856748Z - 2025-12-07T12:04:01.856748Z,,,,,,,,,2025-12-07T12:03:27.264450Z,
HE.KOFF.00.CZ | 2025-12-07T12:06:31.839606Z - 2025-12-07T12:07:31.839606Z,,,,,,,2025-12-07T12:07:15.106550Z,,2025-12-07T12:07:15.232480Z,
HE.LOVF.00.CZ | 2025-12-07T12:07:15.583770Z - 2025-12-07T12:08:15.583770Z,,,,,,,,,2025-12-07T12:07:27.476420Z,
HE.PVF.00.CZ | 2025-12-07T12:07:21.174950Z - 2025-12-07T12:08:21.174950Z,,,,,,,,,2025-12-07T12:07:34.810740Z,
HE.VJF.00.?HZ | 2025-12-07T12:06:51.109051Z - 2025-12-07T12:07:51.109051Z,,,,,,,,,2025-12-07T12:07:24.475350Z,
FN.OUL.00.BHZ | 2025-12-11T11:19:01.209403Z - 2025-12-11T11:20:01.209403Z,,,,,,,,,2025-12-11T11:19:39.863040Z,
HE.ALAJF.00.?HZ | 2025-12-11T11:18:48.863259Z - 2025-12-11T11:19:48.863259Z,,,,,,,2025-12-11T11:19:00.655070Z,,2025-12-11T11:19:25.107940Z,
HE.OBF0.00.BHZ | 2025-12-11T11:18:22.512872Z - 2025-12-11T11:19:22.512872Z,,,,,,,2025-12-11T11:18:55.945660Z,,2025-12-11T11:19:16.111110Z,
HE.OBF3.00.BHZ | 2025-12-11T11:18:40.215474Z - 2025-12-11T11:19:40.215474Z,,,,,,,2025-12-11T11:18:59.864050Z,,2025-12-11T11:19:23.511570Z,
HE.OBF8.00.BHZ | 2025-12-11T11:18:44.737412Z - 2025-12-11T11:19:44.737412Z,,,,,,,2025-12-11T11:18:49.886130Z,,2025-12-11T11:19:05.481910Z,
HE.OUF.00.BHZ | 2025-12-11T11:18:30.340158Z - 2025-12-11T11:19:30.340158Z,,,,,,,2025-12-11T11:18:59.232420Z,,2025-12-11T11:19:21.657910Z,
HE.TOF.00.BHZ | 2025-12-11T11:18:57.659006Z - 2025-12-11T11:19:57.659006Z,,,,,,,,,2025-12-11T11:19:36.294360Z,
HE.VAF.00.BHZ | 2025-12-11T11:18:41.047979Z - 2025-12-11T11:19:41.047979Z,,,,,,,2025-12-11T11:18:55.828230Z,,2025-12-11T11:19:15.561480Z,
HE.ALAJF.00.?HZ | 2025-12-11T05:44:17.620526Z - 2025-12-11T05:45:17.620526Z,,,,,,,,,2025-12-11T05:44:30.136790Z,
HE.OBF0.00.BHZ | 2025-12-11T05:43:55.945501Z - 2025-12-11T05:44:55.945501Z,,,,,,,,,2025-12-11T05:44:20.865030Z,
HE.OBF3.00.BHZ | 2025-12-11T05:43:41.862395Z - 2025-12-11T05:44:41.862395Z,,,,,,,,,2025-12-11T05:44:27.916790Z,
HE.OBF8.00.BHZ | 2025-12-11T05:43:26.507677Z - 2025-12-11T05:44:26.507677Z,,,,,,,,,2025-12-11T05:44:10.564600Z,
HE.OUF.00.BHZ | 2025-12-11T05:43:55.378237Z - 2025-12-11T05:44:55.378237Z,,,,,,,,,2025-12-11T05:44:26.590000Z,
HE.VAF.00.BHZ | 2025-12-11T05:43:32.815314Z - 2025-12-11T05:44:32.815314Z,,,,,,,2025-12-11T05:43:58.870000Z,,2025-12-11T05:44:18.927800Z,
FN.KLF.00.BHZ | 2025-12-11T23:44:11.827893Z - 2025-12-11T23:45:11.827893Z,,,,,,,2025-12-11T23:44:41.732320Z,,2025-12-11T23:44:52.310900Z,
FN.OUL.00.BHZ | 2025-12-11T23:44:57.069347Z - 2025-12-11T23:45:57.069347Z,,,,,,,2025-12-11T23:45:02.820880Z,,2025-12-11T23:45:29.755600Z,
FN.RANF.00.?HZ | 2025-12-11T23:44:51.246383Z - 2025-12-11T23:45:51.246383Z,,,,,,,2025-12-11T23:44:58.901540Z,,2025-12-11T23:45:22.891780Z,
FN.RNF.00.BHZ | 2025-12-11T23:44:34.221396Z - 2025-12-11T23:45:34.221396Z,,,,,,,2025-12-11T23:44:51.847400Z,,2025-12-11T23:45:10.345830Z,
FN.SGF.00.BHZ | 2025-12-11T23:44:33.392453Z - 2025-12-11T23:45:33.392453Z,,,,,,,2025-12-11T23:44:57.777600Z,,2025-12-11T23:45:20.848170Z,
HE.HEF.00.BHZ | 2025-12-11T23:44:51.879386Z - 2025-12-11T23:45:51.879386Z,,,,,,,2025-12-11T23:44:58.822430Z,,2025-12-11T23:45:22.948510Z,
HE.OBF0.00.BHZ | 2025-12-11T23:44:53.467484Z - 2025-12-11T23:45:53.467484Z,,,,,,,,,2025-12-11T23:45:36.871770Z,
HE.TOF.00.BHZ | 2025-12-11T23:44:27.740187Z - 2025-12-11T23:45:27.740187Z,,,,,,,2025-12-11T23:44:43.743370Z,,2025-12-11T23:44:55.682740Z,
FN.KLF.00.BHZ | 2025-12-12T00:23:34.717871Z - 2025-12-12T00:24:34.717871Z,,,,,,,2025-12-12T00:23:49.069910Z,,2025-12-12T00:23:59.650720Z,
FN.OUL.00.BHZ | 2025-12-12T00:23:48.268070Z - 2025-12-12T00:24:48.268070Z,,,,,,,,,2025-12-12T00:24:37.438580Z,
FN.RANF.00.?HZ | 2025-12-12T00:23:43.414167Z - 2025-12-12T00:24:43.414167Z,,,,,,,,,2025-12-12T00:24:30.025400Z,
FN.RNF.00.BHZ | 2025-12-12T00:23:26.664848Z - 2025-12-12T00:24:26.664848Z,,,,,,,2025-12-12T00:23:58.937830Z,,2025-12-12T00:24:17.076780Z,
FN.SGF.00.BHZ | 2025-12-12T00:23:55.696219Z - 2025-12-12T00:24:55.696219Z,,,,,,,,,2025-12-12T00:24:27.728330Z,
HE.HEF.00.BHZ | 2025-12-12T00:23:57.443805Z - 2025-12-12T00:24:57.443805Z,,,,,,,,,2025-12-12T00:24:28.916470Z,
HE.OBF3.00.BHZ | 2025-12-12T00:23:43.102150Z - 2025-12-12T00:24:43.102150Z,,,,,,,,,2025-12-12T00:24:35.886900Z,
HE.TOF.00.BHZ | 2025-12-12T00:23:30.737290Z - 2025-12-12T00:24:30.737290Z,,,,,,,2025-12-12T00:23:51.177900Z,,2025-12-12T00:24:03.294350Z,
FN.KLF.00.BHZ | 2025-12-13T06:03:39.020341Z - 2025-12-13T06:04:39.020341Z,,,,,,,,,2025-12-13T06:04:30.932240Z,
FN.OUL.00.BHZ | 2025-12-13T06:03:26.146239Z - 2025-12-13T06:04:26.146239Z,,,,,,,2025-12-13T06:03:52.901770Z,,2025-12-13T06:04:12.146220Z,
FN.RANF.00.?HZ | 2025-12-13T06:03:54.157019Z - 2025-12-13T06:04:54.157019Z,,,,,,,2025-12-13T06:04:00.942260Z,,2025-12-13T06:04:27.501590Z,
FN.RNF.00.BHZ | 2025-12-13T06:03:50.811348Z - 2025-12-13T06:04:50.811348Z,,,,,,,2025-12-13T06:04:01.337690Z,,2025-12-13T06:04:27.196640Z,
HE.ALAJF.00.?HZ | 2025-12-13T06:04:18.014734Z - 2025-12-13T06:05:18.014734Z,,,,,,,,,2025-12-13T06:04:33.499640Z,
HE.OBF0.00.BHZ | 2025-12-13T06:03:27.743196Z - 2025-12-13T06:04:27.743196Z,,,,,,,2025-12-13T06:03:46.047590Z,,2025-12-13T06:04:00.283200Z,
HE.OBF3.00.BHZ | 2025-12-13T06:03:06.048707Z - 2025-12-13T06:04:06.048707Z,,,,,,,2025-12-13T06:03:45.652150Z,,2025-12-13T06:04:00.151390Z,
HE.OBF8.00.BHZ | 2025-12-13T06:03:35.974772Z - 2025-12-13T06:04:35.974772Z,,,,,,,,,2025-12-13T06:03:58.306030Z,
HE.OUF.00.BHZ | 2025-12-13T06:03:31.719904Z - 2025-12-13T06:04:31.719904Z,,,,,,,2025-12-13T06:03:50.397360Z,,2025-12-13T06:04:07.664630Z,
HE.TOF.00.BHZ | 2025-12-13T06:03:42.272505Z - 2025-12-13T06:04:42.272505Z,,,,,,,,,2025-12-13T06:04:01.864940Z,
HE.VAF.00.BHZ | 2025-12-13T06:03:54.762521Z - 2025-12-13T06:04:54.762521Z,,,,,,,,,2025-12-13T06:04:32.685690Z,
FN.KLF.00.BHZ | 2025-12-15T17:54:38.191224Z - 2025-12-15T17:55:38.191224Z,,,,,,,2025-12-15T17:54:54.978500Z,,2025-12-15T17:55:05.694790Z,
FN.KMNF.00.?HZ | 2025-12-15T17:54:48.008657Z - 2025-12-15T17:55:48.008657Z,,,,,,,2025-12-15T17:55:15.756100Z,,2025-12-15T17:55:41.846140Z,
FN.RAJF.00.?HZ | 2025-12-15T17:54:56.150241Z - 2025-12-15T17:55:56.150241Z,,,,,,,2025-12-15T17:55:19.261780Z,,2025-12-15T17:55:48.106220Z,
FN.RANF.00.?HZ | 2025-12-15T17:55:13.609090Z - 2025-12-15T17:56:13.609090Z,,,,,,,2025-12-15T17:55:22.761770Z,,2025-12-15T17:55:54.459240Z,
FN.RNF.00.BHZ | 2025-12-15T17:54:47.786225Z - 2025-12-15T17:55:47.786225Z,,,,,,,2025-12-15T17:55:11.778850Z,,2025-12-15T17:55:35.336210Z,
FN.SGF.00.BHZ | 2025-12-15T17:55:13.310073Z - 2025-12-15T17:56:13.310073Z,,,,,,,,,2025-12-15T17:55:28.222810Z,
HE.HEF.00.BHZ | 2025-12-15T17:54:08.776745Z - 2025-12-15T17:55:08.776745Z,,,,,,,2025-12-15T17:54:53.311930Z,,2025-12-15T17:55:02.646190Z,
HE.KEV.00.?HZ | 2025-12-15T17:55:08.625378Z - 2025-12-15T17:56:08.625378Z,,,,,,,2025-12-15T17:55:23.459320Z,,2025-12-15T17:55:55.567820Z,
HE.KIF.00.BHZ | 2025-12-15T17:54:30.191444Z - 2025-12-15T17:55:30.191444Z,,,,,,,2025-12-15T17:55:04.144990Z,,2025-12-15T17:55:21.643520Z,
HE.TOF.00.BHZ | 2025-12-15T17:54:49.695739Z - 2025-12-15T17:55:49.695739Z,,,,,,,2025-12-15T17:55:13.072200Z,,2025-12-15T17:55:36.999080Z,
HE.VRF.00.BHZ | 2025-12-15T17:55:21.978852Z - 2025-12-15T17:56:21.978852Z,,,,,,,,,2025-12-15T17:56:00.429660Z,
FN.KLF.00.BHZ | 2025-12-17T07:59:53.680427Z - 2025-12-17T08:00:53.680427Z,,,,,,,2025-12-17T08:00:14.672730Z,,2025-12-17T08:00:37.500050Z,
HE.HEF.00.BHZ | 2025-12-17T07:59:53.632146Z - 2025-12-17T08:00:53.632146Z,,,,,,,2025-12-17T08:00:15.412460Z,,2025-12-17T08:00:38.628050Z,
HE.KIF.00.BHZ | 2025-12-17T08:00:03.475608Z - 2025-12-17T08:01:03.475608Z,,,,,,,2025-12-17T08:00:12.008550Z,,2025-12-17T08:00:32.643220Z,
HE.TOF.00.BHZ | 2025-12-17T08:00:04.254744Z - 2025-12-17T08:01:04.254744Z,,,,,,,2025-12-17T08:00:24.064000Z,,2025-12-17T08:00:53.329910Z,
HE.ALAJF.00.?HZ | 2025-12-17T19:43:50.883323Z - 2025-12-17T19:44:50.883323Z,,,,,,,,,2025-12-17T19:44:09.232200Z,
HE.KPF.00.BHZ | 2025-12-17T19:43:08.260474Z - 2025-12-17T19:44:08.260474Z,,,,,,,2025-12-17T19:43:36.464600Z,,2025-12-17T19:44:01.242910Z,
HE.OBF0.00.BHZ | 2025-12-17T19:43:53.677560Z - 2025-12-17T19:44:53.677560Z,,,,,,,,,2025-12-17T19:44:19.657530Z,
HE.OBF8.00.BHZ | 2025-12-17T19:44:01.511230Z - 2025-12-17T19:45:01.511230Z,,,,,,,,,2025-12-17T19:44:08.643260Z,
HE.RAF.00.BHZ | 2025-12-17T19:44:00.550335Z - 2025-12-17T19:45:00.550335Z,,,,,,,,,2025-12-17T19:44:18.066230Z,
HE.VAF.00.BHZ | 2025-12-17T19:43:18.059445Z - 2025-12-17T19:44:18.059445Z,,,,,,,2025-12-17T19:43:31.006720Z,,2025-12-17T19:43:51.337910Z,
FN.KMNF.00.?HZ | 2025-12-18T00:57:12.886265Z - 2025-12-18T00:58:12.886265Z,,,,,,,2025-12-18T00:57:19.528070Z,,2025-12-18T00:57:49.574920Z,
FN.MSF.00.BHZ | 2025-12-18T00:56:39.728982Z - 2025-12-18T00:57:39.728982Z,,,,,,,2025-12-18T00:56:59.159590Z,,2025-12-18T00:57:18.241710Z,
FN.OLKF.00.BHZ | 2025-12-18T00:56:13.154598Z - 2025-12-18T00:57:13.154598Z,,,,,,,2025-12-18T00:56:52.199480Z,,2025-12-18T00:57:06.588680Z,
FN.RAJF.00.?HZ | 2025-12-18T00:56:39.579010Z - 2025-12-18T00:57:39.579010Z,,,,,,,2025-12-18T00:57:06.450060Z,,2025-12-18T00:57:30.956700Z,
FN.RANF.00.?HZ | 2025-12-18T00:56:58.562890Z - 2025-12-18T00:57:58.562890Z,,,,,,,2025-12-18T00:57:10.341870Z,,2025-12-18T00:57:37.558740Z,
FN.RNF.00.BHZ | 2025-12-18T00:56:43.089402Z - 2025-12-18T00:57:43.089402Z,,,,,,,2025-12-18T00:57:10.005300Z,,2025-12-18T00:57:37.558740Z,
FN.SGF.00.BHZ | 2025-12-18T00:56:45.962492Z - 2025-12-18T00:57:45.962492Z,,,,,,,2025-12-18T00:57:08.488630Z,,2025-12-18T00:57:32.641440Z,
HE.KU1.00.CZ | 2025-12-18T00:56:38.641300Z - 2025-12-18T00:57:38.641300Z,,,,,,,2025-12-18T00:57:02.107590Z,,2025-12-18T00:57:22.249110Z,
HE.KU2.00.CZ | 2025-12-18T00:56:34.607969Z - 2025-12-18T00:57:34.607969Z,,,,,,,2025-12-18T00:57:05.578340Z,,2025-12-18T00:57:28.710330Z,
HE.KU6.00.BHZ | 2025-12-18T00:56:24.536543Z - 2025-12-18T00:57:24.536543Z,,,,,,,2025-12-18T00:56:53.482530Z,,2025-12-18T00:57:08.821500Z,
HE.VRF.00.BHZ | 2025-12-18T00:56:13.766826Z - 2025-12-18T00:57:13.766826Z,,,,,,,2025-12-18T00:56:52.103910Z,,2025-12-18T00:57:06.043150Z,
FN.KLF.00.BHZ | 2025-12-18T15:53:02.001987Z - 2025-12-18T15:54:02.001987Z,,,,,,,,,2025-12-18T15:53:26.500000Z,
FN.KMNF.00.?HZ | 2025-12-18T15:52:13.485918Z - 2025-12-18T15:53:13.485918Z,,,,,,,2025-12-18T15:52:44.261790Z,,2025-12-18T15:52:59.538990Z,
HE.HEF.00.BHZ | 2025-12-18T15:51:58.336760Z - 2025-12-18T15:52:58.336760Z,,,,,,,2025-12-18T15:52:39.196570Z,,2025-12-18T15:52:50.444030Z,
HE.KEV.00.?HZ | 2025-12-18T15:52:37.926898Z - 2025-12-18T15:53:37.926898Z,,,,,,,2025-12-18T15:52:45.154690Z,,2025-12-18T15:53:03.800000Z,
HE.KIF.00.BHZ | 2025-12-18T15:52:08.866930Z - 2025-12-18T15:53:08.866930Z,,,,,,,2025-12-18T15:52:40.604410Z,,2025-12-18T15:52:54.349640Z,
FN.KLF.00.BHZ | 2025-12-19T21:33:24.913215Z - 2025-12-19T21:34:24.913215Z,,,,,,,,,2025-12-19T21:33:46.701350Z,
FN.OUL.00.BHZ | 2025-12-19T21:33:00.767372Z - 2025-12-19T21:34:00.767372Z,,,,,,,,,2025-12-19T21:33:43.992340Z,
FN.RANF.00.?HZ | 2025-12-19T21:33:03.144828Z - 2025-12-19T21:34:03.144828Z,,,,,,,2025-12-19T21:33:27.821280Z,,2025-12-19T21:33:50.811300Z,
FN.RNF.00.BHZ | 2025-12-19T21:33:02.288280Z - 2025-12-19T21:34:02.288280Z,,,,,,,2025-12-19T21:33:26.408480Z,,2025-12-19T21:33:48.114150Z,
FN.SGF.00.BHZ | 2025-12-19T21:33:24.999488Z - 2025-12-19T21:34:24.999488Z,,,,,,,,,2025-12-19T21:34:07.797860Z,
HE.KU2.00.CZ | 2025-12-19T21:33:52.912861Z - 2025-12-19T21:34:52.912861Z,,,,,,,,,2025-12-19T21:34:07.797860Z,
HE.OBF0.00.BHZ | 2025-12-19T21:32:52.098448Z - 2025-12-19T21:33:52.098448Z,,,,,,,2025-12-19T21:33:21.913230Z,,2025-12-19T21:33:39.827070Z,
HE.OBF3.00.BHZ | 2025-12-19T21:32:57.082256Z - 2025-12-19T21:33:57.082256Z,,,,,,,2025-12-19T21:33:19.614230Z,,2025-12-19T21:33:36.336580Z,
HE.OUF.00.BHZ | 2025-12-19T21:33:12.773212Z - 2025-12-19T21:34:12.773212Z,,,,,,,,,2025-12-19T21:33:46.572920Z,
HE.TOF.00.BHZ | 2025-12-19T21:32:51.125257Z - 2025-12-19T21:33:51.125257Z,,,,,,,2025-12-19T21:33:12.023670Z,,2025-12-19T21:33:22.683840Z,
HE.VAF.00.BHZ | 2025-12-19T21:33:44.428813Z - 2025-12-19T21:34:44.428813Z,,,,,,,,,2025-12-19T21:34:15.984730Z,
FN.KLF.00.BHZ | 2025-12-19T08:36:37.200391Z - 2025-12-19T08:37:37.200391Z,,,,,,,2025-12-19T08:37:18.435560Z,,2025-12-19T08:37:23.328540Z,
FN.KMNF.00.?HZ | 2025-12-19T08:38:12.403995Z - 2025-12-19T08:39:12.403995Z,,,,,,,,,2025-12-19T08:38:18.566100Z,
FN.MSF.00.BHZ | 2025-12-19T08:37:28.153240Z - 2025-12-19T08:38:28.153240Z,,,,,,,2025-12-19T08:37:48.471540Z,,2025-12-19T08:38:15.355510Z,
FN.OLKF.00.BHZ | 2025-12-19T08:37:29.334308Z - 2025-12-19T08:38:29.334308Z,,,,,,,2025-12-19T08:37:45.217380Z,,2025-12-19T08:38:09.555730Z,
FN.OUL.00.BHZ | 2025-12-19T08:37:25.589606Z - 2025-12-19T08:38:25.589606Z,,,,,,,,,2025-12-19T08:38:13.594860Z,
FN.RANF.00.?HZ | 2025-12-19T08:37:18.891361Z - 2025-12-19T08:38:18.891361Z,,,,,,,2025-12-19T08:37:36.021450Z,,2025-12-19T08:37:53.502780Z,
FN.RNF.00.BHZ | 2025-12-19T08:36:47.025730Z - 2025-12-19T08:37:47.025730Z,,,,,,,2025-12-19T08:37:25.188720Z,,2025-12-19T08:37:34.723790Z,
FN.SGF.00.BHZ | 2025-12-19T08:37:12.876306Z - 2025-12-19T08:38:12.876306Z,,,,,,,2025-12-19T08:37:26.874800Z,,2025-12-19T08:37:37.688960Z,
HE.HEF.00.BHZ | 2025-12-19T08:37:09.250988Z - 2025-12-19T08:38:09.250988Z,,,,,,,2025-12-19T08:37:35.792750Z,,2025-12-19T08:37:53.192080Z,
HE.KIF.00.BHZ | 2025-12-19T08:37:41.973960Z - 2025-12-19T08:38:41.973960Z,,,,,,,,,2025-12-19T08:38:18.367540Z,
HE.KU1.00.CZ | 2025-12-19T08:37:31.247958Z - 2025-12-19T08:38:31.247958Z,,,,,,,2025-12-19T08:37:51.507850Z,,2025-12-19T08:38:20.703160Z,
HE.KU2.00.CZ | 2025-12-19T08:37:27.659833Z - 2025-12-19T08:38:27.659833Z,,,,,,,2025-12-19T08:37:44.699550Z,,2025-12-19T08:38:08.520060Z,
HE.KU6.00.BHZ | 2025-12-19T08:37:42.864181Z - 2025-12-19T08:38:42.864181Z,,,,,,,2025-12-19T08:37:49.639360Z,,2025-12-19T08:38:17.219720Z,
HE.TOF.00.BHZ | 2025-12-19T08:37:20.970901Z - 2025-12-19T08:38:20.970901Z,,,,,,,2025-12-19T08:37:30.096540Z,,2025-12-19T08:37:43.018470Z,
HE.VRF.00.BHZ | 2025-12-19T08:37:25.422289Z - 2025-12-19T08:38:25.422289Z,,,,,,,,,2025-12-19T08:38:12.455620Z,
HE.KOFF.00.CZ | 2025-12-20T22:08:16.773657Z - 2025-12-20T22:09:16.773657Z,,,,,,,2025-12-20T22:08:58.032130Z,,2025-12-20T22:08:59.084930Z,
HE.KY02.00.CZ | 2025-12-20T22:08:40.197743Z - 2025-12-20T22:09:40.197743Z,,,,,,,,,2025-12-20T22:09:19.524820Z,
HE.KY17.00.CZ | 2025-12-20T22:08:28.167396Z - 2025-12-20T22:09:28.167396Z,,,,,,,,,2025-12-20T22:09:17.505390Z,
HE.LOVF.00.CZ | 2025-12-20T22:08:27.080102Z - 2025-12-20T22:09:27.080102Z,,,,,,,2025-12-20T22:09:06.457910Z,,2025-12-20T22:09:13.704110Z,
HE.PVF.00.CZ | 2025-12-20T22:09:13.881836Z - 2025-12-20T22:10:13.881836Z,,,,,,,,,2025-12-20T22:09:20.950310Z,
HE.VJF.00.?HZ | 2025-12-20T22:08:41.301548Z - 2025-12-20T22:09:41.301548Z,,,,,,,2025-12-20T22:09:01.740320Z,,2025-12-20T22:09:05.330480Z,
HE.ALAJF.00.?HZ | 2025-12-20T02:35:38.521242Z - 2025-12-20T02:36:38.521242Z,,,,,,,,,2025-12-20T02:35:55.920460Z,
HE.OBF0.00.BHZ | 2025-12-20T02:35:27.092076Z - 2025-12-20T02:36:27.092076Z,,,,,,,,,2025-12-20T02:35:40.895370Z,
HE.OUF.00.BHZ | 2025-12-20T02:35:41.312240Z - 2025-12-20T02:36:41.312240Z,,,,,,,,,2025-12-20T02:35:47.630790Z,
HE.TOF.00.BHZ | 2025-12-20T02:35:55.771703Z - 2025-12-20T02:36:55.771703Z,,,,,,,,,2025-12-20T02:36:03.546920Z,
HE.VAF.00.BHZ | 2025-12-20T02:35:08.786683Z - 2025-12-20T02:36:08.786683Z,,,,,,,2025-12-20T02:35:28.911580Z,,2025-12-20T02:35:48.155620Z,
HE.FIA0.00.?HZ | 2025-12-21T06:18:31.323891Z - 2025-12-21T06:19:31.323891Z,,,,,,,2025-12-21T06:18:53.005150Z,,2025-12-21T06:19:02.140110Z,
HE.FIA1.00.?HZ | 2025-12-21T06:18:07.770169Z - 2025-12-21T06:19:07.770169Z,,,,,,,2025-12-21T06:18:53.009060Z,,2025-12-21T06:19:02.137370Z,
HE.KAF.00.?HZ | 2025-12-21T06:18:29.127281Z - 2025-12-21T06:19:29.127281Z,,,,,,,2025-12-21T06:19:04.969980Z,,2025-12-21T06:19:22.971420Z,
HE.KEF.00.?HZ | 2025-12-21T06:18:38.090670Z - 2025-12-21T06:19:38.090670Z,,,,,,,2025-12-21T06:19:08.197880Z,,2025-12-21T06:19:28.549210Z,
HE.KOFF.00.CZ | 2025-12-21T06:18:37.216258Z - 2025-12-21T06:19:37.216258Z,,,,,,,2025-12-21T06:18:52.533540Z,,2025-12-21T06:19:01.437930Z,
HE.KPF.00.BHZ | 2025-12-21T06:18:55.362640Z - 2025-12-21T06:19:55.362640Z,,,,,,,2025-12-21T06:19:20.730370Z,,2025-12-21T06:19:49.189440Z,
HE.KUNI.00.BHZ | 2025-12-21T06:18:58.128652Z - 2025-12-21T06:19:58.128652Z,,,,,,,,,2025-12-21T06:19:03.589340Z,
HE.KY02.00.CZ | 2025-12-21T06:18:32.514937Z - 2025-12-21T06:19:32.514937Z,,,,,,,2025-12-21T06:18:47.269110Z,,2025-12-21T06:18:52.251970Z,
HE.KY17.00.CZ | 2025-12-21T06:18:18.567519Z - 2025-12-21T06:19:18.567519Z,,,,,,,2025-12-21T06:18:49.032680Z,,2025-12-21T06:18:55.469320Z,
HE.LAUT.00.BHZ | 2025-12-21T06:18:50.741199Z - 2025-12-21T06:19:50.741199Z,,,,,,,,,2025-12-21T06:19:06.627100Z,
HE.LOVF.00.CZ | 2025-12-21T06:17:54.702761Z - 2025-12-21T06:18:54.702761Z,,,,,,,2025-12-21T06:18:45.556200Z,,2025-12-21T06:18:49.494250Z,
HE.MEF.00.BHZ | 2025-12-21T06:18:26.798887Z - 2025-12-21T06:19:26.798887Z,,,,,,,2025-12-21T06:18:58.162790Z,,2025-12-21T06:19:10.747330Z,
HE.NUR.00.SHZ | 2025-12-21T06:18:33.733087Z - 2025-12-21T06:19:33.733087Z,,,,,,,2025-12-21T06:18:53.836910Z,,2025-12-21T06:19:03.589340Z,
HE.PVF.00.CZ | 2025-12-21T06:18:09.875838Z - 2025-12-21T06:19:09.875838Z,,,,,,,2025-12-21T06:18:44.137140Z,,2025-12-21T06:18:47.250220Z,
HE.RAF.00.BHZ | 2025-12-21T06:19:24.716975Z - 2025-12-21T06:20:24.716975Z,,,,,,,,,2025-12-21T06:19:46.425570Z,
HE.RUF.00.BHZ | 2025-12-21T06:18:55.372097Z - 2025-12-21T06:19:55.372097Z,,,,,,,,,2025-12-21T06:19:27.289120Z,
HE.SUF.00.BHZ | 2025-12-21T06:18:48.785306Z - 2025-12-21T06:19:48.785306Z,,,,,,,,,2025-12-21T06:19:40.782650Z,
HE.TRE03.00.CZ | 2025-12-21T06:18:24.884214Z - 2025-12-21T06:19:24.884214Z,,,,,,,2025-12-21T06:19:03.485280Z,,2025-12-21T06:19:19.814180Z,
HE.TVF.00.BHZ | 2025-12-21T06:18:54.691093Z - 2025-12-21T06:19:54.691093Z,,,,,,,,,2025-12-21T06:19:32.864100Z,
HE.VJF.00.?HZ | 2025-12-21T06:18:28.864892Z - 2025-12-21T06:19:28.864892Z,,,,,,,2025-12-21T06:18:53.198070Z,,2025-12-21T06:19:02.558270Z,
HE.VUOS.00.BHZ | 2025-12-21T06:18:27.223161Z - 2025-12-21T06:19:27.223161Z,,,,,,,2025-12-21T06:18:53.005150Z,,2025-12-21T06:19:02.510180Z,
FN.KLF.00.BHZ | 2025-12-22T12:52:00.175702Z - 2025-12-22T12:53:00.175702Z,,,,,,,2025-12-22T12:52:22.693060Z,,2025-12-22T12:52:43.537660Z,
FN.KMNF.00.?HZ | 2025-12-22T12:52:52.299300Z - 2025-12-22T12:53:52.299300Z,,,,,,,,,2025-12-22T12:53:00.070890Z,
FN.SGF.00.BHZ | 2025-12-22T12:52:48.579731Z - 2025-12-22T12:53:48.579731Z,,,,,,,,,2025-12-22T12:53:02.969370Z,
HE.HEF.00.BHZ | 2025-12-22T12:51:41.684718Z - 2025-12-22T12:52:41.684718Z,,,,,,,2025-12-22T12:52:12.078940Z,,2025-12-22T12:52:24.681430Z,
HE.KIF.00.BHZ | 2025-12-22T12:51:42.938494Z - 2025-12-22T12:52:42.938494Z,,,,,,,2025-12-22T12:52:05.512040Z,,2025-12-22T12:52:13.866240Z,
HE.ECKF.00.CZ | 2025-12-22T22:17:06.463720Z - 2025-12-22T22:18:06.463720Z,,,,,,,,,2025-12-22T22:17:35.013680Z,
HE.FIA0.00.?HZ | 2025-12-22T22:16:34.506184Z - 2025-12-22T22:17:34.506184Z,,,,,,,2025-12-22T22:17:03.175180Z,,2025-12-22T22:17:26.949780Z,
HE.FIA1.00.?HZ | 2025-12-22T22:16:35.287791Z - 2025-12-22T22:17:35.287791Z,,,,,,,2025-12-22T22:17:03.175180Z,,2025-12-22T22:17:26.949780Z,
HE.HEL1.00.BHZ | 2025-12-22T22:16:09.278899Z - 2025-12-22T22:17:09.278899Z,,,,,,,,,2025-12-22T22:16:47.574860Z,
HE.HEL5.00.BHZ | 2025-12-22T22:15:53.075381Z - 2025-12-22T22:16:53.075381Z,,,,,,,,,2025-12-22T22:16:44.508200Z,
HE.KOFF.00.CZ | 2025-12-22T22:16:51.065531Z - 2025-12-22T22:17:51.065531Z,,,,,,,,,2025-12-22T22:17:23.032560Z,
HE.KORF.00.CZ | 2025-12-22T22:16:29.414084Z - 2025-12-22T22:17:29.414084Z,,,,,,,2025-12-22T22:16:50.438620Z,,2025-12-22T22:17:05.587520Z,
HE.KPF.00.BHZ | 2025-12-22T22:16:40.493935Z - 2025-12-22T22:17:40.493935Z,,,,,,,2025-12-22T22:17:07.026520Z,,2025-12-22T22:17:34.306320Z,
HE.KUNI.00.BHZ | 2025-12-22T22:16:06.055124Z - 2025-12-22T22:17:06.055124Z,,,,,,,,,2025-12-22T22:16:49.314370Z,
HE.KY17.00.CZ | 2025-12-22T22:16:41.423804Z - 2025-12-22T22:17:41.423804Z,,,,,,,,,2025-12-22T22:17:27.928870Z,
HE.LAUT.00.BHZ | 2025-12-22T22:16:16.877775Z - 2025-12-22T22:17:16.877775Z,,,,,,,,,2025-12-22T22:16:46.941690Z,
HE.LOVF.00.CZ | 2025-12-22T22:16:32.304208Z - 2025-12-22T22:17:32.304208Z,,,,,,,2025-12-22T22:16:53.177900Z,,2025-12-22T22:17:10.764180Z,
HE.MEF.00.BHZ | 2025-12-22T22:16:08.759488Z - 2025-12-22T22:17:08.759488Z,,,,,,,2025-12-22T22:16:36.982860Z,,2025-12-22T22:16:42.374160Z,
HE.NUR.00.SHZ | 2025-12-22T22:16:22.174784Z - 2025-12-22T22:17:22.174784Z,,,,,,,2025-12-22T22:16:42.528660Z,,2025-12-22T22:16:51.618890Z,
HE.PVF.00.CZ | 2025-12-22T22:16:42.687098Z - 2025-12-22T22:17:42.687098Z,,,,,,,2025-12-22T22:16:51.274890Z,,2025-12-22T22:17:06.253470Z,
HE.RAF.00.BHZ | 2025-12-22T22:16:50.973090Z - 2025-12-22T22:17:50.973090Z,,,,,,,2025-12-22T22:16:56.332260Z,,2025-12-22T22:17:15.827370Z,
HE.RSUO.00.BHZ | 2025-12-22T22:16:28.761840Z - 2025-12-22T22:17:28.761840Z,,,,,,,,,2025-12-22T22:16:48.208040Z,
HE.TRE03.00.CZ | 2025-12-22T22:16:39.573828Z - 2025-12-22T22:17:39.573828Z,,,,,,,2025-12-22T22:16:59.759290Z,,2025-12-22T22:17:22.847090Z,
HE.TVF.00.BHZ | 2025-12-22T22:16:15.388551Z - 2025-12-22T22:17:15.388551Z,,,,,,,2025-12-22T22:16:34.105720Z,,2025-12-22T22:16:37.915430Z,
HE.VJF.00.?HZ | 2025-12-22T22:17:19.536274Z - 2025-12-22T22:18:19.536274Z,,,,,,,,,2025-12-22T22:17:28.420570Z,
HE.VUOS.00.BHZ | 2025-12-22T22:16:31.582549Z - 2025-12-22T22:17:31.582549Z,,,,,,,,,2025-12-22T22:16:51.205260Z,
UP.AAL.00.BHZ | 2025-12-22T22:16:40.598349Z - 2025-12-22T22:17:40.598349Z,,,,,,,,,2025-12-22T22:17:28.049420Z,
FN.MSF.00.BHZ | 2025-12-28T22:31:45.168334Z - 2025-12-28T22:32:45.168334Z,,,,,,,2025-12-28T22:31:57.452960Z,,2025-12-28T22:32:11.528220Z,
FN.OLKF.00.BHZ | 2025-12-28T22:31:48.604825Z - 2025-12-28T22:32:48.604825Z,,,,,,,2025-12-28T22:32:04.403020Z,,2025-12-28T22:32:23.128220Z,
FN.OUL.00.BHZ | 2025-12-28T22:31:29.379765Z - 2025-12-28T22:32:29.379765Z,,,,,,,2025-12-28T22:31:49.514730Z,,2025-12-28T22:31:57.721600Z,
FN.RANF.00.?HZ | 2025-12-28T22:31:25.086372Z - 2025-12-28T22:32:25.086372Z,,,,,,,2025-12-28T22:31:55.604520Z,,2025-12-28T22:32:08.474290Z,
FN.RNF.00.BHZ | 2025-12-28T22:31:48.542701Z - 2025-12-28T22:32:48.542701Z,,,,,,,2025-12-28T22:32:06.433070Z,,2025-12-28T22:32:26.991810Z,
HE.KJNF.00.CZ | 2025-12-28T22:31:08.187963Z - 2025-12-28T22:32:08.187963Z,,,,,,,2025-12-28T22:31:52.384500Z,,2025-12-28T22:32:02.705220Z,
HE.KU1.00.CZ | 2025-12-28T22:31:43.836782Z - 2025-12-28T22:32:43.836782Z,,,,,,,2025-12-28T22:31:56.422750Z,,2025-12-28T22:32:09.849690Z,
HE.KU2.00.CZ | 2025-12-28T22:31:33.389533Z - 2025-12-28T22:32:33.389533Z,,,,,,,2025-12-28T22:31:51.704990Z,,2025-12-28T22:32:01.444440Z,
HE.KU6.00.BHZ | 2025-12-28T22:31:35.539747Z - 2025-12-28T22:32:35.539747Z,,,,,,,2025-12-28T22:32:02.646440Z,,2025-12-28T22:32:20.602860Z,
HE.NIF.00.BHZ | 2025-12-28T22:31:52.546323Z - 2025-12-28T22:32:52.546323Z,,,,,,,2025-12-28T22:32:06.408690Z,,2025-12-28T22:32:26.991810Z,
HE.OBF3.00.BHZ | 2025-12-28T22:31:21.547787Z - 2025-12-28T22:32:21.547787Z,,,,,,,2025-12-28T22:31:57.998240Z,,2025-12-28T22:32:12.686540Z,
HE.OUF.00.BHZ | 2025-12-28T22:31:27.383161Z - 2025-12-28T22:32:27.383161Z,,,,,,,2025-12-28T22:32:00.556980Z,,2025-12-28T22:32:17.672390Z,
HE.RMF.00.BHZ | 2025-12-28T22:31:32.144489Z - 2025-12-28T22:32:32.144489Z,,,,,,,2025-12-28T22:32:01.744150Z,,2025-12-28T22:32:19.024500Z,
HE.TOF.00.BHZ | 2025-12-28T22:31:51.235586Z - 2025-12-28T22:32:51.235586Z,,,,,,,2025-12-28T22:32:05.762490Z,,2025-12-28T22:32:26.104400Z,
FN.KLF.00.BHZ | 2025-12-27T01:38:12.557300Z - 2025-12-27T01:39:12.557300Z,,,,,,,2025-12-27T01:38:43.462220Z,,2025-12-27T01:38:53.285250Z,
FN.MSF.00.BHZ | 2025-12-27T01:38:54.841442Z - 2025-12-27T01:39:54.841442Z,,,,,,,,,2025-12-27T01:39:20.491210Z,
FN.OLKF.00.BHZ | 2025-12-27T01:38:43.943236Z - 2025-12-27T01:39:43.943236Z,,,,,,,2025-12-27T01:38:57.741220Z,,2025-12-27T01:39:18.046830Z,
FN.OUL.00.BHZ | 2025-12-27T01:39:10.038605Z - 2025-12-27T01:40:10.038605Z,,,,,,,,,2025-12-27T01:39:24.680690Z,
FN.RAJF.00.?HZ | 2025-12-27T01:39:11.364475Z - 2025-12-27T01:40:11.364475Z,,,,,,,,,2025-12-27T01:39:26.774220Z,
FN.RANF.00.?HZ | 2025-12-27T01:38:30.896288Z - 2025-12-27T01:39:30.896288Z,,,,,,,2025-12-27T01:38:47.432420Z,,2025-12-27T01:38:59.965310Z,
FN.RNF.00.BHZ | 2025-12-27T01:38:15.012072Z - 2025-12-27T01:39:15.012072Z,,,,,,,2025-12-27T01:38:35.501210Z,,2025-12-27T01:38:39.321760Z,
FN.SGF.00.BHZ | 2025-12-27T01:38:21.982332Z - 2025-12-27T01:39:21.982332Z,,,,,,,2025-12-27T01:38:41.486250Z,,2025-12-27T01:38:49.524420Z,
HE.HEF.00.BHZ | 2025-12-27T01:39:08.602073Z - 2025-12-27T01:40:08.602073Z,,,,,,,,,2025-12-27T01:39:21.703950Z,
HE.KU1.00.CZ | 2025-12-27T01:38:52.730462Z - 2025-12-27T01:39:52.730462Z,,,,,,,,,2025-12-27T01:39:30.553870Z,
HE.KU2.00.CZ | 2025-12-27T01:38:47.332177Z - 2025-12-27T01:39:47.332177Z,,,,,,,,,2025-12-27T01:39:17.308110Z,
HE.KU6.00.BHZ | 2025-12-27T01:38:41.459331Z - 2025-12-27T01:39:41.459331Z,,,,,,,,,2025-12-27T01:39:26.747180Z,
HE.TOF.00.BHZ | 2025-12-27T01:38:10.081894Z - 2025-12-27T01:39:10.081894Z,,,,,,,2025-12-27T01:38:47.483170Z,,2025-12-27T01:38:59.965310Z,
HE.VRF.00.BHZ | 2025-12-27T01:38:51.459703Z - 2025-12-27T01:39:51.459703Z,,,,,,,,,2025-12-27T01:39:22.686390Z,
HE.ALAJF.00.?HZ | 2025-12-25T16:38:10.941684Z - 2025-12-25T16:39:10.941684Z,,,,,,,,,2025-12-25T16:38:23.114650Z,
HE.KEF.00.?HZ | 2025-12-25T16:37:54.217644Z - 2025-12-25T16:38:54.217644Z,,,,,,,,,2025-12-25T16:38:48.124300Z,
HE.KPF.00.BHZ | 2025-12-25T16:38:24.082129Z - 2025-12-25T16:39:24.082129Z,,,,,,,,,2025-12-25T16:38:36.903190Z,
HE.OBF0.00.BHZ | 2025-12-25T16:37:34.131765Z - 2025-12-25T16:38:34.131765Z,,,,,,,,,2025-12-25T16:38:26.957350Z,
HE.OBF3.00.BHZ | 2025-12-25T16:38:00.269547Z - 2025-12-25T16:39:00.269547Z,,,,,,,,,2025-12-25T16:38:36.903190Z,
HE.OUF.00.BHZ | 2025-12-25T16:38:13.370192Z - 2025-12-25T16:39:13.370192Z,,,,,,,,,2025-12-25T16:38:30.965060Z,
HE.VAF.00.BHZ | 2025-12-25T16:37:36.642995Z - 2025-12-25T16:38:36.642995Z,,,,,,,2025-12-25T16:37:56.252140Z,,2025-12-25T16:38:08.751030Z,
HE.FIA0.00.?HZ | 2025-12-26T11:12:29.233592Z - 2025-12-26T11:13:29.233592Z,,,,,,,2025-12-26T11:13:12.602260Z,,,
HE.FIA1.00.?HZ | 2025-12-26T11:12:19.996239Z - 2025-12-26T11:13:19.996239Z,,,,,,,2025-12-26T11:13:12.542860Z,,,
HE.JOF.00.BHZ | 2025-12-26T11:13:13.335171Z - 2025-12-26T11:14:13.335171Z,,,,,,,2025-12-26T11:13:32.168320Z,,,
HE.KAF.00.?HZ | 2025-12-26T11:12:51.791233Z - 2025-12-26T11:13:51.791233Z,,,,,,,,,2025-12-26T11:13:39.444980Z,
HE.KEF.00.?HZ | 2025-12-26T11:13:10.538262Z - 2025-12-26T11:14:10.538262Z,,,,,,,,,2025-12-26T11:13:53.396190Z,
HE.KOFF.00.CZ | 2025-12-26T11:12:32.099397Z - 2025-12-26T11:13:32.099397Z,,,,,,,2025-12-26T11:13:03.422620Z,,2025-12-26T11:13:13.197770Z,
HE.KY02.00.CZ | 2025-12-26T11:12:30.247166Z - 2025-12-26T11:13:30.247166Z,,,,,,,2025-12-26T11:13:03.738180Z,,,
HE.KY17.00.CE | 2025-12-26T11:13:01.182609Z - 2025-12-26T11:14:01.182609Z,,,,,,,,,2025-12-26T11:13:09.589820Z,
HE.LAUT.00.BHZ | 2025-12-26T11:13:26.737616Z - 2025-12-26T11:14:26.737616Z,,,,,,,,,2025-12-26T11:13:45.484660Z,
HE.LOVF.00.CZ | 2025-12-26T11:12:58.959688Z - 2025-12-26T11:13:58.959688Z,,,,,,,2025-12-26T11:13:09.039620Z,,,
HE.MEF.00.BHZ | 2025-12-26T11:13:18.882005Z - 2025-12-26T11:14:18.882005Z,,,,,,,,,2025-12-26T11:13:50.298510Z,
HE.NUR.00.SHZ | 2025-12-26T11:13:09.468430Z - 2025-12-26T11:14:09.468430Z,,,,,,,2025-12-26T11:13:21.905680Z,,2025-12-26T11:13:45.321350Z,
HE.PVF.00.CZ | 2025-12-26T11:12:50.989540Z - 2025-12-26T11:13:50.989540Z,,,,,,,,,2025-12-26T11:13:27.870590Z,
HE.RUF.00.BHZ | 2025-12-26T11:12:35.927490Z - 2025-12-26T11:13:35.927490Z,,,,,,,2025-12-26T11:13:02.453990Z,,2025-12-26T11:13:11.197210Z,
HE.SUF.00.BHZ | 2025-12-26T11:13:19.531188Z - 2025-12-26T11:14:19.531188Z,,,,,,,,,2025-12-26T11:13:54.016170Z,
HE.TRE03.00.CZ | 2025-12-26T11:13:41.860970Z - 2025-12-26T11:14:41.860970Z,,,,,,,,,2025-12-26T11:13:53.434290Z,
HE.VJF.00.?HE | 2025-12-26T11:12:15.472633Z - 2025-12-26T11:13:15.472633Z,,,,,,,2025-12-26T11:12:58.139980Z,,2025-12-26T11:13:04.084110Z,
HE.VUOS.00.BHE | 2025-12-26T11:12:49.118963Z - 2025-12-26T11:13:49.118963Z,,,,,,,,,2025-12-26T11:13:41.204330Z,
HE.FIA0.00.?HZ | 2025-12-23T08:56:27.272225Z - 2025-12-23T08:57:27.272225Z,,,,,,,,,2025-12-23T08:57:06.157800Z,
HE.HEL1.00.BHZ | 2025-12-23T08:56:06.702234Z - 2025-12-23T08:57:06.702234Z,,,,,,,2025-12-23T08:56:20.082560Z,,2025-12-23T08:56:23.131140Z,
HE.HEL5.00.BHZ | 2025-12-23T08:55:38.016575Z - 2025-12-23T08:56:38.016575Z,,,,,,,2025-12-23T08:56:18.599750Z,,2025-12-23T08:56:20.684670Z,
HE.KAF.00.?HZ | 2025-12-23T08:57:00.195125Z - 2025-12-23T08:58:00.195125Z,,,,,,,,,2025-12-23T08:57:27.038770Z,
HE.KEF.00.?HZ | 2025-12-23T08:56:39.013595Z - 2025-12-23T08:57:39.013595Z,,,,,,,2025-12-23T08:56:55.303510Z,,2025-12-23T08:57:24.116560Z,
HE.KORF.00.CZ | 2025-12-23T08:56:36.584004Z - 2025-12-23T08:57:36.584004Z,,,,,,,2025-12-23T08:56:44.861650Z,,2025-12-23T08:57:05.439110Z,
HE.KPF.00.BHZ | 2025-12-23T08:57:10.564844Z - 2025-12-23T08:58:10.564844Z,,,,,,,,,2025-12-23T08:57:25.153460Z,
HE.KUNI.00.BHZ | 2025-12-23T08:55:31.254170Z - 2025-12-23T08:56:31.254170Z,,,,,,,,,2025-12-23T08:56:26.016540Z,
HE.KY02.00.CZ | 2025-12-23T08:56:48.751246Z - 2025-12-23T08:57:48.751246Z,,,,,,,,,2025-12-23T08:57:00.671730Z,
HE.KY17.00.CZ | 2025-12-23T08:56:45.059696Z - 2025-12-23T08:57:45.059696Z,,,,,,,,,2025-12-23T08:57:05.959060Z,
HE.LAUT.00.BHZ | 2025-12-23T08:55:49.007349Z - 2025-12-23T08:56:49.007349Z,,,,,,,2025-12-23T08:56:19.558240Z,,2025-12-23T08:56:22.356590Z,
HE.MEF.00.BHZ | 2025-12-23T08:56:10.119791Z - 2025-12-23T08:57:10.119791Z,,,,,,,2025-12-23T08:56:21.023600Z,,2025-12-23T08:56:24.792330Z,
HE.NUR.00.SHZ | 2025-12-23T08:56:12.657769Z - 2025-12-23T08:57:12.657769Z,,,,,,,2025-12-23T08:56:25.631010Z,,2025-12-23T08:56:32.673720Z,
HE.PVF.00.CZ | 2025-12-23T08:56:07.252418Z - 2025-12-23T08:57:07.252418Z,,,,,,,,,2025-12-23T08:56:41.329250Z,
HE.RAF.00.BHZ | 2025-12-23T08:56:43.313942Z - 2025-12-23T08:57:43.313942Z,,,,,,,2025-12-23T08:56:48.384760Z,,2025-12-23T08:57:11.207040Z,
HE.RSUO.00.BHZ | 2025-12-23T08:55:51.138047Z - 2025-12-23T08:56:51.138047Z,,,,,,,,,2025-12-23T08:56:24.274660Z,
HE.TVF.00.BHZ | 2025-12-23T08:56:03.716256Z - 2025-12-23T08:57:03.716256Z,,,,,,,,,2025-12-23T08:56:38.100270Z,
HE.VUOS.00.BHN | 2025-12-23T08:56:16.434297Z - 2025-12-23T08:57:16.434297Z,,,,,,,,,2025-12-23T08:56:25.927420Z,
UP.AAL.00.BHZ | 2025-12-23T08:56:46.617282Z - 2025-12-23T08:57:46.617282Z,,,,,,,,,2025-12-23T08:57:27.543090Z,
FN.OUL.00.BHZ | 2025-12-23T22:37:52.363245Z - 2025-12-23T22:38:52.363245Z,,,,,,,,,2025-12-23T22:38:15.975140Z,
HE.ALAJF.00.?HZ | 2025-12-23T22:37:52.376111Z - 2025-12-23T22:38:52.376111Z,,,,,,,,,2025-12-23T22:38:17.617210Z,
HE.OBF0.00.BHZ | 2025-12-23T22:37:31.252474Z - 2025-12-23T22:38:31.252474Z,,,,,,,,,2025-12-23T22:37:55.704060Z,
HE.OBF3.00.BHZ | 2025-12-23T22:37:25.726321Z - 2025-12-23T22:38:25.726321Z,,,,,,,,,2025-12-23T22:38:01.431980Z,
HE.OUF.00.BHZ | 2025-12-23T22:37:21.824360Z - 2025-12-23T22:38:21.824360Z,,,,,,,,,2025-12-23T22:38:04.354290Z,
HE.TOF.00.BHZ | 2025-12-23T22:37:50.274433Z - 2025-12-23T22:38:50.274433Z,,,,,,,,,2025-12-23T22:38:13.701490Z,
HE.VAF.00.BHZ | 2025-12-23T22:37:31.981249Z - 2025-12-23T22:38:31.981249Z,,,,,,,,,2025-12-23T22:38:11.048910Z,
HE.ALAJF.00.?HZ | 2025-12-30T11:43:33.710748Z - 2025-12-30T11:44:33.710748Z,,,,,,,2025-12-30T11:43:46.275730Z,,2025-12-30T11:44:06.019420Z,
HE.FIA0.00.?HZ | 2025-12-30T11:42:53.516394Z - 2025-12-30T11:43:53.516394Z,,,,,,,2025-12-30T11:43:33.312310Z,,2025-12-30T11:43:44.648640Z,
HE.FIA1.00.?HZ | 2025-12-30T11:43:16.009524Z - 2025-12-30T11:44:16.009524Z,,,,,,,2025-12-30T11:43:33.328220Z,,2025-12-30T11:43:44.648640Z,
HE.HEL5.00.BHZ | 2025-12-30T11:43:30.674056Z - 2025-12-30T11:44:30.674056Z,,,,,,,,,2025-12-30T11:44:02.420700Z,
HE.KAF.00.?HZ | 2025-12-30T11:43:13.655596Z - 2025-12-30T11:44:13.655596Z,,,,,,,2025-12-30T11:43:37.481450Z,,2025-12-30T11:43:51.780710Z,
HE.KEF.00.?HZ | 2025-12-30T11:43:11.009249Z - 2025-12-30T11:44:11.009249Z,,,,,,,2025-12-30T11:43:29.434660Z,,2025-12-30T11:43:37.844870Z,
HE.KORF.00.CZ | 2025-12-30T11:43:34.260251Z - 2025-12-30T11:44:34.260251Z,,,,,,,2025-12-30T11:43:53.058480Z,,2025-12-30T11:44:17.585660Z,
HE.KPF.00.BHZ | 2025-12-30T11:43:22.270886Z - 2025-12-30T11:44:22.270886Z,,,,,,,2025-12-30T11:43:36.558950Z,,2025-12-30T11:43:50.568720Z,
HE.KY17.00.CZ | 2025-12-30T11:43:15.490877Z - 2025-12-30T11:44:15.490877Z,,,,,,,,,2025-12-30T11:44:02.953840Z,
HE.LOVF.00.CZ | 2025-12-30T11:43:39.087651Z - 2025-12-30T11:44:39.087651Z,,,,,,,2025-12-30T11:43:44.168450Z,,2025-12-30T11:44:03.220420Z,
HE.MEF.00.BHZ | 2025-12-30T11:43:14.387766Z - 2025-12-30T11:44:14.387766Z,,,,,,,2025-12-30T11:43:41.818690Z,,2025-12-30T11:43:58.924630Z,
HE.NIF.00.BHZ | 2025-12-30T11:43:52.936585Z - 2025-12-30T11:44:52.936585Z,,,,,,,2025-12-30T11:43:59.761310Z,,2025-12-30T11:44:31.096080Z,
HE.NUR.00.SHZ | 2025-12-30T11:43:06.266258Z - 2025-12-30T11:44:06.266258Z,,,,,,,2025-12-30T11:43:36.698220Z,,2025-12-30T11:43:50.781070Z,
HE.PVF.00.CZ | 2025-12-30T11:43:08.571767Z - 2025-12-30T11:44:08.571767Z,,,,,,,2025-12-30T11:43:40.301610Z,,2025-12-30T11:43:57.135010Z,
HE.RUF.00.BHZ | 2025-12-30T11:43:42.253733Z - 2025-12-30T11:44:42.253733Z,,,,,,,2025-12-30T11:43:55.496290Z,,2025-12-30T11:44:24.963200Z,
HE.SUF.00.BHZ | 2025-12-30T11:43:36.335462Z - 2025-12-30T11:44:36.335462Z,,,,,,,2025-12-30T11:43:43.418930Z,,2025-12-30T11:44:01.991740Z,
HE.TVF.00.BHZ | 2025-12-30T11:43:19.338006Z - 2025-12-30T11:44:19.338006Z,,,,,,,,,2025-12-30T11:44:12.597680Z,
HE.VAF.00.BHZ | 2025-12-30T11:43:36.454551Z - 2025-12-30T11:44:36.454551Z,,,,,,,2025-12-30T11:43:47.443070Z,,2025-12-30T11:44:08.572080Z,
HE.VJF.00.?HZ | 2025-12-30T11:43:38.947189Z - 2025-12-30T11:44:38.947189Z,,,,,,,2025-12-30T11:43:50.864200Z,,2025-12-30T11:44:16.135630Z,
HE.VUOS.00.BHZ | 2025-12-30T11:43:43.905594Z - 2025-12-30T11:44:43.905594Z,,,,,,,,,2025-12-30T11:44:01.991740Z,
HE.FIA0.00.?HZ | 2025-09-14T07:49:25.165758Z - 2025-09-14T07:50:25.165758Z,,,,,,,2025-09-14T07:49:33.989350Z,,2025-09-14T07:49:43.352730Z,
HE.FIA1.00.?HZ | 2025-09-14T07:49:22.892097Z - 2025-09-14T07:50:22.892097Z,,,,,,,2025-09-14T07:49:34.099220Z,,2025-09-14T07:49:43.315410Z,
HE.KY02.00.CZ | 2025-09-14T07:49:17.075639Z - 2025-09-14T07:50:17.075639Z,,,,,,,2025-09-14T07:49:28.186330Z,,,
HE.KY17.00.CZ | 2025-09-14T07:48:58.846463Z - 2025-09-14T07:49:58.846463Z,,,,,,,2025-09-14T07:49:30.532740Z,,,
HE.LOVF.00.CZ | 2025-09-14T07:49:14.029383Z - 2025-09-14T07:50:14.029383Z,,,,,,,2025-09-14T07:49:27.118560Z,,2025-09-14T07:49:31.492520Z,
HE.PVF.00.CZ | 2025-09-14T07:49:09.148402Z - 2025-09-14T07:50:09.148402Z,,,,,,,2025-09-14T07:49:25.151470Z,,2025-09-14T07:49:28.237130Z,
HE.FIA0.00.?HZ | 2025-09-20T14:51:07.313103Z - 2025-09-20T14:52:07.313103Z,,,,,,,2025-09-20T14:51:36.435230Z,,2025-09-20T14:51:45.516460Z,
HE.FIA1.00.?HZ | 2025-09-20T14:51:13.951381Z - 2025-09-20T14:52:13.951381Z,,,,,,,2025-09-20T14:51:36.473300Z,,2025-09-20T14:51:45.505830Z,
HE.KEF.00.?HZ | 2025-09-20T14:51:40.964324Z - 2025-09-20T14:52:40.964324Z,,,,,,,,,2025-09-20T14:52:11.370000Z,
HE.KY02.00.CZ | 2025-09-20T14:51:26.194244Z - 2025-09-20T14:52:26.194244Z,,,,,,,2025-09-20T14:51:31.374530Z,,2025-09-20T14:51:36.203670Z,
HE.KY17.00.CZ | 2025-09-20T14:51:22.126054Z - 2025-09-20T14:52:22.126054Z,,,,,,,,,2025-09-20T14:51:39.837810Z,
HE.LOVF.00.CZ | 2025-09-20T14:50:41.398267Z - 2025-09-20T14:51:41.398267Z,,,,,,,2025-09-20T14:51:29.324850Z,,2025-09-20T14:51:33.637500Z,
HE.PVF.00.CZ | 2025-09-20T14:50:55.746248Z - 2025-09-20T14:51:55.746248Z,,,,,,,2025-09-20T14:51:27.449620Z,,2025-09-20T14:51:30.513120Z,
HE.VJF.00.?HZ | 2025-09-20T14:51:21.289696Z - 2025-09-20T14:52:21.289696Z,,,,,,,2025-09-20T14:51:37.040230Z,,2025-09-20T14:51:46.610620Z,
HE.FIA0.00.?HZ | 2025-09-24T02:54:04.302626Z - 2025-09-24T02:55:04.302626Z,,,,,,,2025-09-24T02:54:36.874990Z,,2025-09-24T02:54:46.197440Z,
HE.FIA1.00.?HZ | 2025-09-24T02:54:15.730533Z - 2025-09-24T02:55:15.730533Z,,,,,,,2025-09-24T02:54:36.874990Z,,2025-09-24T02:54:46.131630Z,
HE.KAF.00.?HZ | 2025-09-24T02:54:37.484939Z - 2025-09-24T02:55:37.484939Z,,,,,,,2025-09-24T02:54:48.998450Z,,2025-09-24T02:55:06.610080Z,
HE.KY02.00.CZ | 2025-09-24T02:54:25.505295Z - 2025-09-24T02:55:25.505295Z,,,,,,,2025-09-24T02:54:31.912940Z,,2025-09-24T02:54:36.795580Z,
HE.KY17.00.CZ | 2025-09-24T02:54:27.583301Z - 2025-09-24T02:55:27.583301Z,,,,,,,2025-09-24T02:54:33.355640Z,,2025-09-24T02:54:40.161400Z,
HE.LOVF.00.CZ | 2025-09-24T02:53:41.953170Z - 2025-09-24T02:54:41.953170Z,,,,,,,2025-09-24T02:54:29.952730Z,,2025-09-24T02:54:34.270280Z,
HE.PVF.00.CZ | 2025-09-24T02:53:52.972085Z - 2025-09-24T02:54:52.972085Z,,,,,,,2025-09-24T02:54:28.087520Z,,2025-09-24T02:54:31.121230Z,
HE.TRE03.00.CZ | 2025-09-24T02:54:24.973624Z - 2025-09-24T02:55:24.973624Z,,,,,,,2025-09-24T02:54:47.149480Z,,2025-09-24T02:55:03.250300Z,
HE.VJF.00.?HZ | 2025-09-24T02:54:08.860825Z - 2025-09-24T02:55:08.860825Z,,,,,,,2025-09-24T02:54:37.393790Z,,2025-09-24T02:54:47.673030Z,
HE.FIA0.00.?HZ | 2025-09-27T21:58:01.366723Z - 2025-09-27T21:59:01.366723Z,,,,,,,2025-09-27T21:58:37.312100Z,,2025-09-27T21:58:46.863420Z,
HE.FIA1.00.?HZ | 2025-09-27T21:57:55.415363Z - 2025-09-27T21:58:55.415363Z,,,,,,,2025-09-27T21:58:37.700310Z,,2025-09-27T21:58:46.845060Z,
HE.KY02.00.CZ | 2025-09-27T21:58:09.445248Z - 2025-09-27T21:59:09.445248Z,,,,,,,2025-09-27T21:58:32.468580Z,,2025-09-27T21:58:37.689100Z,
HE.KY17.00.CZ | 2025-09-27T21:57:49.201590Z - 2025-09-27T21:58:49.201590Z,,,,,,,2025-09-27T21:58:34.220440Z,,2025-09-27T21:58:41.071470Z,
HE.LOVF.00.CZ | 2025-09-27T21:57:47.482729Z - 2025-09-27T21:58:47.482729Z,,,,,,,2025-09-27T21:58:30.820170Z,,2025-09-27T21:58:35.118340Z,
HE.NUR.00.SHZ | 2025-09-27T21:58:33.765478Z - 2025-09-27T21:59:33.765478Z,,,,,,,,,2025-09-27T21:58:48.405880Z,
HE.PVF.00.CZ | 2025-09-27T21:57:42.699662Z - 2025-09-27T21:58:42.699662Z,,,,,,,2025-09-27T21:58:28.983790Z,,2025-09-27T21:58:31.948780Z,
HE.VJF.00.?HZ | 2025-09-27T21:57:56.963534Z - 2025-09-27T21:58:56.963534Z,,,,,,,,,2025-09-27T21:58:48.956610Z,
HE.FIA0.00.?HZ | 2025-10-09T01:55:36.767374Z - 2025-10-09T01:56:36.767374Z,,,,,,,2025-10-09T01:55:50.614530Z,,2025-10-09T01:56:00.024110Z,
HE.FIA1.00.?HZ | 2025-10-09T01:55:10.996584Z - 2025-10-09T01:56:10.996584Z,,,,,,,2025-10-09T01:55:50.813140Z,,2025-10-09T01:56:00.308710Z,
HE.KY02.00.CZ | 2025-10-09T01:55:20.276898Z - 2025-10-09T01:56:20.276898Z,,,,,,,,,2025-10-09T01:55:51.988180Z,
HE.KY17.00.CZ | 2025-10-09T01:55:19.156745Z - 2025-10-09T01:56:19.156745Z,,,,,,,2025-10-09T01:55:47.210480Z,,2025-10-09T01:55:53.983270Z,
HE.LOVF.00.CZ | 2025-10-09T01:55:26.651311Z - 2025-10-09T01:56:26.651311Z,,,,,,,2025-10-09T01:55:43.659310Z,,2025-10-09T01:55:47.913160Z,
HE.PVF.00.CZ | 2025-10-09T01:55:27.214409Z - 2025-10-09T01:56:27.214409Z,,,,,,,2025-10-09T01:55:42.039710Z,,2025-10-09T01:55:44.891780Z,
HE.FIA1.00.?HZ | 2025-10-11T13:35:51.344206Z - 2025-10-11T13:36:51.344206Z,,,,,,,2025-10-11T13:36:32.744100Z,,2025-10-11T13:36:41.730350Z,
HE.KY17.00.CZ | 2025-10-11T13:35:52.337180Z - 2025-10-11T13:36:52.337180Z,,,,,,,2025-10-11T13:36:29.011140Z,,2025-10-11T13:36:35.805140Z,
HE.LOVF.00.CZ | 2025-10-11T13:35:56.711015Z - 2025-10-11T13:36:56.711015Z,,,,,,,2025-10-11T13:36:25.560780Z,,2025-10-11T13:36:29.810890Z,
HE.PVF.00.CZ | 2025-10-11T13:36:10.798907Z - 2025-10-11T13:37:10.798907Z,,,,,,,2025-10-11T13:36:23.702880Z,,2025-10-11T13:36:26.723120Z,
HE.FIA0.00.?HZ | 2025-10-15T03:40:31.772162Z - 2025-10-15T03:41:31.772162Z,,,,,,,2025-10-15T03:40:49.254290Z,,2025-10-15T03:40:58.532140Z,
HE.FIA1.00.?HZ | 2025-10-15T03:40:28.937446Z - 2025-10-15T03:41:28.937446Z,,,,,,,2025-10-15T03:40:49.390320Z,,2025-10-15T03:40:58.588390Z,
HE.KY02.00.CZ | 2025-10-15T03:40:39.191503Z - 2025-10-15T03:41:39.191503Z,,,,,,,,,2025-10-15T03:40:50.487850Z,
HE.KY17.00.CZ | 2025-10-15T03:40:11.012311Z - 2025-10-15T03:41:11.012311Z,,,,,,,2025-10-15T03:40:45.800310Z,,2025-10-15T03:40:52.441220Z,
HE.LOVF.00.CZ | 2025-10-15T03:40:30.892509Z - 2025-10-15T03:41:30.892509Z,,,,,,,2025-10-15T03:40:42.278650Z,,2025-10-15T03:40:46.521330Z,
HE.PVF.00.CZ | 2025-10-15T03:39:55.014179Z - 2025-10-15T03:40:55.014179Z,,,,,,,2025-10-15T03:40:40.479460Z,,2025-10-15T03:40:43.450030Z,
HE.VJF.00.?HZ | 2025-10-15T03:40:26.844603Z - 2025-10-15T03:41:26.844603Z,,,,,,,,,2025-10-15T03:41:00.529710Z,
HE.FIA0.00.?HZ | 2025-11-10T01:45:16.824524Z - 2025-11-10T01:46:16.824524Z,,,,,,,2025-11-10T01:45:44.094470Z,,2025-11-10T01:45:53.461540Z,
HE.FIA1.00.?HZ | 2025-11-10T01:45:35.666661Z - 2025-11-10T01:46:35.666661Z,,,,,,,2025-11-10T01:45:44.078950Z,,2025-11-10T01:45:53.323080Z,
HE.KY02.00.CZ | 2025-11-10T01:44:56.056042Z - 2025-11-10T01:45:56.056042Z,,,,,,,,,2025-11-10T01:45:44.067930Z,
HE.KY17.00.CZ | 2025-11-10T01:45:12.193008Z - 2025-11-10T01:46:12.193008Z,,,,,,,2025-11-10T01:45:40.562920Z,,2025-11-10T01:45:47.332480Z,
HE.LOVF.00.CZ | 2025-11-10T01:44:52.958814Z - 2025-11-10T01:45:52.958814Z,,,,,,,2025-11-10T01:45:37.088540Z,,2025-11-10T01:45:41.443310Z,
HE.PVF.00.CZ | 2025-11-10T01:45:17.737215Z - 2025-11-10T01:46:17.737215Z,,,,,,,2025-11-10T01:45:35.303730Z,,2025-11-10T01:45:38.293170Z,
HE.VJF.00.?HZ | 2025-11-10T01:45:10.452485Z - 2025-11-10T01:46:10.452485Z,,,,,,,2025-11-10T01:45:45.102750Z,,2025-11-10T01:45:55.778810Z,
HE.VUOS.00.BHZ | 2025-11-10T01:45:24.488987Z - 2025-11-10T01:46:24.488987Z,,,,,,,,,2025-11-10T01:45:54.140890Z,
