file_name,network,station,instrument_type,station_lat,station_lon,station_elv,p_arrival_time,p_probability,s_arrival_time,s_probability
FN.KLF.00.BHZ | 2025-01-05T16:47:43.315583Z - 2025-01-05T16:48:43.315583Z,,,,,,,2025-01-05T16:48:13.800000Z,,2025-01-05T16:48:25.560000Z,
FN.OLKF.00.BHZ | 2025-01-05T16:48:24.695345Z - 2025-01-05T16:49:24.695345Z,,,,,,,,,2025-01-05T16:49:06.920000Z,
FN.RAJF.00.BHZ | 2025-01-05T16:48:32.729218Z - 2025-01-05T16:49:32.729218Z,,,,,,,,,2025-01-05T16:48:37.820000Z,
FN.RANF.00.BHZ | 2025-01-05T16:48:22.841968Z - 2025-01-05T16:49:22.841968Z,,,,,,,2025-01-05T16:48:33.160000Z,,2025-01-05T16:48:59.260000Z,
FN.RNF.00.BHZ | 2025-01-05T16:48:03.504457Z - 2025-01-05T16:49:03.504457Z,,,,,,,2025-01-05T16:48:22.980000Z,,2025-01-05T16:48:42.440000Z,
HE.HEF.00.BHZ | 2025-01-05T16:48:04.884628Z - 2025-01-05T16:49:04.884628Z,,,,,,,2025-01-05T16:48:12.630000Z,,2025-01-05T16:48:23.000000Z,
HE.KEV.00.BHZ | 2025-01-05T16:48:06.689515Z - 2025-01-05T16:49:06.689515Z,,,,,,,2025-01-05T16:48:32.500000Z,,2025-01-05T16:48:56.920000Z,
HE.KIF.00.BHZ | 2025-01-05T16:48:08.814007Z - 2025-01-05T16:49:08.814007Z,,,,,,,,,2025-01-05T16:49:00.440000Z,
HE.TOF.00.BHZ | 2025-01-05T16:48:08.762719Z - 2025-01-05T16:49:08.762719Z,,,,,,,,,2025-01-05T16:48:57.280000Z,
HE.VRF.00.BHZ | 2025-01-05T16:48:20.951637Z - 2025-01-05T16:49:20.951637Z,,,,,,,2025-01-05T16:48:27.400000Z,,,
FN.MSF.00.BHZ | 2025-01-05T00:32:06.861721Z - 2025-01-05T00:33:06.861721Z,,,,,,,2025-01-05T00:32:24.120000Z,,2025-01-05T00:32:58.280000Z,
FN.OLKF.00.BHZ | 2025-01-05T00:32:01.980997Z - 2025-01-05T00:33:01.980997Z,,,,,,,2025-01-05T00:32:18.200000Z,,2025-01-05T00:32:47.180000Z,
FN.RAJF.00.BHZ | 2025-01-05T00:32:09.908358Z - 2025-01-05T00:33:09.908358Z,,,,,,,2025-01-05T00:32:17.300000Z,,2025-01-05T00:32:45.300000Z,
FN.RANF.00.BHZ | 2025-01-05T00:32:22.143157Z - 2025-01-05T00:33:22.143157Z,,,,,,,2025-01-05T00:32:34.480000Z,,2025-01-05T00:33:16.200000Z,
FN.RNF.00.BHZ | 2025-01-05T00:32:08.430131Z - 2025-01-05T00:33:08.430131Z,,,,,,,2025-01-05T00:32:30.600000Z,,,
HE.HEF.00.BHZ | 2025-01-05T00:32:46.234858Z - 2025-01-05T00:33:46.234858Z,,,,,,,,,2025-01-05T00:33:26.560000Z,
HE.KEV.00.BHZ | 2025-01-05T00:32:14.835691Z - 2025-01-05T00:33:14.835691Z,,,,,,,2025-01-05T00:32:31.200000Z,,2025-01-05T00:33:09.660000Z,
HE.KU6.00.BHZ | 2025-01-05T00:32:00.198802Z - 2025-01-05T00:33:00.198802Z,,,,,,,2025-01-05T00:32:18.320000Z,,2025-01-05T00:32:47.160000Z,
HE.VRF.00.BHZ | 2025-01-05T00:31:51.534669Z - 2025-01-05T00:32:51.534669Z,,,,,,,2025-01-05T00:32:07.680000Z,,2025-01-05T00:32:28.260000Z,
FN.KLF.00.BHZ | 2025-01-05T00:33:51.430896Z - 2025-01-05T00:34:51.430896Z,,,,,,,2025-01-05T00:33:56.480000Z,,2025-01-05T00:34:45.480000Z,
FN.MSF.00.BHZ | 2025-01-05T00:33:12.272967Z - 2025-01-05T00:34:12.272967Z,,,,,,,2025-01-05T00:33:33.000000Z,,2025-01-05T00:34:06.880000Z,
FN.OLKF.00.BHZ | 2025-01-05T00:33:19.648400Z - 2025-01-05T00:34:19.648400Z,,,,,,,2025-01-05T00:33:27.080000Z,,2025-01-05T00:33:55.360000Z,
FN.RAJF.00.BHZ | 2025-01-05T00:32:59.835716Z - 2025-01-05T00:33:59.835716Z,,,,,,,2025-01-05T00:33:27.160000Z,,2025-01-05T00:33:53.580000Z,
FN.RANF.00.BHZ | 2025-01-05T00:33:37.238847Z - 2025-01-05T00:34:37.238847Z,,,,,,,2025-01-05T00:33:43.360000Z,,2025-01-05T00:34:24.680000Z,
FN.RNF.00.BHZ | 2025-01-05T00:33:33.981006Z - 2025-01-05T00:34:33.981006Z,,,,,,,2025-01-05T00:33:39.480000Z,,2025-01-05T00:34:18.700000Z,
HE.HEF.00.BHZ | 2025-01-05T00:33:52.190369Z - 2025-01-05T00:34:52.190369Z,,,,,,,,,2025-01-05T00:34:34.020000Z,
HE.KEV.00.BHZ | 2025-01-05T00:33:44.870401Z - 2025-01-05T00:34:44.870401Z,,,,,,,,,2025-01-05T00:34:18.680000Z,
HE.KU2.00.BHZ | 2025-01-05T00:33:59.541214Z - 2025-01-05T00:34:59.541214Z,,,,,,,,,2025-01-05T00:34:18.180000Z,
HE.KU6.00.BHZ | 2025-01-05T00:33:12.330357Z - 2025-01-05T00:34:12.330357Z,,,,,,,2025-01-05T00:33:27.440000Z,,2025-01-05T00:33:56.280000Z,
HE.TOF.00.BHZ | 2025-01-05T00:33:54.618237Z - 2025-01-05T00:34:54.618237Z,,,,,,,2025-01-05T00:34:00.960000Z,,2025-01-05T00:34:39.320000Z,
HE.VRF.00.BHZ | 2025-01-05T00:33:00.469422Z - 2025-01-05T00:34:00.469422Z,,,,,,,,,2025-01-05T00:33:37.240000Z,
FN.KLF.00.BHZ | 2025-01-05T16:10:30.781959Z - 2025-01-05T16:11:30.781959Z,,,,,,,,,2025-01-05T16:10:48.320000Z,
FN.RAJF.00.BHZ | 2025-01-05T16:09:06.515869Z - 2025-01-05T16:10:06.515869Z,,,,,,,2025-01-05T16:09:28.930000Z,,2025-01-05T16:09:44.960000Z,
HE.HEF.00.BHZ | 2025-01-05T16:09:33.069834Z - 2025-01-05T16:10:33.069834Z,,,,,,,2025-01-05T16:09:54.700000Z,,2025-01-05T16:10:28.000000Z,
HE.KEV.00.BHZ | 2025-01-05T16:09:03.820313Z - 2025-01-05T16:10:03.820313Z,,,,,,,2025-01-05T16:09:30.360000Z,,2025-01-05T16:09:48.000000Z,
HE.VRF.00.BHZ | 2025-01-05T16:09:26.498416Z - 2025-01-05T16:10:26.498416Z,,,,,,,,,2025-01-05T16:09:58.240000Z,
FN.KLF.00.BHZ | 2025-01-02T23:12:10.916155Z - 2025-01-02T23:13:10.916155Z,,,,,,,2025-01-02T23:12:52.780000Z,,,
FN.RNF.00.BHZ | 2025-01-02T23:12:43.508117Z - 2025-01-02T23:13:43.508117Z,,,,,,,2025-01-02T23:13:08.980000Z,,2025-01-02T23:13:37.120000Z,
HE.HEF.00.BHZ | 2025-01-02T23:12:31.013105Z - 2025-01-02T23:13:31.013105Z,,,,,,,2025-01-02T23:12:59.280000Z,,2025-01-02T23:13:21.880000Z,
HE.KEV.00.BHZ | 2025-01-02T23:12:46.096145Z - 2025-01-02T23:13:46.096145Z,,,,,,,2025-01-02T23:13:24.160000Z,,,
HE.KIF.00.BHZ | 2025-01-02T23:12:44.507911Z - 2025-01-02T23:13:44.507911Z,,,,,,,2025-01-02T23:13:02.880000Z,,2025-01-02T23:13:28.060000Z,
HE.TOF.00.BHZ | 2025-01-02T23:12:42.695535Z - 2025-01-02T23:13:42.695535Z,,,,,,,2025-01-02T23:13:02.760000Z,,2025-01-02T23:13:27.680000Z,
FN.MSF.00.BHZ | 2025-01-05T20:05:42.419666Z - 2025-01-05T20:06:42.419666Z,,,,,,,2025-01-05T20:05:52.740000Z,,2025-01-05T20:06:26.680000Z,
FN.OLKF.00.BHZ | 2025-01-05T20:05:30.458812Z - 2025-01-05T20:06:30.458812Z,,,,,,,2025-01-05T20:05:46.120000Z,,2025-01-05T20:06:15.240000Z,
FN.RAJF.00.BHZ | 2025-01-05T20:05:27.401355Z - 2025-01-05T20:06:27.401355Z,,,,,,,2025-01-05T20:05:45.180000Z,,2025-01-05T20:06:14.200000Z,
FN.RANF.00.BHZ | 2025-01-05T20:05:43.030860Z - 2025-01-05T20:06:43.030860Z,,,,,,,2025-01-05T20:06:02.960000Z,,,
HE.KEV.00.BHZ | 2025-01-05T20:05:53.759531Z - 2025-01-05T20:06:53.759531Z,,,,,,,2025-01-05T20:05:59.680000Z,,,
HE.KU6.00.BHZ | 2025-01-05T20:05:34.286164Z - 2025-01-05T20:06:34.286164Z,,,,,,,2025-01-05T20:05:46.820000Z,,2025-01-05T20:06:16.640000Z,
HE.VRF.00.BHZ | 2025-01-05T20:05:10.775288Z - 2025-01-05T20:06:10.775288Z,,,,,,,2025-01-05T20:05:36.360000Z,,2025-01-05T20:05:55.960000Z,
FN.KLF.00.BHZ | 2025-01-05T20:15:23.157251Z - 2025-01-05T20:16:23.157251Z,,,,,,,,,2025-01-05T20:16:10.160000Z,
FN.MSF.00.BHZ | 2025-01-05T20:14:44.534311Z - 2025-01-05T20:15:44.534311Z,,,,,,,2025-01-05T20:14:59.600000Z,,2025-01-05T20:15:34.080000Z,
FN.OLKF.00.BHZ | 2025-01-05T20:14:41.536530Z - 2025-01-05T20:15:41.536530Z,,,,,,,2025-01-05T20:14:52.960000Z,,2025-01-05T20:15:21.240000Z,
FN.RAJF.00.BHZ | 2025-01-05T20:14:53.630573Z - 2025-01-05T20:15:53.630573Z,,,,,,,,,2025-01-05T20:15:19.520000Z,
FN.RANF.00.BHZ | 2025-01-05T20:14:28.024718Z - 2025-01-05T20:15:28.024718Z,,,,,,,2025-01-05T20:15:09.400000Z,,,
HE.HEF.00.BHZ | 2025-01-05T20:15:47.399576Z - 2025-01-05T20:16:47.399576Z,,,,,,,,,2025-01-05T20:16:14.400000Z,
HE.KEV.00.BHZ | 2025-01-05T20:15:28.164103Z - 2025-01-05T20:16:28.164103Z,,,,,,,,,2025-01-05T20:15:57.200000Z,
HE.KU6.00.BHZ | 2025-01-05T20:14:41.873373Z - 2025-01-05T20:15:41.873373Z,,,,,,,2025-01-05T20:14:54.080000Z,,2025-01-05T20:15:24.600000Z,
HE.VRF.00.BHZ | 2025-01-05T20:14:33.471606Z - 2025-01-05T20:15:33.471606Z,,,,,,,2025-01-05T20:14:43.440000Z,,2025-01-05T20:15:02.760000Z,
HE.FIA0.00.?HZ | 2025-01-02T09:17:14.686949Z - 2025-01-02T09:18:14.686949Z,,,,,,,2025-01-02T09:17:28.948040Z,,2025-01-02T09:17:42.036770Z,
HE.FIA1.00.?HZ | 2025-01-02T09:17:22.010465Z - 2025-01-02T09:18:22.010465Z,,,,,,,2025-01-02T09:17:28.948040Z,,2025-01-02T09:17:42.036770Z,
HE.HEL5.00.BHZ | 2025-01-02T09:17:23.245943Z - 2025-01-02T09:18:23.245943Z,,,,,,,2025-01-02T09:17:30.572450Z,,2025-01-02T09:17:44.263910Z,
HE.KAF.00.?HZ | 2025-01-02T09:17:13.458125Z - 2025-01-02T09:18:13.458125Z,,,,,,,2025-01-02T09:17:40.086850Z,,2025-01-02T09:18:00.972120Z,
HE.KEF.00.?HZ | 2025-01-02T09:17:43.477716Z - 2025-01-02T09:18:43.477716Z,,,,,,,,,2025-01-02T09:18:09.558290Z,
HE.KUNI.00.BHE | 2025-01-02T09:17:16.869678Z - 2025-01-02T09:18:16.869678Z,,,,,,,2025-01-02T09:17:28.251870Z,,2025-01-02T09:17:40.047510Z,
HE.KY02.00.CZ | 2025-01-02T09:16:43.640826Z - 2025-01-02T09:17:43.640826Z,,,,,,,2025-01-02T09:17:19.487610Z,,2025-01-02T09:17:25.385360Z,
HE.KY17.00.CZ | 2025-01-02T09:16:47.092368Z - 2025-01-02T09:17:47.092368Z,,,,,,,2025-01-02T09:17:19.436770Z,,2025-01-02T09:17:25.232830Z,
HE.LOVF.00.CZ | 2025-01-02T09:17:04.461166Z - 2025-01-02T09:18:04.461166Z,,,,,,,2025-01-02T09:17:15.776090Z,,2025-01-02T09:17:18.857610Z,
HE.MEF.00.BHZ | 2025-01-02T09:17:15.626261Z - 2025-01-02T09:18:15.626261Z,,,,,,,2025-01-02T09:17:33.125100Z,,2025-01-02T09:17:48.208900Z,
HE.NUR.00.SHZ | 2025-01-02T09:17:21.575637Z - 2025-01-02T09:18:21.575637Z,,,,,,,2025-01-02T09:17:29.876280Z,,2025-01-02T09:17:42.871560Z,
HE.PVF.00.CZ | 2025-01-02T09:17:05.502232Z - 2025-01-02T09:18:05.502232Z,,,,,,,2025-01-02T09:17:19.284240Z,,2025-01-02T09:17:24.998360Z,
HE.RAF.00.BHZ | 2025-01-02T09:17:39.163949Z - 2025-01-02T09:18:39.163949Z,,,,,,,2025-01-02T09:17:53.082130Z,,2025-01-02T09:18:26.266510Z,
HE.RUF.00.BHZ | 2025-01-02T09:17:07.596016Z - 2025-01-02T09:18:07.596016Z,,,,,,,2025-01-02T09:17:36.913870Z,,2025-01-02T09:17:54.706540Z,
HE.TRE03.00.CZ | 2025-01-02T09:17:12.392561Z - 2025-01-02T09:18:12.392561Z,,,,,,,2025-01-02T09:17:40.550970Z,,2025-01-02T09:18:02.132420Z,
HE.TVF.00.BHZ | 2025-01-02T09:17:38.063921Z - 2025-01-02T09:18:38.063921Z,,,,,,,,,2025-01-02T09:18:08.862120Z,
HE.VJF.00.?HZ | 2025-01-02T09:16:36.816328Z - 2025-01-02T09:17:36.816328Z,,,,,,,2025-01-02T09:17:18.724970Z,,2025-01-02T09:17:24.114290Z,
HE.VUOS.00.BHZ | 2025-01-02T09:16:43.956422Z - 2025-01-02T09:17:43.956422Z,,,,,,,2025-01-02T09:17:26.728150Z,,2025-01-02T09:17:37.534210Z,
FN.KLF.00.BHZ | 2025-01-02T11:52:03.100760Z - 2025-01-02T11:53:03.100760Z,,,,,,,2025-01-02T11:52:16.180000Z,,2025-01-02T11:52:50.640000Z,
FN.MSF.00.BHZ | 2025-01-02T11:51:59.626225Z - 2025-01-02T11:52:59.626225Z,,,,,,,2025-01-02T11:52:10.780000Z,,2025-01-02T11:52:38.920000Z,
FN.OLKF.00.BHZ | 2025-01-02T11:52:15.893016Z - 2025-01-02T11:53:15.893016Z,,,,,,,,,2025-01-02T11:52:49.100000Z,
FN.OUL.00.BHZ | 2025-01-02T11:51:28.750068Z - 2025-01-02T11:52:28.750068Z,,,,,,,2025-01-02T11:51:44.130000Z,,2025-01-02T11:51:52.520000Z,
FN.RANF.00.BHZ | 2025-01-02T11:51:39.626633Z - 2025-01-02T11:52:39.626633Z,,,,,,,2025-01-02T11:52:01.080000Z,,2025-01-02T11:52:22.400000Z,
FN.RNF.00.BHZ | 2025-01-02T11:51:50.135130Z - 2025-01-02T11:52:50.135130Z,,,,,,,2025-01-02T11:52:08.480000Z,,2025-01-02T11:52:34.480000Z,
HE.JOF.00.BHZ | 2025-01-02T11:52:44.944100Z - 2025-01-02T11:53:44.944100Z,,,,,,,,,2025-01-02T11:53:15.120000Z,
HE.KAF.00.BHZ | 2025-01-02T11:52:14.137838Z - 2025-01-02T11:53:14.137838Z,,,,,,,2025-01-02T11:52:19.480000Z,,2025-01-02T11:52:54.760000Z,
HE.KEF.00.BHZ | 2025-01-02T11:52:21.621053Z - 2025-01-02T11:53:21.621053Z,,,,,,,,,2025-01-02T11:52:50.520000Z,
HE.KJNF.00.BHZ | 2025-01-02T11:51:44.520465Z - 2025-01-02T11:52:44.520465Z,,,,,,,2025-01-02T11:51:57.080000Z,,2025-01-02T11:52:15.320000Z,
HE.KPF.00.BHZ | 2025-01-02T11:51:34.736248Z - 2025-01-02T11:52:34.736248Z,,,,,,,2025-01-02T11:52:24.780000Z,,,
HE.KU1.00.BHZ | 2025-01-02T11:51:55.929508Z - 2025-01-02T11:52:55.929508Z,,,,,,,2025-01-02T11:52:11.580000Z,,2025-01-02T11:52:40.480000Z,
HE.KU2.00.BHZ | 2025-01-02T11:51:47.950579Z - 2025-01-02T11:52:47.950579Z,,,,,,,2025-01-02T11:52:04.680000Z,,2025-01-02T11:52:27.780000Z,
HE.KU6.00.BHZ | 2025-01-02T11:52:05.073266Z - 2025-01-02T11:53:05.073266Z,,,,,,,2025-01-02T11:52:16.880000Z,,2025-01-02T11:52:48.760000Z,
HE.NIF.00.BHZ | 2025-01-02T11:51:51.211728Z - 2025-01-02T11:52:51.211728Z,,,,,,,2025-01-02T11:52:06.380000Z,,2025-01-02T11:52:31.700000Z,
HE.OBF0.00.BHZ | 2025-01-02T11:50:57.665069Z - 2025-01-02T11:51:57.665069Z,,,,,,,2025-01-02T11:51:38.080000Z,,2025-01-02T11:51:42.380000Z,
HE.OBF3.00.BHZ | 2025-01-02T11:51:01.516084Z - 2025-01-02T11:52:01.516084Z,,,,,,,2025-01-02T11:51:34.520000Z,,,
HE.OBF8.00.BHZ | 2025-01-02T11:51:06.134966Z - 2025-01-02T11:52:06.134966Z,,,,,,,2025-01-02T11:51:45.080000Z,,,
HE.OUF.00.BHZ | 2025-01-02T11:51:04.891963Z - 2025-01-02T11:52:04.891963Z,,,,,,,2025-01-02T11:51:38.720000Z,,2025-01-02T11:51:43.340000Z,
HE.RAF.00.BHZ | 2025-01-02T11:53:03.587410Z - 2025-01-02T11:54:03.587410Z,,,,,,,,,2025-01-02T11:53:20.580000Z,
HE.RMF.00.BHZ | 2025-01-02T11:51:55.321856Z - 2025-01-02T11:52:55.321856Z,,,,,,,2025-01-02T11:52:13.380000Z,,2025-01-02T11:52:43.360000Z,
HE.SUF.00.BHZ | 2025-01-02T11:51:52.601113Z - 2025-01-02T11:52:52.601113Z,,,,,,,2025-01-02T11:52:09.980000Z,,2025-01-02T11:52:38.360000Z,
HE.TOF.00.BHZ | 2025-01-02T11:51:36.393928Z - 2025-01-02T11:52:36.393928Z,,,,,,,2025-01-02T11:51:57.980000Z,,2025-01-02T11:52:17.200000Z,
HE.VAF.00.BHZ | 2025-01-02T11:51:48.592341Z - 2025-01-02T11:52:48.592341Z,,,,,,,2025-01-02T11:52:07.180000Z,,,
FN.KLF.00.BHZ | 2025-01-02T12:40:11.274810Z - 2025-01-02T12:41:11.274810Z,,,,,,,2025-01-02T12:40:21.980000Z,,2025-01-02T12:40:56.920000Z,
FN.MSF.00.BHZ | 2025-01-02T12:39:55.530269Z - 2025-01-02T12:40:55.530269Z,,,,,,,2025-01-02T12:40:11.440000Z,,2025-01-02T12:40:34.960000Z,
FN.OLKF.00.BHZ | 2025-01-02T12:39:27.464012Z - 2025-01-02T12:40:27.464012Z,,,,,,,2025-01-02T12:40:03.780000Z,,2025-01-02T12:40:21.480000Z,
FN.OUL.00.BHZ | 2025-01-02T12:40:30.006874Z - 2025-01-02T12:41:30.006874Z,,,,,,,,,2025-01-02T12:41:15.560000Z,
FN.RAJF.00.BHZ | 2025-01-02T12:39:47.423905Z - 2025-01-02T12:40:47.423905Z,,,,,,,2025-01-02T12:40:01.680000Z,,2025-01-02T12:40:17.800000Z,
FN.RANF.00.BHZ | 2025-01-02T12:40:02.366699Z - 2025-01-02T12:41:02.366699Z,,,,,,,2025-01-02T12:40:17.760000Z,,2025-01-02T12:40:45.200000Z,
FN.RNF.00.BHZ | 2025-01-02T12:40:05.886889Z - 2025-01-02T12:41:05.886889Z,,,,,,,2025-01-02T12:40:15.140000Z,,2025-01-02T12:40:42.440000Z,
HE.HEF.00.BHZ | 2025-01-02T12:40:18.079436Z - 2025-01-02T12:41:18.079436Z,,,,,,,2025-01-02T12:40:24.580000Z,,2025-01-02T12:41:01.200000Z,
HE.KEV.00.BHZ | 2025-01-02T12:40:08.332746Z - 2025-01-02T12:41:08.332746Z,,,,,,,2025-01-02T12:40:23.020000Z,,2025-01-02T12:40:55.080000Z,
HE.KIF.00.BHZ | 2025-01-02T12:40:04.258401Z - 2025-01-02T12:41:04.258401Z,,,,,,,2025-01-02T12:40:41.420000Z,,,
HE.KU1.00.BHZ | 2025-01-02T12:39:28.837181Z - 2025-01-02T12:40:28.837181Z,,,,,,,2025-01-02T12:40:16.580000Z,,,
HE.KU2.00.BHZ | 2025-01-02T12:39:51.176782Z - 2025-01-02T12:40:51.176782Z,,,,,,,2025-01-02T12:40:16.900000Z,,,
HE.KU6.00.BHZ | 2025-01-02T12:39:43.812711Z - 2025-01-02T12:40:43.812711Z,,,,,,,2025-01-02T12:40:08.080000Z,,2025-01-02T12:40:28.360000Z,
HE.RMF.00.BHZ | 2025-01-02T12:40:22.929334Z - 2025-01-02T12:41:22.929334Z,,,,,,,2025-01-02T12:40:33.880000Z,,,
HE.TOF.00.BHZ | 2025-01-02T12:40:13.772641Z - 2025-01-02T12:41:13.772641Z,,,,,,,2025-01-02T12:40:26.380000Z,,2025-01-02T12:41:06.520000Z,
HE.VRF.00.BHZ | 2025-01-02T12:39:35.449781Z - 2025-01-02T12:40:35.449781Z,,,,,,,2025-01-02T12:39:46.380000Z,,2025-01-02T12:39:51.300000Z,
HE.ECKF.00.BHZ | 2025-01-03T12:04:01.474094Z - 2025-01-03T12:05:01.474094Z,,,,,,,2025-01-03T12:04:29.570000Z,,2025-01-03T12:04:50.580000Z,
HE.FIA0.00.SHZ | 2025-01-03T12:03:59.458352Z - 2025-01-03T12:04:59.458352Z,,,,,,,2025-01-03T12:04:42.500000Z,,,
HE.KAF.00.BHZ | 2025-01-03T12:04:36.883412Z - 2025-01-03T12:05:36.883412Z,,,,,,,,,2025-01-03T12:05:25.360000Z,
HE.KEF.00.BHZ | 2025-01-03T12:04:33.486732Z - 2025-01-03T12:05:33.486732Z,,,,,,,,,2025-01-03T12:05:13.960000Z,
HE.KORF.00.BHZ | 2025-01-03T12:03:35.070367Z - 2025-01-03T12:04:35.070367Z,,,,,,,2025-01-03T12:04:11.900000Z,,2025-01-03T12:04:17.640000Z,
HE.KPF.00.BHZ | 2025-01-03T12:04:04.495232Z - 2025-01-03T12:05:04.495232Z,,,,,,,2025-01-03T12:04:31.880000Z,,2025-01-03T12:04:52.460000Z,
HE.OBF8.00.BHZ | 2025-01-03T12:05:31.456709Z - 2025-01-03T12:06:31.456709Z,,,,,,,,,2025-01-03T12:05:52.940000Z,
HE.RAF.00.BHZ | 2025-01-03T12:04:05.035133Z - 2025-01-03T12:05:05.035133Z,,,,,,,2025-01-03T12:04:18.030000Z,,2025-01-03T12:04:28.200000Z,
HE.TVF.00.BHZ | 2025-01-03T12:04:04.070992Z - 2025-01-03T12:05:04.070992Z,,,,,,,2025-01-03T12:04:16.480000Z,,2025-01-03T12:04:24.660000Z,
UP.AAL.00.BHZ | 2025-01-03T12:03:52.308551Z - 2025-01-03T12:04:52.308551Z,,,,,,,,,2025-01-03T12:04:45.920000Z,
HE.HEL1.00.BHZ | 2025-01-03T13:43:05.546491Z - 2025-01-03T13:44:05.546491Z,,,,,,,2025-01-03T13:43:38.959160Z,,2025-01-03T13:43:39.640070Z,
HE.HEL5.00.BHZ | 2025-01-03T13:43:11.642846Z - 2025-01-03T13:44:11.642846Z,,,,,,,2025-01-03T13:43:40.459300Z,,2025-01-03T13:43:42.228000Z,
HE.KUNI.00.BHZ | 2025-01-03T13:43:33.445255Z - 2025-01-03T13:44:33.445255Z,,,,,,,2025-01-03T13:43:38.998850Z,,2025-01-03T13:43:39.679970Z,
HE.LAUT.00.BHZ | 2025-01-03T13:42:51.324514Z - 2025-01-03T13:43:51.324514Z,,,,,,,2025-01-03T13:43:39.428110Z,,2025-01-03T13:43:40.419580Z,
HE.MEF.00.BHZ | 2025-01-03T13:43:29.954007Z - 2025-01-03T13:44:29.954007Z,,,,,,,2025-01-03T13:43:42.774800Z,,2025-01-03T13:43:45.866850Z,
HE.NUR.00.SHZ | 2025-01-03T13:43:09.104277Z - 2025-01-03T13:44:09.104277Z,,,,,,,2025-01-03T13:43:43.961090Z,,,
HE.RSUO.00.BHZ | 2025-01-03T13:43:30.019878Z - 2025-01-03T13:44:30.019878Z,,,,,,,2025-01-03T13:43:38.505510Z,,2025-01-03T13:43:38.841810Z,
HE.VUOS.00.BHZ | 2025-01-03T13:43:11.209170Z - 2025-01-03T13:44:11.209170Z,,,,,,,2025-01-03T13:43:40.647010Z,,2025-01-03T13:43:42.228000Z,
HE.FIA0.00.SHZ | 2025-01-03T08:52:59.968692Z - 2025-01-03T08:53:59.968692Z,,,,,,,,,2025-01-03T08:53:49.400000Z,
HE.HEL1.00.BHZ | 2025-01-03T08:52:23.226749Z - 2025-01-03T08:53:23.226749Z,,,,,,,2025-01-03T08:53:01.910000Z,,2025-01-03T08:53:04.220000Z,
HE.HEL5.00.BHZ | 2025-01-03T08:52:11.974429Z - 2025-01-03T08:53:11.974429Z,,,,,,,2025-01-03T08:53:00.580000Z,,,
HE.KUNI.00.BHZ | 2025-01-03T08:52:48.766034Z - 2025-01-03T08:53:48.766034Z,,,,,,,2025-01-03T08:53:02.900000Z,,,
HE.LAUT.00.BHZ | 2025-01-03T08:52:36.112530Z - 2025-01-03T08:53:36.112530Z,,,,,,,2025-01-03T08:53:01.840000Z,,2025-01-03T08:53:03.640000Z,
HE.MEF.00.BHZ | 2025-01-03T08:52:11.378306Z - 2025-01-03T08:53:11.378306Z,,,,,,,2025-01-03T08:53:00.860000Z,,2025-01-03T08:53:02.280000Z,
HE.NUR.00.BHZ | 2025-01-03T08:52:14.040282Z - 2025-01-03T08:53:14.040282Z,,,,,,,2025-01-03T08:53:05.540000Z,,,
HE.PVF.00.BHZ | 2025-01-03T08:52:55.268648Z - 2025-01-03T08:53:55.268648Z,,,,,,,2025-01-03T08:53:13.180000Z,,,
HE.VUOS.00.BHZ | 2025-01-03T08:52:38.918126Z - 2025-01-03T08:53:38.918126Z,,,,,,,2025-01-03T08:53:04.880000Z,,,
FN.MSF.00.BHZ | 2025-01-03T11:42:05.094646Z - 2025-01-03T11:43:05.094646Z,,,,,,,2025-01-03T11:42:15.840000Z,,2025-01-03T11:42:53.640000Z,
FN.OLKF.00.BHZ | 2025-01-03T11:42:30.867158Z - 2025-01-03T11:43:30.867158Z,,,,,,,,,2025-01-03T11:43:05.080000Z,
FN.OUL.00.BHZ | 2025-01-03T11:41:49.368473Z - 2025-01-03T11:42:49.368473Z,,,,,,,2025-01-03T11:42:05.630000Z,,2025-01-03T11:42:34.000000Z,
FN.RANF.00.BHZ | 2025-01-03T11:42:03.596286Z - 2025-01-03T11:43:03.596286Z,,,,,,,2025-01-03T11:42:17.080000Z,,2025-01-03T11:42:54.340000Z,
FN.RNF.00.BHZ | 2025-01-03T11:41:44.183288Z - 2025-01-03T11:42:44.183288Z,,,,,,,2025-01-03T11:42:25.430000Z,,,
HE.FIA0.00.SHZ | 2025-01-03T11:41:38.219272Z - 2025-01-03T11:42:38.219272Z,,,,,,,2025-01-03T11:42:01.900000Z,,2025-01-03T11:42:27.500000Z,
HE.JOF.00.BHZ | 2025-01-03T11:41:26.250545Z - 2025-01-03T11:42:26.250545Z,,,,,,,2025-01-03T11:41:57.560000Z,,2025-01-03T11:42:19.120000Z,
HE.KAF.00.BHZ | 2025-01-03T11:41:32.726934Z - 2025-01-03T11:42:32.726934Z,,,,,,,2025-01-03T11:41:50.180000Z,,2025-01-03T11:42:07.600000Z,
HE.KEF.00.BHZ | 2025-01-03T11:41:50.862469Z - 2025-01-03T11:42:50.862469Z,,,,,,,2025-01-03T11:41:58.180000Z,,2025-01-03T11:42:21.000000Z,
HE.KJNF.00.BHZ | 2025-01-03T11:41:25.636710Z - 2025-01-03T11:42:25.636710Z,,,,,,,2025-01-03T11:41:48.900000Z,,2025-01-03T11:42:03.800000Z,
HE.KPF.00.BHZ | 2025-01-03T11:42:01.480439Z - 2025-01-03T11:43:01.480439Z,,,,,,,2025-01-03T11:42:17.880000Z,,2025-01-03T11:42:56.060000Z,
HE.KU1.00.BHZ | 2025-01-03T11:41:56.184466Z - 2025-01-03T11:42:56.184466Z,,,,,,,2025-01-03T11:42:12.240000Z,,2025-01-03T11:42:47.660000Z,
HE.KU2.00.BHZ | 2025-01-03T11:41:55.891304Z - 2025-01-03T11:42:55.891304Z,,,,,,,2025-01-03T11:42:12.980000Z,,2025-01-03T11:42:46.020000Z,
HE.KU6.00.BHZ | 2025-01-03T11:41:44.778044Z - 2025-01-03T11:42:44.778044Z,,,,,,,2025-01-03T11:42:19.080000Z,,,
HE.KY17.00.BHZ | 2025-01-03T11:41:15.949750Z - 2025-01-03T11:42:15.949750Z,,,,,,,2025-01-03T11:42:07.780000Z,,,
HE.NIF.00.BHZ | 2025-01-03T11:40:48.515385Z - 2025-01-03T11:41:48.515385Z,,,,,,,2025-01-03T11:41:32.280000Z,,2025-01-03T11:41:35.120000Z,
HE.OBF0.00.BHZ | 2025-01-03T11:41:51.440314Z - 2025-01-03T11:42:51.440314Z,,,,,,,2025-01-03T11:42:05.080000Z,,2025-01-03T11:42:33.840000Z,
HE.OBF3.00.BHZ | 2025-01-03T11:41:55.426303Z - 2025-01-03T11:42:55.426303Z,,,,,,,2025-01-03T11:42:06.380000Z,,2025-01-03T11:42:36.280000Z,
HE.OBF8.00.BHZ | 2025-01-03T11:41:46.708527Z - 2025-01-03T11:42:46.708527Z,,,,,,,2025-01-03T11:42:08.340000Z,,2025-01-03T11:42:38.980000Z,
HE.OUF.00.BHZ | 2025-01-03T11:41:38.339645Z - 2025-01-03T11:42:38.339645Z,,,,,,,2025-01-03T11:42:00.580000Z,,2025-01-03T11:42:25.820000Z,
HE.PVF.00.BHZ | 2025-01-03T11:41:39.869502Z - 2025-01-03T11:42:39.869502Z,,,,,,,2025-01-03T11:42:16.980000Z,,,
HE.RMF.00.BHZ | 2025-01-03T11:41:48.865166Z - 2025-01-03T11:42:48.865166Z,,,,,,,2025-01-03T11:41:54.480000Z,,2025-01-03T11:42:13.900000Z,
HE.RUF.00.BHZ | 2025-01-03T11:41:45.021825Z - 2025-01-03T11:42:45.021825Z,,,,,,,2025-01-03T11:42:00.180000Z,,2025-01-03T11:42:25.000000Z,
HE.SUF.00.BHZ | 2025-01-03T11:41:13.525907Z - 2025-01-03T11:42:13.525907Z,,,,,,,2025-01-03T11:41:43.280000Z,,2025-01-03T11:41:55.140000Z,
HE.TOF.00.BHZ | 2025-01-03T11:42:34.702048Z - 2025-01-03T11:43:34.702048Z,,,,,,,,,2025-01-03T11:43:03.000000Z,
HE.TRE03.00.BHZ | 2025-01-03T11:41:50.478412Z - 2025-01-03T11:42:50.478412Z,,,,,,,2025-01-03T11:42:08.280000Z,,2025-01-03T11:42:38.520000Z,
HE.VAF.00.BHZ | 2025-01-03T11:42:00.571648Z - 2025-01-03T11:43:00.571648Z,,,,,,,2025-01-03T11:42:08.960000Z,,2025-01-03T11:42:39.200000Z,
HE.VJF.00.BHZ | 2025-01-03T11:42:00.125770Z - 2025-01-03T11:43:00.125770Z,,,,,,,2025-01-03T11:42:12.580000Z,,2025-01-03T11:42:49.400000Z,
HE.VUOS.00.BHZ | 2025-01-03T11:42:30.056729Z - 2025-01-03T11:43:30.056729Z,,,,,,,,,2025-01-03T11:43:07.820000Z,
HE.FIA0.00.SHZ | 2025-01-03T11:54:01.615705Z - 2025-01-03T11:55:01.615705Z,,,,,,,2025-01-03T11:54:22.900000Z,,2025-01-03T11:54:41.100000Z,
HE.JOF.00.BHZ | 2025-01-03T11:54:21.563679Z - 2025-01-03T11:55:21.563679Z,,,,,,,,,2025-01-03T11:55:15.920000Z,
HE.KAF.00.BHZ | 2025-01-03T11:54:20.360718Z - 2025-01-03T11:55:20.360718Z,,,,,,,2025-01-03T11:54:28.980000Z,,2025-01-03T11:54:47.760000Z,
HE.KEF.00.BHZ | 2025-01-03T11:54:28.298183Z - 2025-01-03T11:55:28.298183Z,,,,,,,2025-01-03T11:54:38.780000Z,,,
HE.KPF.00.BHZ | 2025-01-03T11:55:19.505450Z - 2025-01-03T11:56:19.505450Z,,,,,,,,,2025-01-03T11:55:35.740000Z,
HE.KY17.00.BHZ | 2025-01-03T11:53:49.000647Z - 2025-01-03T11:54:49.000647Z,,,,,,,2025-01-03T11:54:13.180000Z,,2025-01-03T11:54:21.160000Z,
HE.MEF.00.BHZ | 2025-01-03T11:54:22.314066Z - 2025-01-03T11:55:22.314066Z,,,,,,,2025-01-03T11:54:38.980000Z,,2025-01-03T11:55:06.580000Z,
HE.NIF.00.BHZ | 2025-01-03T11:55:01.649067Z - 2025-01-03T11:56:01.649067Z,,,,,,,,,2025-01-03T11:55:15.840000Z,
HE.NUR.00.BHZ | 2025-01-03T11:54:06.429244Z - 2025-01-03T11:55:06.429244Z,,,,,,,2025-01-03T11:54:35.360000Z,,2025-01-03T11:55:00.000000Z,
HE.PVF.00.BHZ | 2025-01-03T11:54:02.829918Z - 2025-01-03T11:55:02.829918Z,,,,,,,2025-01-03T11:54:24.580000Z,,2025-01-03T11:54:41.840000Z,
HE.RUF.00.BHZ | 2025-01-03T11:54:02.588964Z - 2025-01-03T11:55:02.588964Z,,,,,,,2025-01-03T11:54:12.980000Z,,2025-01-03T11:54:19.520000Z,
HE.SUF.00.BHZ | 2025-01-03T11:54:19.712731Z - 2025-01-03T11:55:19.712731Z,,,,,,,2025-01-03T11:54:38.380000Z,,2025-01-03T11:55:04.360000Z,
HE.TRE03.00.BHZ | 2025-01-03T11:53:45.133480Z - 2025-01-03T11:54:45.133480Z,,,,,,,2025-01-03T11:54:38.780000Z,,,
HE.VJF.00.BHZ | 2025-01-03T11:53:27.458169Z - 2025-01-03T11:54:27.458169Z,,,,,,,2025-01-03T11:54:13.380000Z,,2025-01-03T11:54:21.580000Z,
FN.MSF.00.BHZ | 2025-01-03T20:05:55.704150Z - 2025-01-03T20:06:55.704150Z,,,,,,,,,2025-01-03T20:06:13.880000Z,
FN.OLKF.00.BHZ | 2025-01-03T20:05:48.326530Z - 2025-01-03T20:06:48.326530Z,,,,,,,,,2025-01-03T20:06:06.880000Z,
FN.RAJF.00.BHZ | 2025-01-03T20:05:15.259932Z - 2025-01-03T20:06:15.259932Z,,,,,,,2025-01-03T20:05:39.200000Z,,2025-01-03T20:06:06.000000Z,
HE.KEV.00.BHZ | 2025-01-03T20:05:47.278736Z - 2025-01-03T20:06:47.278736Z,,,,,,,2025-01-03T20:05:52.670000Z,,2025-01-03T20:06:38.800000Z,
HE.KU6.00.BHZ | 2025-01-03T20:05:56.445955Z - 2025-01-03T20:06:56.445955Z,,,,,,,,,2025-01-03T20:06:08.440000Z,
HE.VRF.00.BHZ | 2025-01-03T20:05:04.668870Z - 2025-01-03T20:06:04.668870Z,,,,,,,2025-01-03T20:05:29.380000Z,,2025-01-03T20:05:48.820000Z,
FN.MSF.00.BHZ | 2025-01-03T12:30:10.890331Z - 2025-01-03T12:31:10.890331Z,,,,,,,2025-01-03T12:30:39.292060Z,,2025-01-03T12:31:05.331090Z,
FN.OUL.00.BHZ | 2025-01-03T12:30:09.623204Z - 2025-01-03T12:31:09.623204Z,,,,,,,2025-01-03T12:30:30.878040Z,,2025-01-03T12:30:49.366920Z,
FN.RANF.00.?HZ | 2025-01-03T12:30:34.142162Z - 2025-01-03T12:31:34.142162Z,,,,,,,2025-01-03T12:30:42.572670Z,,2025-01-03T12:31:09.706850Z,
HE.ALAJF.00.?HZ | 2025-01-03T12:30:30.369343Z - 2025-01-03T12:31:30.369343Z,,,,,,,2025-01-03T12:30:39.641450Z,,2025-01-03T12:31:05.513190Z,
HE.JOF.00.BHZ | 2025-01-03T12:30:07.674788Z - 2025-01-03T12:31:07.674788Z,,,,,,,2025-01-03T12:30:36.125500Z,,2025-01-03T12:30:59.139660Z,
HE.KAF.00.?HZ | 2025-01-03T12:30:20.441781Z - 2025-01-03T12:31:20.441781Z,,,,,,,2025-01-03T12:30:40.377740Z,,2025-01-03T12:31:07.152100Z,
HE.KJNF.00.CZ | 2025-01-03T12:29:43.002703Z - 2025-01-03T12:30:43.002703Z,,,,,,,2025-01-03T12:30:10.340580Z,,2025-01-03T12:30:14.944030Z,
HE.KU1.00.SHZ | 2025-01-03T12:30:09.909138Z - 2025-01-03T12:31:09.909138Z,,,,,,,2025-01-03T12:30:35.039810Z,,2025-01-03T12:30:56.833050Z,
HE.KU2.00.SHZ | 2025-01-03T12:30:26.811414Z - 2025-01-03T12:31:26.811414Z,,,,,,,2025-01-03T12:30:35.220760Z,,2025-01-03T12:30:58.229160Z,
HE.KU6.00.BHZ | 2025-01-03T12:30:34.200172Z - 2025-01-03T12:31:34.200172Z,,,,,,,2025-01-03T12:30:42.730050Z,,2025-01-03T12:31:10.490610Z,
HE.NIF.00.BHZ | 2025-01-03T12:29:53.169971Z - 2025-01-03T12:30:53.169971Z,,,,,,,2025-01-03T12:30:14.909480Z,,2025-01-03T12:30:22.777590Z,
HE.OBF0.00.BHZ | 2025-01-03T12:30:28.817589Z - 2025-01-03T12:31:28.817589Z,,,,,,,2025-01-03T12:30:35.718370Z,,2025-01-03T12:30:59.018260Z,
HE.OBF3.00.BHZ | 2025-01-03T12:30:28.112424Z - 2025-01-03T12:31:28.112424Z,,,,,,,2025-01-03T12:30:34.768390Z,,2025-01-03T12:30:56.711650Z,
HE.OBF8.00.BHZ | 2025-01-03T12:30:29.729510Z - 2025-01-03T12:31:29.729510Z,,,,,,,2025-01-03T12:30:40.468220Z,,2025-01-03T12:31:08.151380Z,
HE.OUF.00.BHZ | 2025-01-03T12:30:25.528628Z - 2025-01-03T12:31:25.528628Z,,,,,,,2025-01-03T12:30:31.601830Z,,2025-01-03T12:30:51.538730Z,
HE.RMF.00.BHZ | 2025-01-03T12:30:01.514323Z - 2025-01-03T12:31:01.514323Z,,,,,,,2025-01-03T12:30:19.704570Z,,2025-01-03T12:30:29.996750Z,
HE.SUF.00.BHZ | 2025-01-03T12:30:05.187680Z - 2025-01-03T12:31:05.187680Z,,,,,,,2025-01-03T12:30:31.737540Z,,2025-01-03T12:30:53.532710Z,
FN.MSF.00.BHZ | 2025-01-03T20:09:44.638091Z - 2025-01-03T20:10:44.638091Z,,,,,,,,,2025-01-03T20:10:16.360000Z,
FN.OLKF.00.BHZ | 2025-01-03T20:09:13.933170Z - 2025-01-03T20:10:13.933170Z,,,,,,,2025-01-03T20:09:37.320000Z,,2025-01-03T20:10:05.680000Z,
FN.RAJF.00.BHZ | 2025-01-03T20:09:27.605776Z - 2025-01-03T20:10:27.605776Z,,,,,,,2025-01-03T20:09:36.980000Z,,2025-01-03T20:10:05.480000Z,
FN.RNF.00.BHZ | 2025-01-03T20:09:50.043455Z - 2025-01-03T20:10:50.043455Z,,,,,,,,,2025-01-03T20:10:30.400000Z,
HE.HEF.00.BHZ | 2025-01-03T20:09:35.998987Z - 2025-01-03T20:10:35.998987Z,,,,,,,2025-01-03T20:09:57.480000Z,,,
HE.KEV.00.BHZ | 2025-01-03T20:09:41.831594Z - 2025-01-03T20:10:41.831594Z,,,,,,,2025-01-03T20:09:50.800000Z,,2025-01-03T20:10:30.140000Z,
HE.KU1.00.BHZ | 2025-01-03T20:09:49.410169Z - 2025-01-03T20:10:49.410169Z,,,,,,,,,2025-01-03T20:10:20.040000Z,
HE.KU6.00.BHZ | 2025-01-03T20:09:24.409801Z - 2025-01-03T20:10:24.409801Z,,,,,,,2025-01-03T20:09:38.080000Z,,2025-01-03T20:10:06.640000Z,
HE.VRF.00.BHZ | 2025-01-03T20:09:12.114748Z - 2025-01-03T20:10:12.114748Z,,,,,,,2025-01-03T20:09:27.330000Z,,2025-01-03T20:09:48.520000Z,
FN.KLF.00.BHZ | 2025-01-03T20:29:51.100909Z - 2025-01-03T20:30:51.100909Z,,,,,,,2025-01-03T20:30:22.800000Z,,,
FN.MSF.00.BHZ | 2025-01-03T20:29:42.426187Z - 2025-01-03T20:30:42.426187Z,,,,,,,2025-01-03T20:29:59.480000Z,,2025-01-03T20:30:32.240000Z,
FN.OLKF.00.BHZ | 2025-01-03T20:29:38.253301Z - 2025-01-03T20:30:38.253301Z,,,,,,,2025-01-03T20:29:53.040000Z,,2025-01-03T20:30:21.480000Z,
FN.OUL.00.BHZ | 2025-01-03T20:30:27.390644Z - 2025-01-03T20:31:27.390644Z,,,,,,,,,2025-01-03T20:31:01.900000Z,
FN.RAJF.00.BHZ | 2025-01-03T20:29:35.538457Z - 2025-01-03T20:30:35.538457Z,,,,,,,2025-01-03T20:29:52.760000Z,,2025-01-03T20:30:21.080000Z,
FN.RANF.00.BHZ | 2025-01-03T20:29:58.917250Z - 2025-01-03T20:30:58.917250Z,,,,,,,2025-01-03T20:30:09.960000Z,,2025-01-03T20:30:51.400000Z,
FN.RNF.00.BHZ | 2025-01-03T20:29:53.602117Z - 2025-01-03T20:30:53.602117Z,,,,,,,2025-01-03T20:30:05.680000Z,,2025-01-03T20:30:45.440000Z,
HE.HEF.00.BHZ | 2025-01-03T20:30:30.018251Z - 2025-01-03T20:31:30.018251Z,,,,,,,,,2025-01-03T20:31:01.680000Z,
HE.KEV.00.BHZ | 2025-01-03T20:29:55.100889Z - 2025-01-03T20:30:55.100889Z,,,,,,,2025-01-03T20:30:06.680000Z,,2025-01-03T20:30:45.880000Z,
HE.KU6.00.BHZ | 2025-01-03T20:29:32.242611Z - 2025-01-03T20:30:32.242611Z,,,,,,,2025-01-03T20:29:53.400000Z,,2025-01-03T20:30:22.800000Z,
HE.TOF.00.BHZ | 2025-01-03T20:29:58.376481Z - 2025-01-03T20:30:58.376481Z,,,,,,,2025-01-03T20:30:27.760000Z,,,
HE.TOF.00.BHZ | 2025-01-03T20:30:57.919537Z - 2025-01-03T20:31:57.919537Z,,,,,,,,,2025-01-03T20:31:21.000000Z,
HE.VRF.00.BHZ | 2025-01-03T20:29:35.485732Z - 2025-01-03T20:30:35.485732Z,,,,,,,2025-01-03T20:29:43.080000Z,,2025-01-03T20:30:03.520000Z,
FN.KLF.00.BHZ | 2025-01-04T11:07:12.549664Z - 2025-01-04T11:08:12.549664Z,,,,,,,2025-01-04T11:07:19.120000Z,,2025-01-04T11:07:53.360000Z,
FN.MSF.00.BHZ | 2025-01-04T11:07:02.979190Z - 2025-01-04T11:08:02.979190Z,,,,,,,2025-01-04T11:07:08.240000Z,,2025-01-04T11:07:32.960000Z,
FN.OLKF.00.BHZ | 2025-01-04T11:06:37.033180Z - 2025-01-04T11:07:37.033180Z,,,,,,,2025-01-04T11:07:00.680000Z,,2025-01-04T11:07:19.120000Z,
FN.OUL.00.BHZ | 2025-01-04T11:07:21.350380Z - 2025-01-04T11:08:21.350380Z,,,,,,,2025-01-04T11:07:27.580000Z,,2025-01-04T11:08:11.600000Z,
FN.RAJF.00.BHZ | 2025-01-04T11:06:28.132040Z - 2025-01-04T11:07:28.132040Z,,,,,,,2025-01-04T11:06:58.920000Z,,2025-01-04T11:07:15.160000Z,
FN.RANF.00.BHZ | 2025-01-04T11:06:49.454322Z - 2025-01-04T11:07:49.454322Z,,,,,,,2025-01-04T11:07:14.400000Z,,2025-01-04T11:07:41.920000Z,
FN.RNF.00.BHZ | 2025-01-04T11:06:19.534277Z - 2025-01-04T11:07:19.534277Z,,,,,,,2025-01-04T11:07:11.920000Z,,,
HE.HEF.00.BHZ | 2025-01-04T11:07:08.727198Z - 2025-01-04T11:08:08.727198Z,,,,,,,2025-01-04T11:07:21.680000Z,,2025-01-04T11:07:58.400000Z,
HE.KEV.00.BHZ | 2025-01-04T11:07:05.071305Z - 2025-01-04T11:08:05.071305Z,,,,,,,2025-01-04T11:07:19.850000Z,,2025-01-04T11:07:53.000000Z,
HE.KIF.00.BHZ | 2025-01-04T11:07:10.633387Z - 2025-01-04T11:08:10.633387Z,,,,,,,2025-01-04T11:07:37.880000Z,,,
HE.KU1.00.BHZ | 2025-01-04T11:06:44.899530Z - 2025-01-04T11:07:44.899530Z,,,,,,,2025-01-04T11:07:13.160000Z,,,
HE.KU2.00.BHZ | 2025-01-04T11:06:35.885712Z - 2025-01-04T11:07:35.885712Z,,,,,,,2025-01-04T11:07:13.500000Z,,,
HE.KU6.00.BHZ | 2025-01-04T11:06:34.773640Z - 2025-01-04T11:07:34.773640Z,,,,,,,2025-01-04T11:07:04.880000Z,,2025-01-04T11:07:28.040000Z,
HE.OBF0.00.BHZ | 2025-01-04T11:07:11.139248Z - 2025-01-04T11:08:11.139248Z,,,,,,,2025-01-04T11:07:39.080000Z,,,
HE.OBF3.00.BHZ | 2025-01-04T11:07:04.009768Z - 2025-01-04T11:08:04.009768Z,,,,,,,2025-01-04T11:07:34.000000Z,,,
HE.OUF.00.BHZ | 2025-01-04T11:07:20.970126Z - 2025-01-04T11:08:20.970126Z,,,,,,,2025-01-04T11:07:38.380000Z,,,
HE.OUF.00.BHZ | 2025-01-04T11:08:06.218396Z - 2025-01-04T11:09:06.218396Z,,,,,,,,,2025-01-04T11:08:36.800000Z,
HE.RMF.00.BHZ | 2025-01-04T11:07:10.237849Z - 2025-01-04T11:08:10.237849Z,,,,,,,2025-01-04T11:07:31.300000Z,,,
HE.TOF.00.BHZ | 2025-01-04T11:07:15.809521Z - 2025-01-04T11:08:15.809521Z,,,,,,,2025-01-04T11:07:22.920000Z,,2025-01-04T11:08:03.240000Z,
HE.VRF.00.BHZ | 2025-01-04T11:06:37.664789Z - 2025-01-04T11:07:37.664789Z,,,,,,,2025-01-04T11:06:43.680000Z,,2025-01-04T11:06:48.440000Z,
FN.KLF.00.BHZ | 2025-01-04T13:14:57.845214Z - 2025-01-04T13:15:57.845214Z,,,,,,,2025-01-04T13:15:16.120000Z,,2025-01-04T13:15:20.740000Z,
FN.MSF.00.BHZ | 2025-01-04T13:15:49.450482Z - 2025-01-04T13:16:49.450482Z,,,,,,,2025-01-04T13:15:56.520000Z,,2025-01-04T13:16:34.040000Z,
FN.OLKF.00.BHZ | 2025-01-04T13:15:44.738943Z - 2025-01-04T13:16:44.738943Z,,,,,,,2025-01-04T13:15:55.380000Z,,2025-01-04T13:16:31.760000Z,
FN.OUL.00.BHZ | 2025-01-04T13:15:44.260099Z - 2025-01-04T13:16:44.260099Z,,,,,,,2025-01-04T13:15:54.380000Z,,2025-01-04T13:16:28.840000Z,
FN.RAJF.00.BHZ | 2025-01-04T13:15:36.709042Z - 2025-01-04T13:16:36.709042Z,,,,,,,2025-01-04T13:15:47.730000Z,,2025-01-04T13:16:17.000000Z,
FN.RANF.00.BHZ | 2025-01-04T13:15:38.297612Z - 2025-01-04T13:16:38.297612Z,,,,,,,2025-01-04T13:15:45.720000Z,,2025-01-04T13:16:11.760000Z,
FN.RNF.00.BHZ | 2025-01-04T13:15:18.316198Z - 2025-01-04T13:16:18.316198Z,,,,,,,2025-01-04T13:15:34.440000Z,,2025-01-04T13:15:52.640000Z,
HE.HEF.00.BHZ | 2025-01-04T13:15:22.647037Z - 2025-01-04T13:16:22.647037Z,,,,,,,2025-01-04T13:15:28.880000Z,,2025-01-04T13:15:38.280000Z,
HE.KEV.00.BHZ | 2025-01-04T13:15:44.162612Z - 2025-01-04T13:16:44.162612Z,,,,,,,2025-01-04T13:15:55.570000Z,,2025-01-04T13:16:30.360000Z,
HE.KIF.00.BHZ | 2025-01-04T13:15:32.536168Z - 2025-01-04T13:16:32.536168Z,,,,,,,2025-01-04T13:15:44.540000Z,,2025-01-04T13:16:08.960000Z,
HE.KU1.00.BHZ | 2025-01-04T13:15:53.916912Z - 2025-01-04T13:16:53.916912Z,,,,,,,2025-01-04T13:16:01.580000Z,,2025-01-04T13:16:39.160000Z,
HE.KU2.00.BHZ | 2025-01-04T13:15:01.748511Z - 2025-01-04T13:16:01.748511Z,,,,,,,2025-01-04T13:15:56.540000Z,,,
HE.KU6.00.BHZ | 2025-01-04T13:15:47.564321Z - 2025-01-04T13:16:47.564321Z,,,,,,,2025-01-04T13:15:59.430000Z,,2025-01-04T13:16:36.480000Z,
HE.OBF3.00.BHZ | 2025-01-04T13:15:40.541822Z - 2025-01-04T13:16:40.541822Z,,,,,,,2025-01-04T13:15:56.180000Z,,2025-01-04T13:16:33.920000Z,
HE.OUF.00.BHZ | 2025-01-04T13:15:48.215710Z - 2025-01-04T13:16:48.215710Z,,,,,,,2025-01-04T13:16:03.080000Z,,2025-01-04T13:16:41.000000Z,
HE.TOF.00.BHZ | 2025-01-04T13:15:09.051940Z - 2025-01-04T13:16:09.051940Z,,,,,,,2025-01-04T13:15:35.920000Z,,2025-01-04T13:15:54.680000Z,
HE.VRF.00.BHZ | 2025-01-04T13:15:39.427799Z - 2025-01-04T13:16:39.427799Z,,,,,,,2025-01-04T13:15:52.780000Z,,2025-01-04T13:16:24.520000Z,
FN.KLF.00.BHZ | 2025-01-04T20:18:54.006978Z - 2025-01-04T20:19:54.006978Z,,,,,,,2025-01-04T20:18:59.480000Z,,2025-01-04T20:19:48.240000Z,
FN.MSF.00.BHZ | 2025-01-04T20:18:19.195540Z - 2025-01-04T20:19:19.195540Z,,,,,,,2025-01-04T20:18:36.440000Z,,2025-01-04T20:19:11.340000Z,
FN.OLKF.00.BHZ | 2025-01-04T20:18:12.624788Z - 2025-01-04T20:19:12.624788Z,,,,,,,2025-01-04T20:18:30.080000Z,,2025-01-04T20:18:59.800000Z,
FN.OUL.00.BHZ | 2025-01-04T20:18:15.730027Z - 2025-01-04T20:19:15.730027Z,,,,,,,2025-01-04T20:19:05.680000Z,,,
FN.RAJF.00.BHZ | 2025-01-04T20:18:23.989643Z - 2025-01-04T20:19:23.989643Z,,,,,,,2025-01-04T20:18:29.380000Z,,2025-01-04T20:18:58.040000Z,
FN.RANF.00.BHZ | 2025-01-04T20:18:36.044628Z - 2025-01-04T20:19:36.044628Z,,,,,,,2025-01-04T20:18:47.080000Z,,2025-01-04T20:19:30.800000Z,
FN.RNF.00.BHZ | 2025-01-04T20:18:03.233237Z - 2025-01-04T20:19:03.233237Z,,,,,,,2025-01-04T20:18:42.640000Z,,,
HE.KEV.00.BHZ | 2025-01-04T20:18:37.744483Z - 2025-01-04T20:19:37.744483Z,,,,,,,2025-01-04T20:18:43.680000Z,,2025-01-04T20:19:22.200000Z,
HE.KU1.00.BHZ | 2025-01-04T20:18:08.761880Z - 2025-01-04T20:19:08.761880Z,,,,,,,2025-01-04T20:18:39.900000Z,,,
HE.KU2.00.BHZ | 2025-01-04T20:18:32.707996Z - 2025-01-04T20:19:32.707996Z,,,,,,,2025-01-04T20:18:43.160000Z,,,
HE.KU6.00.BHZ | 2025-01-04T20:18:08.710062Z - 2025-01-04T20:19:08.710062Z,,,,,,,2025-01-04T20:18:31.360000Z,,2025-01-04T20:19:00.200000Z,
HE.TOF.00.BHZ | 2025-01-04T20:18:56.026359Z - 2025-01-04T20:19:56.026359Z,,,,,,,2025-01-04T20:19:04.600000Z,,,
HE.VRF.00.BHZ | 2025-01-04T20:18:13.778379Z - 2025-01-04T20:19:13.778379Z,,,,,,,2025-01-04T20:18:19.760000Z,,2025-01-04T20:18:39.920000Z,
HE.FIA0.00.SHZ | 2025-01-07T12:57:48.513732Z - 2025-01-07T12:58:48.513732Z,,,,,,,2025-01-07T12:58:23.900000Z,,,
HE.HEL1.00.BHZ | 2025-01-07T12:57:10.926485Z - 2025-01-07T12:58:10.926485Z,,,,,,,2025-01-07T12:57:56.880000Z,,2025-01-07T12:57:59.080000Z,
HE.HEL5.00.BHZ | 2025-01-07T12:57:39.596604Z - 2025-01-07T12:58:39.596604Z,,,,,,,2025-01-07T12:57:55.400000Z,,2025-01-07T12:57:57.000000Z,
HE.KUNI.00.BHZ | 2025-01-07T12:57:38.778293Z - 2025-01-07T12:58:38.778293Z,,,,,,,2025-01-07T12:57:57.940000Z,,,
HE.LAUT.00.BHZ | 2025-01-07T12:57:19.905177Z - 2025-01-07T12:58:19.905177Z,,,,,,,2025-01-07T12:57:56.930000Z,,2025-01-07T12:57:58.880000Z,
HE.MEF.00.BHZ | 2025-01-07T12:57:39.206701Z - 2025-01-07T12:58:39.206701Z,,,,,,,2025-01-07T12:57:55.430000Z,,2025-01-07T12:57:55.880000Z,
HE.PVF.00.BHZ | 2025-01-07T12:58:02.981183Z - 2025-01-07T12:59:02.981183Z,,,,,,,2025-01-07T12:58:08.430000Z,,,
HE.VUOS.00.BHZ | 2025-01-07T12:57:37.204712Z - 2025-01-07T12:58:37.204712Z,,,,,,,2025-01-07T12:57:59.910000Z,,,
FN.RAJF.00.BHZ | 2025-01-07T16:05:53.605339Z - 2025-01-07T16:06:53.605339Z,,,,,,,2025-01-07T16:06:20.480000Z,,2025-01-07T16:06:36.060000Z,
HE.HEF.00.BHZ | 2025-01-07T16:07:09.646774Z - 2025-01-07T16:08:09.646774Z,,,,,,,,,2025-01-07T16:07:19.680000Z,
HE.KEV.00.BHZ | 2025-01-07T16:05:54.241019Z - 2025-01-07T16:06:54.241019Z,,,,,,,2025-01-07T16:06:21.900000Z,,2025-01-07T16:06:39.520000Z,
HE.KIF.00.BHZ | 2025-01-07T16:07:30.981890Z - 2025-01-07T16:08:30.981890Z,,,,,,,,,2025-01-07T16:07:46.380000Z,
HE.VRF.00.BHZ | 2025-01-07T16:06:20.475182Z - 2025-01-07T16:07:20.475182Z,,,,,,,,,2025-01-07T16:06:50.280000Z,
FN.OUL.00.BHZ | 2025-01-07T11:32:43.567835Z - 2025-01-07T11:33:43.567835Z,,,,,,,2025-01-07T11:32:50.878360Z,,2025-01-07T11:33:14.477150Z,
HE.ALAJF.00.?HZ | 2025-01-07T11:32:21.199207Z - 2025-01-07T11:33:21.199207Z,,,,,,,,,2025-01-07T11:32:34.366230Z,
HE.FIA0.00.?HZ | 2025-01-07T11:32:39.330023Z - 2025-01-07T11:33:39.330023Z,,,,,,,2025-01-07T11:32:52.590900Z,,2025-01-07T11:33:17.764310Z,
HE.FIA1.00.?HZ | 2025-01-07T11:32:37.162713Z - 2025-01-07T11:33:37.162713Z,,,,,,,2025-01-07T11:32:52.590900Z,,2025-01-07T11:33:17.764310Z,
HE.KAF.00.?HZ | 2025-01-07T11:32:36.572469Z - 2025-01-07T11:33:36.572469Z,,,,,,,2025-01-07T11:32:42.216630Z,,2025-01-07T11:32:59.336010Z,
HE.KEF.00.?HZ | 2025-01-07T11:32:10.750344Z - 2025-01-07T11:33:10.750344Z,,,,,,,2025-01-07T11:32:39.156870Z,,2025-01-07T11:32:54.240420Z,
HE.KPF.00.BHZ | 2025-01-07T11:32:47.464380Z - 2025-01-07T11:33:47.464380Z,,,,,,,2025-01-07T11:32:54.453450Z,,2025-01-07T11:33:20.759280Z,
HE.NIF.00.BHZ | 2025-01-07T11:32:30.981294Z - 2025-01-07T11:33:30.981294Z,,,,,,,2025-01-07T11:32:40.303480Z,,2025-01-07T11:32:56.302380Z,
HE.OBF0.00.BHZ | 2025-01-07T11:32:16.675283Z - 2025-01-07T11:33:16.675283Z,,,,,,,2025-01-07T11:32:41.502250Z,,2025-01-07T11:32:58.047230Z,
HE.OBF3.00.BHZ | 2025-01-07T11:32:20.124273Z - 2025-01-07T11:33:20.124273Z,,,,,,,2025-01-07T11:32:45.869210Z,,2025-01-07T11:33:05.273100Z,
HE.OUF.00.BHZ | 2025-01-07T11:32:29.343198Z - 2025-01-07T11:33:29.343198Z,,,,,,,2025-01-07T11:32:37.920980Z,,2025-01-07T11:32:51.915110Z,
HE.SUF.00.BHZ | 2025-01-07T11:32:06.602601Z - 2025-01-07T11:33:06.602601Z,,,,,,,2025-01-07T11:32:31.992430Z,,2025-01-07T11:32:42.055820Z,
HE.TRE03.00.CZ | 2025-01-07T11:32:31.391400Z - 2025-01-07T11:33:31.391400Z,,,,,,,2025-01-07T11:32:49.551150Z,,2025-01-07T11:33:11.910770Z,
HE.VAF.00.BHZ | 2025-01-07T11:32:15.932960Z - 2025-01-07T11:33:15.932960Z,,,,,,,2025-01-07T11:32:39.058930Z,,2025-01-07T11:32:53.755410Z,
HE.ALAJF.00.?HZ | 2025-01-07T12:43:16.647509Z - 2025-01-07T12:44:16.647509Z,,,,,,,2025-01-07T12:43:41.197690Z,,2025-01-07T12:44:05.248490Z,
HE.ECKF.00.CZ | 2025-01-07T12:43:23.672973Z - 2025-01-07T12:44:23.672973Z,,,,,,,2025-01-07T12:43:37.676840Z,,2025-01-07T12:44:00.961970Z,
HE.FIA0.00.?HZ | 2025-01-07T12:43:32.481414Z - 2025-01-07T12:44:32.481414Z,,,,,,,2025-01-07T12:43:43.632050Z,,2025-01-07T12:44:10.077970Z,
HE.FIA1.00.?HZ | 2025-01-07T12:43:19.476085Z - 2025-01-07T12:44:19.476085Z,,,,,,,2025-01-07T12:43:43.632050Z,,2025-01-07T12:44:10.077970Z,
HE.KAF.00.?HZ | 2025-01-07T12:43:28.916270Z - 2025-01-07T12:44:28.916270Z,,,,,,,2025-01-07T12:43:46.283360Z,,2025-01-07T12:44:14.543940Z,
HE.KEF.00.?HZ | 2025-01-07T12:43:14.805676Z - 2025-01-07T12:44:14.805676Z,,,,,,,2025-01-07T12:43:35.525210Z,,2025-01-07T12:43:55.924660Z,
HE.KORF.00.CZ | 2025-01-07T12:43:24.707909Z - 2025-01-07T12:44:24.707909Z,,,,,,,2025-01-07T12:43:33.373590Z,,2025-01-07T12:43:53.016890Z,
HE.KPF.00.BHZ | 2025-01-07T12:42:40.285844Z - 2025-01-07T12:43:40.285844Z,,,,,,,2025-01-07T12:43:12.333770Z,,2025-01-07T12:43:16.149790Z,
HE.MEF.00.BHZ | 2025-01-07T12:43:20.249641Z - 2025-01-07T12:44:20.249641Z,,,,,,,2025-01-07T12:43:41.050780Z,,2025-01-07T12:44:05.040770Z,
HE.RAF.00.BHZ | 2025-01-07T12:42:46.597065Z - 2025-01-07T12:43:46.597065Z,,,,,,,2025-01-07T12:43:17.175400Z,,2025-01-07T12:43:24.627270Z,
HE.TRE03.00.CZ | 2025-01-07T12:43:15.734572Z - 2025-01-07T12:44:15.734572Z,,,,,,,2025-01-07T12:43:28.169580Z,,2025-01-07T12:43:43.079280Z,
HE.TVF.00.BHZ | 2025-01-07T12:43:29.649418Z - 2025-01-07T12:44:29.649418Z,,,,,,,2025-01-07T12:43:41.067290Z,,2025-01-07T12:44:05.144630Z,
HE.VAF.00.BHZ | 2025-01-07T12:43:28.185066Z - 2025-01-07T12:44:28.185066Z,,,,,,,2025-01-07T12:43:34.938410Z,,2025-01-07T12:43:54.640950Z,
HE.VUOS.00.BHZ | 2025-01-07T12:43:26.724619Z - 2025-01-07T12:44:26.724619Z,,,,,,,2025-01-07T12:43:44.914140Z,,2025-01-07T12:44:13.661130Z,
UP.AAL.00.BHZ | 2025-01-07T12:43:15.611702Z - 2025-01-07T12:44:15.611702Z,,,,,,,2025-01-07T12:43:36.372830Z,,2025-01-07T12:43:58.969110Z,
HE.ALAJF.00.?HZ | 2025-01-07T14:26:53.183234Z - 2025-01-07T14:27:53.183234Z,,,,,,,2025-01-07T14:27:02.220490Z,,2025-01-07T14:27:29.813420Z,
HE.ECKF.00.CZ | 2025-01-07T14:26:37.238200Z - 2025-01-07T14:27:37.238200Z,,,,,,,2025-01-07T14:26:56.695990Z,,2025-01-07T14:27:19.885700Z,
HE.FIA0.00.?HZ | 2025-01-07T14:26:22.968209Z - 2025-01-07T14:27:22.968209Z,,,,,,,2025-01-07T14:26:55.858090Z,,2025-01-07T14:27:17.876510Z,
HE.FIA1.00.?HZ | 2025-01-07T14:26:34.821875Z - 2025-01-07T14:27:34.821875Z,,,,,,,2025-01-07T14:26:55.858090Z,,2025-01-07T14:27:17.876510Z,
HE.KAF.00.?HZ | 2025-01-07T14:26:39.119861Z - 2025-01-07T14:27:39.119861Z,,,,,,,2025-01-07T14:27:00.688330Z,,2025-01-07T14:27:27.331710Z,
HE.KEF.00.?HZ | 2025-01-07T14:26:24.890487Z - 2025-01-07T14:27:24.890487Z,,,,,,,2025-01-07T14:26:51.668600Z,,2025-01-07T14:27:11.089120Z,
HE.KORF.00.CZ | 2025-01-07T14:26:33.825511Z - 2025-01-07T14:27:33.825511Z,,,,,,,2025-01-07T14:26:46.641210Z,,2025-01-07T14:27:01.963270Z,
HE.KPF.00.BHZ | 2025-01-07T14:26:12.622006Z - 2025-01-07T14:27:12.622006Z,,,,,,,2025-01-07T14:26:38.171230Z,,2025-01-07T14:26:47.453120Z,
HE.KY17.00.CZ | 2025-01-07T14:26:41.211682Z - 2025-01-07T14:27:41.211682Z,,,,,,,2025-01-07T14:27:03.399180Z,,2025-01-07T14:27:32.177160Z,
HE.LOVF.00.CZ | 2025-01-07T14:26:43.348557Z - 2025-01-07T14:27:43.348557Z,,,,,,,2025-01-07T14:26:59.505410Z,,2025-01-07T14:27:25.095930Z,
HE.MEF.00.BHZ | 2025-01-07T14:26:16.126571Z - 2025-01-07T14:27:16.126571Z,,,,,,,2025-01-07T14:26:48.612730Z,,2025-01-07T14:27:05.230490Z,
HE.PVF.00.CZ | 2025-01-07T14:26:46.811122Z - 2025-01-07T14:27:46.811122Z,,,,,,,2025-01-07T14:26:55.562360Z,,2025-01-07T14:27:17.994700Z,
HE.RAF.00.BHZ | 2025-01-07T14:26:05.687688Z - 2025-01-07T14:27:05.687688Z,,,,,,,2025-01-07T14:26:32.917540Z,,2025-01-07T14:26:38.789190Z,
HE.TRE03.00.CZ | 2025-01-07T14:26:32.031945Z - 2025-01-07T14:27:32.031945Z,,,,,,,2025-01-07T14:26:41.562290Z,,2025-01-07T14:26:53.212900Z,
HE.TVF.00.BHZ | 2025-01-07T14:26:29.063578Z - 2025-01-07T14:27:29.063578Z,,,,,,,2025-01-07T14:26:50.042090Z,,2025-01-07T14:27:07.139140Z,
HE.VAF.00.BHZ | 2025-01-07T14:26:30.086532Z - 2025-01-07T14:27:30.086532Z,,,,,,,2025-01-07T14:26:59.262220Z,,2025-01-07T14:27:22.958560Z,
HE.VUOS.00.BHZ | 2025-01-07T14:26:45.220367Z - 2025-01-07T14:27:45.220367Z,,,,,,,,,2025-01-07T14:27:13.990190Z,
UP.AAL.00.BHZ | 2025-01-07T14:26:24.966836Z - 2025-01-07T14:27:24.966836Z,,,,,,,2025-01-07T14:26:54.428730Z,,2025-01-07T14:27:16.540790Z,
FN.KLF.00.BHZ | 2025-01-06T16:44:16.911241Z - 2025-01-06T16:45:16.911241Z,,,,,,,2025-01-06T16:44:56.780000Z,,2025-01-06T16:45:08.640000Z,
FN.RAJF.00.BHZ | 2025-01-06T16:44:46.929657Z - 2025-01-06T16:45:46.929657Z,,,,,,,,,2025-01-06T16:45:18.680000Z,
FN.RANF.00.BHZ | 2025-01-06T16:44:51.678339Z - 2025-01-06T16:45:51.678339Z,,,,,,,2025-01-06T16:45:15.400000Z,,2025-01-06T16:45:41.720000Z,
FN.RNF.00.BHZ | 2025-01-06T16:44:49.813203Z - 2025-01-06T16:45:49.813203Z,,,,,,,2025-01-06T16:45:04.580000Z,,2025-01-06T16:45:25.680000Z,
HE.HEF.00.BHZ | 2025-01-06T16:44:22.028261Z - 2025-01-06T16:45:22.028261Z,,,,,,,,,2025-01-06T16:45:05.920000Z,
HE.KEV.00.BHZ | 2025-01-06T16:44:58.225581Z - 2025-01-06T16:45:58.225581Z,,,,,,,2025-01-06T16:45:15.040000Z,,2025-01-06T16:45:39.500000Z,
HE.KIF.00.BHZ | 2025-01-06T16:45:15.450781Z - 2025-01-06T16:46:15.450781Z,,,,,,,,,2025-01-06T16:45:42.640000Z,
HE.VRF.00.BHZ | 2025-01-06T16:45:16.633572Z - 2025-01-06T16:46:16.633572Z,,,,,,,,,2025-01-06T16:45:29.640000Z,
HE.FIA0.00.?HZ | 2025-01-08T09:49:31.912748Z - 2025-01-08T09:50:31.912748Z,,,,,,,2025-01-08T09:49:53.962070Z,,2025-01-08T09:50:04.718500Z,
HE.FIA1.00.?HZ | 2025-01-08T09:49:28.110713Z - 2025-01-08T09:50:28.110713Z,,,,,,,2025-01-08T09:49:53.962070Z,,2025-01-08T09:50:04.718500Z,
HE.HEL5.00.BHZ | 2025-01-08T09:49:34.595808Z - 2025-01-08T09:50:34.595808Z,,,,,,,2025-01-08T09:50:01.307890Z,,2025-01-08T09:50:16.733180Z,
HE.KAF.00.?HZ | 2025-01-08T09:49:36.279495Z - 2025-01-08T09:50:36.279495Z,,,,,,,2025-01-08T09:50:04.686980Z,,2025-01-08T09:50:22.831550Z,
HE.KEF.00.?HZ | 2025-01-08T09:50:04.584133Z - 2025-01-08T09:51:04.584133Z,,,,,,,2025-01-08T09:50:09.797780Z,,2025-01-08T09:50:32.397620Z,
HE.KPF.00.BHZ | 2025-01-08T09:50:19.050588Z - 2025-01-08T09:51:19.050588Z,,,,,,,,,2025-01-08T09:50:56.672660Z,
HE.KY02.00.CZ | 2025-01-08T09:48:55.805367Z - 2025-01-08T09:49:55.805367Z,,,,,,,2025-01-08T09:49:43.361620Z,,2025-01-08T09:49:46.488440Z,
HE.KY17.00.CZ | 2025-01-08T09:48:53.070305Z - 2025-01-08T09:49:53.070305Z,,,,,,,2025-01-08T09:49:43.234610Z,,2025-01-08T09:49:46.234230Z,
HE.LAUT.00.BHZ | 2025-01-08T09:49:52.888870Z - 2025-01-08T09:50:52.888870Z,,,,,,,,,2025-01-08T09:50:14.960990Z,
HE.LOVF.00.CZ | 2025-01-08T09:49:26.136102Z - 2025-01-08T09:50:26.136102Z,,,,,,,2025-01-08T09:49:46.488440Z,,2025-01-08T09:49:51.826750Z,
HE.MEF.00.BHZ | 2025-01-08T09:49:46.084642Z - 2025-01-08T09:50:46.084642Z,,,,,,,2025-01-08T09:50:03.101530Z,,2025-01-08T09:50:20.081300Z,
HE.NUR.00.SHZ | 2025-01-08T09:49:30.742724Z - 2025-01-08T09:50:30.742724Z,,,,,,,,,2025-01-08T09:50:13.643800Z,
HE.PVF.00.CZ | 2025-01-08T09:49:43.410052Z - 2025-01-08T09:50:43.410052Z,,,,,,,2025-01-08T09:49:48.674600Z,,2025-01-08T09:49:55.588980Z,
HE.RAF.00.BHZ | 2025-01-08T09:50:29.716483Z - 2025-01-08T09:51:29.716483Z,,,,,,,,,2025-01-08T09:50:55.022170Z,
HE.RUF.00.BHZ | 2025-01-08T09:49:46.425134Z - 2025-01-08T09:50:46.425134Z,,,,,,,2025-01-08T09:50:01.182490Z,,2025-01-08T09:50:17.211480Z,
HE.SUF.00.BHZ | 2025-01-08T09:49:47.952237Z - 2025-01-08T09:50:47.952237Z,,,,,,,,,2025-01-08T09:50:41.485380Z,
HE.TVF.00.BHZ | 2025-01-08T09:50:22.004746Z - 2025-01-08T09:51:22.004746Z,,,,,,,,,2025-01-08T09:50:40.190780Z,
HE.VJF.00.?HZ | 2025-01-08T09:49:21.048725Z - 2025-01-08T09:50:21.048725Z,,,,,,,2025-01-08T09:49:46.234230Z,,2025-01-08T09:49:51.521700Z,
HE.VUOS.00.BHZ | 2025-01-08T09:49:29.716375Z - 2025-01-08T09:50:29.716375Z,,,,,,,2025-01-08T09:49:57.304510Z,,2025-01-08T09:50:10.482850Z,
HE.ECKF.00.BHZ | 2025-01-08T13:34:08.985724Z - 2025-01-08T13:35:08.985724Z,,,,,,,2025-01-08T13:34:40.220000Z,,2025-01-08T13:35:00.960000Z,
HE.FIA0.00.SHZ | 2025-01-08T13:34:43.285415Z - 2025-01-08T13:35:43.285415Z,,,,,,,2025-01-08T13:34:49.100000Z,,2025-01-08T13:35:16.600000Z,
HE.KAF.00.BHZ | 2025-01-08T13:34:52.235606Z - 2025-01-08T13:35:52.235606Z,,,,,,,,,2025-01-08T13:35:29.080000Z,
HE.KEF.00.BHZ | 2025-01-08T13:34:50.435995Z - 2025-01-08T13:35:50.435995Z,,,,,,,,,2025-01-08T13:35:17.680000Z,
HE.KORF.00.BHZ | 2025-01-08T13:34:08.266159Z - 2025-01-08T13:35:08.266159Z,,,,,,,,,2025-01-08T13:34:30.980000Z,
HE.KPF.00.BHZ | 2025-01-08T13:34:07.293848Z - 2025-01-08T13:35:07.293848Z,,,,,,,2025-01-08T13:34:37.660000Z,,2025-01-08T13:34:56.480000Z,
HE.PVF.00.BHZ | 2025-01-08T13:34:17.357803Z - 2025-01-08T13:35:17.357803Z,,,,,,,2025-01-08T13:34:44.500000Z,,2025-01-08T13:35:06.380000Z,
HE.RAF.00.BHZ | 2025-01-08T13:33:52.201859Z - 2025-01-08T13:34:52.201859Z,,,,,,,2025-01-08T13:34:24.180000Z,,2025-01-08T13:34:33.200000Z,
HE.SUF.00.BHZ | 2025-01-08T13:35:21.253437Z - 2025-01-08T13:36:21.253437Z,,,,,,,,,2025-01-08T13:35:39.200000Z,
HE.TRE03.00.BHZ | 2025-01-08T13:34:19.814016Z - 2025-01-08T13:35:19.814016Z,,,,,,,2025-01-08T13:34:38.980000Z,,2025-01-08T13:34:58.320000Z,
HE.TVF.00.BHZ | 2025-01-08T13:34:09.163325Z - 2025-01-08T13:35:09.163325Z,,,,,,,2025-01-08T13:34:26.670000Z,,,
FN.KLF.00.BHZ | 2025-01-08T09:06:03.898985Z - 2025-01-08T09:07:03.898985Z,,,,,,,2025-01-08T09:06:10.840000Z,,2025-01-08T09:06:35.160000Z,
FN.OLKF.00.BHZ | 2025-01-08T09:06:57.576295Z - 2025-01-08T09:07:57.576295Z,,,,,,,,,2025-01-08T09:07:16.120000Z,
FN.OUL.00.BHZ | 2025-01-08T09:06:02.771926Z - 2025-01-08T09:07:02.771926Z,,,,,,,2025-01-08T09:06:13.830000Z,,2025-01-08T09:06:39.040000Z,
FN.RANF.00.BHZ | 2025-01-08T09:05:51.942371Z - 2025-01-08T09:06:51.942371Z,,,,,,,2025-01-08T09:06:16.480000Z,,2025-01-08T09:06:43.320000Z,
FN.RNF.00.BHZ | 2025-01-08T09:05:57.207120Z - 2025-01-08T09:06:57.207120Z,,,,,,,2025-01-08T09:06:14.430000Z,,2025-01-08T09:06:39.720000Z,
HE.KU1.00.BHZ | 2025-01-08T09:06:03.252904Z - 2025-01-08T09:07:03.252904Z,,,,,,,2025-01-08T09:06:32.840000Z,,,
HE.KU2.00.BHZ | 2025-01-08T09:06:08.771005Z - 2025-01-08T09:07:08.771005Z,,,,,,,2025-01-08T09:06:26.680000Z,,2025-01-08T09:07:01.940000Z,
HE.OBF0.00.BHZ | 2025-01-08T09:05:27.358203Z - 2025-01-08T09:06:27.358203Z,,,,,,,2025-01-08T09:06:10.480000Z,,,
HE.OBF3.00.BHZ | 2025-01-08T09:05:51.988249Z - 2025-01-08T09:06:51.988249Z,,,,,,,2025-01-08T09:06:08.820000Z,,2025-01-08T09:06:31.060000Z,
HE.OBF8.00.BHZ | 2025-01-08T09:06:00.263341Z - 2025-01-08T09:07:00.263341Z,,,,,,,2025-01-08T09:06:08.740000Z,,2025-01-08T09:06:26.550000Z,
HE.OUF.00.BHZ | 2025-01-08T09:05:25.069711Z - 2025-01-08T09:06:25.069711Z,,,,,,,2025-01-08T09:06:14.680000Z,,,
HE.TOF.00.BHZ | 2025-01-08T09:05:39.219805Z - 2025-01-08T09:06:39.219805Z,,,,,,,2025-01-08T09:05:59.880000Z,,2025-01-08T09:06:18.120000Z,
HE.VAF.00.BHZ | 2025-01-08T09:05:54.165082Z - 2025-01-08T09:06:54.165082Z,,,,,,,2025-01-08T09:06:27.430000Z,,,
FN.KLF.00.BHZ | 2025-01-08T16:43:50.020623Z - 2025-01-08T16:44:50.020623Z,,,,,,,2025-01-08T16:44:14.164830Z,,2025-01-08T16:44:25.567550Z,
FN.KMNF.00.?HZ | 2025-01-08T16:44:09.543755Z - 2025-01-08T16:45:09.543755Z,,,,,,,2025-01-08T16:44:23.007760Z,,2025-01-08T16:44:40.460890Z,
FN.OLKF.00.BHZ | 2025-01-08T16:44:32.552174Z - 2025-01-08T16:45:32.552174Z,,,,,,,2025-01-08T16:44:38.366520Z,,2025-01-08T16:45:08.385910Z,
FN.RAJF.00.?HZ | 2025-01-08T16:43:43.451981Z - 2025-01-08T16:44:43.451981Z,,,,,,,2025-01-08T16:44:20.680670Z,,2025-01-08T16:44:36.970270Z,
FN.RANF.00.?HZ | 2025-01-08T16:44:21.247428Z - 2025-01-08T16:45:21.247428Z,,,,,,,2025-01-08T16:44:33.712350Z,,2025-01-08T16:44:59.310280Z,
FN.RNF.00.BHZ | 2025-01-08T16:44:10.305470Z - 2025-01-08T16:45:10.305470Z,,,,,,,2025-01-08T16:44:22.775050Z,,2025-01-08T16:44:40.228180Z,
FN.SGF.00.BHZ | 2025-01-08T16:43:37.024783Z - 2025-01-08T16:44:37.024783Z,,,,,,,2025-01-08T16:44:10.441500Z,,2025-01-08T16:44:19.284420Z,
HE.HEF.00.BHZ | 2025-01-08T16:44:05.744519Z - 2025-01-08T16:45:05.744519Z,,,,,,,2025-01-08T16:44:12.303170Z,,2025-01-08T16:44:23.007760Z,
HE.KEV.00.?HZ | 2025-01-08T16:44:26.734739Z - 2025-01-08T16:45:26.734739Z,,,,,,,2025-01-08T16:44:32.548800Z,,2025-01-08T16:44:57.448610Z,
HE.KIF.00.BHZ | 2025-01-08T16:44:15.842288Z - 2025-01-08T16:45:15.842288Z,,,,,,,2025-01-08T16:44:33.479640Z,,2025-01-08T16:44:59.310280Z,
HE.VRF.00.BHZ | 2025-01-08T16:43:54.926612Z - 2025-01-08T16:44:54.926612Z,,,,,,,2025-01-08T16:44:27.661930Z,,2025-01-08T16:44:48.838400Z,
HE.ALAJF.00.?HZ | 2025-01-08T12:47:35.704992Z - 2025-01-08T12:48:35.704992Z,,,,,,,2025-01-08T12:47:52.016630Z,,2025-01-08T12:48:12.436460Z,
HE.FIA0.00.?HZ | 2025-01-08T12:47:26.945137Z - 2025-01-08T12:48:26.945137Z,,,,,,,2025-01-08T12:47:41.585470Z,,2025-01-08T12:47:54.094230Z,
HE.FIA1.00.?HZ | 2025-01-08T12:47:31.365357Z - 2025-01-08T12:48:31.365357Z,,,,,,,2025-01-08T12:47:41.585470Z,,2025-01-08T12:47:54.094230Z,
HE.HEL5.00.BHZ | 2025-01-08T12:47:35.836292Z - 2025-01-08T12:48:35.836292Z,,,,,,,2025-01-08T12:47:50.392330Z,,2025-01-08T12:48:09.419900Z,
HE.KAF.00.?HZ | 2025-01-08T12:47:14.348687Z - 2025-01-08T12:48:14.348687Z,,,,,,,2025-01-08T12:47:45.583600Z,,2025-01-08T12:48:01.034520Z,
HE.KEF.00.?HZ | 2025-01-08T12:47:15.045426Z - 2025-01-08T12:48:15.045426Z,,,,,,,2025-01-08T12:47:36.903980Z,,2025-01-08T12:47:45.943030Z,
HE.KORF.00.CZ | 2025-01-08T12:47:32.981917Z - 2025-01-08T12:48:32.981917Z,,,,,,,2025-01-08T12:47:57.585680Z,,2025-01-08T12:48:22.182290Z,
HE.KPF.00.BHZ | 2025-01-08T12:47:14.285151Z - 2025-01-08T12:48:14.285151Z,,,,,,,2025-01-08T12:47:41.757300Z,,2025-01-08T12:47:54.486750Z,
HE.KY17.00.CZ | 2025-01-08T12:47:40.324165Z - 2025-01-08T12:48:40.324165Z,,,,,,,2025-01-08T12:47:51.784590Z,,2025-01-08T12:48:12.204420Z,
HE.LOVF.00.CZ | 2025-01-08T12:47:30.713980Z - 2025-01-08T12:48:30.713980Z,,,,,,,2025-01-08T12:47:51.784590Z,,2025-01-08T12:48:11.740330Z,
HE.MEF.00.BHZ | 2025-01-08T12:47:13.205796Z - 2025-01-08T12:48:13.205796Z,,,,,,,2025-01-08T12:47:48.209360Z,,2025-01-08T12:48:05.433120Z,
HE.NUR.00.SHZ | 2025-01-08T12:46:50.008183Z - 2025-01-08T12:47:50.008183Z,,,,,,,2025-01-08T12:47:43.623870Z,,,
HE.PVF.00.CZ | 2025-01-08T12:47:32.840782Z - 2025-01-08T12:48:32.840782Z,,,,,,,2025-01-08T12:47:47.839850Z,,2025-01-08T12:48:05.252490Z,
HE.RAF.00.BHZ | 2025-01-08T12:47:31.017251Z - 2025-01-08T12:48:31.017251Z,,,,,,,2025-01-08T12:47:45.585870Z,,2025-01-08T12:48:01.762460Z,
HE.SUF.00.BHZ | 2025-01-08T12:47:36.314873Z - 2025-01-08T12:48:36.314873Z,,,,,,,2025-01-08T12:47:51.088460Z,,2025-01-08T12:48:10.812160Z,
HE.TRE03.00.CZ | 2025-01-08T12:47:04.470708Z - 2025-01-08T12:48:04.470708Z,,,,,,,2025-01-08T12:47:24.897500Z,,2025-01-08T12:47:27.230200Z,
HE.VAF.00.BHZ | 2025-01-08T12:47:26.818212Z - 2025-01-08T12:48:26.818212Z,,,,,,,2025-01-08T12:47:52.944810Z,,2025-01-08T12:48:14.060770Z,
FN.MSF.00.BHZ | 2025-01-08T12:01:53.144428Z - 2025-01-08T12:02:53.144428Z,,,,,,,2025-01-08T12:02:16.160000Z,,2025-01-08T12:02:39.680000Z,
FN.OUL.00.BHZ | 2025-01-08T12:01:59.520289Z - 2025-01-08T12:02:59.520289Z,,,,,,,2025-01-08T12:02:08.180000Z,,2025-01-08T12:02:26.760000Z,
FN.RANF.00.BHZ | 2025-01-08T12:01:33.817038Z - 2025-01-08T12:02:33.817038Z,,,,,,,2025-01-08T12:02:18.580000Z,,,
HE.JOF.00.BHZ | 2025-01-08T12:02:02.728867Z - 2025-01-08T12:03:02.728867Z,,,,,,,2025-01-08T12:02:16.630000Z,,2025-01-08T12:02:41.020000Z,
HE.KAF.00.BHZ | 2025-01-08T12:01:55.758238Z - 2025-01-08T12:02:55.758238Z,,,,,,,2025-01-08T12:02:21.580000Z,,2025-01-08T12:02:50.400000Z,
HE.KEF.00.BHZ | 2025-01-08T12:02:20.211247Z - 2025-01-08T12:03:20.211247Z,,,,,,,2025-01-08T12:02:25.980000Z,,2025-01-08T12:02:57.500000Z,
HE.KU1.00.BHZ | 2025-01-08T12:01:53.526677Z - 2025-01-08T12:02:53.526677Z,,,,,,,2025-01-08T12:02:11.480000Z,,2025-01-08T12:02:31.900000Z,
HE.KU2.00.BHZ | 2025-01-08T12:01:41.986737Z - 2025-01-08T12:02:41.986737Z,,,,,,,2025-01-08T12:02:12.080000Z,,2025-01-08T12:02:33.900000Z,
HE.KU6.00.BHZ | 2025-01-08T12:01:52.746062Z - 2025-01-08T12:02:52.746062Z,,,,,,,2025-01-08T12:02:19.780000Z,,2025-01-08T12:02:46.460000Z,
HE.NIF.00.BHZ | 2025-01-08T12:01:27.260898Z - 2025-01-08T12:02:27.260898Z,,,,,,,2025-01-08T12:01:56.180000Z,,2025-01-08T12:02:05.360000Z,
HE.OBF0.00.BHZ | 2025-01-08T12:02:00.687815Z - 2025-01-08T12:03:00.687815Z,,,,,,,2025-01-08T12:02:14.080000Z,,2025-01-08T12:02:36.840000Z,
HE.OBF3.00.BHZ | 2025-01-08T12:01:25.486481Z - 2025-01-08T12:02:25.486481Z,,,,,,,2025-01-08T12:02:12.480000Z,,,
HE.OUF.00.BHZ | 2025-01-08T12:01:55.936085Z - 2025-01-08T12:02:55.936085Z,,,,,,,2025-01-08T12:02:09.880000Z,,2025-01-08T12:02:29.540000Z,
HE.RMF.00.BHZ | 2025-01-08T12:01:27.533354Z - 2025-01-08T12:02:27.533354Z,,,,,,,2025-01-08T12:01:58.080000Z,,,
HE.RUF.00.BHZ | 2025-01-08T12:02:47.848304Z - 2025-01-08T12:03:47.848304Z,,,,,,,,,2025-01-08T12:03:06.660000Z,
HE.SUF.00.BHZ | 2025-01-08T12:02:05.795652Z - 2025-01-08T12:03:05.795652Z,,,,,,,2025-01-08T12:02:12.780000Z,,2025-01-08T12:02:34.700000Z,
HE.VAF.00.BHZ | 2025-01-08T12:01:58.203949Z - 2025-01-08T12:02:58.203949Z,,,,,,,2025-01-08T12:02:29.380000Z,,,
FN.KLF.00.BHZ | 2025-01-08T12:09:48.814546Z - 2025-01-08T12:10:48.814546Z,,,,,,,2025-01-08T12:10:06.280000Z,,2025-01-08T12:10:41.760000Z,
FN.MSF.00.BHZ | 2025-01-08T12:09:46.734040Z - 2025-01-08T12:10:46.734040Z,,,,,,,2025-01-08T12:09:55.600000Z,,2025-01-08T12:10:20.800000Z,
FN.OLKF.00.BHZ | 2025-01-08T12:09:28.269129Z - 2025-01-08T12:10:28.269129Z,,,,,,,2025-01-08T12:09:48.080000Z,,2025-01-08T12:10:06.040000Z,
FN.RAJF.00.BHZ | 2025-01-08T12:09:34.068902Z - 2025-01-08T12:10:34.068902Z,,,,,,,2025-01-08T12:09:46.030000Z,,2025-01-08T12:10:01.960000Z,
FN.RANF.00.BHZ | 2025-01-08T12:09:45.803635Z - 2025-01-08T12:10:45.803635Z,,,,,,,2025-01-08T12:10:01.760000Z,,2025-01-08T12:10:30.040000Z,
FN.RNF.00.BHZ | 2025-01-08T12:09:35.778273Z - 2025-01-08T12:10:35.778273Z,,,,,,,2025-01-08T12:09:59.530000Z,,2025-01-08T12:10:26.160000Z,
HE.HEF.00.BHZ | 2025-01-08T12:10:01.636098Z - 2025-01-08T12:11:01.636098Z,,,,,,,2025-01-08T12:10:10.620000Z,,2025-01-08T12:10:45.760000Z,
HE.KEV.00.BHZ | 2025-01-08T12:09:47.973322Z - 2025-01-08T12:10:47.973322Z,,,,,,,2025-01-08T12:10:07.020000Z,,2025-01-08T12:10:40.480000Z,
HE.KIF.00.BHZ | 2025-01-08T12:10:26.969478Z - 2025-01-08T12:11:26.969478Z,,,,,,,2025-01-08T12:10:34.840000Z,,,
HE.KU1.00.BHZ | 2025-01-08T12:09:38.489082Z - 2025-01-08T12:10:38.489082Z,,,,,,,2025-01-08T12:10:00.700000Z,,,
HE.KU2.00.BHZ | 2025-01-08T12:09:47.814170Z - 2025-01-08T12:10:47.814170Z,,,,,,,2025-01-08T12:10:00.880000Z,,,
HE.KU6.00.BHZ | 2025-01-08T12:09:32.173037Z - 2025-01-08T12:10:32.173037Z,,,,,,,2025-01-08T12:09:52.280000Z,,2025-01-08T12:10:12.640000Z,
HE.RMF.00.BHZ | 2025-01-08T12:10:04.018498Z - 2025-01-08T12:11:04.018498Z,,,,,,,2025-01-08T12:10:18.580000Z,,,
HE.TOF.00.BHZ | 2025-01-08T12:10:41.269202Z - 2025-01-08T12:11:41.269202Z,,,,,,,,,2025-01-08T12:10:50.720000Z,
HE.VRF.00.BHZ | 2025-01-08T12:08:59.264877Z - 2025-01-08T12:09:59.264877Z,,,,,,,2025-01-08T12:09:30.800000Z,,2025-01-08T12:09:35.980000Z,
HE.HEL1.00.BHZ | 2025-01-08T12:59:42.065544Z - 2025-01-08T13:00:42.065544Z,,,,,,,2025-01-08T13:00:09.480940Z,,2025-01-08T13:00:13.387080Z,
HE.HEL5.00.BHZ | 2025-01-08T12:59:22.477138Z - 2025-01-08T13:00:22.477138Z,,,,,,,2025-01-08T13:00:08.914240Z,,2025-01-08T13:00:12.555860Z,
HE.KUNI.00.BHZ | 2025-01-08T12:59:48.176577Z - 2025-01-08T13:00:48.176577Z,,,,,,,2025-01-08T13:00:09.233180Z,,2025-01-08T13:00:13.284570Z,
HE.LAUT.00.BHZ | 2025-01-08T13:00:04.072117Z - 2025-01-08T13:01:04.072117Z,,,,,,,2025-01-08T13:00:09.412010Z,,2025-01-08T13:00:13.611300Z,
HE.MEF.00.BHZ | 2025-01-08T12:59:48.768496Z - 2025-01-08T13:00:48.768496Z,,,,,,,2025-01-08T13:00:05.440630Z,,2025-01-08T13:00:06.705560Z,
HE.NUR.00.SHZ | 2025-01-08T12:59:22.732028Z - 2025-01-08T13:00:22.732028Z,,,,,,,2025-01-08T13:00:08.551760Z,,2025-01-08T13:00:12.078660Z,
HE.TVF.00.BHZ | 2025-01-08T13:00:09.773674Z - 2025-01-08T13:01:09.773674Z,,,,,,,2025-01-08T13:00:16.355390Z,,2025-01-08T13:00:25.863670Z,
HE.VUOS.00.BHZ | 2025-01-08T12:59:24.779623Z - 2025-01-08T13:00:24.779623Z,,,,,,,2025-01-08T13:00:11.799620Z,,2025-01-08T13:00:17.220480Z,
HE.HEL5.00.BHZ | 2025-01-08T10:01:40.727914Z - 2025-01-08T10:02:40.727914Z,,,,,,,2025-01-08T10:02:29.302950Z,,2025-01-08T10:02:34.088420Z,
HE.KORF.00.CZ | 2025-01-08T10:02:20.581157Z - 2025-01-08T10:03:20.581157Z,,,,,,,2025-01-08T10:02:45.348580Z,,2025-01-08T10:03:01.707530Z,
HE.LAUT.00.BHZ | 2025-01-08T10:02:09.574854Z - 2025-01-08T10:03:09.574854Z,,,,,,,,,2025-01-08T10:02:35.533210Z,
HE.MEF.00.BHZ | 2025-01-08T10:01:46.283871Z - 2025-01-08T10:02:46.283871Z,,,,,,,2025-01-08T10:02:27.595280Z,,2025-01-08T10:02:31.538880Z,
HE.PVF.00.CZ | 2025-01-08T10:02:05.068733Z - 2025-01-08T10:03:05.068733Z,,,,,,,2025-01-08T10:02:40.900340Z,,2025-01-08T10:02:54.651240Z,
HE.RAF.00.BHZ | 2025-01-08T10:02:19.098896Z - 2025-01-08T10:03:19.098896Z,,,,,,,2025-01-08T10:02:49.583850Z,,2025-01-08T10:03:10.225630Z,
HE.TVF.00.BHZ | 2025-01-08T10:01:54.135191Z - 2025-01-08T10:02:54.135191Z,,,,,,,2025-01-08T10:02:29.223330Z,,2025-01-08T10:02:34.832110Z,
FN.MSF.00.BHZ | 2025-01-09T10:03:32.291767Z - 2025-01-09T10:04:32.291767Z,,,,,,,2025-01-09T10:03:44.930000Z,,2025-01-09T10:03:50.820000Z,
FN.OLKF.00.BHZ | 2025-01-09T10:03:14.839414Z - 2025-01-09T10:04:14.839414Z,,,,,,,2025-01-09T10:03:53.080000Z,,2025-01-09T10:04:06.120000Z,
FN.OUL.00.BHZ | 2025-01-09T10:03:08.184282Z - 2025-01-09T10:04:08.184282Z,,,,,,,2025-01-09T10:04:02.030000Z,,,
FN.RANF.00.BHZ | 2025-01-09T10:03:49.568384Z - 2025-01-09T10:04:49.568384Z,,,,,,,2025-01-09T10:03:56.180000Z,,2025-01-09T10:04:10.000000Z,
FN.RNF.00.BHZ | 2025-01-09T10:03:35.729544Z - 2025-01-09T10:04:35.729544Z,,,,,,,2025-01-09T10:04:08.080000Z,,2025-01-09T10:04:30.020000Z,
HE.KU1.00.BHZ | 2025-01-09T10:02:51.650120Z - 2025-01-09T10:03:51.650120Z,,,,,,,2025-01-09T10:03:41.780000Z,,2025-01-09T10:03:45.460000Z,
HE.KU2.00.BHZ | 2025-01-09T10:02:55.910933Z - 2025-01-09T10:03:55.910933Z,,,,,,,2025-01-09T10:03:43.980000Z,,2025-01-09T10:03:49.020000Z,
HE.KU6.00.BHZ | 2025-01-09T10:03:04.150648Z - 2025-01-09T10:04:04.150648Z,,,,,,,2025-01-09T10:03:49.280000Z,,2025-01-09T10:03:58.240000Z,
HE.NIF.00.BHZ | 2025-01-09T10:04:31.983147Z - 2025-01-09T10:05:31.983147Z,,,,,,,,,2025-01-09T10:04:43.420000Z,
HE.OBF3.00.BHZ | 2025-01-09T10:03:52.230660Z - 2025-01-09T10:04:52.230660Z,,,,,,,2025-01-09T10:04:11.950000Z,,2025-01-09T10:04:36.580000Z,
HE.OUF.00.BHZ | 2025-01-09T10:03:58.981619Z - 2025-01-09T10:04:58.981619Z,,,,,,,,,2025-01-09T10:04:42.600000Z,
HE.TOF.00.BHZ | 2025-01-09T10:04:23.313147Z - 2025-01-09T10:05:23.313147Z,,,,,,,,,2025-01-09T10:04:38.760000Z,
FN.OUL.00.BHZ | 2025-01-09T10:34:27.042153Z - 2025-01-09T10:35:27.042153Z,,,,,,,2025-01-09T10:34:53.348800Z,,2025-01-09T10:35:20.878630Z,
HE.ALAJF.00.?HZ | 2025-01-09T10:35:04.328187Z - 2025-01-09T10:36:04.328187Z,,,,,,,,,2025-01-09T10:35:29.196120Z,
HE.JOF.00.BHZ | 2025-01-09T10:34:24.969584Z - 2025-01-09T10:35:24.969584Z,,,,,,,2025-01-09T10:34:34.478030Z,,2025-01-09T10:34:47.728250Z,
HE.KAF.00.?HZ | 2025-01-09T10:34:32.363461Z - 2025-01-09T10:35:32.363461Z,,,,,,,2025-01-09T10:34:50.480370Z,,2025-01-09T10:35:16.107380Z,
HE.KU1.00.SHZ | 2025-01-09T10:34:32.521369Z - 2025-01-09T10:35:32.521369Z,,,,,,,2025-01-09T10:34:51.266710Z,,2025-01-09T10:35:17.177140Z,
HE.KU2.00.SHZ | 2025-01-09T10:34:27.463284Z - 2025-01-09T10:35:27.463284Z,,,,,,,2025-01-09T10:34:54.274170Z,,2025-01-09T10:35:22.266690Z,
HE.NIF.00.BHZ | 2025-01-09T10:33:47.667007Z - 2025-01-09T10:34:47.667007Z,,,,,,,2025-01-09T10:34:27.826530Z,,2025-01-09T10:34:36.795560Z,
HE.OBF0.00.BHZ | 2025-01-09T10:34:42.682321Z - 2025-01-09T10:35:42.682321Z,,,,,,,,,2025-01-09T10:35:30.164960Z,
HE.OBF3.00.BHZ | 2025-01-09T10:34:49.166866Z - 2025-01-09T10:35:49.166866Z,,,,,,,2025-01-09T10:34:57.890270Z,,2025-01-09T10:35:28.953910Z,
HE.OUF.00.BHZ | 2025-01-09T10:34:43.782717Z - 2025-01-09T10:35:43.782717Z,,,,,,,2025-01-09T10:34:53.811490Z,,2025-01-09T10:35:23.041740Z,
HE.RMF.00.BHZ | 2025-01-09T10:33:53.516997Z - 2025-01-09T10:34:53.516997Z,,,,,,,2025-01-09T10:34:28.935110Z,,2025-01-09T10:34:38.384470Z,
HE.RUF.00.BHZ | 2025-01-09T10:34:32.071417Z - 2025-01-09T10:35:32.071417Z,,,,,,,2025-01-09T10:34:52.192090Z,,2025-01-09T10:35:19.423810Z,
HE.SUF.00.BHZ | 2025-01-09T10:34:28.679362Z - 2025-01-09T10:35:28.679362Z,,,,,,,2025-01-09T10:34:45.354970Z,,2025-01-09T10:35:07.364050Z,
HE.ECKF.00.BHZ | 2025-01-10T12:08:28.308752Z - 2025-01-10T12:09:28.308752Z,,,,,,,2025-01-10T12:09:16.810000Z,,,
HE.FIA0.00.SHZ | 2025-01-10T12:09:26.550239Z - 2025-01-10T12:10:26.550239Z,,,,,,,,,2025-01-10T12:09:59.500000Z,
HE.KEF.00.BHZ | 2025-01-10T12:09:38.128168Z - 2025-01-10T12:10:38.128168Z,,,,,,,,,2025-01-10T12:10:01.380000Z,
HE.KORF.00.BHZ | 2025-01-10T12:08:32.918352Z - 2025-01-10T12:09:32.918352Z,,,,,,,2025-01-10T12:08:58.180000Z,,2025-01-10T12:09:04.180000Z,
HE.KPF.00.BHZ | 2025-01-10T12:09:10.409207Z - 2025-01-10T12:10:10.409207Z,,,,,,,2025-01-10T12:09:19.500000Z,,2025-01-10T12:09:39.120000Z,
HE.NUR.00.BHZ | 2025-01-10T12:08:47.324532Z - 2025-01-10T12:09:47.324532Z,,,,,,,,,2025-01-10T12:09:32.960000Z,
HE.PVF.00.BHZ | 2025-01-10T12:09:00.200891Z - 2025-01-10T12:10:00.200891Z,,,,,,,,,2025-01-10T12:09:48.780000Z,
HE.RAF.00.BHZ | 2025-01-10T12:08:58.884527Z - 2025-01-10T12:09:58.884527Z,,,,,,,2025-01-10T12:09:04.580000Z,,2025-01-10T12:09:14.640000Z,
UP.AAL.00.BHZ | 2025-01-10T12:09:09.734491Z - 2025-01-10T12:10:09.734491Z,,,,,,,,,2025-01-10T12:09:32.360000Z,
FN.MSF.00.BHZ | 2025-01-10T20:06:10.743803Z - 2025-01-10T20:07:10.743803Z,,,,,,,,,2025-01-10T20:06:37.800000Z,
FN.OLKF.00.BHZ | 2025-01-10T20:05:45.567985Z - 2025-01-10T20:06:45.567985Z,,,,,,,2025-01-10T20:05:57.760000Z,,2025-01-10T20:06:25.200000Z,
FN.RAJF.00.BHZ | 2025-01-10T20:05:46.286652Z - 2025-01-10T20:06:46.286652Z,,,,,,,2025-01-10T20:05:56.330000Z,,2025-01-10T20:06:23.200000Z,
FN.RANF.00.BHZ | 2025-01-10T20:06:22.169816Z - 2025-01-10T20:07:22.169816Z,,,,,,,,,2025-01-10T20:06:55.440000Z,
FN.RNF.00.BHZ | 2025-01-10T20:06:04.270184Z - 2025-01-10T20:07:04.270184Z,,,,,,,,,2025-01-10T20:06:48.760000Z,
HE.KEV.00.BHZ | 2025-01-10T20:06:00.720216Z - 2025-01-10T20:07:00.720216Z,,,,,,,2025-01-10T20:06:10.360000Z,,2025-01-10T20:06:48.440000Z,
HE.KU1.00.BHZ | 2025-01-10T20:05:59.227551Z - 2025-01-10T20:06:59.227551Z,,,,,,,,,2025-01-10T20:06:40.120000Z,
HE.KU6.00.BHZ | 2025-01-10T20:05:34.477212Z - 2025-01-10T20:06:34.477212Z,,,,,,,2025-01-10T20:05:58.140000Z,,2025-01-10T20:06:27.720000Z,
HE.VRF.00.BHZ | 2025-01-10T20:05:39.463753Z - 2025-01-10T20:06:39.463753Z,,,,,,,2025-01-10T20:05:47.280000Z,,2025-01-10T20:06:06.040000Z,
FN.MSF.00.BHZ | 2025-01-10T11:52:19.405401Z - 2025-01-10T11:53:19.405401Z,,,,,,,2025-01-10T11:52:24.880000Z,,,
FN.OLKF.00.BHZ | 2025-01-10T11:52:21.075854Z - 2025-01-10T11:53:21.075854Z,,,,,,,2025-01-10T11:52:31.840000Z,,2025-01-10T11:53:15.400000Z,
FN.OUL.00.BHZ | 2025-01-10T11:51:56.854131Z - 2025-01-10T11:52:56.854131Z,,,,,,,2025-01-10T11:52:15.160000Z,,2025-01-10T11:52:44.280000Z,
FN.RANF.00.BHZ | 2025-01-10T11:52:18.123159Z - 2025-01-10T11:53:18.123159Z,,,,,,,2025-01-10T11:52:26.780000Z,,2025-01-10T11:53:05.320000Z,
FN.RNF.00.BHZ | 2025-01-10T11:52:26.545276Z - 2025-01-10T11:53:26.545276Z,,,,,,,2025-01-10T11:52:35.580000Z,,,
HE.FIA0.00.SHZ | 2025-01-10T11:52:04.707956Z - 2025-01-10T11:53:04.707956Z,,,,,,,2025-01-10T11:52:11.500000Z,,,
HE.JOF.00.BHZ | 2025-01-10T11:51:42.415861Z - 2025-01-10T11:52:42.415861Z,,,,,,,2025-01-10T11:52:06.920000Z,,2025-01-10T11:52:28.760000Z,
HE.KAF.00.BHZ | 2025-01-10T11:51:32.468927Z - 2025-01-10T11:52:32.468927Z,,,,,,,2025-01-10T11:51:59.580000Z,,2025-01-10T11:52:17.660000Z,
HE.KEF.00.BHZ | 2025-01-10T11:52:00.993463Z - 2025-01-10T11:53:00.993463Z,,,,,,,2025-01-10T11:52:07.480000Z,,2025-01-10T11:52:29.680000Z,
HE.KJNF.00.BHZ | 2025-01-10T11:51:50.608744Z - 2025-01-10T11:52:50.608744Z,,,,,,,2025-01-10T11:51:57.840000Z,,2025-01-10T11:52:13.660000Z,
HE.KPF.00.BHZ | 2025-01-10T11:52:20.227990Z - 2025-01-10T11:53:20.227990Z,,,,,,,2025-01-10T11:52:27.980000Z,,2025-01-10T11:53:07.020000Z,
HE.KU1.00.BHZ | 2025-01-10T11:51:30.611893Z - 2025-01-10T11:52:30.611893Z,,,,,,,2025-01-10T11:52:21.980000Z,,,
HE.KU2.00.BHZ | 2025-01-10T11:52:09.340397Z - 2025-01-10T11:53:09.340397Z,,,,,,,2025-01-10T11:52:22.480000Z,,,
HE.KU6.00.BHZ | 2025-01-10T11:52:16.194801Z - 2025-01-10T11:53:16.194801Z,,,,,,,2025-01-10T11:52:28.180000Z,,2025-01-10T11:53:10.040000Z,
HE.KY17.00.BHZ | 2025-01-10T11:52:00.493903Z - 2025-01-10T11:53:00.493903Z,,,,,,,2025-01-10T11:52:17.180000Z,,2025-01-10T11:52:47.040000Z,
HE.NIF.00.BHZ | 2025-01-10T11:51:24.294798Z - 2025-01-10T11:52:24.294798Z,,,,,,,2025-01-10T11:51:42.270000Z,,2025-01-10T11:51:44.610000Z,
HE.OBF0.00.BHZ | 2025-01-10T11:51:52.479245Z - 2025-01-10T11:52:52.479245Z,,,,,,,2025-01-10T11:52:14.380000Z,,,
HE.OBF3.00.BHZ | 2025-01-10T11:51:56.242732Z - 2025-01-10T11:52:56.242732Z,,,,,,,2025-01-10T11:52:16.080000Z,,2025-01-10T11:52:45.340000Z,
HE.OBF8.00.BHZ | 2025-01-10T11:51:23.387713Z - 2025-01-10T11:52:23.387713Z,,,,,,,2025-01-10T11:52:17.420000Z,,,
HE.OUF.00.BHZ | 2025-01-10T11:51:47.461492Z - 2025-01-10T11:52:47.461492Z,,,,,,,2025-01-10T11:52:10.160000Z,,2025-01-10T11:52:35.360000Z,
HE.PVF.00.BHZ | 2025-01-10T11:52:44.461242Z - 2025-01-10T11:53:44.461242Z,,,,,,,,,2025-01-10T11:53:02.080000Z,
HE.RMF.00.BHZ | 2025-01-10T11:51:30.078763Z - 2025-01-10T11:52:30.078763Z,,,,,,,2025-01-10T11:52:04.180000Z,,,
HE.RUF.00.BHZ | 2025-01-10T11:51:57.057982Z - 2025-01-10T11:52:57.057982Z,,,,,,,2025-01-10T11:52:10.080000Z,,2025-01-10T11:52:34.240000Z,
HE.SUF.00.BHZ | 2025-01-10T11:51:10.743275Z - 2025-01-10T11:52:10.743275Z,,,,,,,2025-01-10T11:51:53.140000Z,,2025-01-10T11:52:05.300000Z,
HE.TRE03.00.BHZ | 2025-01-10T11:52:01.606451Z - 2025-01-10T11:53:01.606451Z,,,,,,,2025-01-10T11:52:17.900000Z,,2025-01-10T11:52:47.580000Z,
HE.VAF.00.BHZ | 2025-01-10T11:52:06.870877Z - 2025-01-10T11:53:06.870877Z,,,,,,,2025-01-10T11:52:18.320000Z,,2025-01-10T11:52:48.540000Z,
HE.VJF.00.BHZ | 2025-01-10T11:52:02.725603Z - 2025-01-10T11:53:02.725603Z,,,,,,,2025-01-10T11:52:22.920000Z,,2025-01-10T11:52:56.960000Z,
FN.RAJF.00.BHZ | 2025-01-10T06:26:23.264099Z - 2025-01-10T06:27:23.264099Z,,,,,,,2025-01-10T06:26:39.680000Z,,2025-01-10T06:27:08.800000Z,
FN.RANF.00.BHZ | 2025-01-10T06:27:28.275520Z - 2025-01-10T06:28:28.275520Z,,,,,,,,,2025-01-10T06:27:39.680000Z,
HE.HEF.00.BHZ | 2025-01-10T06:27:53.359599Z - 2025-01-10T06:28:53.359599Z,,,,,,,,,2025-01-10T06:28:03.200000Z,
HE.KEV.00.BHZ | 2025-01-10T06:26:46.880779Z - 2025-01-10T06:27:46.880779Z,,,,,,,2025-01-10T06:26:52.240000Z,,2025-01-10T06:27:41.120000Z,
HE.KU1.00.BHZ | 2025-01-10T06:26:42.443920Z - 2025-01-10T06:27:42.443920Z,,,,,,,,,2025-01-10T06:27:14.780000Z,
HE.VRF.00.BHZ | 2025-01-10T06:26:22.177880Z - 2025-01-10T06:27:22.177880Z,,,,,,,2025-01-10T06:26:29.440000Z,,2025-01-10T06:26:51.840000Z,
FN.OUL.00.BHZ | 2025-01-10T09:56:38.487463Z - 2025-01-10T09:57:38.487463Z,,,,,,,,,2025-01-10T09:56:50.640000Z,
HE.FIA0.00.SHZ | 2025-01-10T09:55:37.591186Z - 2025-01-10T09:56:37.591186Z,,,,,,,2025-01-10T09:56:04.600000Z,,2025-01-10T09:56:24.600000Z,
HE.JOF.00.BHZ | 2025-01-10T09:55:51.622771Z - 2025-01-10T09:56:51.622771Z,,,,,,,2025-01-10T09:56:08.080000Z,,2025-01-10T09:56:32.520000Z,
HE.KAF.00.BHZ | 2025-01-10T09:55:41.632585Z - 2025-01-10T09:56:41.632585Z,,,,,,,2025-01-10T09:55:53.480000Z,,2025-01-10T09:56:09.960000Z,
HE.KEF.00.BHZ | 2025-01-10T09:55:13.245907Z - 2025-01-10T09:56:13.245907Z,,,,,,,2025-01-10T09:56:02.100000Z,,,
HE.NIF.00.BHZ | 2025-01-10T09:55:01.113435Z - 2025-01-10T09:56:01.113435Z,,,,,,,2025-01-10T09:55:47.130000Z,,2025-01-10T09:55:54.360000Z,
HE.OUF.00.BHZ | 2025-01-10T09:55:49.897637Z - 2025-01-10T09:56:49.897637Z,,,,,,,,,2025-01-10T09:56:39.120000Z,
HE.RUF.00.BHZ | 2025-01-10T09:55:22.546049Z - 2025-01-10T09:56:22.546049Z,,,,,,,2025-01-10T09:56:05.140000Z,,,
HE.SUF.00.BHZ | 2025-01-10T09:55:35.430395Z - 2025-01-10T09:56:35.430395Z,,,,,,,2025-01-10T09:55:48.640000Z,,,
HE.VAF.00.BHZ | 2025-01-10T09:55:59.926691Z - 2025-01-10T09:56:59.926691Z,,,,,,,,,2025-01-10T09:56:45.880000Z,
HE.VUOS.00.BHZ | 2025-01-10T09:55:35.177640Z - 2025-01-10T09:56:35.177640Z,,,,,,,2025-01-10T09:56:29.120000Z,,,
HE.FIA0.00.SHZ | 2025-01-10T13:29:40.685676Z - 2025-01-10T13:30:40.685676Z,,,,,,,2025-01-10T13:29:52.900000Z,,2025-01-10T13:30:19.600000Z,
HE.HEL1.00.BHZ | 2025-01-10T13:29:32.852017Z - 2025-01-10T13:30:32.852017Z,,,,,,,2025-01-10T13:30:06.940000Z,,,
HE.JOF.00.BHZ | 2025-01-10T13:29:31.478660Z - 2025-01-10T13:30:31.478660Z,,,,,,,2025-01-10T13:29:54.080000Z,,2025-01-10T13:30:19.800000Z,
HE.KAF.00.BHZ | 2025-01-10T13:29:37.367238Z - 2025-01-10T13:30:37.367238Z,,,,,,,2025-01-10T13:29:55.480000Z,,2025-01-10T13:30:22.420000Z,
HE.KEF.00.BHZ | 2025-01-10T13:29:52.920678Z - 2025-01-10T13:30:52.920678Z,,,,,,,2025-01-10T13:30:04.880000Z,,2025-01-10T13:30:39.320000Z,
HE.KJNF.00.BHZ | 2025-01-10T13:30:21.850374Z - 2025-01-10T13:31:21.850374Z,,,,,,,,,2025-01-10T13:30:58.560000Z,
HE.KY17.00.BHZ | 2025-01-10T13:29:17.390836Z - 2025-01-10T13:30:17.390836Z,,,,,,,2025-01-10T13:29:44.780000Z,,2025-01-10T13:30:06.580000Z,
HE.MEF.00.BHZ | 2025-01-10T13:29:49.150553Z - 2025-01-10T13:30:49.150553Z,,,,,,,2025-01-10T13:30:09.380000Z,,,
HE.NIF.00.BHZ | 2025-01-10T13:29:41.592489Z - 2025-01-10T13:30:41.592489Z,,,,,,,2025-01-10T13:30:03.480000Z,,2025-01-10T13:30:35.920000Z,
HE.NUR.00.BHZ | 2025-01-10T13:29:26.340238Z - 2025-01-10T13:30:26.340238Z,,,,,,,2025-01-10T13:30:05.380000Z,,,
HE.PVF.00.BHZ | 2025-01-10T13:29:49.758572Z - 2025-01-10T13:30:49.758572Z,,,,,,,2025-01-10T13:29:55.680000Z,,2025-01-10T13:30:24.180000Z,
HE.RMF.00.BHZ | 2025-01-10T13:30:01.524164Z - 2025-01-10T13:31:01.524164Z,,,,,,,2025-01-10T13:30:13.280000Z,,2025-01-10T13:30:53.160000Z,
HE.RUF.00.BHZ | 2025-01-10T13:29:24.469046Z - 2025-01-10T13:30:24.469046Z,,,,,,,2025-01-10T13:29:29.880000Z,,2025-01-10T13:29:37.280000Z,
HE.SUF.00.BHZ | 2025-01-10T13:29:51.452305Z - 2025-01-10T13:30:51.452305Z,,,,,,,2025-01-10T13:30:02.640000Z,,2025-01-10T13:30:34.700000Z,
HE.TRE03.00.BHZ | 2025-01-10T13:29:53.601968Z - 2025-01-10T13:30:53.601968Z,,,,,,,2025-01-10T13:30:08.880000Z,,,
HE.VJF.00.BHZ | 2025-01-10T13:29:21.723319Z - 2025-01-10T13:30:21.723319Z,,,,,,,2025-01-10T13:29:42.100000Z,,2025-01-10T13:30:03.860000Z,
HE.VUOS.00.BHZ | 2025-01-10T13:29:42.499168Z - 2025-01-10T13:30:42.499168Z,,,,,,,2025-01-10T13:30:04.320000Z,,,
HE.ECKF.00.CZ | 2025-01-10T12:03:33.329974Z - 2025-01-10T12:04:33.329974Z,,,,,,,2025-01-10T12:04:08.002250Z,,2025-01-10T12:04:28.232100Z,
HE.FIA0.00.?HZ | 2025-01-10T12:03:55.848426Z - 2025-01-10T12:04:55.848426Z,,,,,,,2025-01-10T12:04:13.384140Z,,2025-01-10T12:04:38.805670Z,
HE.FIA1.00.?HZ | 2025-01-10T12:03:55.261340Z - 2025-01-10T12:04:55.261340Z,,,,,,,2025-01-10T12:04:13.763000Z,,2025-01-10T12:04:38.805670Z,
HE.KEF.00.?HZ | 2025-01-10T12:04:07.300267Z - 2025-01-10T12:05:07.300267Z,,,,,,,2025-01-10T12:04:15.240120Z,,2025-01-10T12:04:41.827060Z,
HE.KORF.00.CZ | 2025-01-10T12:03:19.372470Z - 2025-01-10T12:04:19.372470Z,,,,,,,2025-01-10T12:03:51.015410Z,,2025-01-10T12:03:59.976470Z,
HE.KPF.00.BHZ | 2025-01-10T12:03:55.253234Z - 2025-01-10T12:04:55.253234Z,,,,,,,2025-01-10T12:04:04.900300Z,,2025-01-10T12:04:24.268760Z,
HE.KY17.00.CZ | 2025-01-10T12:04:07.913459Z - 2025-01-10T12:05:07.913459Z,,,,,,,2025-01-10T12:04:16.791090Z,,2025-01-10T12:04:45.874600Z,
HE.LOVF.00.CZ | 2025-01-10T12:03:42.327177Z - 2025-01-10T12:04:42.327177Z,,,,,,,2025-01-10T12:04:10.734910Z,,2025-01-10T12:04:33.503970Z,
HE.MEF.00.BHZ | 2025-01-10T12:03:20.523959Z - 2025-01-10T12:04:20.523959Z,,,,,,,2025-01-10T12:03:54.560490Z,,2025-01-10T12:04:06.026370Z,
HE.PVF.00.CZ | 2025-01-10T12:03:51.192732Z - 2025-01-10T12:04:51.192732Z,,,,,,,2025-01-10T12:04:07.928390Z,,2025-01-10T12:04:27.062130Z,
HE.RAF.00.BHZ | 2025-01-10T12:03:40.282348Z - 2025-01-10T12:04:40.282348Z,,,,,,,2025-01-10T12:03:52.673040Z,,2025-01-10T12:04:02.527430Z,
HE.TRE03.00.CZ | 2025-01-10T12:03:46.073234Z - 2025-01-10T12:04:46.073234Z,,,,,,,2025-01-10T12:04:04.457170Z,,2025-01-10T12:04:23.060050Z,
HE.TVF.00.BHZ | 2025-01-10T12:03:05.709000Z - 2025-01-10T12:04:05.709000Z,,,,,,,2025-01-10T12:03:50.350710Z,,2025-01-10T12:03:58.501390Z,
HE.VUOS.00.BHZ | 2025-01-10T12:03:44.279896Z - 2025-01-10T12:04:44.279896Z,,,,,,,2025-01-10T12:04:01.502940Z,,2025-01-10T12:04:17.086520Z,
HE.HEF.00.BHZ | 2025-01-10T18:26:39.110876Z - 2025-01-10T18:27:39.110876Z,,,,,,,2025-01-10T18:26:54.690660Z,,2025-01-10T18:27:19.706720Z,
HE.KIF.00.BHZ | 2025-01-10T18:26:12.661241Z - 2025-01-10T18:27:12.661241Z,,,,,,,2025-01-10T18:26:33.244320Z,,2025-01-10T18:26:42.237150Z,
FN.KLF.00.BHZ | 2025-01-10T09:02:50.909432Z - 2025-01-10T09:03:50.909432Z,,,,,,,2025-01-10T09:03:06.970220Z,,2025-01-10T09:03:29.251920Z,
FN.OUL.00.BHZ | 2025-01-10T09:02:51.417148Z - 2025-01-10T09:03:51.417148Z,,,,,,,2025-01-10T09:03:09.825650Z,,2025-01-10T09:03:33.177890Z,
FN.RANF.00.?HZ | 2025-01-10T09:02:53.914752Z - 2025-01-10T09:03:53.914752Z,,,,,,,2025-01-10T09:03:12.417650Z,,2025-01-10T09:03:39.118540Z,
FN.RNF.00.BHZ | 2025-01-10T09:02:57.835671Z - 2025-01-10T09:03:57.835671Z,,,,,,,2025-01-10T09:03:10.182810Z,,2025-01-10T09:03:34.449240Z,
HE.OBF0.00.BHZ | 2025-01-10T09:02:42.173701Z - 2025-01-10T09:03:42.173701Z,,,,,,,2025-01-10T09:03:06.551190Z,,2025-01-10T09:03:28.762000Z,
HE.OBF3.00.BHZ | 2025-01-10T09:02:39.019534Z - 2025-01-10T09:03:39.019534Z,,,,,,,2025-01-10T09:03:04.525860Z,,2025-01-10T09:03:26.136400Z,
HE.OUF.00.BHZ | 2025-01-10T09:02:48.548359Z - 2025-01-10T09:03:48.548359Z,,,,,,,2025-01-10T09:03:10.322490Z,,2025-01-10T09:03:35.124650Z,
HE.TOF.00.BHZ | 2025-01-10T09:02:22.543619Z - 2025-01-10T09:03:22.543619Z,,,,,,,2025-01-10T09:02:55.726150Z,,2025-01-10T09:03:09.146340Z,
HE.HEL1.00.BHZ | 2025-01-10T10:00:28.870273Z - 2025-01-10T10:01:28.870273Z,,,,,,,2025-01-10T10:01:15.650740Z,,2025-01-10T10:01:18.135330Z,
HE.HEL5.00.BHZ | 2025-01-10T10:00:26.106541Z - 2025-01-10T10:01:26.106541Z,,,,,,,2025-01-10T10:01:14.337710Z,,2025-01-10T10:01:15.819440Z,
HE.KUNI.00.BHZ | 2025-01-10T10:00:30.090043Z - 2025-01-10T10:01:30.090043Z,,,,,,,2025-01-10T10:01:16.405720Z,,2025-01-10T10:01:19.563180Z,
HE.LAUT.00.BHZ | 2025-01-10T10:00:26.661182Z - 2025-01-10T10:01:26.661182Z,,,,,,,2025-01-10T10:01:15.378820Z,,2025-01-10T10:01:17.456230Z,
HE.MEF.00.BHZ | 2025-01-10T10:01:02.933136Z - 2025-01-10T10:02:02.933136Z,,,,,,,2025-01-10T10:01:14.407810Z,,2025-01-10T10:01:15.878920Z,
HE.NUR.00.SHZ | 2025-01-10T10:00:56.297808Z - 2025-01-10T10:01:56.297808Z,,,,,,,2025-01-10T10:01:19.316800Z,,2025-01-10T10:01:24.316780Z,
HE.RSUO.00.BHZ | 2025-01-10T10:00:35.128827Z - 2025-01-10T10:01:35.128827Z,,,,,,,2025-01-10T10:01:16.095400Z,,2025-01-10T10:01:18.744780Z,
HE.VUOS.00.BHZ | 2025-01-10T10:00:30.712994Z - 2025-01-10T10:01:30.712994Z,,,,,,,2025-01-10T10:01:18.314620Z,,2025-01-10T10:01:22.140770Z,
HE.ALAJF.00.?HZ | 2025-01-10T10:04:52.139286Z - 2025-01-10T10:05:52.139286Z,,,,,,,2025-01-10T10:05:33.614160Z,,2025-01-10T10:05:43.043030Z,
HE.KAF.00.?HZ | 2025-01-10T10:05:29.683613Z - 2025-01-10T10:06:29.683613Z,,,,,,,2025-01-10T10:05:57.755090Z,,2025-01-10T10:06:24.572440Z,
HE.KEF.00.?HZ | 2025-01-10T10:04:58.392891Z - 2025-01-10T10:05:58.392891Z,,,,,,,2025-01-10T10:05:48.458450Z,,,
HE.KPF.00.BHZ | 2025-01-10T10:05:40.088225Z - 2025-01-10T10:06:40.088225Z,,,,,,,2025-01-10T10:05:45.477640Z,,2025-01-10T10:06:03.238080Z,
HE.OBF0.00.BHZ | 2025-01-10T10:05:41.904731Z - 2025-01-10T10:06:41.904731Z,,,,,,,2025-01-10T10:05:47.848260Z,,2025-01-10T10:06:07.437860Z,
HE.OBF3.00.BHZ | 2025-01-10T10:05:38.600885Z - 2025-01-10T10:06:38.600885Z,,,,,,,2025-01-10T10:05:53.886670Z,,2025-01-10T10:06:18.927570Z,
HE.OUF.00.BHZ | 2025-01-10T10:05:34.224720Z - 2025-01-10T10:06:34.224720Z,,,,,,,2025-01-10T10:05:48.020790Z,,2025-01-10T10:06:08.203840Z,
HE.SUF.00.BHZ | 2025-01-10T10:05:29.700560Z - 2025-01-10T10:06:29.700560Z,,,,,,,,,2025-01-10T10:06:14.893410Z,
HE.VAF.00.BHZ | 2025-01-10T10:05:16.123607Z - 2025-01-10T10:06:16.123607Z,,,,,,,2025-01-10T10:05:23.407080Z,,2025-01-10T10:05:25.995830Z,
HE.FIA0.00.SHZ | 2025-01-10T10:24:48.737779Z - 2025-01-10T10:25:48.737779Z,,,,,,,2025-01-10T10:25:04.900000Z,,2025-01-10T10:25:18.000000Z,
HE.KAF.00.BHZ | 2025-01-10T10:24:52.441345Z - 2025-01-10T10:25:52.441345Z,,,,,,,2025-01-10T10:25:15.780000Z,,2025-01-10T10:25:36.760000Z,
HE.KEF.00.BHZ | 2025-01-10T10:25:14.604155Z - 2025-01-10T10:26:14.604155Z,,,,,,,2025-01-10T10:25:21.980000Z,,2025-01-10T10:25:46.520000Z,
HE.KORF.00.BHZ | 2025-01-10T10:25:35.825302Z - 2025-01-10T10:26:35.825302Z,,,,,,,,,2025-01-10T10:26:13.900000Z,
HE.KPF.00.BHZ | 2025-01-10T10:25:59.763811Z - 2025-01-10T10:26:59.763811Z,,,,,,,,,2025-01-10T10:26:10.180000Z,
HE.KUNI.00.BHZ | 2025-01-10T10:24:54.145982Z - 2025-01-10T10:25:54.145982Z,,,,,,,2025-01-10T10:25:07.960000Z,,,
HE.KY17.00.BHZ | 2025-01-10T10:24:47.977546Z - 2025-01-10T10:25:47.977546Z,,,,,,,2025-01-10T10:24:54.010000Z,,2025-01-10T10:24:58.520000Z,
HE.MEF.00.BHZ | 2025-01-10T10:25:06.597463Z - 2025-01-10T10:26:06.597463Z,,,,,,,2025-01-10T10:25:13.980000Z,,2025-01-10T10:25:30.240000Z,
HE.NUR.00.BHZ | 2025-01-10T10:24:56.427377Z - 2025-01-10T10:25:56.427377Z,,,,,,,,,2025-01-10T10:25:29.960000Z,
HE.PVF.00.BHZ | 2025-01-10T10:24:29.722409Z - 2025-01-10T10:25:29.722409Z,,,,,,,2025-01-10T10:24:58.280000Z,,2025-01-10T10:25:05.760000Z,
HE.RAF.00.BHZ | 2025-01-10T10:25:20.949255Z - 2025-01-10T10:26:20.949255Z,,,,,,,2025-01-10T10:25:32.330000Z,,2025-01-10T10:26:07.160000Z,
HE.RUF.00.BHZ | 2025-01-10T10:24:33.651265Z - 2025-01-10T10:25:33.651265Z,,,,,,,2025-01-10T10:25:10.210000Z,,2025-01-10T10:25:26.980000Z,
HE.SUF.00.BHZ | 2025-01-10T10:24:59.451259Z - 2025-01-10T10:25:59.451259Z,,,,,,,2025-01-10T10:25:26.260000Z,,,
HE.TRE03.00.BHZ | 2025-01-10T10:25:02.772769Z - 2025-01-10T10:26:02.772769Z,,,,,,,2025-01-10T10:25:19.000000Z,,2025-01-10T10:25:42.060000Z,
HE.TVF.00.BHZ | 2025-01-10T10:25:12.183022Z - 2025-01-10T10:26:12.183022Z,,,,,,,,,2025-01-10T10:25:51.780000Z,
HE.VJF.00.BHZ | 2025-01-10T10:24:08.427192Z - 2025-01-10T10:25:08.427192Z,,,,,,,2025-01-10T10:24:52.980000Z,,2025-01-10T10:24:56.980000Z,
HE.VUOS.00.BHZ | 2025-01-10T10:24:22.847057Z - 2025-01-10T10:25:22.847057Z,,,,,,,2025-01-10T10:25:06.920000Z,,,
FN.KLF.00.BHZ | 2025-01-10T12:48:19.483971Z - 2025-01-10T12:49:19.483971Z,,,,,,,2025-01-10T12:48:24.578790Z,,2025-01-10T12:48:48.532040Z,
FN.OUL.00.BHZ | 2025-01-10T12:48:13.894992Z - 2025-01-10T12:49:13.894992Z,,,,,,,2025-01-10T12:48:26.911390Z,,2025-01-10T12:48:52.980290Z,
FN.RNF.00.BHZ | 2025-01-10T12:48:12.724674Z - 2025-01-10T12:49:12.724674Z,,,,,,,2025-01-10T12:48:28.384610Z,,2025-01-10T12:48:55.436710Z,
HE.OBF0.00.BHZ | 2025-01-10T12:48:12.206242Z - 2025-01-10T12:49:12.206242Z,,,,,,,2025-01-10T12:48:22.533630Z,,2025-01-10T12:48:45.028740Z,
HE.OBF3.00.BHZ | 2025-01-10T12:47:49.068996Z - 2025-01-10T12:48:49.068996Z,,,,,,,2025-01-10T12:48:21.541710Z,,2025-01-10T12:48:43.259330Z,
HE.OBF8.00.BHZ | 2025-01-10T12:48:06.394809Z - 2025-01-10T12:49:06.394809Z,,,,,,,2025-01-10T12:48:21.264050Z,,2025-01-10T12:48:42.908320Z,
HE.OUF.00.BHZ | 2025-01-10T12:48:17.844283Z - 2025-01-10T12:49:17.844283Z,,,,,,,2025-01-10T12:48:26.911390Z,,2025-01-10T12:48:52.404100Z,
HE.TOF.00.BHZ | 2025-01-10T12:47:54.810516Z - 2025-01-10T12:48:54.810516Z,,,,,,,2025-01-10T12:48:14.539620Z,,2025-01-10T12:48:30.487620Z,
HE.HEL5.00.BHZ | 2025-01-10T11:30:03.197306Z - 2025-01-10T11:31:03.197306Z,,,,,,,2025-01-10T11:30:10.393680Z,,2025-01-10T11:30:14.753360Z,
HE.KUNI.00.BHZ | 2025-01-10T11:29:39.089478Z - 2025-01-10T11:30:39.089478Z,,,,,,,2025-01-10T11:30:11.205850Z,,2025-01-10T11:30:16.639360Z,
HE.LAUT.00.BHZ | 2025-01-10T11:29:44.731108Z - 2025-01-10T11:30:44.731108Z,,,,,,,2025-01-10T11:30:11.114620Z,,2025-01-10T11:30:16.400270Z,
HE.MEF.00.BHZ | 2025-01-10T11:29:49.033906Z - 2025-01-10T11:30:49.033906Z,,,,,,,2025-01-10T11:30:06.597050Z,,2025-01-10T11:30:08.915990Z,
HE.NUR.00.SHZ | 2025-01-10T11:29:51.720818Z - 2025-01-10T11:30:51.720818Z,,,,,,,2025-01-10T11:30:10.777090Z,,2025-01-10T11:30:15.790120Z,
HE.ECKF.00.BHZ | 2025-01-10T11:01:04.082042Z - 2025-01-10T11:02:04.082042Z,,,,,,,2025-01-10T11:01:50.680000Z,,,
HE.HEL1.00.BHZ | 2025-01-10T11:00:57.105212Z - 2025-01-10T11:01:57.105212Z,,,,,,,2025-01-10T11:01:20.550000Z,,2025-01-10T11:01:27.240000Z,
HE.HEL5.00.BHZ | 2025-01-10T11:00:35.541635Z - 2025-01-10T11:01:35.541635Z,,,,,,,2025-01-10T11:01:19.180000Z,,,
HE.KAF.00.BHZ | 2025-01-10T11:02:04.167769Z - 2025-01-10T11:03:04.167769Z,,,,,,,,,2025-01-10T11:02:22.040000Z,
HE.KEF.00.BHZ | 2025-01-10T11:01:34.545705Z - 2025-01-10T11:02:34.545705Z,,,,,,,2025-01-10T11:01:49.480000Z,,2025-01-10T11:02:16.680000Z,
HE.KORF.00.BHZ | 2025-01-10T11:01:27.826667Z - 2025-01-10T11:02:27.826667Z,,,,,,,2025-01-10T11:01:33.880000Z,,,
HE.KPF.00.BHZ | 2025-01-10T11:01:35.469923Z - 2025-01-10T11:02:35.469923Z,,,,,,,2025-01-10T11:01:46.480000Z,,2025-01-10T11:02:11.260000Z,
HE.KUNI.00.BHZ | 2025-01-10T11:00:49.184803Z - 2025-01-10T11:01:49.184803Z,,,,,,,2025-01-10T11:01:20.880000Z,,,
HE.KY17.00.BHZ | 2025-01-10T11:01:34.620971Z - 2025-01-10T11:02:34.620971Z,,,,,,,2025-01-10T11:01:42.880000Z,,2025-01-10T11:02:06.800000Z,
HE.LAUT.00.BHZ | 2025-01-10T11:00:40.070361Z - 2025-01-10T11:01:40.070361Z,,,,,,,2025-01-10T11:01:20.280000Z,,2025-01-10T11:01:27.000000Z,
HE.MEF.00.BHZ | 2025-01-10T11:00:26.575442Z - 2025-01-10T11:01:26.575442Z,,,,,,,2025-01-10T11:01:15.920000Z,,2025-01-10T11:01:19.420000Z,
HE.NUR.00.BHZ | 2025-01-10T11:00:37.192092Z - 2025-01-10T11:01:37.192092Z,,,,,,,2025-01-10T11:01:21.080000Z,,2025-01-10T11:01:27.920000Z,
HE.PVF.00.BHZ | 2025-01-10T11:01:06.385076Z - 2025-01-10T11:02:06.385076Z,,,,,,,2025-01-10T11:01:30.700000Z,,2025-01-10T11:01:51.560000Z,
HE.RAF.00.BHZ | 2025-01-10T11:01:00.245913Z - 2025-01-10T11:02:00.245913Z,,,,,,,2025-01-10T11:01:36.680000Z,,2025-01-10T11:01:55.200000Z,
HE.RUF.00.BHZ | 2025-01-10T11:02:10.375288Z - 2025-01-10T11:03:10.375288Z,,,,,,,,,2025-01-10T11:02:38.440000Z,
HE.SUF.00.BHZ | 2025-01-10T11:01:07.834020Z - 2025-01-10T11:02:07.834020Z,,,,,,,2025-01-10T11:01:56.850000Z,,,
HE.TRE03.00.BHZ | 2025-01-10T11:01:09.183522Z - 2025-01-10T11:02:09.183522Z,,,,,,,2025-01-10T11:01:39.180000Z,,2025-01-10T11:01:58.520000Z,
HE.TVF.00.BHZ | 2025-01-10T11:00:42.310959Z - 2025-01-10T11:01:42.310959Z,,,,,,,2025-01-10T11:01:19.780000Z,,2025-01-10T11:01:25.700000Z,
HE.VAF.00.BHZ | 2025-01-10T11:02:07.627552Z - 2025-01-10T11:03:07.627552Z,,,,,,,,,2025-01-10T11:02:41.220000Z,
HE.VJF.00.BHZ | 2025-01-10T11:01:31.718716Z - 2025-01-10T11:02:31.718716Z,,,,,,,2025-01-10T11:01:44.580000Z,,2025-01-10T11:02:10.320000Z,
HE.VUOS.00.BHZ | 2025-01-10T11:01:09.744737Z - 2025-01-10T11:02:09.744737Z,,,,,,,2025-01-10T11:01:22.900000Z,,,
UP.AAL.00.BHZ | 2025-01-10T11:01:26.811692Z - 2025-01-10T11:02:26.811692Z,,,,,,,2025-01-10T11:01:46.720000Z,,2025-01-10T11:02:12.960000Z,
HE.FIA0.00.?HZ | 2025-01-10T10:27:54.224363Z - 2025-01-10T10:28:54.224363Z,,,,,,,2025-01-10T10:28:19.653710Z,,2025-01-10T10:28:42.009140Z,
HE.FIA1.00.?HZ | 2025-01-10T10:28:09.188145Z - 2025-01-10T10:29:09.188145Z,,,,,,,2025-01-10T10:28:19.653710Z,,2025-01-10T10:28:42.009140Z,
HE.HEL1.00.BHZ | 2025-01-10T10:27:23.815294Z - 2025-01-10T10:28:23.815294Z,,,,,,,2025-01-10T10:27:55.085190Z,,2025-01-10T10:27:59.111840Z,
HE.HEL5.00.BHZ | 2025-01-10T10:27:13.632674Z - 2025-01-10T10:28:13.632674Z,,,,,,,2025-01-10T10:27:53.251230Z,,2025-01-10T10:27:56.477820Z,
HE.KAF.00.?HZ | 2025-01-10T10:28:53.927206Z - 2025-01-10T10:29:53.927206Z,,,,,,,,,2025-01-10T10:29:00.347710Z,
HE.KEF.00.?HZ | 2025-01-10T10:28:25.829999Z - 2025-01-10T10:29:25.829999Z,,,,,,,,,2025-01-10T10:28:56.263400Z,
HE.KORF.00.CZ | 2025-01-10T10:28:17.814084Z - 2025-01-10T10:29:17.814084Z,,,,,,,,,2025-01-10T10:28:36.021710Z,
HE.KPF.00.BHZ | 2025-01-10T10:28:50.043516Z - 2025-01-10T10:29:50.043516Z,,,,,,,,,2025-01-10T10:28:55.177340Z,
HE.KUNI.00.BHZ | 2025-01-10T10:27:37.429083Z - 2025-01-10T10:28:37.429083Z,,,,,,,2025-01-10T10:27:55.975570Z,,2025-01-10T10:28:01.060760Z,
HE.KY17.00.CZ | 2025-01-10T10:27:55.911252Z - 2025-01-10T10:28:55.911252Z,,,,,,,2025-01-10T10:28:19.156930Z,,,
HE.LAUT.00.BHZ | 2025-01-10T10:27:08.505752Z - 2025-01-10T10:28:08.505752Z,,,,,,,2025-01-10T10:27:54.421600Z,,2025-01-10T10:27:58.462190Z,
HE.MEF.00.BHZ | 2025-01-10T10:27:45.560652Z - 2025-01-10T10:28:45.560652Z,,,,,,,2025-01-10T10:27:52.789060Z,,2025-01-10T10:27:55.393730Z,
HE.NUR.00.SHZ | 2025-01-10T10:27:47.391393Z - 2025-01-10T10:28:47.391393Z,,,,,,,2025-01-10T10:27:58.418690Z,,2025-01-10T10:28:05.443800Z,
HE.PVF.00.CZ | 2025-01-10T10:27:46.016176Z - 2025-01-10T10:28:46.016176Z,,,,,,,2025-01-10T10:28:06.267830Z,,,
HE.RAF.00.BHZ | 2025-01-10T10:27:52.278290Z - 2025-01-10T10:28:52.278290Z,,,,,,,2025-01-10T10:28:18.163350Z,,2025-01-10T10:28:39.326490Z,
HE.VJF.00.?HZ | 2025-01-10T10:28:29.160752Z - 2025-01-10T10:29:29.160752Z,,,,,,,,,2025-01-10T10:28:42.630120Z,
HE.VUOS.00.BHZ | 2025-01-10T10:27:32.890214Z - 2025-01-10T10:28:32.890214Z,,,,,,,2025-01-10T10:27:57.291100Z,,2025-01-10T10:28:02.887880Z,
FN.KLF.00.BHZ | 2025-01-12T16:46:48.995730Z - 2025-01-12T16:47:48.995730Z,,,,,,,2025-01-12T16:47:15.730000Z,,2025-01-12T16:47:28.080000Z,
FN.MSF.00.BHZ | 2025-01-12T16:47:56.929467Z - 2025-01-12T16:48:56.929467Z,,,,,,,,,2025-01-12T16:48:15.720000Z,
FN.OLKF.00.BHZ | 2025-01-12T16:47:19.761721Z - 2025-01-12T16:48:19.761721Z,,,,,,,2025-01-12T16:47:39.280000Z,,2025-01-12T16:48:08.960000Z,
FN.RAJF.00.BHZ | 2025-01-12T16:47:07.061681Z - 2025-01-12T16:48:07.061681Z,,,,,,,2025-01-12T16:47:22.280000Z,,2025-01-12T16:47:38.960000Z,
FN.RANF.00.BHZ | 2025-01-12T16:47:08.548643Z - 2025-01-12T16:48:08.548643Z,,,,,,,2025-01-12T16:47:35.400000Z,,2025-01-12T16:48:01.440000Z,
FN.RNF.00.BHZ | 2025-01-12T16:47:04.364498Z - 2025-01-12T16:48:04.364498Z,,,,,,,2025-01-12T16:47:23.980000Z,,2025-01-12T16:47:43.280000Z,
HE.HEF.00.BHZ | 2025-01-12T16:46:57.871395Z - 2025-01-12T16:47:57.871395Z,,,,,,,2025-01-12T16:47:13.780000Z,,2025-01-12T16:47:25.040000Z,
HE.KEV.00.BHZ | 2025-01-12T16:47:13.194197Z - 2025-01-12T16:48:13.194197Z,,,,,,,2025-01-12T16:47:34.460000Z,,2025-01-12T16:47:58.860000Z,
HE.KU2.00.BHZ | 2025-01-12T16:47:11.334072Z - 2025-01-12T16:48:11.334072Z,,,,,,,2025-01-12T16:47:44.100000Z,,,
HE.KU6.00.BHZ | 2025-01-12T16:47:26.346734Z - 2025-01-12T16:48:26.346734Z,,,,,,,,,2025-01-12T16:48:19.200000Z,
HE.TOF.00.BHZ | 2025-01-12T16:47:49.871166Z - 2025-01-12T16:48:49.871166Z,,,,,,,,,2025-01-12T16:47:59.480000Z,
HE.VRF.00.BHZ | 2025-01-12T16:47:11.259242Z - 2025-01-12T16:48:11.259242Z,,,,,,,2025-01-12T16:47:28.920000Z,,2025-01-12T16:47:50.900000Z,
FN.RAJF.00.BHZ | 2025-01-12T04:19:24.231876Z - 2025-01-12T04:20:24.231876Z,,,,,,,2025-01-12T04:19:36.880000Z,,2025-01-12T04:19:53.440000Z,
HE.KEV.00.BHZ | 2025-01-12T04:19:12.811235Z - 2025-01-12T04:20:12.811235Z,,,,,,,2025-01-12T04:19:38.950000Z,,2025-01-12T04:19:56.100000Z,
FN.RAJF.00.BHZ | 2025-01-12T16:10:22.003140Z - 2025-01-12T16:11:22.003140Z,,,,,,,2025-01-12T16:10:55.280000Z,,2025-01-12T16:11:16.360000Z,
HE.HEF.00.BHZ | 2025-01-12T16:11:15.906347Z - 2025-01-12T16:12:15.906347Z,,,,,,,2025-01-12T16:11:21.120000Z,,2025-01-12T16:11:55.440000Z,
HE.KEV.00.BHZ | 2025-01-12T16:10:39.156977Z - 2025-01-12T16:11:39.156977Z,,,,,,,2025-01-12T16:10:57.360000Z,,2025-01-12T16:11:15.560000Z,
HE.KU2.00.BHZ | 2025-01-12T16:12:12.688163Z - 2025-01-12T16:13:12.688163Z,,,,,,,,,2025-01-12T16:12:18.220000Z,
HE.VRF.00.BHZ | 2025-01-12T16:10:35.298402Z - 2025-01-12T16:11:35.298402Z,,,,,,,2025-01-12T16:11:03.880000Z,,2025-01-12T16:11:25.520000Z,
FN.MSF.00.BHZ | 2025-01-12T20:05:12.373848Z - 2025-01-12T20:06:12.373848Z,,,,,,,2025-01-12T20:05:25.720000Z,,2025-01-12T20:05:58.520000Z,
FN.OLKF.00.BHZ | 2025-01-12T20:05:06.617847Z - 2025-01-12T20:06:06.617847Z,,,,,,,2025-01-12T20:05:19.240000Z,,2025-01-12T20:05:47.840000Z,
FN.RAJF.00.BHZ | 2025-01-12T20:05:04.760089Z - 2025-01-12T20:06:04.760089Z,,,,,,,2025-01-12T20:05:18.080000Z,,2025-01-12T20:05:47.800000Z,
FN.RANF.00.BHZ | 2025-01-12T20:05:29.984411Z - 2025-01-12T20:06:29.984411Z,,,,,,,2025-01-12T20:05:36.080000Z,,2025-01-12T20:06:18.280000Z,
FN.RNF.00.BHZ | 2025-01-12T20:05:37.693828Z - 2025-01-12T20:06:37.693828Z,,,,,,,,,2025-01-12T20:06:16.360000Z,
HE.KEV.00.BHZ | 2025-01-12T20:05:25.792264Z - 2025-01-12T20:06:25.792264Z,,,,,,,2025-01-12T20:05:32.700000Z,,2025-01-12T20:06:20.600000Z,
HE.KU2.00.BHZ | 2025-01-12T20:05:54.212131Z - 2025-01-12T20:06:54.212131Z,,,,,,,,,2025-01-12T20:06:09.820000Z,
HE.KU6.00.BHZ | 2025-01-12T20:05:10.069943Z - 2025-01-12T20:06:10.069943Z,,,,,,,2025-01-12T20:05:19.560000Z,,2025-01-12T20:05:48.680000Z,
HE.VRF.00.BHZ | 2025-01-12T20:05:01.508450Z - 2025-01-12T20:06:01.508450Z,,,,,,,2025-01-12T20:05:09.180000Z,,2025-01-12T20:05:30.200000Z,
FN.OUL.00.BHZ | 2025-01-13T14:25:18.776370Z - 2025-01-13T14:26:18.776370Z,,,,,,,,,2025-01-13T14:25:36.830000Z,
HE.FIA0.00.SHZ | 2025-01-13T14:23:57.644130Z - 2025-01-13T14:24:57.644130Z,,,,,,,2025-01-13T14:24:10.600000Z,,2025-01-13T14:24:21.600000Z,
HE.JOF.00.BHZ | 2025-01-13T14:24:30.081661Z - 2025-01-13T14:25:30.081661Z,,,,,,,2025-01-13T14:24:37.580000Z,,2025-01-13T14:25:06.040000Z,
HE.KAF.00.BHZ | 2025-01-13T14:23:58.782452Z - 2025-01-13T14:24:58.782452Z,,,,,,,2025-01-13T14:24:08.130000Z,,2025-01-13T14:24:15.480000Z,
HE.KEF.00.BHZ | 2025-01-13T14:23:48.201832Z - 2025-01-13T14:24:48.201832Z,,,,,,,2025-01-13T14:24:20.180000Z,,2025-01-13T14:24:36.580000Z,
HE.KPF.00.BHZ | 2025-01-13T14:24:33.012849Z - 2025-01-13T14:25:33.012849Z,,,,,,,,,2025-01-13T14:25:15.220000Z,
HE.KY17.00.BHZ | 2025-01-13T14:23:52.663714Z - 2025-01-13T14:24:52.663714Z,,,,,,,2025-01-13T14:24:15.010000Z,,2025-01-13T14:24:27.080000Z,
HE.NIF.00.BHZ | 2025-01-13T14:24:06.772221Z - 2025-01-13T14:25:06.772221Z,,,,,,,2025-01-13T14:24:27.680000Z,,2025-01-13T14:24:48.860000Z,
HE.OBF8.00.BHZ | 2025-01-13T14:24:18.889386Z - 2025-01-13T14:25:18.889386Z,,,,,,,2025-01-13T14:24:54.520000Z,,,
HE.PVF.00.BHZ | 2025-01-13T14:24:04.591559Z - 2025-01-13T14:25:04.591559Z,,,,,,,2025-01-13T14:24:24.530000Z,,2025-01-13T14:24:44.660000Z,
HE.RUF.00.BHZ | 2025-01-13T14:23:29.288073Z - 2025-01-13T14:24:29.288073Z,,,,,,,2025-01-13T14:24:14.860000Z,,,
HE.SUF.00.BHZ | 2025-01-13T14:24:09.462763Z - 2025-01-13T14:25:09.462763Z,,,,,,,2025-01-13T14:24:17.620000Z,,2025-01-13T14:24:32.120000Z,
HE.TRE03.00.BHZ | 2025-01-13T14:23:45.606693Z - 2025-01-13T14:24:45.606693Z,,,,,,,2025-01-13T14:24:25.610000Z,,,
HE.VAF.00.BHZ | 2025-01-13T14:24:47.338198Z - 2025-01-13T14:25:47.338198Z,,,,,,,,,2025-01-13T14:25:14.500000Z,
HE.VJF.00.BHZ | 2025-01-13T14:23:44.727728Z - 2025-01-13T14:24:44.727728Z,,,,,,,2025-01-13T14:24:23.760000Z,,2025-01-13T14:24:39.460000Z,
FN.KLF.00.BHZ | 2025-01-13T16:40:01.274874Z - 2025-01-13T16:41:01.274874Z,,,,,,,2025-01-13T16:40:10.480000Z,,2025-01-13T16:40:22.840000Z,
FN.OLKF.00.BHZ | 2025-01-13T16:40:55.076040Z - 2025-01-13T16:41:55.076040Z,,,,,,,,,2025-01-13T16:41:04.240000Z,
FN.RAJF.00.BHZ | 2025-01-13T16:39:47.537091Z - 2025-01-13T16:40:47.537091Z,,,,,,,,,2025-01-13T16:40:35.920000Z,
FN.RANF.00.BHZ | 2025-01-13T16:40:03.158006Z - 2025-01-13T16:41:03.158006Z,,,,,,,,,2025-01-13T16:40:56.160000Z,
FN.RNF.00.BHZ | 2025-01-13T16:39:43.837939Z - 2025-01-13T16:40:43.837939Z,,,,,,,2025-01-13T16:40:18.630000Z,,2025-01-13T16:40:36.320000Z,
HE.HEF.00.BHZ | 2025-01-13T16:39:15.291262Z - 2025-01-13T16:40:15.291262Z,,,,,,,2025-01-13T16:40:09.020000Z,,,
HE.KIF.00.BHZ | 2025-01-13T16:40:35.403741Z - 2025-01-13T16:41:35.403741Z,,,,,,,,,2025-01-13T16:40:51.280000Z,
HE.VRF.00.BHZ | 2025-01-13T16:40:15.408639Z - 2025-01-13T16:41:15.408639Z,,,,,,,,,2025-01-13T16:40:44.000000Z,
HE.OBF0.00.BHZ | 2025-01-12T00:50:16.272315Z - 2025-01-12T00:51:16.272315Z,,,,,,,2025-01-12T00:50:24.334600Z,,2025-01-12T00:50:46.370050Z,
HE.OBF3.00.BHZ | 2025-01-12T00:50:20.559287Z - 2025-01-12T00:51:20.559287Z,,,,,,,2025-01-12T00:50:26.804310Z,,2025-01-12T00:50:50.684340Z,
HE.OBF8.00.BHZ | 2025-01-12T00:50:01.729905Z - 2025-01-12T00:51:01.729905Z,,,,,,,2025-01-12T00:50:19.701700Z,,2025-01-12T00:50:38.644720Z,
HE.OUF.00.BHZ | 2025-01-12T00:50:21.795467Z - 2025-01-12T00:51:21.795467Z,,,,,,,2025-01-12T00:50:27.784630Z,,2025-01-12T00:50:53.330490Z,
HE.TOF.00.BHZ | 2025-01-12T00:50:17.337605Z - 2025-01-12T00:51:17.337605Z,,,,,,,2025-01-12T00:50:30.168500Z,,2025-01-12T00:50:56.111670Z,
HE.VAF.00.BHZ | 2025-01-12T00:50:10.544134Z - 2025-01-12T00:51:10.544134Z,,,,,,,2025-01-12T00:50:30.525530Z,,2025-01-12T00:50:58.937260Z,
FN.MSF.00.BHZ | 2025-01-11T20:14:45.339646Z - 2025-01-11T20:15:45.339646Z,,,,,,,,,2025-01-11T20:15:25.200000Z,
FN.OLKF.00.BHZ | 2025-01-11T20:14:22.570722Z - 2025-01-11T20:15:22.570722Z,,,,,,,2025-01-11T20:14:45.080000Z,,2025-01-11T20:15:12.840000Z,
FN.RAJF.00.BHZ | 2025-01-11T20:14:27.978095Z - 2025-01-11T20:15:27.978095Z,,,,,,,2025-01-11T20:14:44.280000Z,,2025-01-11T20:15:11.480000Z,
FN.RANF.00.BHZ | 2025-01-11T20:14:49.455443Z - 2025-01-11T20:15:49.455443Z,,,,,,,,,2025-01-11T20:15:43.280000Z,
HE.KEV.00.BHZ | 2025-01-11T20:14:48.133325Z - 2025-01-11T20:15:48.133325Z,,,,,,,2025-01-11T20:14:58.100000Z,,2025-01-11T20:15:35.960000Z,
HE.KU6.00.BHZ | 2025-01-11T20:14:24.628964Z - 2025-01-11T20:15:24.628964Z,,,,,,,2025-01-11T20:14:45.640000Z,,2025-01-11T20:15:15.320000Z,
HE.VRF.00.BHZ | 2025-01-11T20:14:26.986666Z - 2025-01-11T20:15:26.986666Z,,,,,,,2025-01-11T20:14:34.180000Z,,2025-01-11T20:14:53.760000Z,
FN.KLF.00.BHZ | 2025-01-11T21:33:08.218570Z - 2025-01-11T21:34:08.218570Z,,,,,,,,,2025-01-11T21:33:50.440000Z,
FN.MSF.00.BHZ | 2025-01-11T21:32:47.508695Z - 2025-01-11T21:33:47.508695Z,,,,,,,,,2025-01-11T21:33:12.520000Z,
FN.OLKF.00.BHZ | 2025-01-11T21:32:14.268104Z - 2025-01-11T21:33:14.268104Z,,,,,,,2025-01-11T21:32:31.080000Z,,2025-01-11T21:32:59.600000Z,
FN.RAJF.00.BHZ | 2025-01-11T21:32:18.096079Z - 2025-01-11T21:33:18.096079Z,,,,,,,2025-01-11T21:32:30.480000Z,,2025-01-11T21:32:57.720000Z,
FN.RNF.00.BHZ | 2025-01-11T21:33:03.863772Z - 2025-01-11T21:34:03.863772Z,,,,,,,,,2025-01-11T21:33:23.480000Z,
HE.KEV.00.BHZ | 2025-01-11T21:32:32.156010Z - 2025-01-11T21:33:32.156010Z,,,,,,,,,2025-01-11T21:33:22.620000Z,
HE.KU6.00.BHZ | 2025-01-11T21:32:22.062746Z - 2025-01-11T21:33:22.062746Z,,,,,,,2025-01-11T21:32:32.200000Z,,2025-01-11T21:33:01.640000Z,
HE.VRF.00.BHZ | 2025-01-11T21:31:46.824235Z - 2025-01-11T21:32:46.824235Z,,,,,,,2025-01-11T21:32:21.440000Z,,2025-01-11T21:32:40.480000Z,
FN.KLF.00.BHZ | 2025-01-09T10:56:18.813279Z - 2025-01-09T10:57:18.813279Z,,,,,,,2025-01-09T10:56:39.420000Z,,2025-01-09T10:57:02.520000Z,
FN.OUL.00.BHZ | 2025-01-09T10:56:21.006846Z - 2025-01-09T10:57:21.006846Z,,,,,,,2025-01-09T10:56:42.780000Z,,,
FN.RANF.00.BHZ | 2025-01-09T10:56:30.590371Z - 2025-01-09T10:57:30.590371Z,,,,,,,2025-01-09T10:56:46.060000Z,,2025-01-09T10:57:14.200000Z,
FN.RNF.00.BHZ | 2025-01-09T10:56:16.747480Z - 2025-01-09T10:57:16.747480Z,,,,,,,2025-01-09T10:56:43.380000Z,,2025-01-09T10:57:10.600000Z,
HE.KEF.00.BHZ | 2025-01-09T10:56:58.214703Z - 2025-01-09T10:57:58.214703Z,,,,,,,2025-01-09T10:57:14.980000Z,,,
HE.KU2.00.BHZ | 2025-01-09T10:56:34.098473Z - 2025-01-09T10:57:34.098473Z,,,,,,,2025-01-09T10:56:57.390000Z,,,
HE.OBF3.00.BHZ | 2025-01-09T10:55:44.306001Z - 2025-01-09T10:56:44.306001Z,,,,,,,2025-01-09T10:56:37.780000Z,,,
HE.OBF8.00.BHZ | 2025-01-09T10:56:18.755969Z - 2025-01-09T10:57:18.755969Z,,,,,,,2025-01-09T10:56:38.080000Z,,2025-01-09T10:56:58.800000Z,
HE.TOF.00.BHZ | 2025-01-09T10:56:19.560058Z - 2025-01-09T10:57:19.560058Z,,,,,,,2025-01-09T10:56:29.830000Z,,,
FN.KLF.00.BHZ | 2025-01-09T10:53:22.419678Z - 2025-01-09T10:54:22.419678Z,,,,,,,,,2025-01-09T10:53:33.050640Z,
FN.OUL.00.BHZ | 2025-01-09T10:52:57.799008Z - 2025-01-09T10:53:57.799008Z,,,,,,,2025-01-09T10:53:14.203220Z,,2025-01-09T10:53:39.333120Z,
FN.RANF.00.?HZ | 2025-01-09T10:53:02.138862Z - 2025-01-09T10:54:02.138862Z,,,,,,,2025-01-09T10:53:17.228120Z,,2025-01-09T10:53:44.452170Z,
FN.RNF.00.BHZ | 2025-01-09T10:53:02.491867Z - 2025-01-09T10:54:02.491867Z,,,,,,,2025-01-09T10:53:14.668590Z,,2025-01-09T10:53:40.496540Z,
HE.OBF3.00.BHZ | 2025-01-09T10:52:59.044968Z - 2025-01-09T10:53:59.044968Z,,,,,,,2025-01-09T10:53:09.196030Z,,2025-01-09T10:53:31.148610Z,
HE.OBF8.00.BHZ | 2025-01-09T10:52:41.449368Z - 2025-01-09T10:53:41.449368Z,,,,,,,2025-01-09T10:53:09.782220Z,,2025-01-09T10:53:31.654540Z,
HE.OUF.00.BHZ | 2025-01-09T10:53:05.119440Z - 2025-01-09T10:54:05.119440Z,,,,,,,2025-01-09T10:53:14.435900Z,,2025-01-09T10:53:39.798480Z,
HE.TOF.00.BHZ | 2025-01-09T10:52:33.595019Z - 2025-01-09T10:53:33.595019Z,,,,,,,2025-01-09T10:53:01.172900Z,,2025-01-09T10:53:16.530060Z,
HE.FIA0.00.SHZ | 2025-01-09T12:47:54.105904Z - 2025-01-09T12:48:54.105904Z,,,,,,,2025-01-09T12:48:24.700000Z,,2025-01-09T12:48:45.400000Z,
HE.HEL1.00.BHZ | 2025-01-09T12:47:36.787067Z - 2025-01-09T12:48:36.787067Z,,,,,,,2025-01-09T12:48:09.720000Z,,2025-01-09T12:48:13.640000Z,
HE.HEL5.00.BHZ | 2025-01-09T12:47:53.905807Z - 2025-01-09T12:48:53.905807Z,,,,,,,2025-01-09T12:48:11.380000Z,,2025-01-09T12:48:16.620000Z,
HE.KAF.00.BHZ | 2025-01-09T12:48:30.753728Z - 2025-01-09T12:49:30.753728Z,,,,,,,2025-01-09T12:48:36.830000Z,,2025-01-09T12:49:01.000000Z,
HE.KEF.00.BHZ | 2025-01-09T12:48:16.646997Z - 2025-01-09T12:49:16.646997Z,,,,,,,2025-01-09T12:48:37.280000Z,,2025-01-09T12:49:01.240000Z,
HE.KORF.00.BHZ | 2025-01-09T12:48:25.873808Z - 2025-01-09T12:49:25.873808Z,,,,,,,2025-01-09T12:48:39.400000Z,,2025-01-09T12:49:04.300000Z,
HE.KPF.00.BHZ | 2025-01-09T12:48:28.671567Z - 2025-01-09T12:49:28.671567Z,,,,,,,2025-01-09T12:48:42.680000Z,,2025-01-09T12:49:11.800000Z,
HE.KUNI.00.BHZ | 2025-01-09T12:48:01.807381Z - 2025-01-09T12:49:01.807381Z,,,,,,,2025-01-09T12:48:08.270000Z,,2025-01-09T12:48:11.680000Z,
HE.KY17.00.BHZ | 2025-01-09T12:47:47.293309Z - 2025-01-09T12:48:47.293309Z,,,,,,,2025-01-09T12:48:22.290000Z,,2025-01-09T12:48:35.780000Z,
HE.LAUT.00.BHZ | 2025-01-09T12:47:28.936937Z - 2025-01-09T12:48:28.936937Z,,,,,,,2025-01-09T12:48:10.170000Z,,2025-01-09T12:48:14.480000Z,
HE.MEF.00.BHZ | 2025-01-09T12:47:52.578307Z - 2025-01-09T12:48:52.578307Z,,,,,,,2025-01-09T12:48:13.480000Z,,2025-01-09T12:48:19.900000Z,
HE.NUR.00.BHZ | 2025-01-09T12:47:47.037073Z - 2025-01-09T12:48:47.037073Z,,,,,,,2025-01-09T12:48:10.760000Z,,2025-01-09T12:48:15.840000Z,
HE.PVF.00.BHZ | 2025-01-09T12:47:50.430923Z - 2025-01-09T12:48:50.430923Z,,,,,,,2025-01-09T12:48:09.380000Z,,2025-01-09T12:48:13.680000Z,
HE.RAF.00.BHZ | 2025-01-09T12:48:29.910872Z - 2025-01-09T12:49:29.910872Z,,,,,,,2025-01-09T12:48:37.880000Z,,2025-01-09T12:49:03.500000Z,
HE.RUF.00.BHZ | 2025-01-09T12:48:22.958354Z - 2025-01-09T12:49:22.958354Z,,,,,,,2025-01-09T12:48:40.110000Z,,2025-01-09T12:49:07.380000Z,
HE.SUF.00.BHZ | 2025-01-09T12:49:04.568938Z - 2025-01-09T12:50:04.568938Z,,,,,,,,,2025-01-09T12:49:17.780000Z,
HE.TRE03.00.BHZ | 2025-01-09T12:47:51.055649Z - 2025-01-09T12:48:51.055649Z,,,,,,,2025-01-09T12:48:29.620000Z,,,
HE.TVF.00.BHZ | 2025-01-09T12:48:06.872133Z - 2025-01-09T12:49:06.872133Z,,,,,,,,,2025-01-09T12:48:41.200000Z,
HE.VJF.00.BHZ | 2025-01-09T12:47:57.322467Z - 2025-01-09T12:48:57.322467Z,,,,,,,2025-01-09T12:48:23.940000Z,,2025-01-09T12:48:38.920000Z,
HE.VUOS.00.BHZ | 2025-01-09T12:47:19.848524Z - 2025-01-09T12:48:19.848524Z,,,,,,,2025-01-09T12:48:07.580000Z,,2025-01-09T12:48:10.810000Z,
FN.OUL.00.BHZ | 2025-01-13T08:02:17.554420Z - 2025-01-13T08:03:17.554420Z,,,,,,,,,2025-01-13T08:03:06.400000Z,
FN.RANF.00.BHZ | 2025-01-13T08:02:42.245280Z - 2025-01-13T08:03:42.245280Z,,,,,,,,,2025-01-13T08:03:34.720000Z,
HE.FIA0.00.SHZ | 2025-01-13T08:02:41.546673Z - 2025-01-13T08:03:41.546673Z,,,,,,,,,2025-01-13T08:03:24.200000Z,
HE.KAF.00.BHZ | 2025-01-13T08:02:37.605372Z - 2025-01-13T08:03:37.605372Z,,,,,,,2025-01-13T08:02:44.600000Z,,2025-01-13T08:03:10.360000Z,
HE.KEF.00.BHZ | 2025-01-13T08:02:11.466196Z - 2025-01-13T08:03:11.466196Z,,,,,,,2025-01-13T08:02:37.430000Z,,2025-01-13T08:02:58.280000Z,
HE.KPF.00.BHZ | 2025-01-13T08:02:27.428771Z - 2025-01-13T08:03:27.428771Z,,,,,,,2025-01-13T08:02:43.590000Z,,2025-01-13T08:03:07.200000Z,
HE.KUNI.00.BHZ | 2025-01-13T08:02:52.696055Z - 2025-01-13T08:03:52.696055Z,,,,,,,2025-01-13T08:03:09.240000Z,,,
HE.NIF.00.BHZ | 2025-01-13T08:02:38.817187Z - 2025-01-13T08:03:38.817187Z,,,,,,,2025-01-13T08:02:44.540000Z,,2025-01-13T08:03:09.940000Z,
HE.OBF0.00.BHZ | 2025-01-13T08:02:14.668399Z - 2025-01-13T08:03:14.668399Z,,,,,,,2025-01-13T08:02:26.190000Z,,,
HE.OUF.00.BHZ | 2025-01-13T08:01:34.397948Z - 2025-01-13T08:02:34.397948Z,,,,,,,2025-01-13T08:02:26.180000Z,,,
HE.RAF.00.BHZ | 2025-01-13T08:02:59.377783Z - 2025-01-13T08:03:59.377783Z,,,,,,,,,2025-01-13T08:03:31.800000Z,
HE.TOF.00.BHZ | 2025-01-13T08:03:17.465572Z - 2025-01-13T08:04:17.465572Z,,,,,,,,,2025-01-13T08:03:24.480000Z,
HE.TRE03.00.BHZ | 2025-01-13T08:02:53.489695Z - 2025-01-13T08:03:53.489695Z,,,,,,,,,2025-01-13T08:03:11.880000Z,
HE.VAF.00.BHZ | 2025-01-13T08:01:36.304902Z - 2025-01-13T08:02:36.304902Z,,,,,,,2025-01-13T08:02:20.580000Z,,2025-01-13T08:02:29.720000Z,
FN.MSF.00.BHZ | 2025-01-13T11:00:51.243104Z - 2025-01-13T11:01:51.243104Z,,,,,,,,,2025-01-13T11:01:45.460000Z,
FN.OLKF.00.BHZ | 2025-01-13T11:01:19.038337Z - 2025-01-13T11:02:19.038337Z,,,,,,,2025-01-13T11:01:31.180000Z,,2025-01-13T11:01:58.040000Z,
FN.OUL.00.BHZ | 2025-01-13T11:00:40.839177Z - 2025-01-13T11:01:40.839177Z,,,,,,,2025-01-13T11:01:15.180000Z,,2025-01-13T11:01:35.040000Z,
FN.RANF.00.BHZ | 2025-01-13T11:01:03.650005Z - 2025-01-13T11:02:03.650005Z,,,,,,,2025-01-13T11:01:26.180000Z,,2025-01-13T11:01:49.820000Z,
FN.RNF.00.BHZ | 2025-01-13T11:01:22.381197Z - 2025-01-13T11:02:22.381197Z,,,,,,,,,2025-01-13T11:02:09.320000Z,
HE.FIA0.00.SHZ | 2025-01-13T11:01:42.528404Z - 2025-01-13T11:02:42.528404Z,,,,,,,,,2025-01-13T11:02:22.400000Z,
HE.JOF.00.BHZ | 2025-01-13T11:01:13.629194Z - 2025-01-13T11:02:13.629194Z,,,,,,,2025-01-13T11:01:28.580000Z,,2025-01-13T11:01:54.760000Z,
HE.KAF.00.BHZ | 2025-01-13T11:01:16.341779Z - 2025-01-13T11:02:16.341779Z,,,,,,,2025-01-13T11:01:33.880000Z,,2025-01-13T11:02:03.680000Z,
HE.KEF.00.BHZ | 2025-01-13T11:01:51.957773Z - 2025-01-13T11:02:51.957773Z,,,,,,,,,2025-01-13T11:02:09.640000Z,
HE.KJNF.00.BHZ | 2025-01-13T11:00:36.109611Z - 2025-01-13T11:01:36.109611Z,,,,,,,2025-01-13T11:00:57.680000Z,,,
HE.KU1.00.BHZ | 2025-01-13T11:00:45.416562Z - 2025-01-13T11:01:45.416562Z,,,,,,,2025-01-13T11:01:19.280000Z,,2025-01-13T11:01:38.720000Z,
HE.KU2.00.BHZ | 2025-01-13T11:01:02.611096Z - 2025-01-13T11:02:02.611096Z,,,,,,,2025-01-13T11:01:19.150000Z,,2025-01-13T11:01:38.260000Z,
HE.KU6.00.BHZ | 2025-01-13T11:01:15.689770Z - 2025-01-13T11:02:15.689770Z,,,,,,,2025-01-13T11:01:27.280000Z,,2025-01-13T11:01:51.640000Z,
HE.NIF.00.BHZ | 2025-01-13T11:00:48.206738Z - 2025-01-13T11:01:48.206738Z,,,,,,,2025-01-13T11:01:08.880000Z,,2025-01-13T11:01:20.320000Z,
HE.OBF0.00.BHZ | 2025-01-13T11:01:12.909582Z - 2025-01-13T11:02:12.909582Z,,,,,,,2025-01-13T11:01:23.440000Z,,2025-01-13T11:01:44.820000Z,
HE.OBF3.00.BHZ | 2025-01-13T11:00:46.824331Z - 2025-01-13T11:01:46.824331Z,,,,,,,2025-01-13T11:01:20.580000Z,,2025-01-13T11:01:40.790000Z,
HE.OUF.00.BHZ | 2025-01-13T11:01:16.930957Z - 2025-01-13T11:02:16.930957Z,,,,,,,,,2025-01-13T11:01:38.640000Z,
HE.RMF.00.BHZ | 2025-01-13T11:00:58.267201Z - 2025-01-13T11:01:58.267201Z,,,,,,,2025-01-13T11:01:08.580000Z,,2025-01-13T11:01:19.660000Z,
HE.SUF.00.BHZ | 2025-01-13T11:01:00.776959Z - 2025-01-13T11:02:00.776959Z,,,,,,,2025-01-13T11:01:24.680000Z,,2025-01-13T11:01:47.960000Z,
HE.VAF.00.BHZ | 2025-01-13T11:01:34.029698Z - 2025-01-13T11:02:34.029698Z,,,,,,,2025-01-13T11:01:39.780000Z,,2025-01-13T11:02:13.560000Z,
HE.VRF.00.BHZ | 2025-01-13T11:01:15.363260Z - 2025-01-13T11:02:15.363260Z,,,,,,,2025-01-13T11:01:49.680000Z,,,
HE.FIA0.00.SHZ | 2025-01-13T12:11:07.322813Z - 2025-01-13T12:12:07.322813Z,,,,,,,2025-01-13T12:11:45.600000Z,,2025-01-13T12:11:49.900000Z,
HE.HEL5.00.BHZ | 2025-01-13T12:11:17.459531Z - 2025-01-13T12:12:17.459531Z,,,,,,,2025-01-13T12:12:11.380000Z,,,
HE.JOF.00.BHZ | 2025-01-13T12:11:58.713012Z - 2025-01-13T12:12:58.713012Z,,,,,,,2025-01-13T12:12:20.960000Z,,2025-01-13T12:12:51.480000Z,
HE.KAF.00.BHZ | 2025-01-13T12:11:04.156900Z - 2025-01-13T12:12:04.156900Z,,,,,,,2025-01-13T12:11:49.000000Z,,2025-01-13T12:11:56.840000Z,
HE.KEF.00.BHZ | 2025-01-13T12:11:50.915268Z - 2025-01-13T12:12:50.915268Z,,,,,,,2025-01-13T12:11:58.760000Z,,2025-01-13T12:12:14.440000Z,
HE.KPF.00.BHZ | 2025-01-13T12:12:05.152900Z - 2025-01-13T12:13:05.152900Z,,,,,,,2025-01-13T12:12:20.930000Z,,2025-01-13T12:12:49.880000Z,
HE.KUNI.00.BHZ | 2025-01-13T12:11:40.859923Z - 2025-01-13T12:12:40.859923Z,,,,,,,2025-01-13T12:12:08.480000Z,,,
HE.KY17.00.BHZ | 2025-01-13T12:11:35.497890Z - 2025-01-13T12:12:35.497890Z,,,,,,,2025-01-13T12:11:50.190000Z,,,
HE.MEF.00.BHZ | 2025-01-13T12:11:42.158240Z - 2025-01-13T12:12:42.158240Z,,,,,,,2025-01-13T12:12:11.730000Z,,2025-01-13T12:12:36.680000Z,
HE.NIF.00.BHZ | 2025-01-13T12:11:59.103538Z - 2025-01-13T12:12:59.103538Z,,,,,,,2025-01-13T12:12:11.480000Z,,2025-01-13T12:12:35.960000Z,
HE.NUR.00.BHZ | 2025-01-13T12:11:39.708987Z - 2025-01-13T12:12:39.708987Z,,,,,,,2025-01-13T12:12:06.500000Z,,2025-01-13T12:12:30.060000Z,
HE.OBF8.00.BHZ | 2025-01-13T12:12:05.294710Z - 2025-01-13T12:13:05.294710Z,,,,,,,2025-01-13T12:12:31.170000Z,,,
HE.PVF.00.BHZ | 2025-01-13T12:11:32.865670Z - 2025-01-13T12:12:32.865670Z,,,,,,,2025-01-13T12:11:59.180000Z,,2025-01-13T12:12:15.280000Z,
HE.RAF.00.BHZ | 2025-01-13T12:12:10.567277Z - 2025-01-13T12:13:10.567277Z,,,,,,,2025-01-13T12:12:23.280000Z,,2025-01-13T12:12:56.320000Z,
HE.RUF.00.BHZ | 2025-01-13T12:11:16.355696Z - 2025-01-13T12:12:16.355696Z,,,,,,,2025-01-13T12:11:55.740000Z,,2025-01-13T12:12:08.040000Z,
HE.SUF.00.BHZ | 2025-01-13T12:11:29.849172Z - 2025-01-13T12:12:29.849172Z,,,,,,,2025-01-13T12:11:59.980000Z,,2025-01-13T12:12:16.780000Z,
HE.TRE03.00.BHZ | 2025-01-13T12:11:36.413570Z - 2025-01-13T12:12:36.413570Z,,,,,,,2025-01-13T12:12:01.980000Z,,2025-01-13T12:12:19.900000Z,
HE.VAF.00.BHZ | 2025-01-13T12:12:15.404539Z - 2025-01-13T12:13:15.404539Z,,,,,,,2025-01-13T12:12:22.830000Z,,2025-01-13T12:12:54.040000Z,
HE.VJF.00.BHZ | 2025-01-13T12:11:51.918801Z - 2025-01-13T12:12:51.918801Z,,,,,,,2025-01-13T12:11:57.680000Z,,2025-01-13T12:12:12.580000Z,
HE.VUOS.00.BHZ | 2025-01-13T12:11:48.236609Z - 2025-01-13T12:12:48.236609Z,,,,,,,2025-01-13T12:12:07.840000Z,,,
FN.KLF.00.BHZ | 2025-01-13T12:30:30.763558Z - 2025-01-13T12:31:30.763558Z,,,,,,,2025-01-13T12:30:41.780000Z,,2025-01-13T12:31:02.780000Z,
FN.MSF.00.BHZ | 2025-01-13T12:30:37.041569Z - 2025-01-13T12:31:37.041569Z,,,,,,,2025-01-13T12:30:42.280000Z,,2025-01-13T12:31:05.460000Z,
FN.OLKF.00.BHZ | 2025-01-13T12:30:27.377785Z - 2025-01-13T12:31:27.377785Z,,,,,,,2025-01-13T12:30:46.380000Z,,2025-01-13T12:31:11.680000Z,
FN.OUL.00.BHZ | 2025-01-13T12:29:53.765344Z - 2025-01-13T12:30:53.765344Z,,,,,,,2025-01-13T12:30:24.380000Z,,2025-01-13T12:30:34.180000Z,
FN.RANF.00.BHZ | 2025-01-13T12:29:56.902298Z - 2025-01-13T12:30:56.902298Z,,,,,,,2025-01-13T12:30:26.280000Z,,,
FN.RNF.00.BHZ | 2025-01-13T12:29:56.585391Z - 2025-01-13T12:30:56.585391Z,,,,,,,2025-01-13T12:30:31.080000Z,,2025-01-13T12:30:49.140000Z,
HE.HEF.00.BHZ | 2025-01-13T12:31:02.516705Z - 2025-01-13T12:32:02.516705Z,,,,,,,,,2025-01-13T12:31:36.580000Z,
HE.KU1.00.BHZ | 2025-01-13T12:30:26.815299Z - 2025-01-13T12:31:26.815299Z,,,,,,,2025-01-13T12:30:45.780000Z,,2025-01-13T12:31:10.100000Z,
HE.KU2.00.BHZ | 2025-01-13T12:30:17.634929Z - 2025-01-13T12:31:17.634929Z,,,,,,,2025-01-13T12:30:35.980000Z,,2025-01-13T12:30:56.420000Z,
HE.KU6.00.BHZ | 2025-01-13T12:30:33.589366Z - 2025-01-13T12:31:33.589366Z,,,,,,,2025-01-13T12:30:48.380000Z,,2025-01-13T12:31:15.220000Z,
HE.OBF0.00.BHZ | 2025-01-13T12:30:11.969130Z - 2025-01-13T12:31:11.969130Z,,,,,,,2025-01-13T12:30:36.970000Z,,2025-01-13T12:30:54.760000Z,
HE.OBF3.00.BHZ | 2025-01-13T12:29:45.941738Z - 2025-01-13T12:30:45.941738Z,,,,,,,2025-01-13T12:30:28.110000Z,,2025-01-13T12:30:39.840000Z,
HE.OUF.00.BHZ | 2025-01-13T12:30:07.121480Z - 2025-01-13T12:31:07.121480Z,,,,,,,2025-01-13T12:30:36.630000Z,,2025-01-13T12:30:53.500000Z,
HE.TOF.00.BHZ | 2025-01-13T12:29:52.052063Z - 2025-01-13T12:30:52.052063Z,,,,,,,2025-01-13T12:30:20.980000Z,,2025-01-13T12:30:26.560000Z,
HE.FIA0.00.SHZ | 2025-01-13T12:58:39.069475Z - 2025-01-13T12:59:39.069475Z,,,,,,,2025-01-13T12:59:03.300000Z,,2025-01-13T12:59:19.100000Z,
HE.KAF.00.BHZ | 2025-01-13T12:58:53.710744Z - 2025-01-13T12:59:53.710744Z,,,,,,,2025-01-13T12:59:05.480000Z,,2025-01-13T12:59:26.280000Z,
HE.KEF.00.BHZ | 2025-01-13T12:58:45.027234Z - 2025-01-13T12:59:45.027234Z,,,,,,,2025-01-13T12:58:56.180000Z,,2025-01-13T12:59:08.040000Z,
HE.KORF.00.BHZ | 2025-01-13T12:58:18.527674Z - 2025-01-13T12:59:18.527674Z,,,,,,,2025-01-13T12:59:11.280000Z,,,
HE.KPF.00.BHZ | 2025-01-13T12:58:37.392837Z - 2025-01-13T12:59:37.392837Z,,,,,,,2025-01-13T12:58:53.450000Z,,2025-01-13T12:59:04.120000Z,
HE.MEF.00.BHZ | 2025-01-13T12:58:35.849935Z - 2025-01-13T12:59:35.849935Z,,,,,,,,,2025-01-13T12:59:23.140000Z,
HE.PVF.00.BHZ | 2025-01-13T12:58:59.729314Z - 2025-01-13T12:59:59.729314Z,,,,,,,2025-01-13T12:59:08.430000Z,,,
HE.RAF.00.BHZ | 2025-01-13T12:58:29.443672Z - 2025-01-13T12:59:29.443672Z,,,,,,,2025-01-13T12:58:57.780000Z,,2025-01-13T12:59:11.280000Z,
HE.TRE03.00.BHZ | 2025-01-13T12:58:13.039565Z - 2025-01-13T12:59:13.039565Z,,,,,,,2025-01-13T12:58:45.370000Z,,2025-01-13T12:58:49.400000Z,
HE.TVF.00.BHZ | 2025-01-13T12:59:26.450892Z - 2025-01-13T13:00:26.450892Z,,,,,,,,,2025-01-13T12:59:32.880000Z,
HE.VAF.00.BHZ | 2025-01-13T12:58:45.649259Z - 2025-01-13T12:59:45.649259Z,,,,,,,2025-01-13T12:59:08.780000Z,,2025-01-13T12:59:29.300000Z,
HE.FIA0.00.SHZ | 2025-01-13T14:01:47.776257Z - 2025-01-13T14:02:47.776257Z,,,,,,,2025-01-13T14:01:58.700000Z,,2025-01-13T14:02:21.700000Z,
HE.HEL1.00.BHZ | 2025-01-13T14:01:08.251568Z - 2025-01-13T14:02:08.251568Z,,,,,,,2025-01-13T14:01:34.850000Z,,,
HE.HEL5.00.BHZ | 2025-01-13T14:01:21.347654Z - 2025-01-13T14:02:21.347654Z,,,,,,,2025-01-13T14:01:33.280000Z,,2025-01-13T14:01:35.960000Z,
HE.KAF.00.BHZ | 2025-01-13T14:02:15.616410Z - 2025-01-13T14:03:15.616410Z,,,,,,,,,2025-01-13T14:02:38.720000Z,
HE.KEF.00.BHZ | 2025-01-13T14:02:01.613717Z - 2025-01-13T14:03:01.613717Z,,,,,,,2025-01-13T14:02:07.580000Z,,2025-01-13T14:02:34.760000Z,
HE.KORF.00.BHZ | 2025-01-13T14:01:17.737654Z - 2025-01-13T14:02:17.737654Z,,,,,,,2025-01-13T14:01:56.420000Z,,,
HE.KPF.00.BHZ | 2025-01-13T14:01:58.799205Z - 2025-01-13T14:02:58.799205Z,,,,,,,2025-01-13T14:02:07.680000Z,,2025-01-13T14:02:34.340000Z,
HE.KUNI.00.BHZ | 2025-01-13T14:00:51.440002Z - 2025-01-13T14:01:51.440002Z,,,,,,,2025-01-13T14:01:35.760000Z,,,
HE.KY17.00.BHZ | 2025-01-13T14:01:27.234308Z - 2025-01-13T14:02:27.234308Z,,,,,,,2025-01-13T14:01:58.620000Z,,,
HE.LAUT.00.BHZ | 2025-01-13T14:01:05.590427Z - 2025-01-13T14:02:05.590427Z,,,,,,,2025-01-13T14:01:34.510000Z,,2025-01-13T14:01:37.880000Z,
HE.MEF.00.BHZ | 2025-01-13T14:01:19.996032Z - 2025-01-13T14:02:19.996032Z,,,,,,,2025-01-13T14:01:31.720000Z,,,
HE.NUR.00.BHZ | 2025-01-13T14:01:25.420379Z - 2025-01-13T14:02:25.420379Z,,,,,,,2025-01-13T14:01:37.660000Z,,2025-01-13T14:01:43.320000Z,
HE.PVF.00.BHZ | 2025-01-13T14:01:03.579603Z - 2025-01-13T14:02:03.579603Z,,,,,,,2025-01-13T14:01:45.860000Z,,,
HE.RAF.00.BHZ | 2025-01-13T14:01:39.560086Z - 2025-01-13T14:02:39.560086Z,,,,,,,2025-01-13T14:01:58.480000Z,,2025-01-13T14:02:19.520000Z,
HE.TRE03.00.BHZ | 2025-01-13T14:01:44.880437Z - 2025-01-13T14:02:44.880437Z,,,,,,,2025-01-13T14:01:58.140000Z,,2025-01-13T14:02:18.000000Z,
HE.TVF.00.BHZ | 2025-01-13T14:01:13.220368Z - 2025-01-13T14:02:13.220368Z,,,,,,,2025-01-13T14:01:41.180000Z,,2025-01-13T14:01:49.660000Z,
HE.VJF.00.BHZ | 2025-01-13T14:01:50.971852Z - 2025-01-13T14:02:50.971852Z,,,,,,,2025-01-13T14:02:00.120000Z,,2025-01-13T14:02:23.940000Z,
HE.VUOS.00.BHZ | 2025-01-13T14:01:25.403139Z - 2025-01-13T14:02:25.403139Z,,,,,,,2025-01-13T14:01:37.230000Z,,,
FN.RAJF.00.BHZ | 2025-01-13T16:00:19.818266Z - 2025-01-13T16:01:19.818266Z,,,,,,,2025-01-13T16:00:54.530000Z,,2025-01-13T16:01:11.100000Z,
HE.HEF.00.BHZ | 2025-01-13T16:01:48.646542Z - 2025-01-13T16:02:48.646542Z,,,,,,,,,2025-01-13T16:01:53.760000Z,
HE.KEV.00.BHZ | 2025-01-13T16:00:23.835804Z - 2025-01-13T16:01:23.835804Z,,,,,,,2025-01-13T16:00:56.060000Z,,2025-01-13T16:01:13.420000Z,
HE.VRF.00.BHZ | 2025-01-13T16:01:03.862758Z - 2025-01-13T16:02:03.862758Z,,,,,,,,,2025-01-13T16:01:25.720000Z,
FN.RAJF.00.BHZ | 2025-01-13T16:01:49.194606Z - 2025-01-13T16:02:49.194606Z,,,,,,,2025-01-13T16:02:15.480000Z,,2025-01-13T16:02:36.440000Z,
HE.HEF.00.BHZ | 2025-01-13T16:02:44.706287Z - 2025-01-13T16:03:44.706287Z,,,,,,,,,2025-01-13T16:03:15.800000Z,
HE.KEV.00.BHZ | 2025-01-13T16:01:44.648657Z - 2025-01-13T16:02:44.648657Z,,,,,,,2025-01-13T16:02:17.160000Z,,2025-01-13T16:02:34.660000Z,
HE.VRF.00.BHZ | 2025-01-13T16:02:01.964360Z - 2025-01-13T16:03:01.964360Z,,,,,,,,,2025-01-13T16:02:47.060000Z,
FN.OLKF.00.BHZ | 2025-01-13T20:05:41.225657Z - 2025-01-13T20:06:41.225657Z,,,,,,,2025-01-13T20:05:50.800000Z,,2025-01-13T20:06:19.920000Z,
FN.RAJF.00.BHZ | 2025-01-13T20:06:12.726131Z - 2025-01-13T20:07:12.726131Z,,,,,,,,,2025-01-13T20:06:18.880000Z,
FN.RNF.00.BHZ | 2025-01-13T20:05:55.956491Z - 2025-01-13T20:06:55.956491Z,,,,,,,2025-01-13T20:06:03.300000Z,,,
HE.KEV.00.BHZ | 2025-01-13T20:05:58.283668Z - 2025-01-13T20:06:58.283668Z,,,,,,,2025-01-13T20:06:04.400000Z,,2025-01-13T20:06:52.440000Z,
HE.KU6.00.BHZ | 2025-01-13T20:05:26.832691Z - 2025-01-13T20:06:26.832691Z,,,,,,,2025-01-13T20:05:52.080000Z,,2025-01-13T20:06:21.760000Z,
HE.TOF.00.BHZ | 2025-01-13T20:06:43.701469Z - 2025-01-13T20:07:43.701469Z,,,,,,,,,2025-01-13T20:07:08.930000Z,
HE.VRF.00.BHZ | 2025-01-13T20:05:18.108333Z - 2025-01-13T20:06:18.108333Z,,,,,,,2025-01-13T20:05:41.480000Z,,2025-01-13T20:06:02.200000Z,
HE.FIA0.00.?HZ | 2025-01-13T13:56:02.757601Z - 2025-01-13T13:57:02.757601Z,,,,,,,2025-01-13T13:56:28.951370Z,,2025-01-13T13:56:49.441560Z,
HE.FIA1.00.?HZ | 2025-01-13T13:56:10.270972Z - 2025-01-13T13:57:10.270972Z,,,,,,,2025-01-13T13:56:28.951370Z,,2025-01-13T13:56:49.441560Z,
HE.HEL1.00.BHZ | 2025-01-13T13:55:20.686761Z - 2025-01-13T13:56:20.686761Z,,,,,,,2025-01-13T13:56:03.817990Z,,2025-01-13T13:56:05.872250Z,
HE.HEL5.00.BHZ | 2025-01-13T13:55:11.384131Z - 2025-01-13T13:56:11.384131Z,,,,,,,2025-01-13T13:56:02.475690Z,,2025-01-13T13:56:04.066950Z,
HE.KUNI.00.BHZ | 2025-01-13T13:55:49.051144Z - 2025-01-13T13:56:49.051144Z,,,,,,,2025-01-13T13:56:04.708960Z,,2025-01-13T13:56:07.525320Z,
HE.LAUT.00.BHZ | 2025-01-13T13:55:46.916697Z - 2025-01-13T13:56:46.916697Z,,,,,,,2025-01-13T13:56:03.482060Z,,2025-01-13T13:56:05.656220Z,
HE.MEF.00.BHZ | 2025-01-13T13:55:55.584268Z - 2025-01-13T13:56:55.584268Z,,,,,,,2025-01-13T13:56:02.629610Z,,2025-01-13T13:56:04.193670Z,
HE.NUR.00.SHZ | 2025-01-13T13:55:30.091814Z - 2025-01-13T13:56:30.091814Z,,,,,,,2025-01-13T13:56:07.475390Z,,2025-01-13T13:56:12.419420Z,
HE.PVF.00.CZ | 2025-01-13T13:56:06.223561Z - 2025-01-13T13:57:06.223561Z,,,,,,,,,2025-01-13T13:56:24.608300Z,
HE.RAF.00.BHZ | 2025-01-13T13:56:19.389548Z - 2025-01-13T13:57:19.389548Z,,,,,,,2025-01-13T13:56:30.255420Z,,2025-01-13T13:56:52.229890Z,
HE.TRE03.00.CZ | 2025-01-13T13:56:04.480140Z - 2025-01-13T13:57:04.480140Z,,,,,,,,,2025-01-13T13:56:46.801880Z,
HE.TVF.00.BHZ | 2025-01-13T13:55:33.232771Z - 2025-01-13T13:56:33.232771Z,,,,,,,2025-01-13T13:56:13.832530Z,,2025-01-13T13:56:23.217260Z,
HE.VUOS.00.BHZ | 2025-01-13T13:55:39.094134Z - 2025-01-13T13:56:39.094134Z,,,,,,,2025-01-13T13:56:06.534670Z,,2025-01-13T13:56:10.279780Z,
FN.OLKF.00.BHZ | 2025-01-13T20:12:58.139381Z - 2025-01-13T20:13:58.139381Z,,,,,,,2025-01-13T20:13:09.880000Z,,2025-01-13T20:13:41.000000Z,
FN.OUL.00.BHZ | 2025-01-13T20:13:41.705022Z - 2025-01-13T20:14:41.705022Z,,,,,,,,,2025-01-13T20:14:22.330000Z,
FN.RAJF.00.BHZ | 2025-01-13T20:12:50.844512Z - 2025-01-13T20:13:50.844512Z,,,,,,,,,2025-01-13T20:13:36.880000Z,
HE.KEV.00.BHZ | 2025-01-13T20:13:17.886800Z - 2025-01-13T20:14:17.886800Z,,,,,,,2025-01-13T20:13:23.530000Z,,2025-01-13T20:14:02.590000Z,
HE.VRF.00.BHZ | 2025-01-13T20:12:51.921786Z - 2025-01-13T20:13:51.921786Z,,,,,,,2025-01-13T20:13:01.130000Z,,2025-01-13T20:13:20.480000Z,
HE.ECKF.00.CZ | 2025-01-15T11:09:50.644712Z - 2025-01-15T11:10:50.644712Z,,,,,,,2025-01-15T11:10:23.777830Z,,2025-01-15T11:10:45.342690Z,
HE.FIA0.00.?HZ | 2025-01-15T11:09:55.094315Z - 2025-01-15T11:10:55.094315Z,,,,,,,2025-01-15T11:10:25.952350Z,,2025-01-15T11:10:48.925410Z,
HE.FIA1.00.?HZ | 2025-01-15T11:10:14.767601Z - 2025-01-15T11:11:14.767601Z,,,,,,,2025-01-15T11:10:25.952350Z,,2025-01-15T11:10:48.925410Z,
HE.KAF.00.?HZ | 2025-01-15T11:10:09.956769Z - 2025-01-15T11:11:09.956769Z,,,,,,,2025-01-15T11:10:30.784300Z,,2025-01-15T11:10:58.406570Z,
HE.KEF.00.?HZ | 2025-01-15T11:10:05.204953Z - 2025-01-15T11:11:05.204953Z,,,,,,,2025-01-15T11:10:22.239540Z,,2025-01-15T11:10:42.765360Z,
HE.KORF.00.CZ | 2025-01-15T11:09:53.504662Z - 2025-01-15T11:10:53.504662Z,,,,,,,2025-01-15T11:10:13.885700Z,,2025-01-15T11:10:28.040810Z,
HE.KPF.00.BHZ | 2025-01-15T11:09:49.462077Z - 2025-01-15T11:10:49.462077Z,,,,,,,2025-01-15T11:10:08.084420Z,,2025-01-15T11:10:17.598520Z,
HE.RAF.00.BHZ | 2025-01-15T11:09:40.426718Z - 2025-01-15T11:10:40.426718Z,,,,,,,2025-01-15T11:09:59.988400Z,,2025-01-15T11:10:04.720820Z,
HE.TRE03.00.CZ | 2025-01-15T11:10:05.800604Z - 2025-01-15T11:11:05.800604Z,,,,,,,2025-01-15T11:10:12.493390Z,,2025-01-15T11:10:25.720300Z,
HE.VAF.00.BHZ | 2025-01-15T11:10:20.221227Z - 2025-01-15T11:11:20.221227Z,,,,,,,2025-01-15T11:10:28.645920Z,,2025-01-15T11:10:54.399340Z,
HE.FIA0.00.SHZ | 2025-01-15T11:53:42.899224Z - 2025-01-15T11:54:42.899224Z,,,,,,,2025-01-15T11:54:22.800000Z,,2025-01-15T11:54:35.600000Z,
HE.JOF.00.BHZ | 2025-01-15T11:54:54.764738Z - 2025-01-15T11:55:54.764738Z,,,,,,,,,2025-01-15T11:55:13.640000Z,
HE.KAF.00.BHZ | 2025-01-15T11:54:21.515935Z - 2025-01-15T11:55:21.515935Z,,,,,,,2025-01-15T11:54:26.980000Z,,2025-01-15T11:54:49.520000Z,
HE.KEF.00.BHZ | 2025-01-15T11:54:09.100178Z - 2025-01-15T11:55:09.100178Z,,,,,,,,,2025-01-15T11:55:03.620000Z,
HE.KY17.00.BHZ | 2025-01-15T11:54:04.255716Z - 2025-01-15T11:55:04.255716Z,,,,,,,2025-01-15T11:54:11.320000Z,,2025-01-15T11:54:19.080000Z,
HE.MEF.00.BHZ | 2025-01-15T11:54:49.363089Z - 2025-01-15T11:55:49.363089Z,,,,,,,,,2025-01-15T11:55:04.780000Z,
HE.OBF8.00.BHZ | 2025-01-15T11:55:05.935317Z - 2025-01-15T11:56:05.935317Z,,,,,,,,,2025-01-15T11:55:46.770000Z,
HE.PVF.00.BHZ | 2025-01-15T11:54:07.952663Z - 2025-01-15T11:55:07.952663Z,,,,,,,2025-01-15T11:54:22.880000Z,,2025-01-15T11:54:39.980000Z,
HE.RUF.00.BHZ | 2025-01-15T11:53:46.655123Z - 2025-01-15T11:54:46.655123Z,,,,,,,2025-01-15T11:54:10.980000Z,,,
HE.SUF.00.BHZ | 2025-01-15T11:54:17.010710Z - 2025-01-15T11:55:17.010710Z,,,,,,,2025-01-15T11:54:36.900000Z,,2025-01-15T11:55:03.180000Z,
HE.TRE03.00.BHZ | 2025-01-15T11:54:11.179703Z - 2025-01-15T11:55:11.179703Z,,,,,,,2025-01-15T11:54:36.880000Z,,2025-01-15T11:55:04.180000Z,
HE.TVF.00.BHZ | 2025-01-15T11:54:46.542896Z - 2025-01-15T11:55:46.542896Z,,,,,,,,,2025-01-15T11:55:25.200000Z,
HE.VJF.00.BHZ | 2025-01-15T11:53:54.453556Z - 2025-01-15T11:54:54.453556Z,,,,,,,2025-01-15T11:54:11.710000Z,,2025-01-15T11:54:19.680000Z,
UP.AAL.00.BHZ | 2025-01-15T11:55:18.960221Z - 2025-01-15T11:56:18.960221Z,,,,,,,,,2025-01-15T11:56:08.760000Z,
HE.ECKF.00.BHZ | 2025-01-14T10:53:08.339068Z - 2025-01-14T10:54:08.339068Z,,,,,,,2025-01-14T10:53:14.180000Z,,2025-01-14T10:53:40.480000Z,
HE.FIA0.00.SHZ | 2025-01-14T10:53:02.659038Z - 2025-01-14T10:54:02.659038Z,,,,,,,2025-01-14T10:53:07.900000Z,,2025-01-14T10:53:30.000000Z,
HE.KAF.00.BHZ | 2025-01-14T10:52:49.915776Z - 2025-01-14T10:53:49.915776Z,,,,,,,2025-01-14T10:53:12.640000Z,,2025-01-14T10:53:37.480000Z,
HE.KEF.00.BHZ | 2025-01-14T10:52:46.835468Z - 2025-01-14T10:53:46.835468Z,,,,,,,2025-01-14T10:53:03.360000Z,,2025-01-14T10:53:21.000000Z,
HE.KJNF.00.BHZ | 2025-01-14T10:53:06.798826Z - 2025-01-14T10:54:06.798826Z,,,,,,,2025-01-14T10:53:37.410000Z,,,
HE.KORF.00.BHZ | 2025-01-14T10:52:48.150941Z - 2025-01-14T10:53:48.150941Z,,,,,,,2025-01-14T10:53:04.680000Z,,2025-01-14T10:53:27.260000Z,
HE.KPF.00.BHZ | 2025-01-14T10:52:11.180991Z - 2025-01-14T10:53:11.180991Z,,,,,,,2025-01-14T10:52:51.480000Z,,2025-01-14T10:53:00.020000Z,
HE.KY17.00.BHZ | 2025-01-14T10:53:18.360966Z - 2025-01-14T10:54:18.360966Z,,,,,,,,,2025-01-14T10:53:45.680000Z,
HE.PVF.00.BHZ | 2025-01-14T10:52:50.174285Z - 2025-01-14T10:53:50.174285Z,,,,,,,2025-01-14T10:53:10.230000Z,,2025-01-14T10:53:32.180000Z,
HE.RAF.00.BHZ | 2025-01-14T10:52:23.114056Z - 2025-01-14T10:53:23.114056Z,,,,,,,2025-01-14T10:52:50.480000Z,,2025-01-14T10:52:58.320000Z,
HE.SUF.00.BHZ | 2025-01-14T10:53:33.358519Z - 2025-01-14T10:54:33.358519Z,,,,,,,,,2025-01-14T10:53:45.840000Z,
HE.TRE03.00.BHZ | 2025-01-14T10:52:09.362130Z - 2025-01-14T10:53:09.362130Z,,,,,,,2025-01-14T10:52:53.080000Z,,2025-01-14T10:53:03.420000Z,
HE.TVF.00.BHZ | 2025-01-14T10:52:37.700321Z - 2025-01-14T10:53:37.700321Z,,,,,,,2025-01-14T10:53:06.980000Z,,2025-01-14T10:53:26.380000Z,
HE.VAF.00.BHZ | 2025-01-14T10:53:03.105161Z - 2025-01-14T10:54:03.105161Z,,,,,,,2025-01-14T10:53:11.480000Z,,2025-01-14T10:53:34.640000Z,
UP.AAL.00.BHZ | 2025-01-14T10:52:47.268151Z - 2025-01-14T10:53:47.268151Z,,,,,,,2025-01-14T10:53:12.320000Z,,2025-01-14T10:53:36.600000Z,
HE.ECKF.00.CZ | 2025-01-15T14:29:39.858717Z - 2025-01-15T14:30:39.858717Z,,,,,,,2025-01-15T14:29:50.158570Z,,2025-01-15T14:30:08.342710Z,
HE.KORF.00.CZ | 2025-01-15T14:29:44.592756Z - 2025-01-15T14:30:44.592756Z,,,,,,,2025-01-15T14:30:01.437340Z,,2025-01-15T14:30:28.138110Z,
UP.AAL.00.BHZ | 2025-01-15T14:29:21.589175Z - 2025-01-15T14:30:21.589175Z,,,,,,,2025-01-15T14:29:52.054500Z,,2025-01-15T14:30:12.025580Z,
FN.MSF.00.BHZ | 2025-01-14T11:26:34.015759Z - 2025-01-14T11:27:34.015759Z,,,,,,,,,2025-01-14T11:27:15.500000Z,
FN.OLKF.00.BHZ | 2025-01-14T11:26:35.429065Z - 2025-01-14T11:27:35.429065Z,,,,,,,,,2025-01-14T11:27:27.200000Z,
FN.OUL.00.BHZ | 2025-01-14T11:26:04.004973Z - 2025-01-14T11:27:04.004973Z,,,,,,,2025-01-14T11:26:27.880000Z,,2025-01-14T11:26:56.260000Z,
FN.RANF.00.BHZ | 2025-01-14T11:26:34.334597Z - 2025-01-14T11:27:34.334597Z,,,,,,,2025-01-14T11:26:43.620000Z,,2025-01-14T11:27:16.880000Z,
FN.RNF.00.BHZ | 2025-01-14T11:26:38.309784Z - 2025-01-14T11:27:38.309784Z,,,,,,,2025-01-14T11:26:47.730000Z,,,
HE.FIA0.00.SHZ | 2025-01-14T11:26:04.978503Z - 2025-01-14T11:27:04.978503Z,,,,,,,2025-01-14T11:26:24.300000Z,,2025-01-14T11:26:48.600000Z,
HE.JOF.00.BHZ | 2025-01-14T11:26:12.542047Z - 2025-01-14T11:27:12.542047Z,,,,,,,2025-01-14T11:26:19.440000Z,,2025-01-14T11:26:41.280000Z,
HE.KAF.00.BHZ | 2025-01-14T11:25:55.074101Z - 2025-01-14T11:26:55.074101Z,,,,,,,2025-01-14T11:26:12.330000Z,,2025-01-14T11:26:32.580000Z,
HE.KEF.00.BHZ | 2025-01-14T11:25:59.922579Z - 2025-01-14T11:26:59.922579Z,,,,,,,2025-01-14T11:26:20.580000Z,,2025-01-14T11:26:42.480000Z,
HE.KPF.00.BHZ | 2025-01-14T11:26:31.438056Z - 2025-01-14T11:27:31.438056Z,,,,,,,2025-01-14T11:26:40.780000Z,,2025-01-14T11:27:18.300000Z,
HE.KU1.00.BHZ | 2025-01-14T11:26:17.157510Z - 2025-01-14T11:27:17.157510Z,,,,,,,2025-01-14T11:26:34.780000Z,,2025-01-14T11:27:07.380000Z,
HE.KU2.00.BHZ | 2025-01-14T11:26:15.644268Z - 2025-01-14T11:27:15.644268Z,,,,,,,2025-01-14T11:26:35.180000Z,,2025-01-14T11:27:07.940000Z,
HE.KU6.00.BHZ | 2025-01-14T11:26:49.062974Z - 2025-01-14T11:27:49.062974Z,,,,,,,,,2025-01-14T11:27:21.780000Z,
HE.KY17.00.BHZ | 2025-01-14T11:26:24.220975Z - 2025-01-14T11:27:24.220975Z,,,,,,,2025-01-14T11:26:30.080000Z,,2025-01-14T11:27:00.780000Z,
HE.NIF.00.BHZ | 2025-01-14T11:25:30.228432Z - 2025-01-14T11:26:30.228432Z,,,,,,,2025-01-14T11:25:54.380000Z,,2025-01-14T11:25:57.310000Z,
HE.OBF0.00.BHZ | 2025-01-14T11:26:21.715396Z - 2025-01-14T11:27:21.715396Z,,,,,,,2025-01-14T11:26:27.580000Z,,2025-01-14T11:26:55.660000Z,
HE.OBF3.00.BHZ | 2025-01-14T11:26:09.025416Z - 2025-01-14T11:27:09.025416Z,,,,,,,2025-01-14T11:26:28.780000Z,,,
HE.OUF.00.BHZ | 2025-01-14T11:26:15.795951Z - 2025-01-14T11:27:15.795951Z,,,,,,,2025-01-14T11:26:23.180000Z,,2025-01-14T11:26:48.400000Z,
HE.PVF.00.BHZ | 2025-01-14T11:26:23.032221Z - 2025-01-14T11:27:23.032221Z,,,,,,,,,2025-01-14T11:27:15.860000Z,
HE.RMF.00.BHZ | 2025-01-14T11:26:09.318189Z - 2025-01-14T11:27:09.318189Z,,,,,,,2025-01-14T11:26:16.680000Z,,,
HE.RUF.00.BHZ | 2025-01-14T11:25:58.977892Z - 2025-01-14T11:26:58.977892Z,,,,,,,2025-01-14T11:26:22.780000Z,,2025-01-14T11:26:47.000000Z,
HE.SUF.00.BHZ | 2025-01-14T11:25:33.149811Z - 2025-01-14T11:26:33.149811Z,,,,,,,2025-01-14T11:26:05.580000Z,,,
HE.TRE03.00.BHZ | 2025-01-14T11:26:24.889327Z - 2025-01-14T11:27:24.889327Z,,,,,,,2025-01-14T11:26:30.380000Z,,2025-01-14T11:27:00.300000Z,
HE.VAF.00.BHZ | 2025-01-14T11:26:12.313400Z - 2025-01-14T11:27:12.313400Z,,,,,,,2025-01-14T11:26:31.080000Z,,2025-01-14T11:27:01.360000Z,
FN.RAJF.00.BHZ | 2025-01-14T12:49:36.951203Z - 2025-01-14T12:50:36.951203Z,,,,,,,2025-01-14T12:49:54.560000Z,,2025-01-14T12:50:19.000000Z,
HE.KEV.00.BHZ | 2025-01-14T12:49:14.598685Z - 2025-01-14T12:50:14.598685Z,,,,,,,2025-01-14T12:49:34.420000Z,,2025-01-14T12:49:46.040000Z,
HE.FIA0.00.SHZ | 2025-01-14T12:25:24.841288Z - 2025-01-14T12:26:24.841288Z,,,,,,,2025-01-14T12:25:38.300000Z,,2025-01-14T12:25:59.200000Z,
HE.HEL1.00.BHZ | 2025-01-14T12:26:06.060495Z - 2025-01-14T12:27:06.060495Z,,,,,,,,,2025-01-14T12:26:16.620000Z,
HE.JOF.00.BHZ | 2025-01-14T12:25:44.517834Z - 2025-01-14T12:26:44.517834Z,,,,,,,2025-01-14T12:25:50.480000Z,,2025-01-14T12:26:14.880000Z,
HE.KAF.00.BHZ | 2025-01-14T12:25:12.914634Z - 2025-01-14T12:26:12.914634Z,,,,,,,2025-01-14T12:25:40.580000Z,,2025-01-14T12:25:59.480000Z,
HE.KEF.00.BHZ | 2025-01-14T12:25:34.751538Z - 2025-01-14T12:26:34.751538Z,,,,,,,,,2025-01-14T12:26:19.360000Z,
HE.KJNF.00.BHZ | 2025-01-14T12:25:59.343550Z - 2025-01-14T12:26:59.343550Z,,,,,,,2025-01-14T12:26:07.280000Z,,,
HE.KY17.00.BHZ | 2025-01-14T12:25:26.189018Z - 2025-01-14T12:26:26.189018Z,,,,,,,2025-01-14T12:25:31.700000Z,,,
HE.PVF.00.BHZ | 2025-01-14T12:25:28.979434Z - 2025-01-14T12:26:28.979434Z,,,,,,,2025-01-14T12:25:43.810000Z,,2025-01-14T12:26:07.080000Z,
HE.RUF.00.BHZ | 2025-01-14T12:24:50.243163Z - 2025-01-14T12:25:50.243163Z,,,,,,,2025-01-14T12:25:16.480000Z,,2025-01-14T12:25:18.310000Z,
HE.VJF.00.BHZ | 2025-01-14T12:25:09.949184Z - 2025-01-14T12:26:09.949184Z,,,,,,,2025-01-14T12:25:32.530000Z,,2025-01-14T12:25:46.020000Z,
HE.FIA0.00.?HZ | 2025-01-14T14:00:27.132255Z - 2025-01-14T14:01:27.132255Z,,,,,,,2025-01-14T14:00:39.474870Z,,2025-01-14T14:00:57.984910Z,
HE.FIA1.00.?HZ | 2025-01-14T14:00:12.052697Z - 2025-01-14T14:01:12.052697Z,,,,,,,2025-01-14T14:00:39.474870Z,,2025-01-14T14:00:57.984910Z,
HE.HEL1.00.BHZ | 2025-01-14T13:59:55.494901Z - 2025-01-14T14:00:55.494901Z,,,,,,,2025-01-14T14:00:18.756970Z,,2025-01-14T14:00:22.837320Z,
HE.HEL5.00.BHZ | 2025-01-14T14:00:09.105095Z - 2025-01-14T14:01:09.105095Z,,,,,,,2025-01-14T14:00:18.248780Z,,2025-01-14T14:00:21.875070Z,
HE.KAF.00.?HZ | 2025-01-14T14:01:07.850444Z - 2025-01-14T14:02:07.850444Z,,,,,,,,,2025-01-14T14:01:17.069840Z,
HE.KEF.00.?HZ | 2025-01-14T14:00:28.277132Z - 2025-01-14T14:01:28.277132Z,,,,,,,2025-01-14T14:00:47.377320Z,,2025-01-14T14:01:11.828950Z,
HE.KORF.00.CZ | 2025-01-14T14:00:09.848641Z - 2025-01-14T14:01:09.848641Z,,,,,,,2025-01-14T14:00:39.359720Z,,2025-01-14T14:00:57.486980Z,
HE.KPF.00.BHZ | 2025-01-14T14:00:37.322004Z - 2025-01-14T14:01:37.322004Z,,,,,,,2025-01-14T14:00:47.444830Z,,2025-01-14T14:01:12.009670Z,
HE.KUNI.00.BHZ | 2025-01-14T13:59:44.426732Z - 2025-01-14T14:00:44.426732Z,,,,,,,2025-01-14T14:00:18.515480Z,,2025-01-14T14:00:22.583720Z,
HE.KY17.00.CZ | 2025-01-14T14:00:26.676966Z - 2025-01-14T14:01:26.676966Z,,,,,,,2025-01-14T14:00:39.913080Z,,2025-01-14T14:00:59.534350Z,
HE.LAUT.00.BHZ | 2025-01-14T13:59:57.303742Z - 2025-01-14T14:00:57.303742Z,,,,,,,2025-01-14T14:00:18.637220Z,,2025-01-14T14:00:22.702280Z,
HE.LOVF.00.CZ | 2025-01-14T13:59:47.851160Z - 2025-01-14T14:00:47.851160Z,,,,,,,2025-01-14T14:00:30.897820Z,,,
HE.MEF.00.BHZ | 2025-01-14T13:59:47.048822Z - 2025-01-14T14:00:47.048822Z,,,,,,,2025-01-14T14:00:14.670550Z,,2025-01-14T14:00:15.914860Z,
HE.PVF.00.CZ | 2025-01-14T13:59:55.952692Z - 2025-01-14T14:00:55.952692Z,,,,,,,2025-01-14T14:00:27.835270Z,,2025-01-14T14:00:38.096180Z,
HE.RAF.00.BHZ | 2025-01-14T14:00:08.164836Z - 2025-01-14T14:01:08.164836Z,,,,,,,2025-01-14T14:00:40.979400Z,,2025-01-14T14:01:01.366370Z,
HE.RSUO.00.BHZ | 2025-01-14T13:59:40.055519Z - 2025-01-14T14:00:40.055519Z,,,,,,,2025-01-14T14:00:18.802510Z,,2025-01-14T14:00:22.837320Z,
HE.TVF.00.BHZ | 2025-01-14T13:59:47.382088Z - 2025-01-14T14:00:47.382088Z,,,,,,,2025-01-14T14:00:26.377040Z,,2025-01-14T14:00:34.869640Z,
HE.VUOS.00.BHZ | 2025-01-14T14:00:03.323174Z - 2025-01-14T14:01:03.323174Z,,,,,,,2025-01-14T14:00:21.030210Z,,2025-01-14T14:00:26.471790Z,
HE.FIA0.00.?HZ | 2025-01-15T12:14:54.382906Z - 2025-01-15T12:15:54.382906Z,,,,,,,2025-01-15T12:15:38.004250Z,,2025-01-15T12:15:44.652570Z,
HE.FIA1.00.?HZ | 2025-01-15T12:15:30.049388Z - 2025-01-15T12:16:30.049388Z,,,,,,,2025-01-15T12:15:38.004250Z,,2025-01-15T12:15:44.652570Z,
HE.KAF.00.?HZ | 2025-01-15T12:15:16.454911Z - 2025-01-15T12:16:16.454911Z,,,,,,,2025-01-15T12:15:49.726290Z,,2025-01-15T12:16:04.859950Z,
HE.KEF.00.?HZ | 2025-01-15T12:15:43.045594Z - 2025-01-15T12:16:43.045594Z,,,,,,,2025-01-15T12:15:54.718200Z,,2025-01-15T12:16:12.121470Z,
HE.KUNI.00.BHZ | 2025-01-15T12:15:14.222002Z - 2025-01-15T12:16:14.222002Z,,,,,,,2025-01-15T12:15:46.752040Z,,2025-01-15T12:15:59.359070Z,
HE.KY02.00.CZ | 2025-01-15T12:14:42.815585Z - 2025-01-15T12:15:42.815585Z,,,,,,,2025-01-15T12:15:33.074540Z,,2025-01-15T12:15:36.027480Z,
HE.KY17.00.CZ | 2025-01-15T12:15:03.783819Z - 2025-01-15T12:16:03.783819Z,,,,,,,2025-01-15T12:15:35.467400Z,,2025-01-15T12:15:40.170180Z,
HE.LOVF.00.CZ | 2025-01-15T12:15:13.239522Z - 2025-01-15T12:16:13.239522Z,,,,,,,2025-01-15T12:15:38.441640Z,,2025-01-15T12:15:44.972380Z,
HE.MEF.00.BHZ | 2025-01-15T12:15:32.878605Z - 2025-01-15T12:16:32.878605Z,,,,,,,2025-01-15T12:15:50.776020Z,,2025-01-15T12:16:06.320380Z,
HE.NUR.00.SHZ | 2025-01-15T12:15:26.840519Z - 2025-01-15T12:16:26.840519Z,,,,,,,2025-01-15T12:15:45.877260Z,,2025-01-15T12:15:58.211640Z,
HE.PVF.00.CZ | 2025-01-15T12:15:30.355422Z - 2025-01-15T12:16:30.355422Z,,,,,,,2025-01-15T12:15:37.479390Z,,2025-01-15T12:15:43.602840Z,
HE.RUF.00.BHZ | 2025-01-15T12:15:18.777680Z - 2025-01-15T12:16:18.777680Z,,,,,,,2025-01-15T12:15:52.861860Z,,2025-01-15T12:16:10.729210Z,
HE.TRE03.00.CZ | 2025-01-15T12:15:40.154366Z - 2025-01-15T12:16:40.154366Z,,,,,,,2025-01-15T12:15:51.005510Z,,2025-01-15T12:16:06.320380Z,
HE.VJF.00.?HZ | 2025-01-15T12:15:31.987681Z - 2025-01-15T12:16:31.987681Z,,,,,,,2025-01-15T12:15:42.115710Z,,2025-01-15T12:15:51.701640Z,
HE.VUOS.00.BHZ | 2025-01-15T12:15:27.182472Z - 2025-01-15T12:16:27.182472Z,,,,,,,2025-01-15T12:15:46.489600Z,,2025-01-15T12:15:59.348850Z,
HE.FIA0.00.?HZ | 2025-01-14T13:57:50.741834Z - 2025-01-14T13:58:50.741834Z,,,,,,,2025-01-14T13:58:05.304600Z,,2025-01-14T13:58:25.583690Z,
HE.FIA1.00.?HZ | 2025-01-14T13:57:55.141571Z - 2025-01-14T13:58:55.141571Z,,,,,,,2025-01-14T13:58:05.304600Z,,2025-01-14T13:58:25.583690Z,
HE.HEL1.00.BHZ | 2025-01-14T13:56:47.879796Z - 2025-01-14T13:57:47.879796Z,,,,,,,2025-01-14T13:57:40.054200Z,,2025-01-14T13:57:42.398070Z,
HE.HEL5.00.BHZ | 2025-01-14T13:57:00.960347Z - 2025-01-14T13:58:00.960347Z,,,,,,,2025-01-14T13:57:38.773070Z,,2025-01-14T13:57:40.175990Z,
HE.KORF.00.CZ | 2025-01-14T13:58:03.973125Z - 2025-01-14T13:59:03.973125Z,,,,,,,,,2025-01-14T13:58:26.028910Z,
HE.KPF.00.BHZ | 2025-01-14T13:58:08.472234Z - 2025-01-14T13:59:08.472234Z,,,,,,,2025-01-14T13:58:14.480140Z,,2025-01-14T13:58:40.478230Z,
HE.KUNI.00.BHZ | 2025-01-14T13:57:33.751601Z - 2025-01-14T13:58:33.751601Z,,,,,,,2025-01-14T13:57:40.985550Z,,2025-01-14T13:57:43.840180Z,
HE.LAUT.00.BHZ | 2025-01-14T13:56:47.166827Z - 2025-01-14T13:57:47.166827Z,,,,,,,2025-01-14T13:57:39.773450Z,,2025-01-14T13:57:41.621550Z,
HE.MEF.00.BHZ | 2025-01-14T13:56:53.269029Z - 2025-01-14T13:57:53.269029Z,,,,,,,2025-01-14T13:57:38.856680Z,,2025-01-14T13:57:40.261630Z,
HE.NUR.00.SHZ | 2025-01-14T13:57:33.681618Z - 2025-01-14T13:58:33.681618Z,,,,,,,2025-01-14T13:57:43.729950Z,,2025-01-14T13:57:48.484580Z,
HE.PVF.00.CZ | 2025-01-14T13:57:35.143132Z - 2025-01-14T13:58:35.143132Z,,,,,,,2025-01-14T13:57:50.666450Z,,,
HE.RAF.00.BHZ | 2025-01-14T13:57:37.009904Z - 2025-01-14T13:58:37.009904Z,,,,,,,2025-01-14T13:58:06.515500Z,,2025-01-14T13:58:27.556230Z,
HE.RSUO.00.BHZ | 2025-01-14T13:57:13.801233Z - 2025-01-14T13:58:13.801233Z,,,,,,,2025-01-14T13:57:40.395360Z,,2025-01-14T13:57:42.952730Z,
HE.VJF.00.?HZ | 2025-01-14T13:58:08.873267Z - 2025-01-14T13:59:08.873267Z,,,,,,,,,2025-01-14T13:58:26.464230Z,
HE.VUOS.00.BHZ | 2025-01-14T13:57:27.745200Z - 2025-01-14T13:58:27.745200Z,,,,,,,2025-01-14T13:57:42.637560Z,,2025-01-14T13:57:46.407130Z,
HE.HEL1.00.BHZ | 2025-01-15T12:29:55.157959Z - 2025-01-15T12:30:55.157959Z,,,,,,,2025-01-15T12:30:26.237970Z,,2025-01-15T12:30:28.810490Z,
HE.HEL5.00.BHZ | 2025-01-15T12:29:53.338294Z - 2025-01-15T12:30:53.338294Z,,,,,,,2025-01-15T12:30:26.066470Z,,2025-01-15T12:30:28.295990Z,
HE.KUNI.00.BHZ | 2025-01-15T12:29:50.424889Z - 2025-01-15T12:30:50.424889Z,,,,,,,2025-01-15T12:30:26.549920Z,,2025-01-15T12:30:29.031960Z,
HE.LAUT.00.BHZ | 2025-01-15T12:30:12.298598Z - 2025-01-15T12:31:12.298598Z,,,,,,,2025-01-15T12:30:26.466640Z,,2025-01-15T12:30:28.867660Z,
HE.MEF.00.BHZ | 2025-01-15T12:30:00.787195Z - 2025-01-15T12:31:00.787195Z,,,,,,,2025-01-15T12:30:24.861580Z,,2025-01-15T12:30:25.891440Z,
HE.NUR.00.SHZ | 2025-01-15T12:29:55.084913Z - 2025-01-15T12:30:55.084913Z,,,,,,,2025-01-15T12:30:28.061250Z,,2025-01-15T12:30:31.924340Z,
HE.RSUO.00.BHZ | 2025-01-15T12:30:09.581611Z - 2025-01-15T12:31:09.581611Z,,,,,,,2025-01-15T12:30:26.283990Z,,2025-01-15T12:30:28.943320Z,
HE.ECKF.00.BHZ | 2025-01-15T13:47:22.796215Z - 2025-01-15T13:48:22.796215Z,,,,,,,,,2025-01-15T13:47:29.040000Z,
HE.FIA0.00.SHZ | 2025-01-15T13:46:31.678105Z - 2025-01-15T13:47:31.678105Z,,,,,,,2025-01-15T13:46:45.400000Z,,,
HE.HEL1.00.BHZ | 2025-01-15T13:46:00.131284Z - 2025-01-15T13:47:00.131284Z,,,,,,,2025-01-15T13:46:22.120000Z,,2025-01-15T13:46:26.880000Z,
HE.HEL5.00.BHZ | 2025-01-15T13:45:58.362050Z - 2025-01-15T13:46:58.362050Z,,,,,,,2025-01-15T13:46:20.540000Z,,2025-01-15T13:46:24.320000Z,
HE.KAF.00.BHZ | 2025-01-15T13:46:58.188043Z - 2025-01-15T13:47:58.188043Z,,,,,,,,,2025-01-15T13:47:26.400000Z,
HE.KEF.00.BHZ | 2025-01-15T13:46:31.986168Z - 2025-01-15T13:47:31.986168Z,,,,,,,2025-01-15T13:46:54.580000Z,,2025-01-15T13:47:21.600000Z,
HE.KORF.00.BHZ | 2025-01-15T13:46:34.214127Z - 2025-01-15T13:47:34.214127Z,,,,,,,2025-01-15T13:46:41.180000Z,,2025-01-15T13:46:59.160000Z,
HE.KPF.00.BHZ | 2025-01-15T13:46:37.570128Z - 2025-01-15T13:47:37.570128Z,,,,,,,2025-01-15T13:46:52.640000Z,,2025-01-15T13:47:20.920000Z,
HE.KUNI.00.BHZ | 2025-01-15T13:45:49.974909Z - 2025-01-15T13:46:49.974909Z,,,,,,,2025-01-15T13:46:23.170000Z,,,
HE.KY17.00.BHZ | 2025-01-15T13:46:35.028175Z - 2025-01-15T13:47:35.028175Z,,,,,,,2025-01-15T13:46:45.760000Z,,2025-01-15T13:47:09.320000Z,
HE.LAUT.00.BHZ | 2025-01-15T13:46:13.958119Z - 2025-01-15T13:47:13.958119Z,,,,,,,2025-01-15T13:46:21.940000Z,,2025-01-15T13:46:26.220000Z,
HE.MEF.00.BHZ | 2025-01-15T13:45:41.283829Z - 2025-01-15T13:46:41.283829Z,,,,,,,2025-01-15T13:46:18.280000Z,,2025-01-15T13:46:20.880000Z,
HE.NUR.00.BHZ | 2025-01-15T13:46:11.376385Z - 2025-01-15T13:47:11.376385Z,,,,,,,2025-01-15T13:46:24.410000Z,,2025-01-15T13:46:30.620000Z,
HE.PVF.00.BHZ | 2025-01-15T13:45:53.494450Z - 2025-01-15T13:46:53.494450Z,,,,,,,2025-01-15T13:46:33.360000Z,,,
HE.RAF.00.BHZ | 2025-01-15T13:46:25.665445Z - 2025-01-15T13:47:25.665445Z,,,,,,,2025-01-15T13:46:43.980000Z,,,
HE.TVF.00.BHZ | 2025-01-15T13:45:44.160807Z - 2025-01-15T13:46:44.160807Z,,,,,,,2025-01-15T13:46:26.180000Z,,2025-01-15T13:46:32.940000Z,
HE.VJF.00.BHZ | 2025-01-15T13:46:22.293067Z - 2025-01-15T13:47:22.293067Z,,,,,,,2025-01-15T13:46:47.580000Z,,2025-01-15T13:47:10.100000Z,
HE.VUOS.00.BHZ | 2025-01-15T13:46:18.548357Z - 2025-01-15T13:47:18.548357Z,,,,,,,2025-01-15T13:46:24.620000Z,,2025-01-15T13:46:31.220000Z,
UP.AAL.00.BHZ | 2025-01-15T13:46:29.937233Z - 2025-01-15T13:47:29.937233Z,,,,,,,,,2025-01-15T13:47:21.520000Z,
HE.ALAJF.00.?HZ | 2025-01-15T13:00:04.883273Z - 2025-01-15T13:01:04.883273Z,,,,,,,2025-01-15T13:00:35.451560Z,,2025-01-15T13:00:56.852310Z,
HE.FIA0.00.?HZ | 2025-01-15T13:00:30.167566Z - 2025-01-15T13:01:30.167566Z,,,,,,,2025-01-15T13:00:35.748580Z,,2025-01-15T13:00:57.779940Z,
HE.FIA1.00.?HZ | 2025-01-15T13:00:22.544755Z - 2025-01-15T13:01:22.544755Z,,,,,,,2025-01-15T13:00:35.748580Z,,2025-01-15T13:00:57.779940Z,
HE.JOF.00.BHZ | 2025-01-15T13:00:11.766478Z - 2025-01-15T13:01:11.766478Z,,,,,,,2025-01-15T13:00:35.028170Z,,2025-01-15T13:00:56.388490Z,
HE.KAF.00.?HZ | 2025-01-15T13:00:00.327903Z - 2025-01-15T13:01:00.327903Z,,,,,,,2025-01-15T13:00:25.080760Z,,2025-01-15T13:00:38.608790Z,
HE.KEF.00.?HZ | 2025-01-15T13:00:25.267083Z - 2025-01-15T13:01:25.267083Z,,,,,,,2025-01-15T13:00:33.165240Z,,2025-01-15T13:00:52.909850Z,
HE.NIF.00.BHZ | 2025-01-15T12:59:50.993380Z - 2025-01-15T13:00:50.993380Z,,,,,,,2025-01-15T13:00:13.499630Z,,2025-01-15T13:00:19.068850Z,
HE.OUF.00.BHZ | 2025-01-15T13:00:22.090083Z - 2025-01-15T13:01:22.090083Z,,,,,,,2025-01-15T13:00:39.691030Z,,2025-01-15T13:01:04.505310Z,
HE.RMF.00.BHZ | 2025-01-15T13:00:25.113917Z - 2025-01-15T13:01:25.113917Z,,,,,,,2025-01-15T13:00:34.125210Z,,2025-01-15T13:00:55.228940Z,
HE.RUF.00.BHZ | 2025-01-15T13:00:18.791352Z - 2025-01-15T13:01:18.791352Z,,,,,,,2025-01-15T13:00:35.112850Z,,2025-01-15T13:00:56.156580Z,
HE.SUF.00.BHZ | 2025-01-15T13:00:19.129431Z - 2025-01-15T13:01:19.129431Z,,,,,,,,,2025-01-15T13:00:29.023210Z,
HE.ECKF.00.BHZ | 2025-01-15T15:21:39.404104Z - 2025-01-15T15:22:39.404104Z,,,,,,,2025-01-15T15:21:54.180000Z,,2025-01-15T15:22:22.980000Z,
HE.FIA0.00.SHZ | 2025-01-15T15:21:38.114513Z - 2025-01-15T15:22:38.114513Z,,,,,,,2025-01-15T15:21:43.900000Z,,,
HE.HEL5.00.BHZ | 2025-01-15T15:20:35.108285Z - 2025-01-15T15:21:35.108285Z,,,,,,,2025-01-15T15:21:26.480000Z,,,
HE.KAF.00.BHZ | 2025-01-15T15:21:31.361252Z - 2025-01-15T15:22:31.361252Z,,,,,,,2025-01-15T15:21:53.980000Z,,2025-01-15T15:22:21.980000Z,
HE.KEF.00.BHZ | 2025-01-15T15:21:38.042305Z - 2025-01-15T15:22:38.042305Z,,,,,,,2025-01-15T15:21:49.880000Z,,2025-01-15T15:22:14.420000Z,
HE.KORF.00.BHZ | 2025-01-15T15:21:23.142876Z - 2025-01-15T15:22:23.142876Z,,,,,,,2025-01-15T15:21:38.640000Z,,2025-01-15T15:21:54.380000Z,
HE.KPF.00.BHZ | 2025-01-15T15:21:27.968054Z - 2025-01-15T15:22:27.968054Z,,,,,,,2025-01-15T15:21:46.800000Z,,2025-01-15T15:22:11.480000Z,
HE.KUNI.00.BHZ | 2025-01-15T15:21:09.999619Z - 2025-01-15T15:22:09.999619Z,,,,,,,2025-01-15T15:21:26.780000Z,,,
HE.KY17.00.BHZ | 2025-01-15T15:21:26.946684Z - 2025-01-15T15:22:26.946684Z,,,,,,,2025-01-15T15:21:47.260000Z,,2025-01-15T15:22:09.720000Z,
HE.MEF.00.BHZ | 2025-01-15T15:20:35.919927Z - 2025-01-15T15:21:35.919927Z,,,,,,,2025-01-15T15:21:22.600000Z,,2025-01-15T15:21:27.220000Z,
HE.NUR.00.BHZ | 2025-01-15T15:21:02.781332Z - 2025-01-15T15:22:02.781332Z,,,,,,,2025-01-15T15:21:24.080000Z,,2025-01-15T15:21:29.880000Z,
HE.PVF.00.BHZ | 2025-01-15T15:21:02.653353Z - 2025-01-15T15:22:02.653353Z,,,,,,,2025-01-15T15:21:35.260000Z,,2025-01-15T15:21:48.680000Z,
HE.RAF.00.BHZ | 2025-01-15T15:21:08.228438Z - 2025-01-15T15:22:08.228438Z,,,,,,,2025-01-15T15:21:37.930000Z,,2025-01-15T15:21:53.720000Z,
HE.TRE03.00.BHZ | 2025-01-15T15:21:11.017768Z - 2025-01-15T15:22:11.017768Z,,,,,,,2025-01-15T15:21:39.180000Z,,2025-01-15T15:21:55.680000Z,
HE.TVF.00.BHZ | 2025-01-15T15:20:58.557327Z - 2025-01-15T15:21:58.557327Z,,,,,,,2025-01-15T15:21:27.980000Z,,,
HE.VJF.00.BHZ | 2025-01-15T15:21:48.221593Z - 2025-01-15T15:22:48.221593Z,,,,,,,,,2025-01-15T15:22:13.780000Z,
HE.VUOS.00.BHZ | 2025-01-15T15:21:04.480197Z - 2025-01-15T15:22:04.480197Z,,,,,,,2025-01-15T15:21:29.890000Z,,,
UP.AAL.00.BHZ | 2025-01-15T15:21:39.137021Z - 2025-01-15T15:22:39.137021Z,,,,,,,2025-01-15T15:21:51.000000Z,,2025-01-15T15:22:17.430000Z,
HE.HEL1.00.BHZ | 2025-01-15T11:10:20.877263Z - 2025-01-15T11:11:20.877263Z,,,,,,,2025-01-15T11:10:36.193750Z,,2025-01-15T11:10:39.764350Z,
HE.HEL5.00.BHZ | 2025-01-15T11:10:10.177301Z - 2025-01-15T11:11:10.177301Z,,,,,,,2025-01-15T11:10:34.755580Z,,2025-01-15T11:10:37.362580Z,
HE.KUNI.00.BHZ | 2025-01-15T11:10:19.376996Z - 2025-01-15T11:11:19.376996Z,,,,,,,2025-01-15T11:10:36.779100Z,,2025-01-15T11:10:41.169170Z,
HE.LAUT.00.BHZ | 2025-01-15T11:09:52.299103Z - 2025-01-15T11:10:52.299103Z,,,,,,,2025-01-15T11:10:35.608410Z,,2025-01-15T11:10:39.237540Z,
HE.MEF.00.BHZ | 2025-01-15T11:10:15.453783Z - 2025-01-15T11:11:15.453783Z,,,,,,,2025-01-15T11:10:33.330930Z,,2025-01-15T11:10:35.105860Z,
HE.RSUO.00.BHZ | 2025-01-15T11:10:19.618318Z - 2025-01-15T11:11:19.618318Z,,,,,,,2025-01-15T11:10:36.603490Z,,2025-01-15T11:10:40.174090Z,
HE.TVF.00.BHZ | 2025-01-15T11:10:17.506685Z - 2025-01-15T11:11:17.506685Z,,,,,,,2025-01-15T11:10:42.454350Z,,2025-01-15T11:10:50.697810Z,
HE.VUOS.00.BHZ | 2025-01-15T11:10:29.668157Z - 2025-01-15T11:11:29.668157Z,,,,,,,2025-01-15T11:10:38.652190Z,,2025-01-15T11:10:43.861750Z,
HE.FIA0.00.?HZ | 2025-01-16T09:52:36.865653Z - 2025-01-16T09:53:36.865653Z,,,,,,,2025-01-16T09:53:11.926750Z,,2025-01-16T09:53:29.743980Z,
HE.FIA1.00.?HZ | 2025-01-16T09:52:45.655677Z - 2025-01-16T09:53:45.655677Z,,,,,,,2025-01-16T09:53:11.926750Z,,2025-01-16T09:53:29.743980Z,
HE.KAF.00.?HZ | 2025-01-16T09:52:49.546759Z - 2025-01-16T09:53:49.546759Z,,,,,,,2025-01-16T09:53:14.204150Z,,2025-01-16T09:53:34.036480Z,
HE.KY02.00.CZ | 2025-01-16T09:52:49.994940Z - 2025-01-16T09:53:49.994940Z,,,,,,,2025-01-16T09:53:06.443480Z,,2025-01-16T09:53:20.485880Z,
HE.KY17.00.CZ | 2025-01-16T09:52:27.306036Z - 2025-01-16T09:53:27.306036Z,,,,,,,2025-01-16T09:53:04.387260Z,,2025-01-16T09:53:16.986060Z,
HE.LOVF.00.CZ | 2025-01-16T09:52:41.699699Z - 2025-01-16T09:53:41.699699Z,,,,,,,2025-01-16T09:53:14.433230Z,,2025-01-16T09:53:34.395430Z,
HE.PVF.00.CZ | 2025-01-16T09:52:43.739631Z - 2025-01-16T09:53:43.739631Z,,,,,,,2025-01-16T09:53:16.794710Z,,2025-01-16T09:53:38.343950Z,
HE.RUF.00.BHZ | 2025-01-16T09:52:07.213145Z - 2025-01-16T09:53:07.213145Z,,,,,,,2025-01-16T09:52:50.382520Z,,2025-01-16T09:52:52.527710Z,
HE.VJF.00.?HZ | 2025-01-16T09:52:27.340157Z - 2025-01-16T09:53:27.340157Z,,,,,,,2025-01-16T09:53:04.661420Z,,2025-01-16T09:53:17.524490Z,
FN.KLF.00.BHZ | 2025-01-16T11:07:58.820912Z - 2025-01-16T11:08:58.820912Z,,,,,,,,,2025-01-16T11:08:24.500000Z,
FN.MSF.00.BHZ | 2025-01-16T11:07:08.447873Z - 2025-01-16T11:08:08.447873Z,,,,,,,2025-01-16T11:07:19.530000Z,,,
FN.OLKF.00.BHZ | 2025-01-16T11:06:36.264319Z - 2025-01-16T11:07:36.264319Z,,,,,,,2025-01-16T11:07:27.280000Z,,,
FN.OUL.00.BHZ | 2025-01-16T11:06:47.341747Z - 2025-01-16T11:07:47.341747Z,,,,,,,2025-01-16T11:07:26.030000Z,,,
FN.RANF.00.BHZ | 2025-01-16T11:06:56.536094Z - 2025-01-16T11:07:56.536094Z,,,,,,,2025-01-16T11:07:24.740000Z,,2025-01-16T11:07:37.760000Z,
HE.JOF.00.BHZ | 2025-01-16T11:07:40.621521Z - 2025-01-16T11:08:40.621521Z,,,,,,,2025-01-16T11:07:53.180000Z,,,
HE.KU1.00.BHZ | 2025-01-16T11:06:29.566114Z - 2025-01-16T11:07:29.566114Z,,,,,,,2025-01-16T11:07:16.880000Z,,,
HE.KU2.00.BHZ | 2025-01-16T11:06:38.244625Z - 2025-01-16T11:07:38.244625Z,,,,,,,2025-01-16T11:07:14.680000Z,,2025-01-16T11:07:20.560000Z,
HE.KU6.00.BHZ | 2025-01-16T11:07:02.820282Z - 2025-01-16T11:08:02.820282Z,,,,,,,2025-01-16T11:07:24.580000Z,,,
HE.NIF.00.BHZ | 2025-01-16T11:07:20.592626Z - 2025-01-16T11:08:20.592626Z,,,,,,,2025-01-16T11:07:40.480000Z,,2025-01-16T11:08:05.880000Z,
HE.RMF.00.BHZ | 2025-01-16T11:06:56.204150Z - 2025-01-16T11:07:56.204150Z,,,,,,,2025-01-16T11:07:29.850000Z,,,
HE.TOF.00.BHZ | 2025-01-16T11:07:30.793626Z - 2025-01-16T11:08:30.793626Z,,,,,,,,,2025-01-16T11:08:04.400000Z,
HE.ECKF.00.BHZ | 2025-01-16T12:04:10.355150Z - 2025-01-16T12:05:10.355150Z,,,,,,,2025-01-16T12:04:31.740000Z,,2025-01-16T12:04:53.280000Z,
HE.FIA0.00.SHZ | 2025-01-16T12:04:30.517855Z - 2025-01-16T12:05:30.517855Z,,,,,,,,,2025-01-16T12:05:13.100000Z,
HE.KEF.00.BHZ | 2025-01-16T12:04:33.814679Z - 2025-01-16T12:05:33.814679Z,,,,,,,,,2025-01-16T12:05:17.620000Z,
HE.KORF.00.BHZ | 2025-01-16T12:03:59.001014Z - 2025-01-16T12:04:59.001014Z,,,,,,,2025-01-16T12:04:13.910000Z,,2025-01-16T12:04:19.540000Z,
HE.KPF.00.BHZ | 2025-01-16T12:04:05.150945Z - 2025-01-16T12:05:05.150945Z,,,,,,,2025-01-16T12:04:33.780000Z,,2025-01-16T12:04:57.580000Z,
HE.RAF.00.BHZ | 2025-01-16T12:04:04.537025Z - 2025-01-16T12:05:04.537025Z,,,,,,,2025-01-16T12:04:19.980000Z,,2025-01-16T12:04:30.160000Z,
HE.TVF.00.BHZ | 2025-01-16T12:04:04.225486Z - 2025-01-16T12:05:04.225486Z,,,,,,,2025-01-16T12:04:19.100000Z,,,
UP.AAL.00.BHZ | 2025-01-16T12:04:29.004811Z - 2025-01-16T12:05:29.004811Z,,,,,,,,,2025-01-16T12:04:48.000000Z,
FN.KLF.00.BHZ | 2025-01-17T08:16:44.056599Z - 2025-01-17T08:17:44.056599Z,,,,,,,2025-01-17T08:16:49.280000Z,,2025-01-17T08:16:59.160000Z,
FN.MSF.00.BHZ | 2025-01-17T08:16:40.193110Z - 2025-01-17T08:17:40.193110Z,,,,,,,2025-01-17T08:17:06.980000Z,,2025-01-17T08:17:28.600000Z,
FN.OLKF.00.BHZ | 2025-01-17T08:16:39.311736Z - 2025-01-17T08:17:39.311736Z,,,,,,,2025-01-17T08:17:06.260000Z,,2025-01-17T08:17:27.960000Z,
FN.OUL.00.BHZ | 2025-01-17T08:16:45.054328Z - 2025-01-17T08:17:45.054328Z,,,,,,,2025-01-17T08:17:04.280000Z,,2025-01-17T08:17:24.500000Z,
FN.RAJF.00.BHZ | 2025-01-17T08:17:01.106242Z - 2025-01-17T08:18:01.106242Z,,,,,,,,,2025-01-17T08:17:41.960000Z,
FN.RANF.00.BHZ | 2025-01-17T08:16:39.557328Z - 2025-01-17T08:17:39.557328Z,,,,,,,2025-01-17T08:16:51.740000Z,,2025-01-17T08:17:00.200000Z,
FN.RNF.00.BHZ | 2025-01-17T08:16:29.903520Z - 2025-01-17T08:17:29.903520Z,,,,,,,2025-01-17T08:16:40.720000Z,,2025-01-17T08:16:44.180000Z,
HE.HEF.00.BHZ | 2025-01-17T08:16:56.496173Z - 2025-01-17T08:17:56.496173Z,,,,,,,2025-01-17T08:17:08.980000Z,,2025-01-17T08:17:32.920000Z,
HE.KU1.00.BHZ | 2025-01-17T08:16:48.261969Z - 2025-01-17T08:17:48.261969Z,,,,,,,2025-01-17T08:17:12.160000Z,,2025-01-17T08:17:38.640000Z,
HE.KU2.00.BHZ | 2025-01-17T08:16:35.992115Z - 2025-01-17T08:17:35.992115Z,,,,,,,2025-01-17T08:17:02.980000Z,,2025-01-17T08:17:25.180000Z,
HE.KU6.00.BHZ | 2025-01-17T08:17:01.837663Z - 2025-01-17T08:18:01.837663Z,,,,,,,2025-01-17T08:17:10.440000Z,,2025-01-17T08:17:36.200000Z,
HE.OBF0.00.BHZ | 2025-01-17T08:17:31.071788Z - 2025-01-17T08:18:31.071788Z,,,,,,,,,2025-01-17T08:17:42.600000Z,
HE.OBF3.00.BHZ | 2025-01-17T08:16:59.006573Z - 2025-01-17T08:17:59.006573Z,,,,,,,2025-01-17T08:17:09.050000Z,,2025-01-17T08:17:33.620000Z,
HE.OUF.00.BHZ | 2025-01-17T08:17:28.672810Z - 2025-01-17T08:18:28.672810Z,,,,,,,,,2025-01-17T08:17:46.960000Z,
HE.TOF.00.BHZ | 2025-01-17T08:16:27.619102Z - 2025-01-17T08:17:27.619102Z,,,,,,,2025-01-17T08:16:47.880000Z,,2025-01-17T08:16:55.800000Z,
HE.VRF.00.BHZ | 2025-01-17T08:16:44.873614Z - 2025-01-17T08:17:44.873614Z,,,,,,,2025-01-17T08:17:11.780000Z,,2025-01-17T08:17:38.200000Z,
FN.KLF.00.BHZ | 2025-01-19T16:45:24.853295Z - 2025-01-19T16:46:24.853295Z,,,,,,,2025-01-19T16:45:59.280000Z,,2025-01-19T16:46:11.400000Z,
FN.OLKF.00.BHZ | 2025-01-19T16:46:43.664536Z - 2025-01-19T16:47:43.664536Z,,,,,,,,,2025-01-19T16:46:53.040000Z,
FN.RAJF.00.BHZ | 2025-01-19T16:46:13.990828Z - 2025-01-19T16:47:13.990828Z,,,,,,,,,2025-01-19T16:46:24.880000Z,
FN.RANF.00.BHZ | 2025-01-19T16:45:58.243086Z - 2025-01-19T16:46:58.243086Z,,,,,,,2025-01-19T16:46:19.780000Z,,2025-01-19T16:46:44.840000Z,
FN.RNF.00.BHZ | 2025-01-19T16:45:34.938018Z - 2025-01-19T16:46:34.938018Z,,,,,,,2025-01-19T16:46:07.780000Z,,2025-01-19T16:46:25.240000Z,
HE.HEF.00.BHZ | 2025-01-19T16:45:19.574047Z - 2025-01-19T16:46:19.574047Z,,,,,,,,,2025-01-19T16:46:09.760000Z,
HE.KEV.00.BHZ | 2025-01-19T16:46:03.266080Z - 2025-01-19T16:47:03.266080Z,,,,,,,2025-01-19T16:46:18.000000Z,,2025-01-19T16:46:42.860000Z,
HE.KIF.00.BHZ | 2025-01-19T16:46:39.295196Z - 2025-01-19T16:47:39.295196Z,,,,,,,,,2025-01-19T16:46:46.380000Z,
HE.KU1.00.BHZ | 2025-01-19T16:46:21.477346Z - 2025-01-19T16:47:21.477346Z,,,,,,,,,2025-01-19T16:47:11.900000Z,
HE.TOF.00.BHZ | 2025-01-19T16:46:06.470726Z - 2025-01-19T16:47:06.470726Z,,,,,,,,,2025-01-19T16:46:42.980000Z,
HE.VRF.00.BHZ | 2025-01-19T16:45:46.059058Z - 2025-01-19T16:46:46.059058Z,,,,,,,2025-01-19T16:46:12.680000Z,,2025-01-19T16:46:33.400000Z,
FN.RAJF.00.BHZ | 2025-01-14T13:11:24.677436Z - 2025-01-14T13:12:24.677436Z,,,,,,,,,2025-01-14T13:11:32.920000Z,
HE.HEF.00.BHZ | 2025-01-14T13:10:41.189846Z - 2025-01-14T13:11:41.189846Z,,,,,,,2025-01-14T13:10:47.580000Z,,2025-01-14T13:11:17.160000Z,
HE.KEV.00.BHZ | 2025-01-14T13:10:08.775930Z - 2025-01-14T13:11:08.775930Z,,,,,,,2025-01-14T13:10:34.140000Z,,2025-01-14T13:10:53.120000Z,
HE.KIF.00.BHZ | 2025-01-14T13:10:28.642438Z - 2025-01-14T13:11:28.642438Z,,,,,,,2025-01-14T13:10:42.880000Z,,2025-01-14T13:11:08.080000Z,
FN.KLF.00.BHZ | 2025-01-19T10:18:11.538621Z - 2025-01-19T10:19:11.538621Z,,,,,,,2025-01-19T10:18:50.720000Z,,2025-01-19T10:18:57.680000Z,
FN.MSF.00.BHZ | 2025-01-19T10:19:21.408215Z - 2025-01-19T10:20:21.408215Z,,,,,,,2025-01-19T10:19:31.080000Z,,2025-01-19T10:20:08.880000Z,
FN.OLKF.00.BHZ | 2025-01-19T10:19:12.629331Z - 2025-01-19T10:20:12.629331Z,,,,,,,2025-01-19T10:19:29.980000Z,,2025-01-19T10:20:05.600000Z,
FN.OUL.00.BHZ | 2025-01-19T10:19:10.641326Z - 2025-01-19T10:20:10.641326Z,,,,,,,2025-01-19T10:19:28.980000Z,,2025-01-19T10:20:04.960000Z,
FN.RAJF.00.BHZ | 2025-01-19T10:19:01.044804Z - 2025-01-19T10:20:01.044804Z,,,,,,,2025-01-19T10:19:22.280000Z,,2025-01-19T10:19:51.320000Z,
FN.RANF.00.BHZ | 2025-01-19T10:19:12.427904Z - 2025-01-19T10:20:12.427904Z,,,,,,,2025-01-19T10:19:20.440000Z,,2025-01-19T10:19:45.640000Z,
FN.RNF.00.BHZ | 2025-01-19T10:18:59.758863Z - 2025-01-19T10:19:59.758863Z,,,,,,,2025-01-19T10:19:09.120000Z,,2025-01-19T10:19:27.040000Z,
HE.HEF.00.BHZ | 2025-01-19T10:18:23.303719Z - 2025-01-19T10:19:23.303719Z,,,,,,,2025-01-19T10:19:03.560000Z,,2025-01-19T10:19:12.800000Z,
HE.KEV.00.BHZ | 2025-01-19T10:19:10.797443Z - 2025-01-19T10:20:10.797443Z,,,,,,,2025-01-19T10:19:30.130000Z,,2025-01-19T10:20:05.200000Z,
HE.KIF.00.BHZ | 2025-01-19T10:18:56.407663Z - 2025-01-19T10:19:56.407663Z,,,,,,,2025-01-19T10:19:18.760000Z,,2025-01-19T10:19:43.000000Z,
HE.KU1.00.BHZ | 2025-01-19T10:18:59.618448Z - 2025-01-19T10:19:59.618448Z,,,,,,,2025-01-19T10:19:36.180000Z,,,
HE.KU2.00.BHZ | 2025-01-19T10:19:25.098176Z - 2025-01-19T10:20:25.098176Z,,,,,,,2025-01-19T10:19:31.180000Z,,2025-01-19T10:20:06.040000Z,
HE.KU6.00.BHZ | 2025-01-19T10:19:16.939563Z - 2025-01-19T10:20:16.939563Z,,,,,,,2025-01-19T10:19:34.080000Z,,2025-01-19T10:20:10.680000Z,
HE.OBF3.00.BHZ | 2025-01-19T10:19:14.109642Z - 2025-01-19T10:20:14.109642Z,,,,,,,2025-01-19T10:19:30.880000Z,,,
HE.TOF.00.BHZ | 2025-01-19T10:18:59.345295Z - 2025-01-19T10:19:59.345295Z,,,,,,,2025-01-19T10:19:10.560000Z,,2025-01-19T10:19:29.040000Z,
HE.VRF.00.BHZ | 2025-01-19T10:19:07.716122Z - 2025-01-19T10:20:07.716122Z,,,,,,,2025-01-19T10:19:27.680000Z,,2025-01-19T10:19:58.840000Z,
FN.MSF.00.BHZ | 2025-01-19T20:10:16.577961Z - 2025-01-19T20:11:16.577961Z,,,,,,,,,2025-01-19T20:10:44.520000Z,
FN.OLKF.00.BHZ | 2025-01-19T20:09:46.646855Z - 2025-01-19T20:10:46.646855Z,,,,,,,2025-01-19T20:10:03.260000Z,,2025-01-19T20:10:31.600000Z,
FN.RAJF.00.BHZ | 2025-01-19T20:09:47.825291Z - 2025-01-19T20:10:47.825291Z,,,,,,,2025-01-19T20:10:03.030000Z,,2025-01-19T20:10:29.880000Z,
FN.RANF.00.BHZ | 2025-01-19T20:10:27.502822Z - 2025-01-19T20:11:27.502822Z,,,,,,,,,2025-01-19T20:11:01.040000Z,
FN.RNF.00.BHZ | 2025-01-19T20:10:47.586140Z - 2025-01-19T20:11:47.586140Z,,,,,,,,,2025-01-19T20:11:02.530000Z,
HE.HEF.00.BHZ | 2025-01-19T20:09:48.097577Z - 2025-01-19T20:10:48.097577Z,,,,,,,2025-01-19T20:10:23.130000Z,,,
HE.KU6.00.BHZ | 2025-01-19T20:09:40.475359Z - 2025-01-19T20:10:40.475359Z,,,,,,,,,2025-01-19T20:10:33.240000Z,
HE.VRF.00.BHZ | 2025-01-19T20:09:41.762148Z - 2025-01-19T20:10:41.762148Z,,,,,,,2025-01-19T20:09:52.780000Z,,2025-01-19T20:10:12.360000Z,
HE.HEL1.00.BHZ | 2025-01-14T10:31:54.862773Z - 2025-01-14T10:32:54.862773Z,,,,,,,2025-01-14T10:32:07.301600Z,,2025-01-14T10:32:07.866030Z,
HE.HEL5.00.BHZ | 2025-01-14T10:31:53.584869Z - 2025-01-14T10:32:53.584869Z,,,,,,,2025-01-14T10:32:08.794600Z,,2025-01-14T10:32:10.560710Z,
HE.KUNI.00.BHZ | 2025-01-14T10:31:30.736024Z - 2025-01-14T10:32:30.736024Z,,,,,,,2025-01-14T10:32:07.365540Z,,2025-01-14T10:32:08.002590Z,
HE.LAUT.00.BHZ | 2025-01-14T10:31:55.171020Z - 2025-01-14T10:32:55.171020Z,,,,,,,2025-01-14T10:32:07.806150Z,,2025-01-14T10:32:08.749090Z,
HE.MEF.00.BHZ | 2025-01-14T10:31:49.533982Z - 2025-01-14T10:32:49.533982Z,,,,,,,2025-01-14T10:32:10.718070Z,,2025-01-14T10:32:14.040910Z,
HE.NUR.00.SHZ | 2025-01-14T10:31:32.550931Z - 2025-01-14T10:32:32.550931Z,,,,,,,2025-01-14T10:32:11.850860Z,,2025-01-14T10:32:15.928890Z,
HE.PVF.00.CZ | 2025-01-14T10:31:42.930233Z - 2025-01-14T10:32:42.930233Z,,,,,,,,,2025-01-14T10:32:24.525220Z,
HE.RSUO.00.BHZ | 2025-01-14T10:31:36.612366Z - 2025-01-14T10:32:36.612366Z,,,,,,,2025-01-14T10:32:06.864430Z,,2025-01-14T10:32:07.163790Z,
HE.VUOS.00.BHZ | 2025-01-14T10:31:42.074732Z - 2025-01-14T10:32:42.074732Z,,,,,,,2025-01-14T10:32:08.985780Z,,2025-01-14T10:32:10.842930Z,
HE.ECKF.00.CZ | 2025-01-18T15:13:31.446415Z - 2025-01-18T15:14:31.446415Z,,,,,,,2025-01-18T15:13:38.032700Z,,2025-01-18T15:13:58.893410Z,
UP.AAL.00.BHZ | 2025-01-18T15:13:34.142404Z - 2025-01-18T15:14:34.142404Z,,,,,,,2025-01-18T15:13:41.826960Z,,2025-01-18T15:14:06.524560Z,
HE.HEL1.00.BHZ | 2025-01-14T16:32:56.697296Z - 2025-01-14T16:33:56.697296Z,,,,,,,2025-01-14T16:33:13.180000Z,,,
HE.HEL5.00.BHZ | 2025-01-14T16:32:38.316951Z - 2025-01-14T16:33:38.316951Z,,,,,,,2025-01-14T16:33:14.760000Z,,2025-01-14T16:33:16.480000Z,
HE.KUNI.00.BHZ | 2025-01-14T16:32:35.122615Z - 2025-01-14T16:33:35.122615Z,,,,,,,2025-01-14T16:33:13.380000Z,,,
HE.LAUT.00.BHZ | 2025-01-14T16:32:28.015396Z - 2025-01-14T16:33:28.015396Z,,,,,,,2025-01-14T16:33:13.680000Z,,2025-01-14T16:33:14.580000Z,
HE.MEF.00.BHZ | 2025-01-14T16:33:00.390498Z - 2025-01-14T16:34:00.390498Z,,,,,,,2025-01-14T16:33:17.330000Z,,2025-01-14T16:33:21.400000Z,
HE.VUOS.00.BHZ | 2025-01-14T16:32:26.151565Z - 2025-01-14T16:33:26.151565Z,,,,,,,2025-01-14T16:33:14.940000Z,,2025-01-14T16:33:16.760000Z,
HE.ECKF.00.BHZ | 2025-01-17T13:04:05.623290Z - 2025-01-17T13:05:05.623290Z,,,,,,,,,2025-01-17T13:04:50.240000Z,
HE.FIA0.00.SHZ | 2025-01-17T13:03:55.599049Z - 2025-01-17T13:04:55.599049Z,,,,,,,,,2025-01-17T13:04:08.600000Z,
HE.KAF.00.BHZ | 2025-01-17T13:04:11.584256Z - 2025-01-17T13:05:11.584256Z,,,,,,,,,2025-01-17T13:04:23.160000Z,
HE.KEF.00.BHZ | 2025-01-17T13:03:29.024437Z - 2025-01-17T13:04:29.024437Z,,,,,,,2025-01-17T13:03:58.760000Z,,2025-01-17T13:04:15.840000Z,
HE.KORF.00.BHZ | 2025-01-17T13:03:13.997006Z - 2025-01-17T13:04:13.997006Z,,,,,,,2025-01-17T13:04:03.140000Z,,,
HE.KPF.00.BHZ | 2025-01-17T13:03:52.957810Z - 2025-01-17T13:04:52.957810Z,,,,,,,2025-01-17T13:04:01.560000Z,,2025-01-17T13:04:22.180000Z,
HE.KY17.00.BHZ | 2025-01-17T13:03:30.235523Z - 2025-01-17T13:04:30.235523Z,,,,,,,,,2025-01-17T13:04:15.420000Z,
HE.MEF.00.BHZ | 2025-01-17T13:03:06.501115Z - 2025-01-17T13:04:06.501115Z,,,,,,,2025-01-17T13:03:45.680000Z,,2025-01-17T13:03:54.120000Z,
HE.NUR.00.BHZ | 2025-01-17T13:03:27.830774Z - 2025-01-17T13:04:27.830774Z,,,,,,,2025-01-17T13:03:41.480000Z,,,
HE.PVF.00.BHZ | 2025-01-17T13:03:10.819832Z - 2025-01-17T13:04:10.819832Z,,,,,,,2025-01-17T13:03:48.460000Z,,,
HE.RAF.00.BHZ | 2025-01-17T13:03:37.468835Z - 2025-01-17T13:04:37.468835Z,,,,,,,2025-01-17T13:03:57.780000Z,,2025-01-17T13:04:15.320000Z,
HE.RUF.00.BHZ | 2025-01-17T13:04:12.315258Z - 2025-01-17T13:05:12.315258Z,,,,,,,,,2025-01-17T13:04:44.880000Z,
HE.SUF.00.BHZ | 2025-01-17T13:03:48.580411Z - 2025-01-17T13:04:48.580411Z,,,,,,,,,2025-01-17T13:04:38.400000Z,
HE.TRE03.00.BHZ | 2025-01-17T13:03:22.280962Z - 2025-01-17T13:04:22.280962Z,,,,,,,2025-01-17T13:03:48.750000Z,,2025-01-17T13:03:59.080000Z,
HE.VAF.00.BHZ | 2025-01-17T13:03:55.717009Z - 2025-01-17T13:04:55.717009Z,,,,,,,,,2025-01-17T13:04:46.080000Z,
UP.AAL.00.BHZ | 2025-01-17T13:03:55.583382Z - 2025-01-17T13:04:55.583382Z,,,,,,,2025-01-17T13:04:14.040000Z,,2025-01-17T13:04:44.730000Z,
HE.ECKF.00.BHZ | 2025-01-16T11:51:21.881393Z - 2025-01-16T11:52:21.881393Z,,,,,,,,,2025-01-16T11:51:30.760000Z,
HE.FIA0.00.SHZ | 2025-01-16T11:50:06.862234Z - 2025-01-16T11:51:06.862234Z,,,,,,,2025-01-16T11:50:30.100000Z,,2025-01-16T11:50:43.800000Z,
HE.HEL5.00.BHZ | 2025-01-16T11:50:32.267203Z - 2025-01-16T11:51:32.267203Z,,,,,,,,,2025-01-16T11:50:59.580000Z,
HE.KAF.00.BHZ | 2025-01-16T11:50:01.311822Z - 2025-01-16T11:51:01.311822Z,,,,,,,2025-01-16T11:50:33.780000Z,,2025-01-16T11:50:51.480000Z,
HE.KEF.00.BHZ | 2025-01-16T11:50:01.399065Z - 2025-01-16T11:51:01.399065Z,,,,,,,2025-01-16T11:50:24.480000Z,,2025-01-16T11:50:34.340000Z,
HE.KORF.00.BHZ | 2025-01-16T11:50:20.839215Z - 2025-01-16T11:51:20.839215Z,,,,,,,2025-01-16T11:50:45.680000Z,,2025-01-16T11:51:12.120000Z,
HE.KPF.00.BHZ | 2025-01-16T11:50:18.988570Z - 2025-01-16T11:51:18.988570Z,,,,,,,2025-01-16T11:50:27.880000Z,,,
HE.KY17.00.BHZ | 2025-01-16T11:50:30.344900Z - 2025-01-16T11:51:30.344900Z,,,,,,,2025-01-16T11:50:41.740000Z,,2025-01-16T11:51:03.480000Z,
HE.LAUT.00.BHZ | 2025-01-16T11:50:20.471654Z - 2025-01-16T11:51:20.471654Z,,,,,,,,,2025-01-16T11:50:59.050000Z,
HE.MEF.00.BHZ | 2025-01-16T11:50:25.978662Z - 2025-01-16T11:51:25.978662Z,,,,,,,,,2025-01-16T11:50:55.560000Z,
HE.NIF.00.BHZ | 2025-01-16T11:51:01.362671Z - 2025-01-16T11:52:01.362671Z,,,,,,,,,2025-01-16T11:51:29.260000Z,
HE.NUR.00.BHZ | 2025-01-16T11:50:24.513465Z - 2025-01-16T11:51:24.513465Z,,,,,,,,,2025-01-16T11:50:47.880000Z,
HE.PVF.00.BHZ | 2025-01-16T11:50:09.689753Z - 2025-01-16T11:51:09.689753Z,,,,,,,2025-01-16T11:50:37.340000Z,,2025-01-16T11:50:56.880000Z,
HE.RAF.00.BHZ | 2025-01-16T11:50:19.087347Z - 2025-01-16T11:51:19.087347Z,,,,,,,2025-01-16T11:50:33.030000Z,,2025-01-16T11:50:49.880000Z,
HE.RUF.00.BHZ | 2025-01-16T11:50:03.092697Z - 2025-01-16T11:51:03.092697Z,,,,,,,2025-01-16T11:50:54.280000Z,,,
HE.SUF.00.BHZ | 2025-01-16T11:50:32.099186Z - 2025-01-16T11:51:32.099186Z,,,,,,,2025-01-16T11:50:39.280000Z,,2025-01-16T11:51:01.260000Z,
HE.TRE03.00.BHZ | 2025-01-16T11:49:20.343206Z - 2025-01-16T11:50:20.343206Z,,,,,,,2025-01-16T11:50:13.380000Z,,,
HE.TVF.00.BHZ | 2025-01-16T11:50:31.660992Z - 2025-01-16T11:51:31.660992Z,,,,,,,2025-01-16T11:50:43.680000Z,,2025-01-16T11:51:08.240000Z,
HE.VAF.00.BHZ | 2025-01-16T11:50:21.034934Z - 2025-01-16T11:51:21.034934Z,,,,,,,2025-01-16T11:50:40.480000Z,,2025-01-16T11:51:01.980000Z,
HE.VJF.00.BHZ | 2025-01-16T11:50:39.087394Z - 2025-01-16T11:51:39.087394Z,,,,,,,,,2025-01-16T11:51:14.880000Z,
UP.AAL.00.BHZ | 2025-01-16T11:50:41.282279Z - 2025-01-16T11:51:41.282279Z,,,,,,,2025-01-16T11:50:53.280000Z,,2025-01-16T11:51:25.200000Z,
HE.ECKF.00.BHZ | 2025-01-16T10:44:56.573222Z - 2025-01-16T10:45:56.573222Z,,,,,,,2025-01-16T10:45:12.980000Z,,2025-01-16T10:45:33.620000Z,
HE.FIA0.00.SHZ | 2025-01-16T10:45:14.495186Z - 2025-01-16T10:46:14.495186Z,,,,,,,2025-01-16T10:45:25.500000Z,,2025-01-16T10:45:54.500000Z,
HE.KAF.00.BHZ | 2025-01-16T10:45:11.799347Z - 2025-01-16T10:46:11.799347Z,,,,,,,,,2025-01-16T10:46:05.120000Z,
HE.KEF.00.BHZ | 2025-01-16T10:45:02.914086Z - 2025-01-16T10:46:02.914086Z,,,,,,,2025-01-16T10:45:25.320000Z,,2025-01-16T10:45:52.760000Z,
HE.KORF.00.BHZ | 2025-01-16T10:44:19.314597Z - 2025-01-16T10:45:19.314597Z,,,,,,,2025-01-16T10:44:59.920000Z,,,
HE.KPF.00.BHZ | 2025-01-16T10:44:57.134406Z - 2025-01-16T10:45:57.134406Z,,,,,,,2025-01-16T10:45:09.580000Z,,,
HE.KY17.00.BHZ | 2025-01-16T10:45:29.621548Z - 2025-01-16T10:46:29.621548Z,,,,,,,,,2025-01-16T10:46:04.420000Z,
HE.PVF.00.BHZ | 2025-01-16T10:45:10.938464Z - 2025-01-16T10:46:10.938464Z,,,,,,,2025-01-16T10:45:22.580000Z,,2025-01-16T10:45:48.020000Z,
HE.RAF.00.BHZ | 2025-01-16T10:44:29.251892Z - 2025-01-16T10:45:29.251892Z,,,,,,,2025-01-16T10:44:54.960000Z,,2025-01-16T10:45:00.280000Z,
HE.TRE03.00.BHZ | 2025-01-16T10:45:04.548551Z - 2025-01-16T10:46:04.548551Z,,,,,,,2025-01-16T10:45:14.380000Z,,,
HE.TVF.00.BHZ | 2025-01-16T10:44:48.863156Z - 2025-01-16T10:45:48.863156Z,,,,,,,2025-01-16T10:45:07.220000Z,,,
HE.VAF.00.BHZ | 2025-01-16T10:45:11.720236Z - 2025-01-16T10:46:11.720236Z,,,,,,,2025-01-16T10:45:30.780000Z,,2025-01-16T10:46:02.000000Z,
UP.AAL.00.BHZ | 2025-01-16T10:44:29.848028Z - 2025-01-16T10:45:29.848028Z,,,,,,,2025-01-16T10:45:08.320000Z,,2025-01-16T10:45:23.120000Z,
FN.KLF.00.BHZ | 2025-01-17T12:40:01.047803Z - 2025-01-17T12:41:01.047803Z,,,,,,,2025-01-17T12:40:08.730000Z,,2025-01-17T12:40:43.080000Z,
FN.MSF.00.BHZ | 2025-01-17T12:39:38.987171Z - 2025-01-17T12:40:38.987171Z,,,,,,,2025-01-17T12:39:57.600000Z,,2025-01-17T12:40:21.120000Z,
FN.OLKF.00.BHZ | 2025-01-17T12:39:27.737683Z - 2025-01-17T12:40:27.737683Z,,,,,,,2025-01-17T12:39:49.880000Z,,2025-01-17T12:40:08.200000Z,
FN.OUL.00.BHZ | 2025-01-17T12:40:10.934862Z - 2025-01-17T12:41:10.934862Z,,,,,,,2025-01-17T12:40:16.480000Z,,2025-01-17T12:41:01.160000Z,
FN.RAJF.00.BHZ | 2025-01-17T12:39:13.991799Z - 2025-01-17T12:40:13.991799Z,,,,,,,2025-01-17T12:39:48.280000Z,,2025-01-17T12:40:04.800000Z,
FN.RANF.00.BHZ | 2025-01-17T12:39:55.805831Z - 2025-01-17T12:40:55.805831Z,,,,,,,2025-01-17T12:40:02.920000Z,,2025-01-17T12:40:31.200000Z,
FN.RNF.00.BHZ | 2025-01-17T12:39:42.274526Z - 2025-01-17T12:40:42.274526Z,,,,,,,2025-01-17T12:40:01.280000Z,,2025-01-17T12:40:28.720000Z,
HE.HEF.00.BHZ | 2025-01-17T12:39:58.108704Z - 2025-01-17T12:40:58.108704Z,,,,,,,2025-01-17T12:40:10.680000Z,,2025-01-17T12:40:47.560000Z,
HE.KEV.00.BHZ | 2025-01-17T12:40:03.554935Z - 2025-01-17T12:41:03.554935Z,,,,,,,2025-01-17T12:40:09.000000Z,,2025-01-17T12:40:40.800000Z,
HE.KIF.00.BHZ | 2025-01-17T12:39:39.670794Z - 2025-01-17T12:40:39.670794Z,,,,,,,2025-01-17T12:40:27.680000Z,,,
HE.KU1.00.BHZ | 2025-01-17T12:39:26.843628Z - 2025-01-17T12:40:26.843628Z,,,,,,,2025-01-17T12:40:02.300000Z,,,
HE.KU2.00.BHZ | 2025-01-17T12:39:23.488112Z - 2025-01-17T12:40:23.488112Z,,,,,,,2025-01-17T12:40:02.780000Z,,,
HE.KU6.00.BHZ | 2025-01-17T12:39:29.382483Z - 2025-01-17T12:40:29.382483Z,,,,,,,2025-01-17T12:39:54.200000Z,,2025-01-17T12:40:14.640000Z,
HE.OBF3.00.BHZ | 2025-01-17T12:39:59.676395Z - 2025-01-17T12:40:59.676395Z,,,,,,,2025-01-17T12:40:23.900000Z,,,
HE.RMF.00.BHZ | 2025-01-17T12:39:44.007005Z - 2025-01-17T12:40:44.007005Z,,,,,,,2025-01-17T12:40:20.100000Z,,,
HE.TOF.00.BHZ | 2025-01-17T12:40:04.683439Z - 2025-01-17T12:41:04.683439Z,,,,,,,2025-01-17T12:40:12.260000Z,,2025-01-17T12:40:52.200000Z,
HE.VRF.00.BHZ | 2025-01-17T12:39:26.424048Z - 2025-01-17T12:40:26.424048Z,,,,,,,2025-01-17T12:39:33.040000Z,,2025-01-17T12:39:37.800000Z,
HE.FIA0.00.SHZ | 2025-01-16T11:31:25.406915Z - 2025-01-16T11:32:25.406915Z,,,,,,,2025-01-16T11:31:38.100000Z,,2025-01-16T11:31:59.700000Z,
HE.HEL1.00.BHZ | 2025-01-16T11:31:00.490816Z - 2025-01-16T11:32:00.490816Z,,,,,,,2025-01-16T11:31:20.620000Z,,2025-01-16T11:31:23.780000Z,
HE.HEL5.00.BHZ | 2025-01-16T11:31:01.732682Z - 2025-01-16T11:32:01.732682Z,,,,,,,2025-01-16T11:31:21.780000Z,,2025-01-16T11:31:25.500000Z,
HE.JOF.00.BHZ | 2025-01-16T11:32:35.771516Z - 2025-01-16T11:33:35.771516Z,,,,,,,,,2025-01-16T11:33:12.180000Z,
HE.KAF.00.BHZ | 2025-01-16T11:31:01.134605Z - 2025-01-16T11:32:01.134605Z,,,,,,,2025-01-16T11:31:50.330000Z,,,
HE.KEF.00.BHZ | 2025-01-16T11:31:43.100028Z - 2025-01-16T11:32:43.100028Z,,,,,,,2025-01-16T11:31:48.730000Z,,,
HE.KORF.00.BHZ | 2025-01-16T11:31:22.165715Z - 2025-01-16T11:32:22.165715Z,,,,,,,2025-01-16T11:31:46.980000Z,,,
HE.KPF.00.BHZ | 2025-01-16T11:31:44.945855Z - 2025-01-16T11:32:44.945855Z,,,,,,,2025-01-16T11:31:52.080000Z,,2025-01-16T11:32:17.580000Z,
HE.KUNI.00.BHZ | 2025-01-16T11:30:28.670320Z - 2025-01-16T11:31:28.670320Z,,,,,,,2025-01-16T11:31:19.040000Z,,2025-01-16T11:31:21.060000Z,
HE.KY17.00.BHZ | 2025-01-16T11:31:24.878253Z - 2025-01-16T11:32:24.878253Z,,,,,,,2025-01-16T11:31:38.250000Z,,2025-01-16T11:31:54.540000Z,
HE.LAUT.00.BHZ | 2025-01-16T11:30:38.834006Z - 2025-01-16T11:31:38.834006Z,,,,,,,2025-01-16T11:31:21.080000Z,,2025-01-16T11:31:24.640000Z,
HE.MEF.00.BHZ | 2025-01-16T11:30:41.477786Z - 2025-01-16T11:31:41.477786Z,,,,,,,2025-01-16T11:31:21.580000Z,,2025-01-16T11:31:25.800000Z,
HE.NUR.00.BHZ | 2025-01-16T11:30:33.498731Z - 2025-01-16T11:31:33.498731Z,,,,,,,2025-01-16T11:31:18.480000Z,,,
HE.PVF.00.BHZ | 2025-01-16T11:30:50.500919Z - 2025-01-16T11:31:50.500919Z,,,,,,,2025-01-16T11:31:25.680000Z,,2025-01-16T11:31:32.680000Z,
HE.RAF.00.BHZ | 2025-01-16T11:31:16.204390Z - 2025-01-16T11:32:16.204390Z,,,,,,,2025-01-16T11:31:45.930000Z,,2025-01-16T11:32:07.880000Z,
HE.SUF.00.BHZ | 2025-01-16T11:32:17.805367Z - 2025-01-16T11:33:17.805367Z,,,,,,,,,2025-01-16T11:32:30.360000Z,
HE.TRE03.00.BHZ | 2025-01-16T11:31:04.844731Z - 2025-01-16T11:32:04.844731Z,,,,,,,2025-01-16T11:31:39.280000Z,,2025-01-16T11:31:55.640000Z,
HE.TVF.00.BHZ | 2025-01-16T11:31:00.913081Z - 2025-01-16T11:32:00.913081Z,,,,,,,2025-01-16T11:31:34.080000Z,,,
HE.VAF.00.BHZ | 2025-01-16T11:32:36.276445Z - 2025-01-16T11:33:36.276445Z,,,,,,,,,2025-01-16T11:32:41.680000Z,
HE.VJF.00.BHZ | 2025-01-16T11:31:12.444432Z - 2025-01-16T11:32:12.444432Z,,,,,,,2025-01-16T11:31:40.480000Z,,2025-01-16T11:32:02.440000Z,
HE.VUOS.00.BHZ | 2025-01-16T11:30:52.889659Z - 2025-01-16T11:31:52.889659Z,,,,,,,2025-01-16T11:31:21.180000Z,,2025-01-16T11:31:24.860000Z,
HE.ECKF.00.BHZ | 2025-01-16T11:38:07.426538Z - 2025-01-16T11:39:07.426538Z,,,,,,,,,2025-01-16T11:38:39.860000Z,
HE.FIA0.00.SHZ | 2025-01-16T11:37:30.775911Z - 2025-01-16T11:38:30.775911Z,,,,,,,2025-01-16T11:37:40.100000Z,,2025-01-16T11:38:01.500000Z,
HE.HEL1.00.BHZ | 2025-01-16T11:36:57.611660Z - 2025-01-16T11:37:57.611660Z,,,,,,,2025-01-16T11:37:21.680000Z,,2025-01-16T11:37:24.220000Z,
HE.HEL5.00.BHZ | 2025-01-16T11:37:08.448866Z - 2025-01-16T11:38:08.448866Z,,,,,,,2025-01-16T11:37:22.980000Z,,2025-01-16T11:37:25.880000Z,
HE.JOF.00.BHZ | 2025-01-16T11:37:52.059001Z - 2025-01-16T11:38:52.059001Z,,,,,,,2025-01-16T11:38:20.740000Z,,,
HE.KAF.00.BHZ | 2025-01-16T11:37:46.002794Z - 2025-01-16T11:38:46.002794Z,,,,,,,2025-01-16T11:37:52.080000Z,,2025-01-16T11:38:16.720000Z,
HE.KEF.00.BHZ | 2025-01-16T11:37:15.854368Z - 2025-01-16T11:38:15.854368Z,,,,,,,2025-01-16T11:37:51.130000Z,,,
HE.KORF.00.BHZ | 2025-01-16T11:37:35.859294Z - 2025-01-16T11:38:35.859294Z,,,,,,,2025-01-16T11:37:49.080000Z,,2025-01-16T11:38:11.840000Z,
HE.KPF.00.BHZ | 2025-01-16T11:37:48.719644Z - 2025-01-16T11:38:48.719644Z,,,,,,,2025-01-16T11:37:54.180000Z,,2025-01-16T11:38:20.420000Z,
HE.KUNI.00.BHZ | 2025-01-16T11:37:03.378885Z - 2025-01-16T11:38:03.378885Z,,,,,,,2025-01-16T11:37:19.880000Z,,,
HE.KY17.00.BHZ | 2025-01-16T11:37:13.301110Z - 2025-01-16T11:38:13.301110Z,,,,,,,2025-01-16T11:37:39.780000Z,,2025-01-16T11:37:56.100000Z,
HE.LAUT.00.BHZ | 2025-01-16T11:36:59.074162Z - 2025-01-16T11:37:59.074162Z,,,,,,,2025-01-16T11:37:22.180000Z,,2025-01-16T11:37:25.140000Z,
HE.MEF.00.BHZ | 2025-01-16T11:37:13.844157Z - 2025-01-16T11:38:13.844157Z,,,,,,,2025-01-16T11:37:23.440000Z,,2025-01-16T11:37:27.640000Z,
HE.NUR.00.BHZ | 2025-01-16T11:36:39.588907Z - 2025-01-16T11:37:39.588907Z,,,,,,,2025-01-16T11:37:21.480000Z,,2025-01-16T11:37:24.080000Z,
HE.PVF.00.BHZ | 2025-01-16T11:37:21.093885Z - 2025-01-16T11:38:21.093885Z,,,,,,,2025-01-16T11:37:27.190000Z,,2025-01-16T11:37:33.780000Z,
HE.RAF.00.BHZ | 2025-01-16T11:37:20.481763Z - 2025-01-16T11:38:20.481763Z,,,,,,,2025-01-16T11:37:48.560000Z,,2025-01-16T11:38:11.100000Z,
HE.RUF.00.BHZ | 2025-01-16T11:37:44.096253Z - 2025-01-16T11:38:44.096253Z,,,,,,,2025-01-16T11:37:56.680000Z,,2025-01-16T11:38:27.880000Z,
HE.SUF.00.BHZ | 2025-01-16T11:37:38.918918Z - 2025-01-16T11:38:38.918918Z,,,,,,,2025-01-16T11:38:00.700000Z,,2025-01-16T11:38:32.940000Z,
HE.TRE03.00.BHZ | 2025-01-16T11:37:05.806942Z - 2025-01-16T11:38:05.806942Z,,,,,,,2025-01-16T11:37:41.980000Z,,2025-01-16T11:37:59.220000Z,
HE.TVF.00.BHZ | 2025-01-16T11:36:51.261152Z - 2025-01-16T11:37:51.261152Z,,,,,,,2025-01-16T11:37:36.180000Z,,,
HE.VAF.00.BHZ | 2025-01-16T11:37:58.251521Z - 2025-01-16T11:38:58.251521Z,,,,,,,2025-01-16T11:38:08.080000Z,,2025-01-16T11:38:44.060000Z,
HE.VJF.00.BHZ | 2025-01-16T11:37:18.364780Z - 2025-01-16T11:38:18.364780Z,,,,,,,2025-01-16T11:37:41.880000Z,,2025-01-16T11:38:00.100000Z,
HE.VUOS.00.BHZ | 2025-01-16T11:36:41.295304Z - 2025-01-16T11:37:41.295304Z,,,,,,,2025-01-16T11:37:21.980000Z,,2025-01-16T11:37:24.940000Z,
UP.AAL.00.BHZ | 2025-01-16T11:38:19.620007Z - 2025-01-16T11:39:19.620007Z,,,,,,,,,2025-01-16T11:38:33.330000Z,
HE.FIA0.00.?HZ | 2025-01-16T11:06:46.639371Z - 2025-01-16T11:07:46.639371Z,,,,,,,2025-01-16T11:07:15.082490Z,,2025-01-16T11:07:41.056310Z,
HE.FIA1.00.?HZ | 2025-01-16T11:06:50.713140Z - 2025-01-16T11:07:50.713140Z,,,,,,,2025-01-16T11:07:15.082490Z,,2025-01-16T11:07:41.056310Z,
HE.HEL5.00.BHZ | 2025-01-16T11:06:40.822678Z - 2025-01-16T11:07:40.822678Z,,,,,,,,,2025-01-16T11:06:55.370210Z,
HE.KORF.00.CZ | 2025-01-16T11:06:37.075932Z - 2025-01-16T11:07:37.075932Z,,,,,,,2025-01-16T11:07:05.110400Z,,2025-01-16T11:07:23.895030Z,
HE.KY17.00.CZ | 2025-01-16T11:07:03.564951Z - 2025-01-16T11:08:03.564951Z,,,,,,,2025-01-16T11:07:12.299580Z,,2025-01-16T11:07:37.345760Z,
HE.LAUT.00.BHZ | 2025-01-16T11:06:28.061823Z - 2025-01-16T11:07:28.061823Z,,,,,,,,,2025-01-16T11:06:57.689300Z,
HE.LOVF.00.CZ | 2025-01-16T11:06:45.250254Z - 2025-01-16T11:07:45.250254Z,,,,,,,2025-01-16T11:07:02.095580Z,,2025-01-16T11:07:19.256850Z,
HE.MEF.00.BHZ | 2025-01-16T11:06:20.922828Z - 2025-01-16T11:07:20.922828Z,,,,,,,,,2025-01-16T11:06:56.761670Z,
HE.PVF.00.CZ | 2025-01-16T11:06:53.119755Z - 2025-01-16T11:07:53.119755Z,,,,,,,2025-01-16T11:07:00.472210Z,,2025-01-16T11:07:16.010120Z,
HE.RAF.00.BHZ | 2025-01-16T11:07:00.113956Z - 2025-01-16T11:08:00.113956Z,,,,,,,2025-01-16T11:07:11.371940Z,,2025-01-16T11:07:35.258580Z,
HE.TRE03.00.CZ | 2025-01-16T11:07:01.987643Z - 2025-01-16T11:08:01.987643Z,,,,,,,2025-01-16T11:07:13.459120Z,,2025-01-16T11:07:38.969130Z,
HE.TVF.00.BHZ | 2025-01-16T11:06:09.503886Z - 2025-01-16T11:07:09.503886Z,,,,,,,2025-01-16T11:06:48.412940Z,,2025-01-16T11:06:55.602120Z,
FN.KLF.00.BHZ | 2025-01-16T12:06:07.985255Z - 2025-01-16T12:07:07.985255Z,,,,,,,2025-01-16T12:06:28.480000Z,,2025-01-16T12:06:50.640000Z,
FN.OUL.00.BHZ | 2025-01-16T12:06:21.734877Z - 2025-01-16T12:07:21.734877Z,,,,,,,2025-01-16T12:06:31.160000Z,,2025-01-16T12:06:56.080000Z,
FN.RANF.00.BHZ | 2025-01-16T12:06:18.930008Z - 2025-01-16T12:07:18.930008Z,,,,,,,2025-01-16T12:06:33.980000Z,,2025-01-16T12:07:01.460000Z,
HE.HEF.00.BHZ | 2025-01-16T12:06:13.569631Z - 2025-01-16T12:07:13.569631Z,,,,,,,2025-01-16T12:06:41.730000Z,,,
HE.OBF0.00.BHZ | 2025-01-16T12:05:56.524098Z - 2025-01-16T12:06:56.524098Z,,,,,,,2025-01-16T12:06:27.860000Z,,2025-01-16T12:06:50.880000Z,
HE.OBF3.00.BHZ | 2025-01-16T12:06:11.767546Z - 2025-01-16T12:07:11.767546Z,,,,,,,2025-01-16T12:06:25.860000Z,,2025-01-16T12:06:47.880000Z,
HE.OUF.00.BHZ | 2025-01-16T12:05:46.866028Z - 2025-01-16T12:06:46.866028Z,,,,,,,2025-01-16T12:06:31.730000Z,,,
HE.TOF.00.BHZ | 2025-01-16T12:05:44.782921Z - 2025-01-16T12:06:44.782921Z,,,,,,,2025-01-16T12:06:17.180000Z,,2025-01-16T12:06:31.840000Z,
HE.VAF.00.BHZ | 2025-01-16T12:05:53.481193Z - 2025-01-16T12:06:53.481193Z,,,,,,,2025-01-16T12:06:44.630000Z,,,
HE.VRF.00.BHZ | 2025-01-16T12:07:25.267750Z - 2025-01-16T12:08:25.267750Z,,,,,,,,,2025-01-16T12:07:36.680000Z,
HE.KEV.00.?HZ | 2025-01-16T16:19:20.408998Z - 2025-01-16T16:20:20.408998Z,,,,,,,2025-01-16T16:19:25.699220Z,,2025-01-16T16:19:43.573850Z,
HE.VRF.00.BHZ | 2025-01-16T16:19:10.171549Z - 2025-01-16T16:20:10.171549Z,,,,,,,,,2025-01-16T16:19:53.242220Z,
HE.HEL1.00.BHZ | 2025-01-17T12:15:24.091250Z - 2025-01-17T12:16:24.091250Z,,,,,,,2025-01-17T12:16:11.640000Z,,2025-01-17T12:16:14.300000Z,
HE.HEL5.00.BHZ | 2025-01-17T12:15:54.424336Z - 2025-01-17T12:16:54.424336Z,,,,,,,2025-01-17T12:16:10.380000Z,,2025-01-17T12:16:11.880000Z,
HE.KORF.00.BHZ | 2025-01-17T12:15:59.682013Z - 2025-01-17T12:16:59.682013Z,,,,,,,2025-01-17T12:16:37.400000Z,,,
HE.KUNI.00.BHZ | 2025-01-17T12:15:37.933365Z - 2025-01-17T12:16:37.933365Z,,,,,,,2025-01-17T12:16:12.560000Z,,,
HE.LAUT.00.BHZ | 2025-01-17T12:15:24.960745Z - 2025-01-17T12:16:24.960745Z,,,,,,,2025-01-17T12:16:11.430000Z,,2025-01-17T12:16:13.560000Z,
HE.MEF.00.BHZ | 2025-01-17T12:15:36.727057Z - 2025-01-17T12:16:36.727057Z,,,,,,,2025-01-17T12:16:10.360000Z,,,
HE.NUR.00.BHZ | 2025-01-17T12:15:29.700352Z - 2025-01-17T12:16:29.700352Z,,,,,,,2025-01-17T12:16:15.310000Z,,,
HE.PVF.00.BHZ | 2025-01-17T12:15:33.400066Z - 2025-01-17T12:16:33.400066Z,,,,,,,2025-01-17T12:16:22.770000Z,,,
HE.VUOS.00.BHZ | 2025-01-17T12:15:48.828727Z - 2025-01-17T12:16:48.828727Z,,,,,,,2025-01-17T12:16:14.210000Z,,,
HE.FIA0.00.SHZ | 2025-01-17T11:36:32.675522Z - 2025-01-17T11:37:32.675522Z,,,,,,,2025-01-17T11:37:21.200000Z,,,
HE.HEL1.00.BHZ | 2025-01-17T11:36:15.260713Z - 2025-01-17T11:37:15.260713Z,,,,,,,2025-01-17T11:36:57.470000Z,,2025-01-17T11:37:00.020000Z,
HE.HEL5.00.BHZ | 2025-01-17T11:36:49.973825Z - 2025-01-17T11:37:49.973825Z,,,,,,,2025-01-17T11:36:57.180000Z,,,
HE.KORF.00.BHZ | 2025-01-17T11:36:46.811682Z - 2025-01-17T11:37:46.811682Z,,,,,,,2025-01-17T11:37:22.660000Z,,,
HE.KUNI.00.BHZ | 2025-01-17T11:36:19.886210Z - 2025-01-17T11:37:19.886210Z,,,,,,,2025-01-17T11:36:57.590000Z,,2025-01-17T11:37:00.340000Z,
HE.KY17.00.BHZ | 2025-01-17T11:37:05.675081Z - 2025-01-17T11:38:05.675081Z,,,,,,,2025-01-17T11:37:21.380000Z,,,
HE.LAUT.00.BHZ | 2025-01-17T11:36:25.373395Z - 2025-01-17T11:37:25.373395Z,,,,,,,2025-01-17T11:36:57.450000Z,,,
HE.MEF.00.BHZ | 2025-01-17T11:36:11.195043Z - 2025-01-17T11:37:11.195043Z,,,,,,,2025-01-17T11:36:55.600000Z,,,
HE.NUR.00.BHZ | 2025-01-17T11:36:43.021679Z - 2025-01-17T11:37:43.021679Z,,,,,,,2025-01-17T11:36:59.260000Z,,2025-01-17T11:37:02.900000Z,
HE.PVF.00.BHZ | 2025-01-17T11:36:44.421769Z - 2025-01-17T11:37:44.421769Z,,,,,,,2025-01-17T11:37:07.540000Z,,,
HE.RAF.00.BHZ | 2025-01-17T11:36:33.220664Z - 2025-01-17T11:37:33.220664Z,,,,,,,2025-01-17T11:37:23.630000Z,,,
HE.VUOS.00.BHZ | 2025-01-17T11:36:06.827731Z - 2025-01-17T11:37:06.827731Z,,,,,,,2025-01-17T11:36:59.820000Z,,2025-01-17T11:37:01.220000Z,
HE.FIA0.00.?HZ | 2025-01-17T09:43:59.847532Z - 2025-01-17T09:44:59.847532Z,,,,,,,2025-01-17T09:44:14.772670Z,,2025-01-17T09:44:39.033570Z,
HE.FIA1.00.?HZ | 2025-01-17T09:43:53.282098Z - 2025-01-17T09:44:53.282098Z,,,,,,,2025-01-17T09:44:14.772670Z,,2025-01-17T09:44:39.033570Z,
HE.JOF.00.BHZ | 2025-01-17T09:43:59.206978Z - 2025-01-17T09:44:59.206978Z,,,,,,,2025-01-17T09:44:15.680970Z,,2025-01-17T09:44:40.799810Z,
HE.KAF.00.?HZ | 2025-01-17T09:43:54.129617Z - 2025-01-17T09:44:54.129617Z,,,,,,,2025-01-17T09:44:17.152530Z,,2025-01-17T09:44:41.785620Z,
HE.KY17.00.CZ | 2025-01-17T09:43:54.831952Z - 2025-01-17T09:44:54.831952Z,,,,,,,2025-01-17T09:44:06.472180Z,,2025-01-17T09:44:24.492900Z,
HE.LOVF.00.CZ | 2025-01-17T09:44:08.445383Z - 2025-01-17T09:45:08.445383Z,,,,,,,2025-01-17T09:44:15.178980Z,,2025-01-17T09:44:39.962880Z,
HE.PVF.00.CZ | 2025-01-17T09:44:08.344461Z - 2025-01-17T09:45:08.344461Z,,,,,,,2025-01-17T09:44:17.384710Z,,2025-01-17T09:44:45.136040Z,
HE.RUF.00.BHZ | 2025-01-17T09:43:12.140731Z - 2025-01-17T09:44:12.140731Z,,,,,,,2025-01-17T09:43:51.629610Z,,2025-01-17T09:43:58.677310Z,
HE.VJF.00.?HZ | 2025-01-17T09:43:29.945497Z - 2025-01-17T09:44:29.945497Z,,,,,,,2025-01-17T09:44:04.489870Z,,2025-01-17T09:44:21.247940Z,
FN.KLF.00.BHZ | 2025-01-20T11:37:38.379246Z - 2025-01-20T11:38:38.379246Z,,,,,,,,,2025-01-20T11:38:05.920000Z,
FN.MSF.00.BHZ | 2025-01-20T11:38:59.923833Z - 2025-01-20T11:39:59.923833Z,,,,,,,,,2025-01-20T11:39:13.880000Z,
HE.HEF.00.BHZ | 2025-01-20T11:37:49.637706Z - 2025-01-20T11:38:49.637706Z,,,,,,,,,2025-01-20T11:38:17.960000Z,
HE.KIF.00.BHZ | 2025-01-20T11:37:35.979725Z - 2025-01-20T11:38:35.979725Z,,,,,,,,,2025-01-20T11:38:23.200000Z,
HE.TOF.00.BHZ | 2025-01-20T11:37:33.258087Z - 2025-01-20T11:38:33.258087Z,,,,,,,2025-01-20T11:37:57.640000Z,,2025-01-20T11:38:22.560000Z,
HE.HEF.00.BHZ | 2025-01-20T11:53:26.607326Z - 2025-01-20T11:54:26.607326Z,,,,,,,,,2025-01-20T11:53:48.840000Z,
HE.KIF.00.BHZ | 2025-01-20T11:53:27.082443Z - 2025-01-20T11:54:27.082443Z,,,,,,,,,2025-01-20T11:53:54.560000Z,
HE.TOF.00.BHZ | 2025-01-20T11:52:57.531201Z - 2025-01-20T11:53:57.531201Z,,,,,,,2025-01-20T11:53:27.760000Z,,2025-01-20T11:53:52.120000Z,
HE.ECKF.00.CZ | 2025-01-20T13:51:47.400802Z - 2025-01-20T13:52:47.400802Z,,,,,,,2025-01-20T13:52:16.329610Z,,2025-01-20T13:52:34.393750Z,
HE.FIA0.00.?HZ | 2025-01-20T13:52:11.472362Z - 2025-01-20T13:53:11.472362Z,,,,,,,,,2025-01-20T13:52:49.987350Z,
HE.KORF.00.CZ | 2025-01-20T13:51:37.985009Z - 2025-01-20T13:52:37.985009Z,,,,,,,2025-01-20T13:51:59.670170Z,,2025-01-20T13:52:06.670780Z,
HE.KPF.00.BHZ | 2025-01-20T13:51:43.810594Z - 2025-01-20T13:52:43.810594Z,,,,,,,2025-01-20T13:52:12.509660Z,,2025-01-20T13:52:31.501630Z,
HE.LOVF.00.CZ | 2025-01-20T13:51:58.550309Z - 2025-01-20T13:52:58.550309Z,,,,,,,,,2025-01-20T13:52:46.518580Z,
HE.MEF.00.BHZ | 2025-01-20T13:51:45.888320Z - 2025-01-20T13:52:45.888320Z,,,,,,,2025-01-20T13:52:07.569020Z,,2025-01-20T13:52:18.492600Z,
HE.NUR.00.SHZ | 2025-01-20T13:51:38.927379Z - 2025-01-20T13:52:38.927379Z,,,,,,,,,2025-01-20T13:52:23.096970Z,
HE.PVF.00.CZ | 2025-01-20T13:52:00.190138Z - 2025-01-20T13:53:00.190138Z,,,,,,,2025-01-20T13:52:20.217370Z,,2025-01-20T13:52:40.745350Z,
HE.RAF.00.BHZ | 2025-01-20T13:51:29.553037Z - 2025-01-20T13:52:29.553037Z,,,,,,,2025-01-20T13:52:00.554160Z,,2025-01-20T13:52:08.213920Z,
HE.TRE03.00.CZ | 2025-01-20T13:52:01.151876Z - 2025-01-20T13:53:01.151876Z,,,,,,,2025-01-20T13:52:15.534610Z,,2025-01-20T13:52:33.954890Z,
HE.TVF.00.BHZ | 2025-01-20T13:51:20.439283Z - 2025-01-20T13:52:20.439283Z,,,,,,,2025-01-20T13:52:02.423850Z,,2025-01-20T13:52:12.523050Z,
UP.AAL.00.BHZ | 2025-01-20T13:51:35.292996Z - 2025-01-20T13:52:35.292996Z,,,,,,,,,2025-01-20T13:52:28.266970Z,
FN.MSF.00.BHZ | 2025-01-20T20:11:39.242257Z - 2025-01-20T20:12:39.242257Z,,,,,,,,,2025-01-20T20:11:48.360000Z,
FN.OLKF.00.BHZ | 2025-01-20T20:11:02.600306Z - 2025-01-20T20:12:02.600306Z,,,,,,,2025-01-20T20:11:08.380000Z,,2025-01-20T20:11:36.720000Z,
FN.RAJF.00.BHZ | 2025-01-20T20:10:55.271448Z - 2025-01-20T20:11:55.271448Z,,,,,,,2025-01-20T20:11:08.880000Z,,2025-01-20T20:11:36.120000Z,
FN.RNF.00.BHZ | 2025-01-20T20:11:20.739552Z - 2025-01-20T20:12:20.739552Z,,,,,,,,,2025-01-20T20:12:07.040000Z,
HE.HEF.00.BHZ | 2025-01-20T20:10:51.312951Z - 2025-01-20T20:11:51.312951Z,,,,,,,2025-01-20T20:11:37.180000Z,,,
HE.KEV.00.BHZ | 2025-01-20T20:10:45.447649Z - 2025-01-20T20:11:45.447649Z,,,,,,,2025-01-20T20:11:21.690000Z,,,
HE.KU6.00.BHZ | 2025-01-20T20:11:01.886699Z - 2025-01-20T20:12:01.886699Z,,,,,,,2025-01-20T20:11:08.600000Z,,2025-01-20T20:11:38.560000Z,
HE.VRF.00.BHZ | 2025-01-20T20:10:32.408577Z - 2025-01-20T20:11:32.408577Z,,,,,,,2025-01-20T20:10:57.980000Z,,2025-01-20T20:11:18.780000Z,
HE.ECKF.00.BHZ | 2025-01-20T15:15:43.740040Z - 2025-01-20T15:16:43.740040Z,,,,,,,2025-01-20T15:16:00.780000Z,,2025-01-20T15:16:21.980000Z,
HE.KORF.00.BHZ | 2025-01-20T15:15:58.393764Z - 2025-01-20T15:16:58.393764Z,,,,,,,2025-01-20T15:16:17.440000Z,,2025-01-20T15:16:51.380000Z,
HE.RAF.00.BHZ | 2025-01-20T15:16:38.121863Z - 2025-01-20T15:17:38.121863Z,,,,,,,,,2025-01-20T15:16:56.220000Z,
UP.AAL.00.BHZ | 2025-01-20T15:15:40.540194Z - 2025-01-20T15:16:40.540194Z,,,,,,,2025-01-20T15:16:04.720000Z,,2025-01-20T15:16:29.240000Z,
FN.MSF.00.BHZ | 2025-01-20T11:37:35.138252Z - 2025-01-20T11:38:35.138252Z,,,,,,,2025-01-20T11:37:44.280000Z,,,
FN.OLKF.00.BHZ | 2025-01-20T11:37:57.531792Z - 2025-01-20T11:38:57.531792Z,,,,,,,,,2025-01-20T11:38:35.980000Z,
FN.OUL.00.BHZ | 2025-01-20T11:37:14.187120Z - 2025-01-20T11:38:14.187120Z,,,,,,,2025-01-20T11:37:33.380000Z,,2025-01-20T11:38:01.680000Z,
FN.RANF.00.BHZ | 2025-01-20T11:37:40.457287Z - 2025-01-20T11:38:40.457287Z,,,,,,,2025-01-20T11:37:47.080000Z,,2025-01-20T11:38:23.280000Z,
HE.JOF.00.BHZ | 2025-01-20T11:37:19.833050Z - 2025-01-20T11:38:19.833050Z,,,,,,,2025-01-20T11:37:25.480000Z,,2025-01-20T11:37:47.640000Z,
HE.KAF.00.BHZ | 2025-01-20T11:37:10.987050Z - 2025-01-20T11:38:10.987050Z,,,,,,,2025-01-20T11:37:18.280000Z,,2025-01-20T11:37:36.260000Z,
HE.KEF.00.BHZ | 2025-01-20T11:37:23.502850Z - 2025-01-20T11:38:23.502850Z,,,,,,,,,2025-01-20T11:37:48.960000Z,
HE.KPF.00.BHZ | 2025-01-20T11:37:40.458812Z - 2025-01-20T11:38:40.458812Z,,,,,,,2025-01-20T11:37:47.180000Z,,2025-01-20T11:38:24.120000Z,
HE.KU1.00.BHZ | 2025-01-20T11:37:30.732996Z - 2025-01-20T11:38:30.732996Z,,,,,,,2025-01-20T11:37:40.380000Z,,2025-01-20T11:38:14.460000Z,
HE.KU2.00.BHZ | 2025-01-20T11:37:22.684446Z - 2025-01-20T11:38:22.684446Z,,,,,,,2025-01-20T11:37:40.980000Z,,,
HE.KU6.00.BHZ | 2025-01-20T11:36:57.226280Z - 2025-01-20T11:37:57.226280Z,,,,,,,2025-01-20T11:37:48.080000Z,,,
HE.NIF.00.BHZ | 2025-01-20T11:36:48.814677Z - 2025-01-20T11:37:48.814677Z,,,,,,,2025-01-20T11:37:00.180000Z,,2025-01-20T11:37:04.360000Z,
HE.OBF0.00.BHZ | 2025-01-20T11:37:12.841514Z - 2025-01-20T11:38:12.841514Z,,,,,,,2025-01-20T11:37:33.380000Z,,2025-01-20T11:38:01.640000Z,
HE.OBF3.00.BHZ | 2025-01-20T11:37:28.247840Z - 2025-01-20T11:38:28.247840Z,,,,,,,2025-01-20T11:37:34.480000Z,,2025-01-20T11:38:04.080000Z,
HE.OBF8.00.BHZ | 2025-01-20T11:36:57.204635Z - 2025-01-20T11:37:57.204635Z,,,,,,,2025-01-20T11:37:35.980000Z,,,
HE.OUF.00.BHZ | 2025-01-20T11:37:13.164883Z - 2025-01-20T11:38:13.164883Z,,,,,,,2025-01-20T11:37:28.580000Z,,2025-01-20T11:37:53.920000Z,
HE.PVF.00.BHZ | 2025-01-20T11:37:50.903073Z - 2025-01-20T11:38:50.903073Z,,,,,,,,,2025-01-20T11:38:12.020000Z,
HE.RAF.00.BHZ | 2025-01-20T11:38:00.370346Z - 2025-01-20T11:39:00.370346Z,,,,,,,,,2025-01-20T11:38:38.960000Z,
HE.RMF.00.BHZ | 2025-01-20T11:36:49.197707Z - 2025-01-20T11:37:49.197707Z,,,,,,,2025-01-20T11:37:22.280000Z,,2025-01-20T11:37:43.380000Z,
HE.SUF.00.BHZ | 2025-01-20T11:36:47.247592Z - 2025-01-20T11:37:47.247592Z,,,,,,,2025-01-20T11:37:11.380000Z,,2025-01-20T11:37:25.160000Z,
HE.TRE03.00.BHZ | 2025-01-20T11:37:27.923863Z - 2025-01-20T11:38:27.923863Z,,,,,,,2025-01-20T11:37:36.480000Z,,2025-01-20T11:38:06.160000Z,
HE.VAF.00.BHZ | 2025-01-20T11:37:23.361933Z - 2025-01-20T11:38:23.361933Z,,,,,,,2025-01-20T11:37:37.080000Z,,2025-01-20T11:38:07.440000Z,
FN.OLKF.00.BHZ | 2025-01-20T06:59:37.413135Z - 2025-01-20T07:00:37.413135Z,,,,,,,2025-01-20T06:59:56.960000Z,,2025-01-20T07:00:27.200000Z,
FN.RAJF.00.BHZ | 2025-01-20T06:59:41.676276Z - 2025-01-20T07:00:41.676276Z,,,,,,,2025-01-20T06:59:56.960000Z,,2025-01-20T07:00:26.080000Z,
HE.VRF.00.BHZ | 2025-01-20T06:59:23.807516Z - 2025-01-20T07:00:23.807516Z,,,,,,,2025-01-20T06:59:47.240000Z,,2025-01-20T07:00:09.640000Z,
FN.MSF.00.BHZ | 2025-01-20T00:42:49.923441Z - 2025-01-20T00:43:49.923441Z,,,,,,,,,2025-01-20T00:43:19.000000Z,
FN.OLKF.00.BHZ | 2025-01-20T00:42:14.954350Z - 2025-01-20T00:43:14.954350Z,,,,,,,2025-01-20T00:42:39.040000Z,,2025-01-20T00:43:08.600000Z,
FN.RAJF.00.BHZ | 2025-01-20T00:42:23.930482Z - 2025-01-20T00:43:23.930482Z,,,,,,,2025-01-20T00:42:39.280000Z,,2025-01-20T00:43:07.560000Z,
FN.RANF.00.BHZ | 2025-01-20T00:42:49.921229Z - 2025-01-20T00:43:49.921229Z,,,,,,,2025-01-20T00:42:57.440000Z,,2025-01-20T00:43:40.000000Z,
FN.RNF.00.BHZ | 2025-01-20T00:43:11.527612Z - 2025-01-20T00:44:11.527612Z,,,,,,,,,2025-01-20T00:43:40.600000Z,
HE.HEF.00.BHZ | 2025-01-20T00:43:43.983426Z - 2025-01-20T00:44:43.983426Z,,,,,,,,,2025-01-20T00:44:00.800000Z,
HE.KEV.00.BHZ | 2025-01-20T00:42:45.693450Z - 2025-01-20T00:43:45.693450Z,,,,,,,,,2025-01-20T00:43:31.600000Z,
HE.KU6.00.BHZ | 2025-01-20T00:42:17.244694Z - 2025-01-20T00:43:17.244694Z,,,,,,,2025-01-20T00:42:39.760000Z,,2025-01-20T00:43:10.000000Z,
HE.TOF.00.BHZ | 2025-01-20T00:42:21.893127Z - 2025-01-20T00:43:21.893127Z,,,,,,,2025-01-20T00:43:00.520000Z,,,
HE.VRF.00.BHZ | 2025-01-20T00:42:26.350371Z - 2025-01-20T00:43:26.350371Z,,,,,,,,,2025-01-20T00:42:51.520000Z,
FN.KLF.00.BHZ | 2025-01-20T23:05:21.560341Z - 2025-01-20T23:06:21.560341Z,,,,,,,2025-01-20T23:05:50.020000Z,,2025-01-20T23:06:08.360000Z,
FN.RANF.00.BHZ | 2025-01-20T23:05:50.687160Z - 2025-01-20T23:06:50.687160Z,,,,,,,2025-01-20T23:06:15.960000Z,,,
FN.RNF.00.BHZ | 2025-01-20T23:05:50.060291Z - 2025-01-20T23:06:50.060291Z,,,,,,,,,2025-01-20T23:06:34.720000Z,
HE.HEF.00.BHZ | 2025-01-20T23:05:32.555395Z - 2025-01-20T23:06:32.555395Z,,,,,,,2025-01-20T23:05:57.120000Z,,2025-01-20T23:06:20.240000Z,
HE.KIF.00.BHZ | 2025-01-20T23:05:38.182388Z - 2025-01-20T23:06:38.182388Z,,,,,,,2025-01-20T23:05:59.880000Z,,2025-01-20T23:06:25.920000Z,
HE.OBF8.00.BHZ | 2025-01-20T23:06:36.180848Z - 2025-01-20T23:07:36.180848Z,,,,,,,,,2025-01-20T23:06:51.080000Z,
HE.TOF.00.BHZ | 2025-01-20T23:05:50.085988Z - 2025-01-20T23:06:50.085988Z,,,,,,,2025-01-20T23:06:00.080000Z,,2025-01-20T23:06:24.440000Z,
FN.KLF.00.BHZ | 2025-01-20T04:59:33.903796Z - 2025-01-20T05:00:33.903796Z,,,,,,,2025-01-20T04:59:53.240000Z,,2025-01-20T05:00:11.000000Z,
FN.RANF.00.BHZ | 2025-01-20T05:00:14.528361Z - 2025-01-20T05:01:14.528361Z,,,,,,,,,2025-01-20T05:00:53.160000Z,
FN.RNF.00.BHZ | 2025-01-20T04:59:56.721540Z - 2025-01-20T05:00:56.721540Z,,,,,,,2025-01-20T05:00:09.820000Z,,2025-01-20T05:00:38.660000Z,
HE.HEF.00.BHZ | 2025-01-20T04:59:56.993063Z - 2025-01-20T05:00:56.993063Z,,,,,,,,,2025-01-20T05:00:23.380000Z,
HE.TOF.00.BHZ | 2025-01-20T04:59:42.369215Z - 2025-01-20T05:00:42.369215Z,,,,,,,2025-01-20T05:00:03.800000Z,,2025-01-20T05:00:27.600000Z,
FN.OUL.00.BHZ | 2025-01-20T10:09:54.201882Z - 2025-01-20T10:10:54.201882Z,,,,,,,2025-01-20T10:10:25.025340Z,,2025-01-20T10:10:42.039540Z,
HE.ALAJF.00.?HZ | 2025-01-20T10:09:39.512664Z - 2025-01-20T10:10:39.512664Z,,,,,,,2025-01-20T10:10:20.941430Z,,2025-01-20T10:10:34.390520Z,
HE.NIF.00.BHZ | 2025-01-20T10:10:29.341212Z - 2025-01-20T10:11:29.341212Z,,,,,,,,,2025-01-20T10:11:02.198810Z,
HE.OBF0.00.BHZ | 2025-01-20T10:09:29.597448Z - 2025-01-20T10:10:29.597448Z,,,,,,,2025-01-20T10:10:08.489940Z,,2025-01-20T10:10:13.293050Z,
HE.OBF3.00.BHZ | 2025-01-20T10:09:38.044622Z - 2025-01-20T10:10:38.044622Z,,,,,,,2025-01-20T10:10:15.852480Z,,2025-01-20T10:10:25.585100Z,
HE.OBF8.00.BHZ | 2025-01-20T10:09:44.975302Z - 2025-01-20T10:10:44.975302Z,,,,,,,2025-01-20T10:10:04.825350Z,,2025-01-20T10:10:07.866560Z,
HE.OUF.00.BHZ | 2025-01-20T10:09:55.245852Z - 2025-01-20T10:10:55.245852Z,,,,,,,2025-01-20T10:10:09.983590Z,,2025-01-20T10:10:16.721520Z,
HE.SUF.00.BHZ | 2025-01-20T10:10:04.164116Z - 2025-01-20T10:11:04.164116Z,,,,,,,2025-01-20T10:10:33.939590Z,,2025-01-20T10:10:57.844220Z,
HE.TOF.00.BHZ | 2025-01-20T10:10:30.717875Z - 2025-01-20T10:11:30.717875Z,,,,,,,,,2025-01-20T10:11:00.409710Z,
HE.VAF.00.BHZ | 2025-01-20T10:10:09.144887Z - 2025-01-20T10:11:09.144887Z,,,,,,,2025-01-20T10:10:24.400660Z,,2025-01-20T10:10:39.340410Z,
FN.MSF.00.BHZ | 2025-01-20T12:05:46.713993Z - 2025-01-20T12:06:46.713993Z,,,,,,,,,2025-01-20T12:06:19.780000Z,
FN.OLKF.00.BHZ | 2025-01-20T12:05:30.398079Z - 2025-01-20T12:06:30.398079Z,,,,,,,2025-01-20T12:05:39.600000Z,,2025-01-20T12:06:07.600000Z,
FN.RAJF.00.BHZ | 2025-01-20T12:05:13.884985Z - 2025-01-20T12:06:13.884985Z,,,,,,,2025-01-20T12:05:38.980000Z,,2025-01-20T12:06:06.580000Z,
FN.RANF.00.BHZ | 2025-01-20T12:05:50.120934Z - 2025-01-20T12:06:50.120934Z,,,,,,,2025-01-20T12:05:56.600000Z,,2025-01-20T12:06:39.680000Z,
FN.RNF.00.BHZ | 2025-01-20T12:06:01.604375Z - 2025-01-20T12:07:01.604375Z,,,,,,,,,2025-01-20T12:06:32.640000Z,
HE.KEV.00.BHZ | 2025-01-20T12:05:42.975225Z - 2025-01-20T12:06:42.975225Z,,,,,,,2025-01-20T12:05:52.890000Z,,2025-01-20T12:06:31.320000Z,
HE.KU1.00.BHZ | 2025-01-20T12:05:00.306397Z - 2025-01-20T12:06:00.306397Z,,,,,,,2025-01-20T12:05:49.560000Z,,,
HE.KU6.00.BHZ | 2025-01-20T12:05:17.772605Z - 2025-01-20T12:06:17.772605Z,,,,,,,2025-01-20T12:05:40.620000Z,,2025-01-20T12:06:09.640000Z,
HE.VRF.00.BHZ | 2025-01-20T12:05:07.108751Z - 2025-01-20T12:06:07.108751Z,,,,,,,2025-01-20T12:05:29.080000Z,,2025-01-20T12:05:48.960000Z,
HE.ECKF.00.CZ | 2025-01-20T12:35:37.646132Z - 2025-01-20T12:36:37.646132Z,,,,,,,2025-01-20T12:35:47.864440Z,,2025-01-20T12:36:03.378160Z,
HE.HEL5.00.BHZ | 2025-01-20T12:36:12.917165Z - 2025-01-20T12:37:12.917165Z,,,,,,,,,2025-01-20T12:36:21.817420Z,
HE.KORF.00.CZ | 2025-01-20T12:35:04.066662Z - 2025-01-20T12:36:04.066662Z,,,,,,,2025-01-20T12:35:40.300060Z,,2025-01-20T12:35:49.540170Z,
HE.KPF.00.BHZ | 2025-01-20T12:35:24.989702Z - 2025-01-20T12:36:24.989702Z,,,,,,,2025-01-20T12:35:47.293890Z,,2025-01-20T12:35:59.778620Z,
HE.KUNI.00.BHZ | 2025-01-20T12:36:16.157393Z - 2025-01-20T12:37:16.157393Z,,,,,,,,,2025-01-20T12:36:22.396080Z,
HE.MEF.00.BHZ | 2025-01-20T12:35:42.980282Z - 2025-01-20T12:36:42.980282Z,,,,,,,,,2025-01-20T12:36:15.565080Z,
HE.NUR.00.SHZ | 2025-01-20T12:35:46.119502Z - 2025-01-20T12:36:46.119502Z,,,,,,,,,2025-01-20T12:36:16.778840Z,
HE.RAF.00.BHZ | 2025-01-20T12:35:22.510281Z - 2025-01-20T12:36:22.510281Z,,,,,,,2025-01-20T12:35:32.362020Z,,2025-01-20T12:35:35.662740Z,
HE.TRE03.00.CZ | 2025-01-20T12:35:27.591026Z - 2025-01-20T12:36:27.591026Z,,,,,,,2025-01-20T12:35:55.438540Z,,2025-01-20T12:36:14.747970Z,
HE.TVF.00.BHZ | 2025-01-20T12:35:14.922108Z - 2025-01-20T12:36:14.922108Z,,,,,,,2025-01-20T12:35:51.624460Z,,2025-01-20T12:36:07.960040Z,
UP.AAL.00.BHZ | 2025-01-20T12:35:15.575166Z - 2025-01-20T12:36:15.575166Z,,,,,,,2025-01-20T12:35:45.539870Z,,2025-01-20T12:35:57.224580Z,
HE.FIA0.00.?HZ | 2025-01-14T07:31:23.831957Z - 2025-01-14T07:32:23.831957Z,,,,,,,2025-01-14T07:31:36.907580Z,,2025-01-14T07:31:55.575460Z,
HE.FIA1.00.?HZ | 2025-01-14T07:31:21.944322Z - 2025-01-14T07:32:21.944322Z,,,,,,,2025-01-14T07:31:36.907580Z,,2025-01-14T07:31:55.575460Z,
HE.HEL1.00.BHZ | 2025-01-14T07:30:27.570694Z - 2025-01-14T07:31:27.570694Z,,,,,,,2025-01-14T07:31:16.289950Z,,2025-01-14T07:31:20.369980Z,
HE.HEL5.00.BHZ | 2025-01-14T07:30:41.783924Z - 2025-01-14T07:31:41.783924Z,,,,,,,2025-01-14T07:31:15.774220Z,,2025-01-14T07:31:19.453240Z,
HE.KAF.00.?HZ | 2025-01-14T07:31:24.376919Z - 2025-01-14T07:32:24.376919Z,,,,,,,2025-01-14T07:31:47.314790Z,,2025-01-14T07:32:14.862390Z,
HE.KEF.00.?HZ | 2025-01-14T07:31:25.063422Z - 2025-01-14T07:32:25.063422Z,,,,,,,2025-01-14T07:31:44.969550Z,,2025-01-14T07:32:09.579610Z,
HE.KORF.00.CZ | 2025-01-14T07:31:26.203015Z - 2025-01-14T07:32:26.203015Z,,,,,,,2025-01-14T07:31:38.173760Z,,2025-01-14T07:31:55.191870Z,
HE.KPF.00.BHZ | 2025-01-14T07:31:24.068246Z - 2025-01-14T07:32:24.068246Z,,,,,,,2025-01-14T07:31:45.213850Z,,2025-01-14T07:32:08.921700Z,
HE.KUNI.00.BHZ | 2025-01-14T07:30:34.935918Z - 2025-01-14T07:31:34.935918Z,,,,,,,2025-01-14T07:31:16.115890Z,,2025-01-14T07:31:20.221320Z,
HE.KY02.00.CZ | 2025-01-14T07:31:04.057441Z - 2025-01-14T07:32:04.057441Z,,,,,,,2025-01-14T07:31:35.970730Z,,2025-01-14T07:31:54.347980Z,
HE.KY17.00.CZ | 2025-01-14T07:31:31.149503Z - 2025-01-14T07:32:31.149503Z,,,,,,,2025-01-14T07:31:37.497240Z,,2025-01-14T07:31:57.186530Z,
HE.LAUT.00.BHZ | 2025-01-14T07:30:55.163772Z - 2025-01-14T07:31:55.163772Z,,,,,,,2025-01-14T07:31:16.289950Z,,2025-01-14T07:31:20.345200Z,
HE.LOVF.00.CZ | 2025-01-14T07:31:04.617510Z - 2025-01-14T07:32:04.617510Z,,,,,,,2025-01-14T07:31:28.662420Z,,2025-01-14T07:31:41.497480Z,
HE.MEF.00.BHZ | 2025-01-14T07:30:54.396017Z - 2025-01-14T07:31:54.396017Z,,,,,,,2025-01-14T07:31:12.262070Z,,2025-01-14T07:31:13.531940Z,
HE.PVF.00.CZ | 2025-01-14T07:31:09.358679Z - 2025-01-14T07:32:09.358679Z,,,,,,,2025-01-14T07:31:25.310770Z,,2025-01-14T07:31:35.756780Z,
HE.RAF.00.BHZ | 2025-01-14T07:31:21.549562Z - 2025-01-14T07:32:21.549562Z,,,,,,,2025-01-14T07:31:37.300540Z,,2025-01-14T07:31:58.644170Z,
HE.RSUO.00.BHZ | 2025-01-14T07:31:03.149411Z - 2025-01-14T07:32:03.149411Z,,,,,,,2025-01-14T07:31:16.435180Z,,2025-01-14T07:31:20.369980Z,
HE.TRE03.00.CZ | 2025-01-14T07:30:57.606347Z - 2025-01-14T07:31:57.606347Z,,,,,,,2025-01-14T07:31:35.091860Z,,2025-01-14T07:31:52.046450Z,
HE.TVF.00.BHZ | 2025-01-14T07:31:15.594742Z - 2025-01-14T07:32:15.594742Z,,,,,,,2025-01-14T07:31:24.062810Z,,2025-01-14T07:31:32.623670Z,
HE.VUOS.00.BHZ | 2025-01-14T07:30:51.527582Z - 2025-01-14T07:31:51.527582Z,,,,,,,2025-01-14T07:31:18.643120Z,,2025-01-14T07:31:24.149770Z,
HE.HEL1.00.BHZ | 2025-01-20T11:37:56.161088Z - 2025-01-20T11:38:56.161088Z,,,,,,,2025-01-20T11:38:01.550750Z,,2025-01-20T11:38:06.887020Z,
HE.HEL5.00.BHZ | 2025-01-20T11:37:10.603938Z - 2025-01-20T11:38:10.603938Z,,,,,,,2025-01-20T11:38:00.664800Z,,2025-01-20T11:38:04.932450Z,
HE.KUNI.00.BHZ | 2025-01-20T11:37:34.186062Z - 2025-01-20T11:38:34.186062Z,,,,,,,2025-01-20T11:38:02.070900Z,,2025-01-20T11:38:07.674800Z,
HE.LAUT.00.BHZ | 2025-01-20T11:37:21.347155Z - 2025-01-20T11:38:21.347155Z,,,,,,,2025-01-20T11:38:01.396910Z,,2025-01-20T11:38:06.289640Z,
HE.MEF.00.BHZ | 2025-01-20T11:37:14.823306Z - 2025-01-20T11:38:14.823306Z,,,,,,,2025-01-20T11:37:57.316820Z,,2025-01-20T11:37:58.207880Z,
HE.NUR.00.SHZ | 2025-01-20T11:37:56.544665Z - 2025-01-20T11:38:56.544665Z,,,,,,,2025-01-20T11:38:01.859560Z,,2025-01-20T11:38:06.612500Z,
HE.RSUO.00.BHZ | 2025-01-20T11:37:14.782662Z - 2025-01-20T11:38:14.782662Z,,,,,,,2025-01-20T11:38:02.219050Z,,2025-01-20T11:38:06.817580Z,
HE.VUOS.00.BHZ | 2025-01-20T11:37:35.599514Z - 2025-01-20T11:38:35.599514Z,,,,,,,2025-01-20T11:38:04.356150Z,,2025-01-20T11:38:11.017170Z,
HE.FIA0.00.?HZ | 2025-01-14T10:13:51.427377Z - 2025-01-14T10:14:51.427377Z,,,,,,,2025-01-14T10:14:13.453130Z,,2025-01-14T10:14:35.546250Z,
HE.FIA1.00.?HZ | 2025-01-14T10:13:47.208867Z - 2025-01-14T10:14:47.208867Z,,,,,,,2025-01-14T10:14:13.453130Z,,2025-01-14T10:14:35.546250Z,
HE.JOF.00.BHZ | 2025-01-14T10:13:57.074241Z - 2025-01-14T10:14:57.074241Z,,,,,,,2025-01-14T10:14:22.592680Z,,2025-01-14T10:14:50.075770Z,
HE.KAF.00.?HZ | 2025-01-14T10:14:12.987072Z - 2025-01-14T10:15:12.987072Z,,,,,,,2025-01-14T10:14:18.029770Z,,2025-01-14T10:14:42.430730Z,
HE.KY02.00.CZ | 2025-01-14T10:13:34.456580Z - 2025-01-14T10:14:34.456580Z,,,,,,,2025-01-14T10:14:06.813430Z,,2025-01-14T10:14:23.257030Z,
HE.KY17.00.CZ | 2025-01-14T10:13:46.773153Z - 2025-01-14T10:14:46.773153Z,,,,,,,2025-01-14T10:14:04.052800Z,,2025-01-14T10:14:19.496530Z,
HE.LOVF.00.CZ | 2025-01-14T10:13:42.991911Z - 2025-01-14T10:14:42.991911Z,,,,,,,2025-01-14T10:14:12.120280Z,,2025-01-14T10:14:33.605850Z,
HE.PVF.00.CZ | 2025-01-14T10:13:46.459796Z - 2025-01-14T10:14:46.459796Z,,,,,,,2025-01-14T10:14:14.862140Z,,2025-01-14T10:14:39.305260Z,
HE.RUF.00.BHZ | 2025-01-14T10:13:10.426518Z - 2025-01-14T10:14:10.426518Z,,,,,,,2025-01-14T10:13:53.268070Z,,2025-01-14T10:13:59.921700Z,
HE.VJF.00.?HZ | 2025-01-14T10:13:20.822682Z - 2025-01-14T10:14:20.822682Z,,,,,,,2025-01-14T10:14:01.571700Z,,,
FN.OUL.00.BHZ | 2025-01-14T11:37:29.081734Z - 2025-01-14T11:38:29.081734Z,,,,,,,2025-01-14T11:37:45.827370Z,,2025-01-14T11:38:07.761110Z,
HE.ALAJF.00.?HZ | 2025-01-14T11:37:30.495655Z - 2025-01-14T11:38:30.495655Z,,,,,,,2025-01-14T11:37:39.808150Z,,2025-01-14T11:37:55.364100Z,
HE.FIA0.00.?HZ | 2025-01-14T11:37:34.242684Z - 2025-01-14T11:38:34.242684Z,,,,,,,2025-01-14T11:37:55.014580Z,,2025-01-14T11:38:23.076180Z,
HE.FIA1.00.?HZ | 2025-01-14T11:37:34.974902Z - 2025-01-14T11:38:34.974902Z,,,,,,,2025-01-14T11:37:55.014580Z,,2025-01-14T11:38:22.855240Z,
HE.JOF.00.BHZ | 2025-01-14T11:37:32.569613Z - 2025-01-14T11:38:32.569613Z,,,,,,,2025-01-14T11:37:56.558650Z,,2025-01-14T11:38:24.947780Z,
HE.KAF.00.?HZ | 2025-01-14T11:37:18.786626Z - 2025-01-14T11:38:18.786626Z,,,,,,,2025-01-14T11:37:44.026530Z,,2025-01-14T11:38:02.849990Z,
HE.KEF.00.?HZ | 2025-01-14T11:37:31.421287Z - 2025-01-14T11:38:31.421287Z,,,,,,,2025-01-14T11:37:46.058980Z,,2025-01-14T11:38:06.855180Z,
HE.KJNF.00.CZ | 2025-01-14T11:37:05.319482Z - 2025-01-14T11:38:05.319482Z,,,,,,,2025-01-14T11:37:32.921000Z,,,
HE.NIF.00.BHZ | 2025-01-14T11:37:06.906663Z - 2025-01-14T11:38:06.906663Z,,,,,,,2025-01-14T11:37:27.798680Z,,2025-01-14T11:37:35.242800Z,
HE.OBF0.00.BHZ | 2025-01-14T11:37:12.904485Z - 2025-01-14T11:38:12.904485Z,,,,,,,2025-01-14T11:37:42.907370Z,,2025-01-14T11:38:01.451660Z,
HE.OBF3.00.BHZ | 2025-01-14T11:37:10.008786Z - 2025-01-14T11:38:10.008786Z,,,,,,,2025-01-14T11:37:44.514910Z,,2025-01-14T11:38:04.510880Z,
HE.OUF.00.BHZ | 2025-01-14T11:37:25.730336Z - 2025-01-14T11:38:25.730336Z,,,,,,,2025-01-14T11:37:38.559850Z,,2025-01-14T11:37:53.651390Z,
HE.RMF.00.BHZ | 2025-01-14T11:37:32.811637Z - 2025-01-14T11:38:32.811637Z,,,,,,,2025-01-14T11:37:46.831010Z,,2025-01-14T11:38:07.570390Z,
HE.SUF.00.BHZ | 2025-01-14T11:37:25.533968Z - 2025-01-14T11:38:25.533968Z,,,,,,,2025-01-14T11:37:33.093170Z,,2025-01-14T11:37:44.302150Z,
HE.TRE03.00.CZ | 2025-01-14T11:37:46.577511Z - 2025-01-14T11:38:46.577511Z,,,,,,,2025-01-14T11:37:56.607060Z,,2025-01-14T11:38:25.175090Z,
HE.VAF.00.BHZ | 2025-01-14T11:37:23.981377Z - 2025-01-14T11:38:23.981377Z,,,,,,,2025-01-14T11:37:50.227970Z,,2025-01-14T11:38:13.852020Z,
HE.ALAJF.00.?HZ | 2025-01-21T11:20:46.159705Z - 2025-01-21T11:21:46.159705Z,,,,,,,2025-01-21T11:21:07.396590Z,,2025-01-21T11:21:24.511470Z,
HE.FIA0.00.?HZ | 2025-01-21T11:20:44.845810Z - 2025-01-21T11:21:44.845810Z,,,,,,,2025-01-21T11:20:53.836510Z,,2025-01-21T11:21:01.903730Z,
HE.FIA1.00.?HZ | 2025-01-21T11:20:41.059241Z - 2025-01-21T11:21:41.059241Z,,,,,,,2025-01-21T11:20:53.737240Z,,2025-01-21T11:21:01.785400Z,
HE.KAF.00.?HZ | 2025-01-21T11:20:33.163398Z - 2025-01-21T11:21:33.163398Z,,,,,,,2025-01-21T11:20:51.810460Z,,2025-01-21T11:20:58.959880Z,
HE.KEF.00.?HZ | 2025-01-21T11:20:31.205504Z - 2025-01-21T11:21:31.205504Z,,,,,,,2025-01-21T11:20:48.420010Z,,2025-01-21T11:20:52.769790Z,
HE.KPF.00.BHZ | 2025-01-21T11:20:35.132687Z - 2025-01-21T11:21:35.132687Z,,,,,,,2025-01-21T11:21:11.148820Z,,2025-01-21T11:21:29.770480Z,
HE.KY02.00.CZ | 2025-01-21T11:20:30.151573Z - 2025-01-21T11:21:30.151573Z,,,,,,,,,2025-01-21T11:21:18.756450Z,
HE.KY17.00.CZ | 2025-01-21T11:20:50.037862Z - 2025-01-21T11:21:50.037862Z,,,,,,,2025-01-21T11:21:06.431110Z,,2025-01-21T11:21:22.208270Z,
HE.NIF.00.BHZ | 2025-01-21T11:20:59.232615Z - 2025-01-21T11:21:59.232615Z,,,,,,,2025-01-21T11:21:16.409820Z,,2025-01-21T11:21:40.086790Z,
HE.PVF.00.CZ | 2025-01-21T11:20:59.550523Z - 2025-01-21T11:21:59.550523Z,,,,,,,2025-01-21T11:21:08.643220Z,,2025-01-21T11:21:25.796350Z,
HE.RAF.00.BHZ | 2025-01-21T11:20:59.769035Z - 2025-01-21T11:21:59.769035Z,,,,,,,,,2025-01-21T11:21:41.578470Z,
HE.RUF.00.BHZ | 2025-01-21T11:21:16.573270Z - 2025-01-21T11:22:16.573270Z,,,,,,,,,2025-01-21T11:21:38.425550Z,
HE.SUF.00.BHZ | 2025-01-21T11:20:53.414477Z - 2025-01-21T11:21:53.414477Z,,,,,,,2025-01-21T11:20:59.296490Z,,2025-01-21T11:21:10.581090Z,
HE.TRE03.00.CZ | 2025-01-21T11:20:21.665890Z - 2025-01-21T11:21:21.665890Z,,,,,,,2025-01-21T11:20:53.538700Z,,2025-01-21T11:21:01.778290Z,
HE.VAF.00.BHZ | 2025-01-21T11:20:40.897869Z - 2025-01-21T11:21:40.897869Z,,,,,,,2025-01-21T11:21:12.993470Z,,2025-01-21T11:21:34.136510Z,
HE.VJF.00.?HZ | 2025-01-21T11:21:06.965763Z - 2025-01-21T11:22:06.965763Z,,,,,,,,,2025-01-21T11:21:36.833090Z,
HE.ECKF.00.CZ | 2025-01-16T09:19:26.412585Z - 2025-01-16T09:20:26.412585Z,,,,,,,2025-01-16T09:19:34.401090Z,,2025-01-16T09:19:57.448280Z,
HE.FIA0.00.?HZ | 2025-01-16T09:19:10.934305Z - 2025-01-16T09:20:10.934305Z,,,,,,,2025-01-16T09:19:33.097830Z,,2025-01-16T09:19:55.163840Z,
HE.FIA1.00.?HZ | 2025-01-16T09:19:04.708586Z - 2025-01-16T09:20:04.708586Z,,,,,,,2025-01-16T09:19:33.097830Z,,2025-01-16T09:19:55.163840Z,
HE.HEL5.00.BHZ | 2025-01-16T09:19:11.273726Z - 2025-01-16T09:20:11.273726Z,,,,,,,,,2025-01-16T09:19:34.812650Z,
HE.KAF.00.?HZ | 2025-01-16T09:19:32.903820Z - 2025-01-16T09:20:32.903820Z,,,,,,,2025-01-16T09:19:40.312570Z,,2025-01-16T09:20:08.568830Z,
HE.KEF.00.?HZ | 2025-01-16T09:19:04.905214Z - 2025-01-16T09:20:04.905214Z,,,,,,,2025-01-16T09:19:34.401090Z,,2025-01-16T09:19:57.105310Z,
HE.KORF.00.CZ | 2025-01-16T09:18:40.809368Z - 2025-01-16T09:19:40.809368Z,,,,,,,2025-01-16T09:19:19.928010Z,,2025-01-16T09:19:31.725970Z,
HE.KPF.00.BHZ | 2025-01-16T09:18:51.678840Z - 2025-01-16T09:19:51.678840Z,,,,,,,2025-01-16T09:19:25.876840Z,,2025-01-16T09:19:41.704880Z,
HE.LOVF.00.CZ | 2025-01-16T09:19:15.764771Z - 2025-01-16T09:20:15.764771Z,,,,,,,2025-01-16T09:19:32.274710Z,,2025-01-16T09:19:53.607080Z,
HE.MEF.00.BHZ | 2025-01-16T09:19:06.065724Z - 2025-01-16T09:20:06.065724Z,,,,,,,2025-01-16T09:19:17.938820Z,,2025-01-16T09:19:28.744950Z,
HE.PVF.00.CZ | 2025-01-16T09:19:14.489166Z - 2025-01-16T09:20:14.489166Z,,,,,,,2025-01-16T09:19:28.707890Z,,2025-01-16T09:19:46.816390Z,
HE.RAF.00.BHZ | 2025-01-16T09:18:58.166798Z - 2025-01-16T09:19:58.166798Z,,,,,,,2025-01-16T09:19:15.606660Z,,2025-01-16T09:19:24.455130Z,
HE.TVF.00.BHZ | 2025-01-16T09:19:00.795724Z - 2025-01-16T09:20:00.795724Z,,,,,,,2025-01-16T09:19:18.277090Z,,2025-01-16T09:19:29.325220Z,
HE.VAF.00.BHZ | 2025-01-16T09:19:22.719416Z - 2025-01-16T09:20:22.719416Z,,,,,,,2025-01-16T09:19:44.912980Z,,2025-01-16T09:20:15.352280Z,
UP.AAL.00.BHZ | 2025-01-16T09:19:03.631819Z - 2025-01-16T09:20:03.631819Z,,,,,,,2025-01-16T09:19:31.211740Z,,2025-01-16T09:19:51.343520Z,
FN.MSF.00.BHZ | 2025-01-16T11:42:16.647628Z - 2025-01-16T11:43:16.647628Z,,,,,,,2025-01-16T11:42:32.740000Z,,2025-01-16T11:43:10.320000Z,
FN.OLKF.00.BHZ | 2025-01-16T11:42:27.373881Z - 2025-01-16T11:43:27.373881Z,,,,,,,2025-01-16T11:42:41.180000Z,,2025-01-16T11:43:20.920000Z,
FN.OUL.00.BHZ | 2025-01-16T11:42:06.775483Z - 2025-01-16T11:43:06.775483Z,,,,,,,2025-01-16T11:42:21.380000Z,,2025-01-16T11:42:49.000000Z,
FN.RANF.00.BHZ | 2025-01-16T11:42:18.500872Z - 2025-01-16T11:43:18.500872Z,,,,,,,2025-01-16T11:42:34.980000Z,,2025-01-16T11:43:10.600000Z,
HE.FIA0.00.SHZ | 2025-01-16T11:42:04.986977Z - 2025-01-16T11:43:04.986977Z,,,,,,,2025-01-16T11:42:18.400000Z,,,
HE.JOF.00.BHZ | 2025-01-16T11:41:50.440997Z - 2025-01-16T11:42:50.440997Z,,,,,,,2025-01-16T11:42:13.320000Z,,2025-01-16T11:42:34.880000Z,
HE.KAF.00.BHZ | 2025-01-16T11:41:58.362572Z - 2025-01-16T11:42:58.362572Z,,,,,,,2025-01-16T11:42:06.180000Z,,2025-01-16T11:42:26.460000Z,
HE.KEF.00.BHZ | 2025-01-16T11:41:23.420655Z - 2025-01-16T11:42:23.420655Z,,,,,,,2025-01-16T11:42:14.100000Z,,,
HE.KJNF.00.BHZ | 2025-01-16T11:41:44.034531Z - 2025-01-16T11:42:44.034531Z,,,,,,,2025-01-16T11:42:04.580000Z,,2025-01-16T11:42:19.500000Z,
HE.KPF.00.BHZ | 2025-01-16T11:42:27.244227Z - 2025-01-16T11:43:27.244227Z,,,,,,,2025-01-16T11:42:34.300000Z,,2025-01-16T11:43:13.620000Z,
HE.KU1.00.BHZ | 2025-01-16T11:42:10.596542Z - 2025-01-16T11:43:10.596542Z,,,,,,,2025-01-16T11:42:28.080000Z,,,
HE.KU2.00.BHZ | 2025-01-16T11:42:09.832706Z - 2025-01-16T11:43:09.832706Z,,,,,,,2025-01-16T11:42:29.480000Z,,2025-01-16T11:43:04.780000Z,
HE.KU6.00.BHZ | 2025-01-16T11:42:24.917091Z - 2025-01-16T11:43:24.917091Z,,,,,,,2025-01-16T11:42:37.430000Z,,2025-01-16T11:43:18.600000Z,
HE.KY17.00.BHZ | 2025-01-16T11:41:53.156470Z - 2025-01-16T11:42:53.156470Z,,,,,,,2025-01-16T11:42:23.720000Z,,,
HE.NIF.00.BHZ | 2025-01-16T11:41:33.241185Z - 2025-01-16T11:42:33.241185Z,,,,,,,2025-01-16T11:41:48.080000Z,,2025-01-16T11:41:51.770000Z,
HE.NUR.00.BHZ | 2025-01-16T11:42:35.481462Z - 2025-01-16T11:43:35.481462Z,,,,,,,,,2025-01-16T11:43:18.380000Z,
HE.OBF0.00.BHZ | 2025-01-16T11:41:34.121555Z - 2025-01-16T11:42:34.121555Z,,,,,,,2025-01-16T11:42:21.380000Z,,,
HE.OBF3.00.BHZ | 2025-01-16T11:41:53.970615Z - 2025-01-16T11:42:53.970615Z,,,,,,,2025-01-16T11:42:22.480000Z,,,
HE.OUF.00.BHZ | 2025-01-16T11:41:41.539665Z - 2025-01-16T11:42:41.539665Z,,,,,,,2025-01-16T11:42:16.680000Z,,,
HE.PVF.00.BHZ | 2025-01-16T11:42:25.714002Z - 2025-01-16T11:43:25.714002Z,,,,,,,2025-01-16T11:42:33.180000Z,,2025-01-16T11:43:10.460000Z,
HE.RAF.00.BHZ | 2025-01-16T11:42:05.558846Z - 2025-01-16T11:43:05.558846Z,,,,,,,2025-01-16T11:42:43.360000Z,,,
HE.RMF.00.BHZ | 2025-01-16T11:41:38.436118Z - 2025-01-16T11:42:38.436118Z,,,,,,,2025-01-16T11:42:10.180000Z,,2025-01-16T11:42:31.180000Z,
HE.RUF.00.BHZ | 2025-01-16T11:41:53.772237Z - 2025-01-16T11:42:53.772237Z,,,,,,,2025-01-16T11:42:16.380000Z,,2025-01-16T11:42:41.880000Z,
HE.SUF.00.BHZ | 2025-01-16T11:41:32.256522Z - 2025-01-16T11:42:32.256522Z,,,,,,,2025-01-16T11:41:59.180000Z,,2025-01-16T11:42:12.280000Z,
HE.TOF.00.BHZ | 2025-01-16T11:42:43.000569Z - 2025-01-16T11:43:43.000569Z,,,,,,,,,2025-01-16T11:43:20.060000Z,
HE.TRE03.00.BHZ | 2025-01-16T11:42:17.160207Z - 2025-01-16T11:43:17.160207Z,,,,,,,2025-01-16T11:42:24.260000Z,,,
HE.TVF.00.BHZ | 2025-01-16T11:43:05.861803Z - 2025-01-16T11:44:05.861803Z,,,,,,,,,2025-01-16T11:43:44.080000Z,
HE.VAF.00.BHZ | 2025-01-16T11:42:17.010822Z - 2025-01-16T11:43:17.010822Z,,,,,,,2025-01-16T11:42:24.780000Z,,2025-01-16T11:42:54.960000Z,
HE.VJF.00.BHZ | 2025-01-16T11:42:13.313311Z - 2025-01-16T11:43:13.313311Z,,,,,,,2025-01-16T11:42:29.600000Z,,2025-01-16T11:43:05.420000Z,
HE.FIA0.00.SHZ | 2025-01-16T16:34:51.763495Z - 2025-01-16T16:35:51.763495Z,,,,,,,2025-01-16T16:35:12.100000Z,,2025-01-16T16:35:36.800000Z,
HE.HEL1.00.BHZ | 2025-01-16T16:35:04.058157Z - 2025-01-16T16:36:04.058157Z,,,,,,,,,2025-01-16T16:35:51.420000Z,
HE.HEL5.00.BHZ | 2025-01-16T16:35:16.879459Z - 2025-01-16T16:36:16.879459Z,,,,,,,2025-01-16T16:35:27.180000Z,,2025-01-16T16:36:01.760000Z,
HE.JOF.00.BHZ | 2025-01-16T16:34:44.860931Z - 2025-01-16T16:35:44.860931Z,,,,,,,2025-01-16T16:35:13.720000Z,,2025-01-16T16:35:39.640000Z,
HE.KAF.00.BHZ | 2025-01-16T16:35:09.397474Z - 2025-01-16T16:36:09.397474Z,,,,,,,2025-01-16T16:35:15.100000Z,,2025-01-16T16:35:39.800000Z,
HE.KEF.00.BHZ | 2025-01-16T16:35:04.531208Z - 2025-01-16T16:36:04.531208Z,,,,,,,2025-01-16T16:35:24.180000Z,,2025-01-16T16:35:58.280000Z,
HE.KJNF.00.BHZ | 2025-01-16T16:35:03.262317Z - 2025-01-16T16:36:03.262317Z,,,,,,,2025-01-16T16:35:35.460000Z,,,
HE.KUNI.00.BHZ | 2025-01-16T16:34:53.695922Z - 2025-01-16T16:35:53.695922Z,,,,,,,2025-01-16T16:35:24.830000Z,,,
HE.KY17.00.BHZ | 2025-01-16T16:34:38.282356Z - 2025-01-16T16:35:38.282356Z,,,,,,,2025-01-16T16:35:03.780000Z,,2025-01-16T16:35:25.280000Z,
HE.MEF.00.BHZ | 2025-01-16T16:34:45.343026Z - 2025-01-16T16:35:45.343026Z,,,,,,,2025-01-16T16:35:28.980000Z,,,
HE.NIF.00.BHZ | 2025-01-16T16:35:06.154743Z - 2025-01-16T16:36:06.154743Z,,,,,,,2025-01-16T16:35:23.680000Z,,2025-01-16T16:35:54.680000Z,
HE.NUR.00.BHZ | 2025-01-16T16:34:45.438385Z - 2025-01-16T16:35:45.438385Z,,,,,,,2025-01-16T16:35:23.080000Z,,,
HE.PVF.00.BHZ | 2025-01-16T16:34:52.294336Z - 2025-01-16T16:35:52.294336Z,,,,,,,2025-01-16T16:35:14.680000Z,,2025-01-16T16:35:43.780000Z,
HE.RMF.00.BHZ | 2025-01-16T16:34:42.001024Z - 2025-01-16T16:35:42.001024Z,,,,,,,2025-01-16T16:35:32.030000Z,,,
HE.RUF.00.BHZ | 2025-01-16T16:34:27.683781Z - 2025-01-16T16:35:27.683781Z,,,,,,,2025-01-16T16:34:48.880000Z,,2025-01-16T16:34:55.680000Z,
HE.SUF.00.BHZ | 2025-01-16T16:35:04.018226Z - 2025-01-16T16:36:04.018226Z,,,,,,,2025-01-16T16:35:22.840000Z,,2025-01-16T16:35:53.360000Z,
HE.TRE03.00.BHZ | 2025-01-16T16:34:46.906278Z - 2025-01-16T16:35:46.906278Z,,,,,,,2025-01-16T16:35:28.180000Z,,,
HE.VJF.00.BHZ | 2025-01-16T16:34:46.654522Z - 2025-01-16T16:35:46.654522Z,,,,,,,2025-01-16T16:35:01.880000Z,,2025-01-16T16:35:23.380000Z,
HE.VUOS.00.BHZ | 2025-01-16T16:35:04.065673Z - 2025-01-16T16:36:04.065673Z,,,,,,,2025-01-16T16:35:23.680000Z,,2025-01-16T16:35:57.880000Z,
FN.MSF.00.BHZ | 2025-01-21T20:10:58.742944Z - 2025-01-21T20:11:58.742944Z,,,,,,,,,2025-01-21T20:11:39.240000Z,
FN.OLKF.00.BHZ | 2025-01-21T20:10:47.173254Z - 2025-01-21T20:11:47.173254Z,,,,,,,2025-01-21T20:10:59.330000Z,,2025-01-21T20:11:27.080000Z,
FN.RAJF.00.BHZ | 2025-01-21T20:10:42.354512Z - 2025-01-21T20:11:42.354512Z,,,,,,,2025-01-21T20:10:57.680000Z,,2025-01-21T20:11:25.760000Z,
FN.RANF.00.BHZ | 2025-01-21T20:11:44.843229Z - 2025-01-21T20:12:44.843229Z,,,,,,,,,2025-01-21T20:11:57.280000Z,
FN.RNF.00.BHZ | 2025-01-21T20:11:00.899087Z - 2025-01-21T20:12:00.899087Z,,,,,,,,,2025-01-21T20:11:51.040000Z,
HE.KEV.00.BHZ | 2025-01-21T20:11:05.930517Z - 2025-01-21T20:12:05.930517Z,,,,,,,2025-01-21T20:11:12.140000Z,,2025-01-21T20:11:50.320000Z,
HE.KU2.00.BHZ | 2025-01-21T20:10:32.499263Z - 2025-01-21T20:11:32.499263Z,,,,,,,2025-01-21T20:11:12.120000Z,,,
HE.KU6.00.BHZ | 2025-01-21T20:10:34.219366Z - 2025-01-21T20:11:34.219366Z,,,,,,,,,2025-01-21T20:11:28.960000Z,
HE.VRF.00.BHZ | 2025-01-21T20:10:42.148988Z - 2025-01-21T20:11:42.148988Z,,,,,,,2025-01-21T20:10:48.600000Z,,2025-01-21T20:11:08.200000Z,
FN.MSF.00.BHZ | 2025-01-21T10:20:45.683773Z - 2025-01-21T10:21:45.683773Z,,,,,,,2025-01-21T10:20:52.200000Z,,2025-01-21T10:21:26.920000Z,
FN.OLKF.00.BHZ | 2025-01-21T10:20:28.390297Z - 2025-01-21T10:21:28.390297Z,,,,,,,2025-01-21T10:20:45.580000Z,,2025-01-21T10:21:17.080000Z,
FN.RAJF.00.BHZ | 2025-01-21T10:20:16.063569Z - 2025-01-21T10:21:16.063569Z,,,,,,,2025-01-21T10:20:44.930000Z,,,
FN.RANF.00.BHZ | 2025-01-21T10:20:55.364936Z - 2025-01-21T10:21:55.364936Z,,,,,,,2025-01-21T10:21:03.840000Z,,2025-01-21T10:21:47.720000Z,
FN.RNF.00.BHZ | 2025-01-21T10:20:48.719763Z - 2025-01-21T10:21:48.719763Z,,,,,,,2025-01-21T10:20:58.980000Z,,2025-01-21T10:21:40.300000Z,
HE.HEF.00.BHZ | 2025-01-21T10:20:21.578439Z - 2025-01-21T10:21:21.578439Z,,,,,,,2025-01-21T10:21:08.480000Z,,,
HE.KEV.00.BHZ | 2025-01-21T10:20:52.124723Z - 2025-01-21T10:21:52.124723Z,,,,,,,2025-01-21T10:20:59.280000Z,,2025-01-21T10:21:38.940000Z,
HE.KU1.00.BHZ | 2025-01-21T10:20:09.670767Z - 2025-01-21T10:21:09.670767Z,,,,,,,2025-01-21T10:20:52.080000Z,,,
HE.KU2.00.BHZ | 2025-01-21T10:20:49.257395Z - 2025-01-21T10:21:49.257395Z,,,,,,,2025-01-21T10:20:56.820000Z,,,
HE.KU6.00.BHZ | 2025-01-21T10:20:34.231526Z - 2025-01-21T10:21:34.231526Z,,,,,,,2025-01-21T10:20:46.560000Z,,2025-01-21T10:21:18.480000Z,
HE.RMF.00.BHZ | 2025-01-21T10:20:21.398391Z - 2025-01-21T10:21:21.398391Z,,,,,,,2025-01-21T10:21:05.880000Z,,,
FN.KLF.00.BHZ | 2025-01-21T17:36:38.013661Z - 2025-01-21T17:37:38.013661Z,,,,,,,,,2025-01-21T17:37:07.440000Z,
FN.RANF.00.BHZ | 2025-01-21T17:37:28.058699Z - 2025-01-21T17:38:28.058699Z,,,,,,,,,2025-01-21T17:37:50.200000Z,
FN.RNF.00.BHZ | 2025-01-21T17:37:18.609528Z - 2025-01-21T17:38:18.609528Z,,,,,,,,,2025-01-21T17:37:34.560000Z,
HE.HEF.00.BHZ | 2025-01-21T17:36:27.593279Z - 2025-01-21T17:37:27.593279Z,,,,,,,2025-01-21T17:36:57.240000Z,,2025-01-21T17:37:19.640000Z,
HE.KEV.00.BHZ | 2025-01-21T17:37:30.419505Z - 2025-01-21T17:38:30.419505Z,,,,,,,,,2025-01-21T17:38:17.430000Z,
HE.KIF.00.BHZ | 2025-01-21T17:37:00.324690Z - 2025-01-21T17:38:00.324690Z,,,,,,,,,2025-01-21T17:37:25.520000Z,
HE.KU1.00.BHZ | 2025-01-21T17:38:08.092076Z - 2025-01-21T17:39:08.092076Z,,,,,,,,,2025-01-21T17:38:30.530000Z,
HE.TOF.00.BHZ | 2025-01-21T17:36:50.859923Z - 2025-01-21T17:37:50.859923Z,,,,,,,2025-01-21T17:36:59.520000Z,,2025-01-21T17:37:24.720000Z,
FN.KLF.00.BHZ | 2025-01-21T18:52:22.337737Z - 2025-01-21T18:53:22.337737Z,,,,,,,2025-01-21T18:52:52.900000Z,,2025-01-21T18:53:10.680000Z,
FN.RANF.00.BHZ | 2025-01-21T18:52:58.769619Z - 2025-01-21T18:53:58.769619Z,,,,,,,,,2025-01-21T18:53:51.720000Z,
FN.RNF.00.BHZ | 2025-01-21T18:53:06.183964Z - 2025-01-21T18:54:06.183964Z,,,,,,,,,2025-01-21T18:53:37.920000Z,
HE.KEV.00.BHZ | 2025-01-21T18:52:46.681942Z - 2025-01-21T18:53:46.681942Z,,,,,,,2025-01-21T18:53:31.950000Z,,,
HE.KIF.00.BHZ | 2025-01-21T18:52:52.120210Z - 2025-01-21T18:53:52.120210Z,,,,,,,2025-01-21T18:53:03.920000Z,,2025-01-21T18:53:29.000000Z,
HE.KJNF.00.BHZ | 2025-01-21T18:53:12.228896Z - 2025-01-21T18:54:12.228896Z,,,,,,,2025-01-21T18:53:32.760000Z,,,
HE.KU1.00.BHZ | 2025-01-21T18:53:28.625947Z - 2025-01-21T18:54:28.625947Z,,,,,,,2025-01-21T18:53:42.380000Z,,,
HE.TOF.00.BHZ | 2025-01-21T18:52:36.835487Z - 2025-01-21T18:53:36.835487Z,,,,,,,2025-01-21T18:53:02.440000Z,,2025-01-21T18:53:27.240000Z,
FN.KLF.00.BHZ | 2025-01-21T22:54:28.305182Z - 2025-01-21T22:55:28.305182Z,,,,,,,2025-01-21T22:54:43.560000Z,,2025-01-21T22:55:05.600000Z,
FN.RAJF.00.BHZ | 2025-01-21T22:55:05.387529Z - 2025-01-21T22:56:05.387529Z,,,,,,,,,2025-01-21T22:55:50.360000Z,
HE.HEF.00.BHZ | 2025-01-21T22:54:27.817015Z - 2025-01-21T22:55:27.817015Z,,,,,,,2025-01-21T22:54:41.760000Z,,2025-01-21T22:55:01.360000Z,
HE.KEV.00.BHZ | 2025-01-21T22:54:58.216897Z - 2025-01-21T22:55:58.216897Z,,,,,,,2025-01-21T22:55:13.090000Z,,2025-01-21T22:55:47.600000Z,
HE.KIF.00.BHZ | 2025-01-21T22:54:01.801753Z - 2025-01-21T22:55:01.801753Z,,,,,,,2025-01-21T22:54:39.220000Z,,2025-01-21T22:54:55.320000Z,
HE.KU6.00.BHZ | 2025-01-21T22:55:06.925700Z - 2025-01-21T22:56:06.925700Z,,,,,,,2025-01-21T22:55:25.080000Z,,,
FN.KLF.00.BHZ | 2025-01-21T12:19:43.702605Z - 2025-01-21T12:20:43.702605Z,,,,,,,,,2025-01-21T12:20:38.440000Z,
FN.MSF.00.BHZ | 2025-01-21T12:18:37.415541Z - 2025-01-21T12:19:37.415541Z,,,,,,,2025-01-21T12:19:06.780000Z,,2025-01-21T12:19:26.000000Z,
FN.OLKF.00.BHZ | 2025-01-21T12:18:52.049363Z - 2025-01-21T12:19:52.049363Z,,,,,,,2025-01-21T12:19:12.200000Z,,2025-01-21T12:19:34.920000Z,
FN.OUL.00.BHZ | 2025-01-21T12:19:08.480200Z - 2025-01-21T12:20:08.480200Z,,,,,,,2025-01-21T12:19:19.240000Z,,2025-01-21T12:19:45.560000Z,
FN.RAJF.00.BHZ | 2025-01-21T12:19:06.990101Z - 2025-01-21T12:20:06.990101Z,,,,,,,2025-01-21T12:19:42.780000Z,,,
FN.RANF.00.BHZ | 2025-01-21T12:18:57.230192Z - 2025-01-21T12:19:57.230192Z,,,,,,,2025-01-21T12:19:19.530000Z,,2025-01-21T12:19:45.480000Z,
FN.RNF.00.BHZ | 2025-01-21T12:19:18.131661Z - 2025-01-21T12:20:18.131661Z,,,,,,,2025-01-21T12:19:28.630000Z,,2025-01-21T12:20:03.440000Z,
HE.JOF.00.BHZ | 2025-01-21T12:18:52.047664Z - 2025-01-21T12:19:52.047664Z,,,,,,,2025-01-21T12:19:14.980000Z,,2025-01-21T12:19:40.120000Z,
HE.KEF.00.BHZ | 2025-01-21T12:19:08.025985Z - 2025-01-21T12:20:08.025985Z,,,,,,,2025-01-21T12:19:42.680000Z,,,
HE.KJNF.00.BHZ | 2025-01-21T12:18:59.145058Z - 2025-01-21T12:19:59.145058Z,,,,,,,2025-01-21T12:19:08.780000Z,,2025-01-21T12:19:28.640000Z,
HE.KU1.00.BHZ | 2025-01-21T12:18:34.260823Z - 2025-01-21T12:19:34.260823Z,,,,,,,2025-01-21T12:18:59.380000Z,,,
HE.KU2.00.BHZ | 2025-01-21T12:18:35.307386Z - 2025-01-21T12:19:35.307386Z,,,,,,,2025-01-21T12:19:07.780000Z,,,
HE.KU6.00.BHZ | 2025-01-21T12:18:32.974898Z - 2025-01-21T12:19:32.974898Z,,,,,,,2025-01-21T12:19:06.280000Z,,2025-01-21T12:19:23.720000Z,
HE.NIF.00.BHZ | 2025-01-21T12:18:51.319395Z - 2025-01-21T12:19:51.319395Z,,,,,,,2025-01-21T12:19:16.180000Z,,2025-01-21T12:19:41.080000Z,
HE.OBF0.00.BHZ | 2025-01-21T12:19:21.397432Z - 2025-01-21T12:20:21.397432Z,,,,,,,2025-01-21T12:19:30.680000Z,,2025-01-21T12:20:07.280000Z,
HE.OBF3.00.BHZ | 2025-01-21T12:19:08.919639Z - 2025-01-21T12:20:08.919639Z,,,,,,,2025-01-21T12:19:26.880000Z,,2025-01-21T12:20:01.660000Z,
HE.OUF.00.BHZ | 2025-01-21T12:19:12.370132Z - 2025-01-21T12:20:12.370132Z,,,,,,,2025-01-21T12:19:27.230000Z,,2025-01-21T12:20:01.800000Z,
HE.RMF.00.BHZ | 2025-01-21T12:18:00.301914Z - 2025-01-21T12:19:00.301914Z,,,,,,,2025-01-21T12:18:54.280000Z,,,
HE.SUF.00.BHZ | 2025-01-21T12:18:37.572488Z - 2025-01-21T12:19:37.572488Z,,,,,,,2025-01-21T12:19:31.480000Z,,,
HE.TOF.00.BHZ | 2025-01-21T12:20:06.816317Z - 2025-01-21T12:21:06.816317Z,,,,,,,,,2025-01-21T12:20:13.520000Z,
HE.VAF.00.BHZ | 2025-01-21T12:20:06.970037Z - 2025-01-21T12:21:06.970037Z,,,,,,,,,2025-01-21T12:20:45.840000Z,
HE.VRF.00.BHZ | 2025-01-21T12:19:04.925878Z - 2025-01-21T12:20:04.925878Z,,,,,,,2025-01-21T12:19:32.180000Z,,,
HE.FIA0.00.?HZ | 2025-01-16T10:03:47.613777Z - 2025-01-16T10:04:47.613777Z,,,,,,,2025-01-16T10:03:54.769300Z,,2025-01-16T10:04:18.335850Z,
HE.FIA1.00.?HZ | 2025-01-16T10:03:34.314412Z - 2025-01-16T10:04:34.314412Z,,,,,,,2025-01-16T10:03:54.769300Z,,2025-01-16T10:04:18.335850Z,
HE.KAF.00.?HZ | 2025-01-16T10:03:51.145735Z - 2025-01-16T10:04:51.145735Z,,,,,,,2025-01-16T10:03:59.902610Z,,2025-01-16T10:04:26.735810Z,
HE.KY17.00.CZ | 2025-01-16T10:03:19.023380Z - 2025-01-16T10:04:19.023380Z,,,,,,,2025-01-16T10:03:43.608150Z,,2025-01-16T10:03:58.164310Z,
HE.LOVF.00.CZ | 2025-01-16T10:03:37.885294Z - 2025-01-16T10:04:37.885294Z,,,,,,,2025-01-16T10:03:49.402660Z,,2025-01-16T10:04:08.769230Z,
HE.PVF.00.CZ | 2025-01-16T10:03:37.754037Z - 2025-01-16T10:04:37.754037Z,,,,,,,2025-01-16T10:03:52.902640Z,,2025-01-16T10:04:14.835870Z,
HE.RUF.00.BHZ | 2025-01-16T10:03:31.433758Z - 2025-01-16T10:04:31.433758Z,,,,,,,2025-01-16T10:03:39.369380Z,,2025-01-16T10:03:50.102660Z,
HE.VJF.00.?HZ | 2025-01-16T10:02:57.818713Z - 2025-01-16T10:03:57.818713Z,,,,,,,2025-01-16T10:03:39.073290Z,,2025-01-16T10:03:49.388400Z,
HE.HEL1.00.BHZ | 2025-01-21T12:48:23.897482Z - 2025-01-21T12:49:23.897482Z,,,,,,,2025-01-21T12:48:43.417070Z,,2025-01-21T12:48:45.721740Z,
HE.HEL5.00.BHZ | 2025-01-21T12:48:01.302977Z - 2025-01-21T12:49:01.302977Z,,,,,,,2025-01-21T12:48:42.265920Z,,2025-01-21T12:48:43.717870Z,
HE.KUNI.00.BHZ | 2025-01-21T12:48:17.852785Z - 2025-01-21T12:49:17.852785Z,,,,,,,2025-01-21T12:48:44.395560Z,,2025-01-21T12:48:47.012500Z,
HE.LAUT.00.BHZ | 2025-01-21T12:47:54.474820Z - 2025-01-21T12:48:54.474820Z,,,,,,,2025-01-21T12:48:43.145400Z,,2025-01-21T12:48:45.442720Z,
HE.MEF.00.BHZ | 2025-01-21T12:48:05.132489Z - 2025-01-21T12:49:05.132489Z,,,,,,,2025-01-21T12:48:42.339410Z,,2025-01-21T12:48:43.801550Z,
HE.NUR.00.SHZ | 2025-01-21T12:48:25.060589Z - 2025-01-21T12:49:25.060589Z,,,,,,,2025-01-21T12:48:47.205560Z,,2025-01-21T12:48:51.740610Z,
HE.RSUO.00.BHZ | 2025-01-21T12:48:26.501870Z - 2025-01-21T12:49:26.501870Z,,,,,,,2025-01-21T12:48:43.954150Z,,2025-01-21T12:48:46.444970Z,
HE.VUOS.00.BHZ | 2025-01-21T12:48:28.258710Z - 2025-01-21T12:49:28.258710Z,,,,,,,2025-01-21T12:48:45.909830Z,,2025-01-21T12:48:50.250520Z,
FN.OLKF.00.BHZ | 2025-01-16T11:24:57.031863Z - 2025-01-16T11:25:57.031863Z,,,,,,,2025-01-16T11:25:25.111840Z,,2025-01-16T11:25:50.736550Z,
FN.OUL.00.BHZ | 2025-01-16T11:24:44.495820Z - 2025-01-16T11:25:44.495820Z,,,,,,,2025-01-16T11:24:54.719530Z,,2025-01-16T11:24:57.714990Z,
FN.RANF.00.?HZ | 2025-01-16T11:24:51.526587Z - 2025-01-16T11:25:51.526587Z,,,,,,,2025-01-16T11:25:08.339310Z,,2025-01-16T11:25:20.893920Z,
FN.RNF.00.BHZ | 2025-01-16T11:25:03.767906Z - 2025-01-16T11:26:03.767906Z,,,,,,,2025-01-16T11:25:16.091260Z,,2025-01-16T11:25:34.196960Z,
HE.KU1.00.SHZ | 2025-01-16T11:24:53.174277Z - 2025-01-16T11:25:53.174277Z,,,,,,,2025-01-16T11:25:21.617560Z,,2025-01-16T11:25:44.446850Z,
HE.KU2.00.SHZ | 2025-01-16T11:24:56.348986Z - 2025-01-16T11:25:56.348986Z,,,,,,,2025-01-16T11:25:13.282160Z,,2025-01-16T11:25:29.537930Z,
HE.KU6.00.BHZ | 2025-01-16T11:25:40.029501Z - 2025-01-16T11:26:40.029501Z,,,,,,,,,2025-01-16T11:25:51.901310Z,
HE.OBF0.00.BHZ | 2025-01-16T11:24:47.222878Z - 2025-01-16T11:25:47.222878Z,,,,,,,2025-01-16T11:25:06.475690Z,,2025-01-16T11:25:17.223540Z,
HE.OBF3.00.BHZ | 2025-01-16T11:24:32.317100Z - 2025-01-16T11:25:32.317100Z,,,,,,,2025-01-16T11:24:59.337530Z,,2025-01-16T11:25:05.640490Z,
HE.OUF.00.BHZ | 2025-01-16T11:24:34.162034Z - 2025-01-16T11:25:34.162034Z,,,,,,,2025-01-16T11:25:06.327090Z,,2025-01-16T11:25:17.832490Z,
HE.TOF.00.BHZ | 2025-01-16T11:24:31.260288Z - 2025-01-16T11:25:31.260288Z,,,,,,,2025-01-16T11:25:07.873400Z,,2025-01-16T11:25:20.685760Z,
HE.FIA0.00.?HZ | 2025-01-22T09:02:50.014801Z - 2025-01-22T09:03:50.014801Z,,,,,,,2025-01-22T09:03:00.146470Z,,2025-01-22T09:03:15.184260Z,
HE.FIA1.00.?HZ | 2025-01-22T09:02:42.625492Z - 2025-01-22T09:03:42.625492Z,,,,,,,2025-01-22T09:03:00.146470Z,,2025-01-22T09:03:15.184260Z,
HE.KAF.00.?HZ | 2025-01-22T09:02:47.232846Z - 2025-01-22T09:03:47.232846Z,,,,,,,2025-01-22T09:03:07.086990Z,,2025-01-22T09:03:28.139900Z,
HE.KEF.00.?HZ | 2025-01-22T09:02:51.343423Z - 2025-01-22T09:03:51.343423Z,,,,,,,2025-01-22T09:03:14.721560Z,,2025-01-22T09:03:41.326880Z,
HE.KY02.00.CZ | 2025-01-22T09:02:34.973128Z - 2025-01-22T09:03:34.973128Z,,,,,,,2025-01-22T09:02:50.293690Z,,2025-01-22T09:02:58.953760Z,
HE.KY17.00.CZ | 2025-01-22T09:02:33.201359Z - 2025-01-22T09:03:33.201359Z,,,,,,,2025-01-22T09:02:48.024670Z,,2025-01-22T09:02:54.594060Z,
HE.LOVF.00.CZ | 2025-01-22T09:02:45.913821Z - 2025-01-22T09:03:45.913821Z,,,,,,,2025-01-22T09:02:55.056760Z,,2025-01-22T09:03:06.855640Z,
HE.PVF.00.CZ | 2025-01-22T09:02:49.823765Z - 2025-01-22T09:03:49.823765Z,,,,,,,2025-01-22T09:02:57.601610Z,,2025-01-22T09:03:12.486390Z,
HE.RUF.00.BHZ | 2025-01-22T09:02:31.665805Z - 2025-01-22T09:03:31.665805Z,,,,,,,2025-01-22T09:02:53.301510Z,,2025-01-22T09:03:03.616730Z,
HE.SUF.00.BHZ | 2025-01-22T09:03:15.915511Z - 2025-01-22T09:04:15.915511Z,,,,,,,,,2025-01-22T09:03:44.797140Z,
HE.VJF.00.?HZ | 2025-01-22T09:02:28.910235Z - 2025-01-22T09:03:28.910235Z,,,,,,,2025-01-22T09:02:44.318610Z,,2025-01-22T09:02:48.289390Z,
HE.VUOS.00.BHZ | 2025-01-22T09:02:50.763729Z - 2025-01-22T09:03:50.763729Z,,,,,,,2025-01-22T09:03:05.930240Z,,2025-01-22T09:03:25.866620Z,
HE.FIA0.00.SHZ | 2025-01-22T08:31:48.673518Z - 2025-01-22T08:32:48.673518Z,,,,,,,2025-01-22T08:32:03.400000Z,,2025-01-22T08:32:29.100000Z,
HE.KAF.00.BHZ | 2025-01-22T08:31:33.924434Z - 2025-01-22T08:32:33.924434Z,,,,,,,2025-01-22T08:31:59.780000Z,,2025-01-22T08:32:22.360000Z,
HE.KEF.00.BHZ | 2025-01-22T08:31:15.984148Z - 2025-01-22T08:32:15.984148Z,,,,,,,2025-01-22T08:31:47.960000Z,,2025-01-22T08:32:02.240000Z,
HE.KORF.00.BHZ | 2025-01-22T08:32:14.764662Z - 2025-01-22T08:33:14.764662Z,,,,,,,,,2025-01-22T08:32:43.980000Z,
HE.KPF.00.BHZ | 2025-01-22T08:31:18.588444Z - 2025-01-22T08:32:18.588444Z,,,,,,,2025-01-22T08:31:41.580000Z,,2025-01-22T08:31:51.160000Z,
HE.NIF.00.BHZ | 2025-01-22T08:32:32.418738Z - 2025-01-22T08:33:32.418738Z,,,,,,,,,2025-01-22T08:32:45.240000Z,
HE.OBF0.00.BHZ | 2025-01-22T08:32:08.696525Z - 2025-01-22T08:33:08.696525Z,,,,,,,,,2025-01-22T08:32:34.740000Z,
HE.OBF3.00.BHZ | 2025-01-22T08:31:56.168190Z - 2025-01-22T08:32:56.168190Z,,,,,,,,,2025-01-22T08:32:46.420000Z,
HE.OUF.00.BHZ | 2025-01-22T08:32:09.518045Z - 2025-01-22T08:33:09.518045Z,,,,,,,,,2025-01-22T08:32:33.720000Z,
HE.PVF.00.BHZ | 2025-01-22T08:32:00.709712Z - 2025-01-22T08:33:00.709712Z,,,,,,,,,2025-01-22T08:32:44.980000Z,
HE.RAF.00.BHZ | 2025-01-22T08:31:28.344582Z - 2025-01-22T08:32:28.344582Z,,,,,,,2025-01-22T08:31:57.030000Z,,2025-01-22T08:32:16.200000Z,
HE.SUF.00.BHZ | 2025-01-22T08:31:32.754068Z - 2025-01-22T08:32:32.754068Z,,,,,,,2025-01-22T08:31:57.600000Z,,2025-01-22T08:32:20.780000Z,
HE.TRE03.00.BHZ | 2025-01-22T08:31:37.114741Z - 2025-01-22T08:32:37.114741Z,,,,,,,2025-01-22T08:31:49.220000Z,,,
HE.TVF.00.BHZ | 2025-01-22T08:32:44.302198Z - 2025-01-22T08:33:44.302198Z,,,,,,,,,2025-01-22T08:32:50.240000Z,
HE.VAF.00.BHZ | 2025-01-22T08:30:57.340503Z - 2025-01-22T08:31:57.340503Z,,,,,,,2025-01-22T08:31:39.480000Z,,2025-01-22T08:31:46.760000Z,
UP.AAL.00.BHZ | 2025-01-22T08:32:43.550196Z - 2025-01-22T08:33:43.550196Z,,,,,,,,,2025-01-22T08:32:49.560000Z,
HE.ECKF.00.BHZ | 2025-01-22T11:11:30.660370Z - 2025-01-22T11:12:30.660370Z,,,,,,,2025-01-22T11:12:03.580000Z,,2025-01-22T11:12:24.780000Z,
HE.FIA0.00.SHZ | 2025-01-22T11:12:02.438158Z - 2025-01-22T11:13:02.438158Z,,,,,,,2025-01-22T11:12:10.100000Z,,2025-01-22T11:12:36.000000Z,
HE.KAF.00.BHZ | 2025-01-22T11:11:47.941980Z - 2025-01-22T11:12:47.941980Z,,,,,,,2025-01-22T11:12:13.680000Z,,2025-01-22T11:12:42.880000Z,
HE.KEF.00.BHZ | 2025-01-22T11:11:53.780421Z - 2025-01-22T11:12:53.780421Z,,,,,,,2025-01-22T11:12:03.360000Z,,2025-01-22T11:12:24.920000Z,
HE.KORF.00.BHZ | 2025-01-22T11:11:47.595241Z - 2025-01-22T11:12:47.595241Z,,,,,,,2025-01-22T11:11:57.580000Z,,2025-01-22T11:12:14.740000Z,
HE.KPF.00.BHZ | 2025-01-22T11:11:11.268073Z - 2025-01-22T11:12:11.268073Z,,,,,,,2025-01-22T11:11:42.480000Z,,2025-01-22T11:11:48.660000Z,
HE.MEF.00.BHZ | 2025-01-22T11:11:40.961139Z - 2025-01-22T11:12:40.961139Z,,,,,,,2025-01-22T11:12:05.080000Z,,2025-01-22T11:12:27.400000Z,
HE.PVF.00.BHZ | 2025-01-22T11:12:04.523173Z - 2025-01-22T11:13:04.523173Z,,,,,,,2025-01-22T11:12:11.800000Z,,2025-01-22T11:12:40.380000Z,
HE.RAF.00.BHZ | 2025-01-22T11:11:01.695390Z - 2025-01-22T11:12:01.695390Z,,,,,,,2025-01-22T11:11:40.960000Z,,2025-01-22T11:11:45.720000Z,
HE.SUF.00.BHZ | 2025-01-22T11:12:02.013996Z - 2025-01-22T11:13:02.013996Z,,,,,,,2025-01-22T11:12:16.380000Z,,2025-01-22T11:12:48.880000Z,
HE.TRE03.00.BHZ | 2025-01-22T11:11:18.262718Z - 2025-01-22T11:12:18.262718Z,,,,,,,2025-01-22T11:11:54.980000Z,,2025-01-22T11:12:10.560000Z,
HE.TVF.00.BHZ | 2025-01-22T11:11:57.479564Z - 2025-01-22T11:12:57.479564Z,,,,,,,2025-01-22T11:12:06.180000Z,,2025-01-22T11:12:29.720000Z,
HE.VAF.00.BHZ | 2025-01-22T11:11:34.682110Z - 2025-01-22T11:12:34.682110Z,,,,,,,2025-01-22T11:12:05.140000Z,,2025-01-22T11:12:28.380000Z,
UP.AAL.00.BHZ | 2025-01-22T11:11:44.212765Z - 2025-01-22T11:12:44.212765Z,,,,,,,2025-01-22T11:12:02.680000Z,,2025-01-22T11:12:22.240000Z,
FN.KLF.00.BHZ | 2025-01-22T12:03:40.215004Z - 2025-01-22T12:04:40.215004Z,,,,,,,2025-01-22T12:03:53.360000Z,,2025-01-22T12:04:18.360000Z,
FN.MSF.00.BHZ | 2025-01-22T12:04:09.336549Z - 2025-01-22T12:05:09.336549Z,,,,,,,,,2025-01-22T12:04:45.960000Z,
FN.OLKF.00.BHZ | 2025-01-22T12:03:54.883076Z - 2025-01-22T12:04:54.883076Z,,,,,,,2025-01-22T12:04:12.330000Z,,,
FN.OUL.00.BHZ | 2025-01-22T12:03:35.355482Z - 2025-01-22T12:04:35.355482Z,,,,,,,2025-01-22T12:03:53.680000Z,,2025-01-22T12:04:17.200000Z,
FN.RAJF.00.BHZ | 2025-01-22T12:04:10.538202Z - 2025-01-22T12:05:10.538202Z,,,,,,,2025-01-22T12:04:20.830000Z,,2025-01-22T12:05:04.640000Z,
FN.RANF.00.BHZ | 2025-01-22T12:03:37.396765Z - 2025-01-22T12:04:37.396765Z,,,,,,,2025-01-22T12:03:57.320000Z,,2025-01-22T12:04:22.880000Z,
FN.RNF.00.BHZ | 2025-01-22T12:03:36.336645Z - 2025-01-22T12:04:36.336645Z,,,,,,,2025-01-22T12:03:55.880000Z,,2025-01-22T12:04:20.240000Z,
HE.HEF.00.BHZ | 2025-01-22T12:03:55.756263Z - 2025-01-22T12:04:55.756263Z,,,,,,,2025-01-22T12:04:08.830000Z,,2025-01-22T12:04:49.000000Z,
HE.KEF.00.BHZ | 2025-01-22T12:04:40.026482Z - 2025-01-22T12:05:40.026482Z,,,,,,,,,2025-01-22T12:05:17.420000Z,
HE.KIF.00.BHZ | 2025-01-22T12:04:20.574247Z - 2025-01-22T12:05:20.574247Z,,,,,,,,,2025-01-22T12:04:56.830000Z,
HE.KU1.00.BHZ | 2025-01-22T12:03:56.165835Z - 2025-01-22T12:04:56.165835Z,,,,,,,2025-01-22T12:04:13.250000Z,,,
HE.KU2.00.BHZ | 2025-01-22T12:04:31.188433Z - 2025-01-22T12:05:31.188433Z,,,,,,,,,2025-01-22T12:04:40.220000Z,
HE.KU6.00.BHZ | 2025-01-22T12:04:07.757597Z - 2025-01-22T12:05:07.757597Z,,,,,,,2025-01-22T12:04:14.830000Z,,,
HE.OBF0.00.BHZ | 2025-01-22T12:03:20.691276Z - 2025-01-22T12:04:20.691276Z,,,,,,,2025-01-22T12:03:50.020000Z,,2025-01-22T12:04:13.520000Z,
HE.OBF3.00.BHZ | 2025-01-22T12:03:39.824831Z - 2025-01-22T12:04:39.824831Z,,,,,,,2025-01-22T12:03:48.220000Z,,2025-01-22T12:04:10.060000Z,
HE.OBF8.00.BHZ | 2025-01-22T12:03:27.499059Z - 2025-01-22T12:04:27.499059Z,,,,,,,2025-01-22T12:03:49.680000Z,,2025-01-22T12:04:10.820000Z,
HE.OUF.00.BHZ | 2025-01-22T12:03:39.474382Z - 2025-01-22T12:04:39.474382Z,,,,,,,2025-01-22T12:03:54.130000Z,,2025-01-22T12:04:18.680000Z,
HE.TOF.00.BHZ | 2025-01-22T12:03:22.222899Z - 2025-01-22T12:04:22.222899Z,,,,,,,2025-01-22T12:03:40.630000Z,,2025-01-22T12:03:53.840000Z,
HE.VAF.00.BHZ | 2025-01-22T12:03:50.921437Z - 2025-01-22T12:04:50.921437Z,,,,,,,2025-01-22T12:04:07.980000Z,,,
HE.VRF.00.BHZ | 2025-01-22T12:03:27.722535Z - 2025-01-22T12:04:27.722535Z,,,,,,,2025-01-22T12:04:19.980000Z,,,
FN.MSF.00.BHZ | 2025-01-22T14:24:26.392658Z - 2025-01-22T14:25:26.392658Z,,,,,,,2025-01-22T14:24:52.280000Z,,,
FN.OUL.00.BHZ | 2025-01-22T14:23:54.361287Z - 2025-01-22T14:24:54.361287Z,,,,,,,2025-01-22T14:24:47.180000Z,,,
HE.FIA0.00.SHZ | 2025-01-22T14:24:20.517662Z - 2025-01-22T14:25:20.517662Z,,,,,,,2025-01-22T14:25:13.400000Z,,,
HE.JOF.00.BHZ | 2025-01-22T14:24:47.177557Z - 2025-01-22T14:25:47.177557Z,,,,,,,2025-01-22T14:25:00.320000Z,,2025-01-22T14:25:26.080000Z,
HE.KAF.00.BHZ | 2025-01-22T14:25:18.244069Z - 2025-01-22T14:26:18.244069Z,,,,,,,,,2025-01-22T14:25:31.080000Z,
HE.KEF.00.BHZ | 2025-01-22T14:24:54.741602Z - 2025-01-22T14:25:54.741602Z,,,,,,,2025-01-22T14:25:06.560000Z,,2025-01-22T14:25:37.080000Z,
HE.KJNF.00.BHZ | 2025-01-22T14:23:56.067972Z - 2025-01-22T14:24:56.067972Z,,,,,,,2025-01-22T14:24:26.040000Z,,,
HE.NIF.00.BHZ | 2025-01-22T14:23:59.467669Z - 2025-01-22T14:24:59.467669Z,,,,,,,2025-01-22T14:24:38.280000Z,,2025-01-22T14:24:48.480000Z,
HE.OBF0.00.BHZ | 2025-01-22T14:24:26.408039Z - 2025-01-22T14:25:26.408039Z,,,,,,,2025-01-22T14:24:53.210000Z,,2025-01-22T14:25:13.300000Z,
HE.OBF3.00.BHZ | 2025-01-22T14:24:37.141202Z - 2025-01-22T14:25:37.141202Z,,,,,,,2025-01-22T14:24:51.080000Z,,2025-01-22T14:25:11.480000Z,
HE.OBF8.00.BHZ | 2025-01-22T14:24:51.907828Z - 2025-01-22T14:25:51.907828Z,,,,,,,2025-01-22T14:24:58.440000Z,,2025-01-22T14:25:23.620000Z,
HE.OUF.00.BHZ | 2025-01-22T14:24:36.931363Z - 2025-01-22T14:25:36.931363Z,,,,,,,2025-01-22T14:24:48.720000Z,,2025-01-22T14:25:06.640000Z,
HE.RMF.00.BHZ | 2025-01-22T14:24:12.908679Z - 2025-01-22T14:25:12.908679Z,,,,,,,2025-01-22T14:24:41.580000Z,,2025-01-22T14:24:53.820000Z,
HE.SUF.00.BHZ | 2025-01-22T14:24:42.702398Z - 2025-01-22T14:25:42.702398Z,,,,,,,2025-01-22T14:24:53.960000Z,,2025-01-22T14:25:15.380000Z,
HE.TOF.00.BHZ | 2025-01-22T14:25:12.899205Z - 2025-01-22T14:26:12.899205Z,,,,,,,,,2025-01-22T14:25:37.800000Z,
HE.TRE03.00.BHZ | 2025-01-22T14:25:41.100183Z - 2025-01-22T14:26:41.100183Z,,,,,,,,,2025-01-22T14:25:48.580000Z,
HE.VAF.00.BHZ | 2025-01-22T14:25:16.363930Z - 2025-01-22T14:26:16.363930Z,,,,,,,,,2025-01-22T14:25:41.680000Z,
HE.ECKF.00.BHZ | 2025-01-22T12:04:19.687990Z - 2025-01-22T12:05:19.687990Z,,,,,,,2025-01-22T12:04:31.890000Z,,2025-01-22T12:04:52.580000Z,
HE.FIA0.00.SHZ | 2025-01-22T12:04:23.534803Z - 2025-01-22T12:05:23.534803Z,,,,,,,2025-01-22T12:04:44.900000Z,,2025-01-22T12:05:14.700000Z,
HE.KORF.00.BHZ | 2025-01-22T12:03:30.184144Z - 2025-01-22T12:04:30.184144Z,,,,,,,2025-01-22T12:04:13.910000Z,,2025-01-22T12:04:19.480000Z,
HE.KPF.00.BHZ | 2025-01-22T12:03:41.313329Z - 2025-01-22T12:04:41.313329Z,,,,,,,2025-01-22T12:04:33.410000Z,,,
HE.PVF.00.BHZ | 2025-01-22T12:04:25.295352Z - 2025-01-22T12:05:25.295352Z,,,,,,,2025-01-22T12:04:39.580000Z,,2025-01-22T12:05:04.480000Z,
HE.RAF.00.BHZ | 2025-01-22T12:03:49.585811Z - 2025-01-22T12:04:49.585811Z,,,,,,,2025-01-22T12:04:20.030000Z,,2025-01-22T12:04:30.280000Z,
HE.TVF.00.BHZ | 2025-01-22T12:04:03.152934Z - 2025-01-22T12:05:03.152934Z,,,,,,,2025-01-22T12:04:18.480000Z,,2025-01-22T12:04:26.080000Z,
UP.AAL.00.BHZ | 2025-01-22T12:03:58.069371Z - 2025-01-22T12:04:58.069371Z,,,,,,,,,2025-01-22T12:04:48.160000Z,
HE.FIA0.00.SHZ | 2025-01-22T13:10:49.496350Z - 2025-01-22T13:11:49.496350Z,,,,,,,2025-01-22T13:11:01.100000Z,,2025-01-22T13:11:15.800000Z,
HE.HEL1.00.BHZ | 2025-01-22T13:10:06.268985Z - 2025-01-22T13:11:06.268985Z,,,,,,,2025-01-22T13:10:46.000000Z,,2025-01-22T13:10:50.120000Z,
HE.HEL5.00.BHZ | 2025-01-22T13:10:01.332464Z - 2025-01-22T13:11:01.332464Z,,,,,,,2025-01-22T13:10:47.680000Z,,2025-01-22T13:10:53.580000Z,
HE.KAF.00.BHZ | 2025-01-22T13:11:07.404755Z - 2025-01-22T13:12:07.404755Z,,,,,,,,,2025-01-22T13:11:37.360000Z,
HE.KEF.00.BHZ | 2025-01-22T13:10:53.535901Z - 2025-01-22T13:11:53.535901Z,,,,,,,2025-01-22T13:11:13.480000Z,,2025-01-22T13:11:37.760000Z,
HE.KORF.00.BHZ | 2025-01-22T13:10:54.360562Z - 2025-01-22T13:11:54.360562Z,,,,,,,2025-01-22T13:11:15.480000Z,,2025-01-22T13:11:40.720000Z,
HE.KPF.00.BHZ | 2025-01-22T13:11:01.326867Z - 2025-01-22T13:12:01.326867Z,,,,,,,2025-01-22T13:11:19.480000Z,,2025-01-22T13:11:48.220000Z,
HE.KUNI.00.BHZ | 2025-01-22T13:10:16.724008Z - 2025-01-22T13:11:16.724008Z,,,,,,,2025-01-22T13:10:44.680000Z,,2025-01-22T13:10:48.080000Z,
HE.KY17.00.BHZ | 2025-01-22T13:10:24.186223Z - 2025-01-22T13:11:24.186223Z,,,,,,,2025-01-22T13:10:57.350000Z,,2025-01-22T13:11:12.380000Z,
HE.LAUT.00.BHZ | 2025-01-22T13:10:27.672358Z - 2025-01-22T13:11:27.672358Z,,,,,,,2025-01-22T13:10:46.420000Z,,2025-01-22T13:10:50.880000Z,
HE.MEF.00.BHZ | 2025-01-22T13:10:34.864643Z - 2025-01-22T13:11:34.864643Z,,,,,,,2025-01-22T13:10:49.580000Z,,2025-01-22T13:10:56.120000Z,
HE.NUR.00.BHZ | 2025-01-22T13:10:38.120657Z - 2025-01-22T13:11:38.120657Z,,,,,,,2025-01-22T13:10:47.160000Z,,2025-01-22T13:10:52.360000Z,
HE.PVF.00.BHZ | 2025-01-22T13:10:36.293346Z - 2025-01-22T13:11:36.293346Z,,,,,,,2025-01-22T13:10:45.780000Z,,2025-01-22T13:10:49.940000Z,
HE.RAF.00.BHZ | 2025-01-22T13:10:59.419270Z - 2025-01-22T13:11:59.419270Z,,,,,,,2025-01-22T13:11:14.580000Z,,2025-01-22T13:11:39.780000Z,
HE.RUF.00.BHZ | 2025-01-22T13:11:02.871333Z - 2025-01-22T13:12:02.871333Z,,,,,,,,,2025-01-22T13:11:45.000000Z,
HE.SUF.00.BHZ | 2025-01-22T13:11:36.264763Z - 2025-01-22T13:12:36.264763Z,,,,,,,,,2025-01-22T13:11:54.140000Z,
HE.TRE03.00.BHZ | 2025-01-22T13:10:33.983154Z - 2025-01-22T13:11:33.983154Z,,,,,,,2025-01-22T13:11:05.780000Z,,2025-01-22T13:11:23.780000Z,
HE.TVF.00.BHZ | 2025-01-22T13:10:53.804011Z - 2025-01-22T13:11:53.804011Z,,,,,,,2025-01-22T13:11:02.080000Z,,2025-01-22T13:11:17.700000Z,
HE.VJF.00.BHZ | 2025-01-22T13:11:02.048296Z - 2025-01-22T13:12:02.048296Z,,,,,,,,,2025-01-22T13:11:19.540000Z,
HE.VUOS.00.BHZ | 2025-01-22T13:10:00.818240Z - 2025-01-22T13:11:00.818240Z,,,,,,,2025-01-22T13:10:43.980000Z,,2025-01-22T13:10:46.760000Z,
UP.AAL.00.BHZ | 2025-01-22T13:11:46.926478Z - 2025-01-22T13:12:46.926478Z,,,,,,,,,2025-01-22T13:12:01.960000Z,
FN.KLF.00.BHZ | 2025-01-22T04:52:44.292713Z - 2025-01-22T04:53:44.292713Z,,,,,,,2025-01-22T04:53:19.778640Z,,2025-01-22T04:53:31.119850Z,
FN.KMNF.00.?HZ | 2025-01-22T04:53:14.001554Z - 2025-01-22T04:54:14.001554Z,,,,,,,2025-01-22T04:53:27.648050Z,,2025-01-22T04:53:44.775590Z,
FN.RAJF.00.?HZ | 2025-01-22T04:53:02.799042Z - 2025-01-22T04:54:02.799042Z,,,,,,,2025-01-22T04:53:25.333520Z,,2025-01-22T04:53:41.072340Z,
FN.RANF.00.?HZ | 2025-01-22T04:53:20.920577Z - 2025-01-22T04:54:20.920577Z,,,,,,,2025-01-22T04:53:38.757800Z,,2025-01-22T04:54:04.449120Z,
FN.RNF.00.BHZ | 2025-01-22T04:53:04.323238Z - 2025-01-22T04:54:04.323238Z,,,,,,,2025-01-22T04:53:28.110950Z,,2025-01-22T04:53:45.469950Z,
FN.SGF.00.BHZ | 2025-01-22T04:52:35.605215Z - 2025-01-22T04:53:35.605215Z,,,,,,,2025-01-22T04:53:15.951520Z,,2025-01-22T04:53:24.582530Z,
HE.HEF.00.BHZ | 2025-01-22T04:52:37.265146Z - 2025-01-22T04:53:37.265146Z,,,,,,,2025-01-22T04:53:17.695560Z,,2025-01-22T04:53:27.648050Z,
HE.KEV.00.?HZ | 2025-01-22T04:53:07.971015Z - 2025-01-22T04:54:07.971015Z,,,,,,,2025-01-22T04:53:36.906180Z,,2025-01-22T04:54:01.671680Z,
HE.KIF.00.BHZ | 2025-01-22T04:53:10.060195Z - 2025-01-22T04:54:10.060195Z,,,,,,,2025-01-22T04:53:38.526350Z,,2025-01-22T04:54:03.986210Z,
HE.TOF.00.BHZ | 2025-01-22T04:53:11.893215Z - 2025-01-22T04:54:11.893215Z,,,,,,,2025-01-22T04:53:37.369090Z,,2025-01-22T04:54:02.134590Z,
HE.VRF.00.BHZ | 2025-01-22T04:53:19.628085Z - 2025-01-22T04:54:19.628085Z,,,,,,,2025-01-22T04:53:32.277110Z,,2025-01-22T04:53:53.339360Z,
HE.ECKF.00.CZ | 2025-01-22T12:07:58.640178Z - 2025-01-22T12:08:58.640178Z,,,,,,,2025-01-22T12:08:38.179300Z,,2025-01-22T12:08:50.244010Z,
HE.KORF.00.CZ | 2025-01-22T12:08:34.626023Z - 2025-01-22T12:09:34.626023Z,,,,,,,2025-01-22T12:08:54.421530Z,,2025-01-22T12:09:18.558320Z,
HE.RAF.00.BHZ | 2025-01-22T12:08:46.467164Z - 2025-01-22T12:09:46.467164Z,,,,,,,2025-01-22T12:09:00.108590Z,,2025-01-22T12:09:29.698370Z,
HE.TVF.00.BHZ | 2025-01-22T12:08:56.906499Z - 2025-01-22T12:09:56.906499Z,,,,,,,2025-01-22T12:09:09.274940Z,,2025-01-22T12:09:39.910090Z,
UP.AAL.00.BHZ | 2025-01-22T12:08:09.639897Z - 2025-01-22T12:09:09.639897Z,,,,,,,2025-01-22T12:08:41.653200Z,,2025-01-22T12:08:56.421880Z,
HE.ECKF.00.CZ | 2025-01-22T12:28:44.779130Z - 2025-01-22T12:29:44.779130Z,,,,,,,,,2025-01-22T12:29:02.498570Z,
HE.FIA0.00.?HZ | 2025-01-22T12:27:51.959148Z - 2025-01-22T12:28:51.959148Z,,,,,,,2025-01-22T12:28:11.965620Z,,2025-01-22T12:28:30.484970Z,
HE.FIA1.00.?HZ | 2025-01-22T12:27:59.875760Z - 2025-01-22T12:28:59.875760Z,,,,,,,2025-01-22T12:28:11.965620Z,,2025-01-22T12:28:30.484970Z,
HE.HEL1.00.BHZ | 2025-01-22T12:27:07.546559Z - 2025-01-22T12:28:07.546559Z,,,,,,,2025-01-22T12:27:49.307960Z,,2025-01-22T12:27:51.710500Z,
HE.HEL5.00.BHZ | 2025-01-22T12:27:06.379526Z - 2025-01-22T12:28:06.379526Z,,,,,,,2025-01-22T12:27:48.971610Z,,2025-01-22T12:27:51.229990Z,
HE.KAF.00.?HZ | 2025-01-22T12:27:56.577447Z - 2025-01-22T12:28:56.577447Z,,,,,,,,,2025-01-22T12:28:50.199460Z,
HE.KEF.00.?HZ | 2025-01-22T12:28:27.433287Z - 2025-01-22T12:29:27.433287Z,,,,,,,,,2025-01-22T12:28:46.486530Z,
HE.KORF.00.CZ | 2025-01-22T12:27:42.079479Z - 2025-01-22T12:28:42.079479Z,,,,,,,2025-01-22T12:28:13.817550Z,,2025-01-22T12:28:33.725850Z,
HE.KPF.00.BHZ | 2025-01-22T12:28:02.115061Z - 2025-01-22T12:29:02.115061Z,,,,,,,,,2025-01-22T12:28:48.575050Z,
HE.KUNI.00.BHZ | 2025-01-22T12:27:34.659747Z - 2025-01-22T12:28:34.659747Z,,,,,,,2025-01-22T12:27:49.452110Z,,2025-01-22T12:27:51.950760Z,
HE.KY02.00.CZ | 2025-01-22T12:27:35.677532Z - 2025-01-22T12:28:35.677532Z,,,,,,,2025-01-22T12:28:10.113680Z,,2025-01-22T12:28:27.244080Z,
HE.KY17.00.CZ | 2025-01-22T12:28:06.261341Z - 2025-01-22T12:29:06.261341Z,,,,,,,2025-01-22T12:28:11.965620Z,,2025-01-22T12:28:30.021980Z,
HE.LAUT.00.BHZ | 2025-01-22T12:27:36.572186Z - 2025-01-22T12:28:36.572186Z,,,,,,,2025-01-22T12:27:49.356010Z,,2025-01-22T12:27:51.854650Z,
HE.LOVF.00.CZ | 2025-01-22T12:27:24.163544Z - 2025-01-22T12:28:24.163544Z,,,,,,,2025-01-22T12:28:02.310230Z,,2025-01-22T12:28:13.682020Z,
HE.MEF.00.BHZ | 2025-01-22T12:27:05.084056Z - 2025-01-22T12:28:05.084056Z,,,,,,,2025-01-22T12:27:47.791820Z,,2025-01-22T12:27:48.987590Z,
HE.NUR.00.SHZ | 2025-01-22T12:27:09.944845Z - 2025-01-22T12:28:09.944845Z,,,,,,,2025-01-22T12:27:51.273240Z,,2025-01-22T12:27:54.978810Z,
HE.PVF.00.CZ | 2025-01-22T12:27:40.593620Z - 2025-01-22T12:28:40.593620Z,,,,,,,2025-01-22T12:27:59.264090Z,,2025-01-22T12:28:08.485610Z,
HE.RAF.00.BHZ | 2025-01-22T12:27:44.685657Z - 2025-01-22T12:28:44.685657Z,,,,,,,2025-01-22T12:28:14.743520Z,,2025-01-22T12:28:35.577790Z,
HE.RSUO.00.BHZ | 2025-01-22T12:27:33.705795Z - 2025-01-22T12:28:33.705795Z,,,,,,,2025-01-22T12:27:49.307960Z,,2025-01-22T12:27:51.806600Z,
HE.TRE03.00.CZ | 2025-01-22T12:27:52.907871Z - 2025-01-22T12:28:52.907871Z,,,,,,,2025-01-22T12:28:11.734130Z,,2025-01-22T12:28:29.559000Z,
HE.TVF.00.BHZ | 2025-01-22T12:27:24.764681Z - 2025-01-22T12:28:24.764681Z,,,,,,,2025-01-22T12:28:00.370670Z,,2025-01-22T12:28:10.182370Z,
HE.VJF.00.?HZ | 2025-01-22T12:28:07.898430Z - 2025-01-22T12:29:07.898430Z,,,,,,,2025-01-22T12:28:13.586060Z,,2025-01-22T12:28:33.031380Z,
HE.VUOS.00.BHZ | 2025-01-22T12:27:29.528559Z - 2025-01-22T12:28:29.528559Z,,,,,,,2025-01-22T12:27:51.566350Z,,2025-01-22T12:27:55.410420Z,
UP.AAL.00.BHZ | 2025-01-22T12:28:17.898152Z - 2025-01-22T12:29:17.898152Z,,,,,,,,,2025-01-22T12:28:55.536810Z,
HE.FIA0.00.?HZ | 2025-01-22T14:28:26.433974Z - 2025-01-22T14:29:26.433974Z,,,,,,,2025-01-22T14:28:32.688820Z,,2025-01-22T14:28:45.276710Z,
HE.FIA1.00.?HZ | 2025-01-22T14:28:27.371574Z - 2025-01-22T14:29:27.371574Z,,,,,,,2025-01-22T14:28:32.688820Z,,2025-01-22T14:28:45.276710Z,
HE.HEL5.00.BHZ | 2025-01-22T14:28:03.651019Z - 2025-01-22T14:29:03.651019Z,,,,,,,2025-01-22T14:28:37.623460Z,,2025-01-22T14:28:53.625710Z,
HE.KAF.00.?HZ | 2025-01-22T14:28:13.693764Z - 2025-01-22T14:29:13.693764Z,,,,,,,2025-01-22T14:28:43.293150Z,,2025-01-22T14:29:03.598130Z,
HE.KEF.00.?HZ | 2025-01-22T14:28:40.588953Z - 2025-01-22T14:29:40.588953Z,,,,,,,2025-01-22T14:28:48.755460Z,,2025-01-22T14:29:12.874790Z,
HE.KUNI.00.BHZ | 2025-01-22T14:28:01.169079Z - 2025-01-22T14:29:01.169079Z,,,,,,,2025-01-22T14:28:35.072380Z,,2025-01-22T14:28:49.219290Z,
HE.KY02.00.CZ | 2025-01-22T14:28:17.146262Z - 2025-01-22T14:29:17.146262Z,,,,,,,2025-01-22T14:28:22.304650Z,,2025-01-22T14:28:27.409800Z,
HE.KY17.00.CZ | 2025-01-22T14:27:46.224106Z - 2025-01-22T14:28:46.224106Z,,,,,,,2025-01-22T14:28:21.556390Z,,2025-01-22T14:28:26.015150Z,
HE.LOVF.00.CZ | 2025-01-22T14:28:02.128328Z - 2025-01-22T14:29:02.128328Z,,,,,,,2025-01-22T14:28:22.743800Z,,2025-01-22T14:28:27.903840Z,
HE.MEF.00.BHZ | 2025-01-22T14:28:10.557562Z - 2025-01-22T14:29:10.557562Z,,,,,,,2025-01-22T14:28:39.942630Z,,2025-01-22T14:28:57.568290Z,
HE.NUR.00.SHZ | 2025-01-22T14:28:29.366048Z - 2025-01-22T14:29:29.366048Z,,,,,,,2025-01-22T14:28:36.463880Z,,2025-01-22T14:28:51.770380Z,
HE.PVF.00.CZ | 2025-01-22T14:27:43.857564Z - 2025-01-22T14:28:43.857564Z,,,,,,,2025-01-22T14:28:25.982550Z,,2025-01-22T14:28:33.217050Z,
HE.RUF.00.BHZ | 2025-01-22T14:28:06.869078Z - 2025-01-22T14:29:06.869078Z,,,,,,,2025-01-22T14:28:37.623460Z,,2025-01-22T14:28:54.089540Z,
HE.SUF.00.BHZ | 2025-01-22T14:28:31.784186Z - 2025-01-22T14:29:31.784186Z,,,,,,,2025-01-22T14:28:52.929960Z,,2025-01-22T14:29:20.064210Z,
HE.TRE03.00.CZ | 2025-01-22T14:28:33.718853Z - 2025-01-22T14:29:33.718853Z,,,,,,,2025-01-22T14:28:45.740550Z,,2025-01-22T14:29:07.772630Z,
HE.VJF.00.?HZ | 2025-01-22T14:28:04.296498Z - 2025-01-22T14:29:04.296498Z,,,,,,,2025-01-22T14:28:20.641780Z,,2025-01-22T14:28:24.114000Z,
HE.VUOS.00.BHZ | 2025-01-22T14:27:54.013828Z - 2025-01-22T14:28:54.013828Z,,,,,,,2025-01-22T14:28:33.680880Z,,2025-01-22T14:28:47.132040Z,
HE.FIA0.00.?HZ | 2025-01-22T11:54:08.918058Z - 2025-01-22T11:55:08.918058Z,,,,,,,2025-01-22T11:54:23.301220Z,,2025-01-22T11:54:38.006670Z,
HE.FIA1.00.?HZ | 2025-01-22T11:53:49.148660Z - 2025-01-22T11:54:49.148660Z,,,,,,,2025-01-22T11:54:23.301220Z,,2025-01-22T11:54:38.006670Z,
HE.KAF.00.?HZ | 2025-01-22T11:54:03.827197Z - 2025-01-22T11:55:03.827197Z,,,,,,,2025-01-22T11:54:29.172840Z,,2025-01-22T11:54:47.283030Z,
HE.KEF.00.?HZ | 2025-01-22T11:54:12.471424Z - 2025-01-22T11:55:12.471424Z,,,,,,,2025-01-22T11:54:37.774760Z,,2025-01-22T11:55:03.980490Z,
HE.KY02.00.CZ | 2025-01-22T11:53:50.614079Z - 2025-01-22T11:54:50.614079Z,,,,,,,2025-01-22T11:54:15.869770Z,,2025-01-22T11:54:24.555940Z,
HE.LOVF.00.CZ | 2025-01-22T11:53:45.613240Z - 2025-01-22T11:54:45.613240Z,,,,,,,2025-01-22T11:54:23.396390Z,,2025-01-22T11:54:37.774760Z,
HE.PVF.00.CZ | 2025-01-22T11:53:53.673290Z - 2025-01-22T11:54:53.673290Z,,,,,,,2025-01-22T11:54:25.251670Z,,2025-01-22T11:54:41.949120Z,
HE.RUF.00.BHZ | 2025-01-22T11:53:51.414758Z - 2025-01-22T11:54:51.414758Z,,,,,,,2025-01-22T11:54:13.474510Z,,2025-01-22T11:54:20.335620Z,
HE.SUF.00.BHZ | 2025-01-22T11:54:12.947903Z - 2025-01-22T11:55:12.947903Z,,,,,,,,,2025-01-22T11:55:03.516670Z,
HE.TRE03.00.CZ | 2025-01-22T11:54:29.780973Z - 2025-01-22T11:55:29.780973Z,,,,,,,2025-01-22T11:54:38.934300Z,,2025-01-22T11:55:05.603850Z,
HE.VJF.00.?HZ | 2025-01-22T11:53:41.982875Z - 2025-01-22T11:54:41.982875Z,,,,,,,2025-01-22T11:54:13.965850Z,,2025-01-22T11:54:21.541120Z,
HE.VUOS.00.BHZ | 2025-01-22T11:54:05.566293Z - 2025-01-22T11:55:05.566293Z,,,,,,,2025-01-22T11:54:33.832300Z,,2025-01-22T11:54:56.327490Z,
FN.MSF.00.BHZ | 2025-01-20T09:13:26.500794Z - 2025-01-20T09:14:26.500794Z,,,,,,,2025-01-20T09:14:16.949820Z,,,
FN.OLKF.00.BHZ | 2025-01-20T09:14:06.971849Z - 2025-01-20T09:15:06.971849Z,,,,,,,2025-01-20T09:14:25.092440Z,,2025-01-20T09:14:35.674560Z,
FN.OUL.00.BHZ | 2025-01-20T09:14:07.970445Z - 2025-01-20T09:15:07.970445Z,,,,,,,2025-01-20T09:14:35.811910Z,,2025-01-20T09:14:53.878190Z,
FN.RANF.00.?HZ | 2025-01-20T09:14:17.613020Z - 2025-01-20T09:15:17.613020Z,,,,,,,2025-01-20T09:14:29.514250Z,,2025-01-20T09:14:43.726480Z,
FN.RNF.00.BHZ | 2025-01-20T09:14:28.052461Z - 2025-01-20T09:15:28.052461Z,,,,,,,,,2025-01-20T09:15:00.928910Z,
HE.KU1.00.SHZ | 2025-01-20T09:14:03.105427Z - 2025-01-20T09:15:03.105427Z,,,,,,,2025-01-20T09:14:13.566420Z,,2025-01-20T09:14:15.915350Z,
HE.KU2.00.SHZ | 2025-01-20T09:13:31.480613Z - 2025-01-20T09:14:31.480613Z,,,,,,,2025-01-20T09:14:17.751470Z,,2025-01-20T09:14:23.236900Z,
HE.KU6.00.BHZ | 2025-01-20T09:13:46.809329Z - 2025-01-20T09:14:46.809329Z,,,,,,,2025-01-20T09:14:21.292380Z,,2025-01-20T09:14:29.383600Z,
HE.OBF3.00.BHZ | 2025-01-20T09:14:45.562796Z - 2025-01-20T09:15:45.562796Z,,,,,,,,,2025-01-20T09:15:09.382080Z,
HE.RMF.00.BHZ | 2025-01-20T09:14:24.663020Z - 2025-01-20T09:15:24.663020Z,,,,,,,2025-01-20T09:14:34.168010Z,,2025-01-20T09:14:51.971250Z,
HE.ALAJF.00.?HZ | 2025-01-20T10:31:36.234783Z - 2025-01-20T10:32:36.234783Z,,,,,,,2025-01-20T10:32:19.324110Z,,2025-01-20T10:32:25.655540Z,
HE.KAF.00.?HZ | 2025-01-20T10:32:12.459113Z - 2025-01-20T10:33:12.459113Z,,,,,,,2025-01-20T10:32:42.142310Z,,2025-01-20T10:33:04.269980Z,
HE.KEF.00.?HZ | 2025-01-20T10:32:26.509601Z - 2025-01-20T10:33:26.509601Z,,,,,,,2025-01-20T10:32:32.669610Z,,2025-01-20T10:32:47.914510Z,
HE.KPF.00.BHZ | 2025-01-20T10:31:57.818823Z - 2025-01-20T10:32:57.818823Z,,,,,,,2025-01-20T10:32:33.884220Z,,2025-01-20T10:32:48.809240Z,
HE.OBF0.00.BHZ | 2025-01-20T10:32:34.398950Z - 2025-01-20T10:33:34.398950Z,,,,,,,2025-01-20T10:32:39.638470Z,,2025-01-20T10:33:00.809780Z,
HE.OBF8.00.BHZ | 2025-01-20T10:32:20.130604Z - 2025-01-20T10:33:20.130604Z,,,,,,,2025-01-20T10:32:35.979940Z,,2025-01-20T10:32:53.212850Z,
HE.OUF.00.BHZ | 2025-01-20T10:32:06.959394Z - 2025-01-20T10:33:06.959394Z,,,,,,,2025-01-20T10:32:39.006950Z,,2025-01-20T10:32:59.693360Z,
HE.SUF.00.BHZ | 2025-01-20T10:32:16.856145Z - 2025-01-20T10:33:16.856145Z,,,,,,,2025-01-20T10:32:36.790550Z,,2025-01-20T10:32:55.655260Z,
HE.TRE03.00.CZ | 2025-01-20T10:32:11.290830Z - 2025-01-20T10:33:11.290830Z,,,,,,,2025-01-20T10:32:37.713180Z,,2025-01-20T10:32:56.902310Z,
HE.VAF.00.BHZ | 2025-01-20T10:31:37.254275Z - 2025-01-20T10:32:37.254275Z,,,,,,,2025-01-20T10:32:13.699300Z,,2025-01-20T10:32:16.292360Z,
HE.KY17.00.CZ | 2025-01-22T11:54:37.760647Z - 2025-01-22T11:55:37.760647Z,,,,,,,2025-01-22T11:55:03.317820Z,,2025-01-22T11:55:26.198290Z,
HE.PVF.00.CZ | 2025-01-22T11:54:55.911514Z - 2025-01-22T11:55:55.911514Z,,,,,,,2025-01-22T11:55:01.875410Z,,2025-01-22T11:55:23.551500Z,
HE.RSUO.00.BHZ | 2025-01-22T11:54:53.239394Z - 2025-01-22T11:55:53.239394Z,,,,,,,2025-01-22T11:55:04.084860Z,,2025-01-22T11:55:27.332250Z,
HE.RUF.00.BHZ | 2025-01-22T11:55:01.570321Z - 2025-01-22T11:56:01.570321Z,,,,,,,2025-01-22T11:55:11.087750Z,,2025-01-22T11:55:41.163320Z,
HE.TVF.00.BHZ | 2025-01-22T11:55:01.386639Z - 2025-01-22T11:56:01.386639Z,,,,,,,2025-01-22T11:55:14.474640Z,,2025-01-22T11:55:45.769490Z,
HE.VJF.00.?HZ | 2025-01-22T11:54:28.583788Z - 2025-01-22T11:55:28.583788Z,,,,,,,2025-01-22T11:54:55.999420Z,,2025-01-22T11:55:13.334300Z,
HE.ECKF.00.CZ | 2025-01-21T12:14:01.523651Z - 2025-01-21T12:15:01.523651Z,,,,,,,2025-01-21T12:14:33.242390Z,,2025-01-21T12:14:53.914810Z,
HE.FIA0.00.?HZ | 2025-01-21T12:14:07.925344Z - 2025-01-21T12:15:07.925344Z,,,,,,,2025-01-21T12:14:36.094680Z,,2025-01-21T12:14:59.476220Z,
HE.KEF.00.?HZ | 2025-01-21T12:14:07.778470Z - 2025-01-21T12:15:07.778470Z,,,,,,,2025-01-21T12:14:35.685910Z,,2025-01-21T12:14:58.419480Z,
HE.KORF.00.CZ | 2025-01-21T12:13:47.320053Z - 2025-01-21T12:14:47.320053Z,,,,,,,2025-01-21T12:14:19.839120Z,,2025-01-21T12:14:31.128900Z,
HE.KPF.00.BHZ | 2025-01-21T12:14:19.089211Z - 2025-01-21T12:15:19.089211Z,,,,,,,2025-01-21T12:14:24.803600Z,,2025-01-21T12:14:38.883390Z,
HE.MEF.00.BHZ | 2025-01-21T12:14:10.763368Z - 2025-01-21T12:15:10.763368Z,,,,,,,2025-01-21T12:14:22.325030Z,,2025-01-21T12:14:35.815900Z,
HE.NUR.00.SHZ | 2025-01-21T12:14:11.274733Z - 2025-01-21T12:15:11.274733Z,,,,,,,,,2025-01-21T12:14:35.012420Z,
HE.PVF.00.CZ | 2025-01-21T12:14:03.917141Z - 2025-01-21T12:15:03.917141Z,,,,,,,2025-01-21T12:14:33.007940Z,,2025-01-21T12:14:53.480090Z,
HE.RAF.00.BHZ | 2025-01-21T12:13:45.109784Z - 2025-01-21T12:14:45.109784Z,,,,,,,2025-01-21T12:14:13.115750Z,,2025-01-21T12:14:19.727280Z,
HE.TRE03.00.CZ | 2025-01-21T12:14:08.001126Z - 2025-01-21T12:15:08.001126Z,,,,,,,2025-01-21T12:14:24.966670Z,,2025-01-21T12:14:40.166790Z,
HE.TVF.00.BHZ | 2025-01-21T12:14:08.134735Z - 2025-01-21T12:15:08.134735Z,,,,,,,2025-01-21T12:14:22.211050Z,,2025-01-21T12:14:34.190560Z,
UP.AAL.00.BHZ | 2025-01-21T12:13:55.296275Z - 2025-01-21T12:14:55.296275Z,,,,,,,2025-01-21T12:14:30.147860Z,,2025-01-21T12:14:49.344830Z,
FN.KLF.00.BHZ | 2025-01-23T11:11:20.604321Z - 2025-01-23T11:12:20.604321Z,,,,,,,2025-01-23T11:11:45.137250Z,,2025-01-23T11:12:13.152850Z,
FN.MSF.00.BHZ | 2025-01-23T11:11:27.258018Z - 2025-01-23T11:12:27.258018Z,,,,,,,2025-01-23T11:11:35.836030Z,,2025-01-23T11:11:56.476900Z,
FN.OLKF.00.BHN | 2025-01-23T11:11:17.221301Z - 2025-01-23T11:12:17.221301Z,,,,,,,2025-01-23T11:11:42.263850Z,,2025-01-23T11:12:07.327330Z,
FN.OUL.00.BHZ | 2025-01-23T11:10:15.133254Z - 2025-01-23T11:11:15.133254Z,,,,,,,2025-01-23T11:11:08.325800Z,,2025-01-23T11:11:10.022020Z,
FN.RANF.00.?HZ | 2025-01-23T11:10:46.745293Z - 2025-01-23T11:11:46.745293Z,,,,,,,2025-01-23T11:11:25.551850Z,,2025-01-23T11:11:38.714090Z,
FN.RNF.00.BHZ | 2025-01-23T11:11:23.966438Z - 2025-01-23T11:12:23.966438Z,,,,,,,2025-01-23T11:11:34.155930Z,,2025-01-23T11:11:53.779910Z,
HE.ALAJF.00.?HZ | 2025-01-23T11:11:30.086335Z - 2025-01-23T11:12:30.086335Z,,,,,,,2025-01-23T11:11:43.516510Z,,2025-01-23T11:12:10.374450Z,
HE.KU1.00.SHZ | 2025-01-23T11:11:14.875832Z - 2025-01-23T11:12:14.875832Z,,,,,,,2025-01-23T11:11:37.002180Z,,2025-01-23T11:11:59.042430Z,
HE.KU2.00.SHZ | 2025-01-23T11:10:57.008259Z - 2025-01-23T11:11:57.008259Z,,,,,,,2025-01-23T11:11:28.888880Z,,2025-01-23T11:11:44.953070Z,
HE.KU6.00.BHZ | 2025-01-23T11:11:27.429098Z - 2025-01-23T11:12:27.429098Z,,,,,,,2025-01-23T11:11:41.664240Z,,2025-01-23T11:12:06.901440Z,
HE.NIF.00.BHZ | 2025-01-23T11:11:22.300534Z - 2025-01-23T11:12:22.300534Z,,,,,,,2025-01-23T11:11:41.332630Z,,2025-01-23T11:12:06.574350Z,
HE.OBF0.00.BHZ | 2025-01-23T11:11:14.137633Z - 2025-01-23T11:12:14.137633Z,,,,,,,2025-01-23T11:11:22.385580Z,,2025-01-23T11:11:33.580620Z,
HE.OBF3.00.BHZ | 2025-01-23T11:11:07.589167Z - 2025-01-23T11:12:07.589167Z,,,,,,,2025-01-23T11:11:15.525310Z,,2025-01-23T11:11:21.970950Z,
HE.OBF8.00.BHZ | 2025-01-23T11:10:51.703600Z - 2025-01-23T11:11:51.703600Z,,,,,,,2025-01-23T11:11:28.710210Z,,2025-01-23T11:11:44.845500Z,
HE.OUF.00.BHZ | 2025-01-23T11:10:43.996099Z - 2025-01-23T11:11:43.996099Z,,,,,,,2025-01-23T11:11:21.711650Z,,2025-01-23T11:11:33.128300Z,
HE.RMF.00.BHZ | 2025-01-23T11:11:13.760696Z - 2025-01-23T11:12:13.760696Z,,,,,,,2025-01-23T11:11:42.590380Z,,2025-01-23T11:12:08.522180Z,
HE.TOF.00.BHZ | 2025-01-23T11:11:05.526020Z - 2025-01-23T11:12:05.526020Z,,,,,,,2025-01-23T11:11:26.773980Z,,2025-01-23T11:11:41.295740Z,
FN.MSF.00.BHZ | 2025-01-24T09:49:02.959500Z - 2025-01-24T09:50:02.959500Z,,,,,,,,,2025-01-24T09:49:36.320000Z,
FN.OUL.00.BHZ | 2025-01-24T09:48:54.277061Z - 2025-01-24T09:49:54.277061Z,,,,,,,,,2025-01-24T09:49:08.280000Z,
FN.RANF.00.BHZ | 2025-01-24T09:48:53.608212Z - 2025-01-24T09:49:53.608212Z,,,,,,,,,2025-01-24T09:49:33.660000Z,
HE.FIA0.00.SHZ | 2025-01-24T09:48:09.195740Z - 2025-01-24T09:49:09.195740Z,,,,,,,2025-01-24T09:48:36.100000Z,,2025-01-24T09:48:58.500000Z,
HE.JOF.00.BHZ | 2025-01-24T09:48:21.622828Z - 2025-01-24T09:49:21.622828Z,,,,,,,,,2025-01-24T09:49:15.040000Z,
HE.KAF.00.BHZ | 2025-01-24T09:48:13.329214Z - 2025-01-24T09:49:13.329214Z,,,,,,,2025-01-24T09:48:24.130000Z,,2025-01-24T09:48:37.500000Z,
HE.KEF.00.BHZ | 2025-01-24T09:47:54.589512Z - 2025-01-24T09:48:54.589512Z,,,,,,,2025-01-24T09:48:27.080000Z,,2025-01-24T09:48:43.060000Z,
HE.KPF.00.BHZ | 2025-01-24T09:49:05.561730Z - 2025-01-24T09:50:05.561730Z,,,,,,,,,2025-01-24T09:49:18.600000Z,
HE.KU1.00.BHZ | 2025-01-24T09:48:53.120412Z - 2025-01-24T09:49:53.120412Z,,,,,,,,,2025-01-24T09:49:28.880000Z,
HE.KU2.00.BHZ | 2025-01-24T09:49:21.719831Z - 2025-01-24T09:50:21.719831Z,,,,,,,,,2025-01-24T09:49:28.240000Z,
HE.KY17.00.BHZ | 2025-01-24T09:48:49.738056Z - 2025-01-24T09:49:49.738056Z,,,,,,,,,2025-01-24T09:49:15.140000Z,
HE.NIF.00.BHZ | 2025-01-24T09:47:33.421522Z - 2025-01-24T09:48:33.421522Z,,,,,,,2025-01-24T09:48:18.280000Z,,2025-01-24T09:48:27.600000Z,
HE.OBF0.00.BHZ | 2025-01-24T09:48:03.416418Z - 2025-01-24T09:49:03.416418Z,,,,,,,2025-01-24T09:48:36.770000Z,,,
HE.OBF3.00.BHZ | 2025-01-24T09:48:18.626531Z - 2025-01-24T09:49:18.626531Z,,,,,,,2025-01-24T09:48:39.880000Z,,2025-01-24T09:49:05.580000Z,
HE.OUF.00.BHZ | 2025-01-24T09:48:04.713701Z - 2025-01-24T09:49:04.713701Z,,,,,,,2025-01-24T09:48:32.380000Z,,,
HE.PVF.00.BHZ | 2025-01-24T09:48:36.061155Z - 2025-01-24T09:49:36.061155Z,,,,,,,,,2025-01-24T09:49:26.340000Z,
HE.RAF.00.BHZ | 2025-01-24T09:49:33.444296Z - 2025-01-24T09:50:33.444296Z,,,,,,,,,2025-01-24T09:49:40.020000Z,
HE.RMF.00.BHZ | 2025-01-24T09:48:22.409130Z - 2025-01-24T09:49:22.409130Z,,,,,,,2025-01-24T09:48:40.580000Z,,2025-01-24T09:49:06.960000Z,
HE.RUF.00.BHZ | 2025-01-24T09:47:53.860684Z - 2025-01-24T09:48:53.860684Z,,,,,,,2025-01-24T09:48:43.500000Z,,,
HE.SUF.00.BHZ | 2025-01-24T09:47:32.419595Z - 2025-01-24T09:48:32.419595Z,,,,,,,2025-01-24T09:48:12.980000Z,,2025-01-24T09:48:18.380000Z,
HE.TRE03.00.BHZ | 2025-01-24T09:48:23.553260Z - 2025-01-24T09:49:23.553260Z,,,,,,,2025-01-24T09:48:38.740000Z,,2025-01-24T09:49:02.660000Z,
HE.VAF.00.BHZ | 2025-01-24T09:48:22.086197Z - 2025-01-24T09:49:22.086197Z,,,,,,,2025-01-24T09:48:36.380000Z,,2025-01-24T09:48:59.680000Z,
HE.VJF.00.BHZ | 2025-01-24T09:49:08.341742Z - 2025-01-24T09:50:08.341742Z,,,,,,,,,2025-01-24T09:49:26.980000Z,
FN.KLF.00.BHZ | 2025-01-25T23:03:22.833616Z - 2025-01-25T23:04:22.833616Z,,,,,,,2025-01-25T23:03:36.160000Z,,2025-01-25T23:03:52.960000Z,
FN.MSF.00.BHZ | 2025-01-25T23:04:56.647308Z - 2025-01-25T23:05:56.647308Z,,,,,,,,,2025-01-25T23:05:05.000000Z,
FN.OLKF.00.BHZ | 2025-01-25T23:04:10.505148Z - 2025-01-25T23:05:10.505148Z,,,,,,,,,2025-01-25T23:05:04.360000Z,
FN.OUL.00.BHZ | 2025-01-25T23:03:46.345829Z - 2025-01-25T23:04:46.345829Z,,,,,,,2025-01-25T23:03:59.530000Z,,,
FN.RANF.00.BHZ | 2025-01-25T23:04:26.650664Z - 2025-01-25T23:05:26.650664Z,,,,,,,,,2025-01-25T23:04:35.280000Z,
FN.RNF.00.BHZ | 2025-01-25T23:03:37.449744Z - 2025-01-25T23:04:37.449744Z,,,,,,,2025-01-25T23:03:51.480000Z,,2025-01-25T23:04:20.200000Z,
HE.HEF.00.BHZ | 2025-01-25T23:03:10.612813Z - 2025-01-25T23:04:10.612813Z,,,,,,,2025-01-25T23:03:42.880000Z,,2025-01-25T23:04:04.760000Z,
HE.KIF.00.BHZ | 2025-01-25T23:03:31.612865Z - 2025-01-25T23:04:31.612865Z,,,,,,,2025-01-25T23:03:46.240000Z,,2025-01-25T23:04:11.860000Z,
HE.KU6.00.BHZ | 2025-01-25T23:05:02.246934Z - 2025-01-25T23:06:02.246934Z,,,,,,,,,2025-01-25T23:05:14.120000Z,
HE.TOF.00.BHZ | 2025-01-25T23:03:37.397130Z - 2025-01-25T23:04:37.397130Z,,,,,,,2025-01-25T23:03:45.720000Z,,2025-01-25T23:04:10.080000Z,
HE.FIA0.00.?HZ | 2025-01-24T09:27:36.323839Z - 2025-01-24T09:28:36.323839Z,,,,,,,2025-01-24T09:28:05.723790Z,,2025-01-24T09:28:29.290640Z,
HE.FIA1.00.?HZ | 2025-01-24T09:27:41.118155Z - 2025-01-24T09:28:41.118155Z,,,,,,,2025-01-24T09:28:05.723790Z,,2025-01-24T09:28:29.290640Z,
HE.JOF.00.BHZ | 2025-01-24T09:27:49.482729Z - 2025-01-24T09:28:49.482729Z,,,,,,,2025-01-24T09:28:08.201270Z,,2025-01-24T09:28:33.636260Z,
HE.KAF.00.?HZ | 2025-01-24T09:27:51.963786Z - 2025-01-24T09:28:51.963786Z,,,,,,,2025-01-24T09:28:08.443940Z,,2025-01-24T09:28:31.535880Z,
HE.LOVF.00.CZ | 2025-01-24T09:27:56.443593Z - 2025-01-24T09:28:56.443593Z,,,,,,,2025-01-24T09:28:06.774840Z,,2025-01-24T09:28:30.265600Z,
HE.PVF.00.CZ | 2025-01-24T09:28:01.163734Z - 2025-01-24T09:29:01.163734Z,,,,,,,2025-01-24T09:28:09.402480Z,,2025-01-24T09:28:35.397010Z,
HE.RUF.00.BHZ | 2025-01-24T09:27:20.532998Z - 2025-01-24T09:28:20.532998Z,,,,,,,2025-01-24T09:27:42.338550Z,,2025-01-24T09:27:48.506780Z,
HE.SUF.00.BHZ | 2025-01-24T09:27:59.809905Z - 2025-01-24T09:28:59.809905Z,,,,,,,2025-01-24T09:28:14.507600Z,,2025-01-24T09:28:43.939240Z,
HE.VJF.00.?HZ | 2025-01-24T09:27:42.819955Z - 2025-01-24T09:28:42.819955Z,,,,,,,2025-01-24T09:27:56.347380Z,,2025-01-24T09:28:12.189190Z,
HE.HEL5.00.BHZ | 2025-01-24T08:55:01.801534Z - 2025-01-24T08:56:01.801534Z,,,,,,,2025-01-24T08:55:19.548080Z,,2025-01-24T08:55:21.719770Z,
HE.KUNI.00.BHZ | 2025-01-24T08:54:56.029652Z - 2025-01-24T08:55:56.029652Z,,,,,,,2025-01-24T08:55:18.939430Z,,2025-01-24T08:55:20.423560Z,
HE.LAUT.00.BHZ | 2025-01-24T08:55:01.253908Z - 2025-01-24T08:56:01.253908Z,,,,,,,2025-01-24T08:55:18.339470Z,,2025-01-24T08:55:19.527430Z,
HE.RSUO.00.BHZ | 2025-01-24T08:54:34.523782Z - 2025-01-24T08:55:34.523782Z,,,,,,,2025-01-24T08:55:18.073360Z,,2025-01-24T08:55:18.976670Z,
HE.VUOS.00.BHZ | 2025-01-24T08:54:47.603565Z - 2025-01-24T08:55:47.603565Z,,,,,,,2025-01-24T08:55:18.120030Z,,2025-01-24T08:55:19.065120Z,
HE.FIA0.00.SHZ | 2025-01-24T14:09:04.653835Z - 2025-01-24T14:10:04.653835Z,,,,,,,2025-01-24T14:09:20.900000Z,,2025-01-24T14:09:47.700000Z,
HE.JOF.00.BHZ | 2025-01-24T14:08:48.646130Z - 2025-01-24T14:09:48.646130Z,,,,,,,2025-01-24T14:09:13.680000Z,,2025-01-24T14:09:33.440000Z,
HE.KAF.00.BHZ | 2025-01-24T14:08:56.392584Z - 2025-01-24T14:09:56.392584Z,,,,,,,2025-01-24T14:09:20.880000Z,,2025-01-24T14:09:45.860000Z,
HE.KEF.00.BHZ | 2025-01-24T14:09:18.553620Z - 2025-01-24T14:10:18.553620Z,,,,,,,2025-01-24T14:09:31.400000Z,,2025-01-24T14:10:04.880000Z,
HE.KY17.00.BHZ | 2025-01-24T14:08:49.529305Z - 2025-01-24T14:09:49.529305Z,,,,,,,2025-01-24T14:09:15.150000Z,,2025-01-24T14:09:38.700000Z,
HE.NIF.00.BHZ | 2025-01-24T14:09:08.136502Z - 2025-01-24T14:10:08.136502Z,,,,,,,2025-01-24T14:09:24.380000Z,,2025-01-24T14:09:52.960000Z,
HE.NUR.00.BHZ | 2025-01-24T14:09:18.337483Z - 2025-01-24T14:10:18.337483Z,,,,,,,2025-01-24T14:09:34.260000Z,,,
HE.OBF8.00.BHZ | 2025-01-24T14:09:45.762625Z - 2025-01-24T14:10:45.762625Z,,,,,,,2025-01-24T14:09:52.200000Z,,,
HE.PVF.00.BHZ | 2025-01-24T14:09:14.026262Z - 2025-01-24T14:10:14.026262Z,,,,,,,2025-01-24T14:09:26.190000Z,,,
HE.RMF.00.BHZ | 2025-01-24T14:09:07.701616Z - 2025-01-24T14:10:07.701616Z,,,,,,,2025-01-24T14:09:32.640000Z,,,
HE.RUF.00.BHZ | 2025-01-24T14:08:24.472699Z - 2025-01-24T14:09:24.472699Z,,,,,,,2025-01-24T14:08:56.880000Z,,2025-01-24T14:09:04.200000Z,
HE.SUF.00.BHZ | 2025-01-24T14:09:12.778237Z - 2025-01-24T14:10:12.778237Z,,,,,,,2025-01-24T14:09:26.180000Z,,2025-01-24T14:09:55.680000Z,
HE.TRE03.00.BHZ | 2025-01-24T14:08:57.896178Z - 2025-01-24T14:09:57.896178Z,,,,,,,2025-01-24T14:09:35.500000Z,,,
HE.VJF.00.BHZ | 2025-01-24T14:09:05.006312Z - 2025-01-24T14:10:05.006312Z,,,,,,,2025-01-24T14:09:14.900000Z,,2025-01-24T14:09:36.520000Z,
FN.KLF.00.BHZ | 2025-01-24T10:47:46.031496Z - 2025-01-24T10:48:46.031496Z,,,,,,,2025-01-24T10:48:09.707950Z,,2025-01-24T10:48:22.200920Z,
FN.MSF.00.BHZ | 2025-01-24T10:48:04.517129Z - 2025-01-24T10:49:04.517129Z,,,,,,,2025-01-24T10:48:20.139180Z,,2025-01-24T10:48:40.077400Z,
FN.OLKF.00.BHZ | 2025-01-24T10:47:53.697693Z - 2025-01-24T10:48:53.697693Z,,,,,,,2025-01-24T10:48:21.137300Z,,2025-01-24T10:48:40.981730Z,
FN.OUL.00.BHZ | 2025-01-24T10:47:54.901370Z - 2025-01-24T10:48:54.901370Z,,,,,,,2025-01-24T10:48:19.315240Z,,2025-01-24T10:48:37.010460Z,
FN.RANF.00.?HZ | 2025-01-24T10:47:30.849025Z - 2025-01-24T10:48:30.849025Z,,,,,,,2025-01-24T10:48:05.465400Z,,2025-01-24T10:48:14.506570Z,
FN.RNF.00.BHZ | 2025-01-24T10:47:05.717146Z - 2025-01-24T10:48:05.717146Z,,,,,,,2025-01-24T10:47:56.308410Z,,2025-01-24T10:47:59.367420Z,
FN.SGF.00.BHZ | 2025-01-24T10:47:34.705222Z - 2025-01-24T10:48:34.705222Z,,,,,,,2025-01-24T10:48:10.955340Z,,2025-01-24T10:48:24.021080Z,
HE.HEF.00.BHZ | 2025-01-24T10:48:20.904051Z - 2025-01-24T10:49:20.904051Z,,,,,,,2025-01-24T10:48:29.021270Z,,2025-01-24T10:48:55.501740Z,
HE.KU1.00.SHZ | 2025-01-24T10:47:58.665685Z - 2025-01-24T10:48:58.665685Z,,,,,,,2025-01-24T10:48:26.455540Z,,2025-01-24T10:48:50.660390Z,
HE.KU2.00.SHZ | 2025-01-24T10:48:05.270217Z - 2025-01-24T10:49:05.270217Z,,,,,,,2025-01-24T10:48:17.329450Z,,2025-01-24T10:48:34.445680Z,
HE.KU6.00.BHZ | 2025-01-24T10:48:14.839409Z - 2025-01-24T10:49:14.839409Z,,,,,,,2025-01-24T10:48:25.193850Z,,2025-01-24T10:48:49.003920Z,
HE.OBF3.00.BHZ | 2025-01-24T10:47:54.073193Z - 2025-01-24T10:48:54.073193Z,,,,,,,2025-01-24T10:48:23.899410Z,,2025-01-24T10:48:45.967060Z,
HE.TOF.00.BHZ | 2025-01-24T10:47:27.134725Z - 2025-01-24T10:48:27.134725Z,,,,,,,2025-01-24T10:48:04.578390Z,,2025-01-24T10:48:12.851870Z,
HE.VRF.00.BHZ | 2025-01-24T10:48:01.195044Z - 2025-01-24T10:49:01.195044Z,,,,,,,2025-01-24T10:48:28.552920Z,,2025-01-24T10:48:53.881290Z,
HE.FIA0.00.SHZ | 2025-01-24T10:03:00.926221Z - 2025-01-24T10:04:00.926221Z,,,,,,,2025-01-24T10:03:23.400000Z,,2025-01-24T10:03:43.800000Z,
HE.HEL1.00.BHZ | 2025-01-24T10:02:45.410816Z - 2025-01-24T10:03:45.410816Z,,,,,,,2025-01-24T10:02:57.180000Z,,2025-01-24T10:02:59.340000Z,
HE.HEL5.00.BHZ | 2025-01-24T10:02:31.040270Z - 2025-01-24T10:03:31.040270Z,,,,,,,2025-01-24T10:02:55.760000Z,,,
HE.KUNI.00.BHZ | 2025-01-24T10:02:31.641208Z - 2025-01-24T10:03:31.641208Z,,,,,,,2025-01-24T10:02:58.040000Z,,2025-01-24T10:03:01.110000Z,
HE.LAUT.00.BHZ | 2025-01-24T10:02:41.849194Z - 2025-01-24T10:03:41.849194Z,,,,,,,2025-01-24T10:02:56.860000Z,,2025-01-24T10:02:58.580000Z,
HE.MEF.00.BHZ | 2025-01-24T10:02:30.207677Z - 2025-01-24T10:03:30.207677Z,,,,,,,2025-01-24T10:02:55.880000Z,,,
HE.NUR.00.BHZ | 2025-01-24T10:02:38.310040Z - 2025-01-24T10:03:38.310040Z,,,,,,,2025-01-24T10:03:00.740000Z,,,
HE.PVF.00.BHZ | 2025-01-24T10:02:29.013666Z - 2025-01-24T10:03:29.013666Z,,,,,,,2025-01-24T10:03:08.360000Z,,,
HE.RAF.00.BHZ | 2025-01-24T10:03:12.623270Z - 2025-01-24T10:04:12.623270Z,,,,,,,2025-01-24T10:03:24.330000Z,,2025-01-24T10:03:45.280000Z,
HE.VUOS.00.BHZ | 2025-01-24T10:02:47.388295Z - 2025-01-24T10:03:47.388295Z,,,,,,,2025-01-24T10:02:59.790000Z,,2025-01-24T10:03:03.680000Z,
UP.AAL.00.BHZ | 2025-01-24T10:03:34.001224Z - 2025-01-24T10:04:34.001224Z,,,,,,,,,2025-01-24T10:04:04.880000Z,
HE.ECKF.00.BHZ | 2025-01-24T11:42:24.755913Z - 2025-01-24T11:43:24.755913Z,,,,,,,,,2025-01-24T11:42:35.880000Z,
HE.FIA0.00.SHZ | 2025-01-24T11:41:27.798232Z - 2025-01-24T11:42:27.798232Z,,,,,,,2025-01-24T11:41:36.800000Z,,2025-01-24T11:41:58.500000Z,
HE.HEL1.00.BHZ | 2025-01-24T11:40:42.884773Z - 2025-01-24T11:41:42.884773Z,,,,,,,2025-01-24T11:41:18.080000Z,,2025-01-24T11:41:20.840000Z,
HE.HEL5.00.BHZ | 2025-01-24T11:40:59.387916Z - 2025-01-24T11:41:59.387916Z,,,,,,,2025-01-24T11:41:19.480000Z,,2025-01-24T11:41:23.300000Z,
HE.KAF.00.BHZ | 2025-01-24T11:41:22.204452Z - 2025-01-24T11:42:22.204452Z,,,,,,,2025-01-24T11:41:48.680000Z,,2025-01-24T11:42:13.600000Z,
HE.KEF.00.BHZ | 2025-01-24T11:41:29.897970Z - 2025-01-24T11:42:29.897970Z,,,,,,,2025-01-24T11:41:48.240000Z,,2025-01-24T11:42:12.880000Z,
HE.KORF.00.BHZ | 2025-01-24T11:41:18.390394Z - 2025-01-24T11:42:18.390394Z,,,,,,,2025-01-24T11:41:45.980000Z,,2025-01-24T11:42:09.740000Z,
HE.KPF.00.BHZ | 2025-01-24T11:41:26.739259Z - 2025-01-24T11:42:26.739259Z,,,,,,,2025-01-24T11:41:51.080000Z,,2025-01-24T11:42:17.260000Z,
HE.KUNI.00.BHZ | 2025-01-24T11:40:54.867778Z - 2025-01-24T11:41:54.867778Z,,,,,,,2025-01-24T11:41:16.330000Z,,,
HE.KY17.00.BHZ | 2025-01-24T11:41:21.497190Z - 2025-01-24T11:42:21.497190Z,,,,,,,2025-01-24T11:41:36.510000Z,,2025-01-24T11:41:57.220000Z,
HE.LAUT.00.BHZ | 2025-01-24T11:40:51.593267Z - 2025-01-24T11:41:51.593267Z,,,,,,,2025-01-24T11:41:18.580000Z,,2025-01-24T11:41:21.660000Z,
HE.MEF.00.BHZ | 2025-01-24T11:40:53.955920Z - 2025-01-24T11:41:53.955920Z,,,,,,,2025-01-24T11:41:20.080000Z,,2025-01-24T11:41:23.960000Z,
HE.NUR.00.BHZ | 2025-01-24T11:40:43.841150Z - 2025-01-24T11:41:43.841150Z,,,,,,,2025-01-24T11:41:17.880000Z,,2025-01-24T11:41:20.280000Z,
HE.PVF.00.BHZ | 2025-01-24T11:41:04.992189Z - 2025-01-24T11:42:04.992189Z,,,,,,,2025-01-24T11:41:23.580000Z,,2025-01-24T11:41:30.280000Z,
HE.RAF.00.BHZ | 2025-01-24T11:41:38.284071Z - 2025-01-24T11:42:38.284071Z,,,,,,,2025-01-24T11:41:44.880000Z,,2025-01-24T11:42:07.560000Z,
HE.RUF.00.BHZ | 2025-01-24T11:41:00.538410Z - 2025-01-24T11:42:00.538410Z,,,,,,,2025-01-24T11:41:54.220000Z,,,
HE.SUF.00.BHZ | 2025-01-24T11:41:41.219542Z - 2025-01-24T11:42:41.219542Z,,,,,,,2025-01-24T11:41:57.480000Z,,2025-01-24T11:42:30.920000Z,
HE.TRE03.00.BHZ | 2025-01-24T11:41:17.801065Z - 2025-01-24T11:42:17.801065Z,,,,,,,2025-01-24T11:41:38.580000Z,,2025-01-24T11:41:56.160000Z,
HE.TVF.00.BHZ | 2025-01-24T11:41:01.227431Z - 2025-01-24T11:42:01.227431Z,,,,,,,2025-01-24T11:41:33.280000Z,,,
HE.VJF.00.BHZ | 2025-01-24T11:41:31.141473Z - 2025-01-24T11:42:31.141473Z,,,,,,,2025-01-24T11:41:38.560000Z,,2025-01-24T11:41:56.280000Z,
HE.VUOS.00.BHZ | 2025-01-24T11:40:41.769220Z - 2025-01-24T11:41:41.769220Z,,,,,,,2025-01-24T11:41:18.480000Z,,2025-01-24T11:41:21.000000Z,
UP.AAL.00.BHZ | 2025-01-24T11:41:52.107806Z - 2025-01-24T11:42:52.107806Z,,,,,,,,,2025-01-24T11:42:29.880000Z,
FN.OLKF.00.BHZ | 2025-01-24T12:59:58.275200Z - 2025-01-24T13:00:58.275200Z,,,,,,,,,2025-01-24T13:00:49.680000Z,
FN.OUL.00.BHZ | 2025-01-24T13:00:25.253762Z - 2025-01-24T13:01:25.253762Z,,,,,,,,,2025-01-24T13:00:35.320000Z,
FN.RANF.00.BHZ | 2025-01-24T13:00:09.473339Z - 2025-01-24T13:01:09.473339Z,,,,,,,,,2025-01-24T13:00:47.640000Z,
HE.FIA0.00.SHZ | 2025-01-24T12:58:58.425369Z - 2025-01-24T12:59:58.425369Z,,,,,,,2025-01-24T12:59:52.600000Z,,,
HE.HEL1.00.BHZ | 2025-01-24T12:59:55.250875Z - 2025-01-24T13:00:55.250875Z,,,,,,,2025-01-24T13:00:05.620000Z,,,
HE.JOF.00.BHZ | 2025-01-24T12:58:25.717597Z - 2025-01-24T12:59:25.717597Z,,,,,,,2025-01-24T12:59:01.800000Z,,2025-01-24T12:59:02.780000Z,
HE.KAF.00.BHZ | 2025-01-24T12:59:58.530098Z - 2025-01-24T13:00:58.530098Z,,,,,,,,,2025-01-24T13:00:16.880000Z,
HE.KEF.00.BHZ | 2025-01-24T12:59:59.927886Z - 2025-01-24T13:00:59.927886Z,,,,,,,,,2025-01-24T13:00:33.360000Z,
HE.KU1.00.BHZ | 2025-01-24T12:59:34.749636Z - 2025-01-24T13:00:34.749636Z,,,,,,,2025-01-24T12:59:49.040000Z,,2025-01-24T13:00:23.580000Z,
HE.KU2.00.BHZ | 2025-01-24T12:59:57.842140Z - 2025-01-24T13:00:57.842140Z,,,,,,,,,2025-01-24T13:00:25.800000Z,
HE.KU6.00.BHZ | 2025-01-24T12:59:48.247398Z - 2025-01-24T13:00:48.247398Z,,,,,,,,,2025-01-24T13:00:34.920000Z,
HE.NIF.00.BHZ | 2025-01-24T12:59:22.698818Z - 2025-01-24T13:00:22.698818Z,,,,,,,2025-01-24T12:59:30.980000Z,,2025-01-24T12:59:52.080000Z,
HE.OBF8.00.BHZ | 2025-01-24T12:59:59.747206Z - 2025-01-24T13:00:59.747206Z,,,,,,,,,2025-01-24T13:00:51.950000Z,
HE.RMF.00.BHZ | 2025-01-24T12:58:53.982557Z - 2025-01-24T12:59:53.982557Z,,,,,,,2025-01-24T12:59:26.580000Z,,2025-01-24T12:59:44.840000Z,
HE.RUF.00.BHZ | 2025-01-24T12:59:35.436634Z - 2025-01-24T13:00:35.436634Z,,,,,,,,,2025-01-24T13:00:01.080000Z,
HE.SUF.00.BHZ | 2025-01-24T12:59:34.305040Z - 2025-01-24T13:00:34.305040Z,,,,,,,2025-01-24T12:59:43.940000Z,,2025-01-24T13:00:14.580000Z,
FN.MSF.00.BHZ | 2025-01-24T11:39:12.286164Z - 2025-01-24T11:40:12.286164Z,,,,,,,,,2025-01-24T11:39:42.760000Z,
FN.OLKF.00.BHZ | 2025-01-24T11:39:40.231126Z - 2025-01-24T11:40:40.231126Z,,,,,,,,,2025-01-24T11:39:55.000000Z,
FN.OUL.00.BHZ | 2025-01-24T11:38:47.732500Z - 2025-01-24T11:39:47.732500Z,,,,,,,2025-01-24T11:38:55.080000Z,,2025-01-24T11:39:22.940000Z,
FN.RANF.00.BHZ | 2025-01-24T11:38:54.270744Z - 2025-01-24T11:39:54.270744Z,,,,,,,2025-01-24T11:39:06.880000Z,,2025-01-24T11:39:44.560000Z,
FN.RNF.00.BHZ | 2025-01-24T11:38:29.577954Z - 2025-01-24T11:39:29.577954Z,,,,,,,2025-01-24T11:39:15.530000Z,,,
HE.FIA0.00.SHZ | 2025-01-24T11:38:27.723582Z - 2025-01-24T11:39:27.723582Z,,,,,,,2025-01-24T11:38:51.500000Z,,2025-01-24T11:39:16.700000Z,
HE.JOF.00.BHZ | 2025-01-24T11:38:24.191598Z - 2025-01-24T11:39:24.191598Z,,,,,,,2025-01-24T11:38:47.320000Z,,2025-01-24T11:39:08.320000Z,
HE.KAF.00.BHZ | 2025-01-24T11:38:26.265876Z - 2025-01-24T11:39:26.265876Z,,,,,,,2025-01-24T11:38:39.880000Z,,2025-01-24T11:38:57.240000Z,
HE.KEF.00.BHZ | 2025-01-24T11:38:40.016336Z - 2025-01-24T11:39:40.016336Z,,,,,,,2025-01-24T11:38:47.680000Z,,2025-01-24T11:39:10.080000Z,
HE.KJNF.00.BHZ | 2025-01-24T11:37:58.045430Z - 2025-01-24T11:38:58.045430Z,,,,,,,2025-01-24T11:38:38.120000Z,,2025-01-24T11:38:52.320000Z,
HE.KPF.00.BHZ | 2025-01-24T11:38:51.680980Z - 2025-01-24T11:39:51.680980Z,,,,,,,2025-01-24T11:39:08.420000Z,,2025-01-24T11:39:45.380000Z,
HE.KU1.00.BHZ | 2025-01-24T11:38:47.005485Z - 2025-01-24T11:39:47.005485Z,,,,,,,2025-01-24T11:39:02.080000Z,,2025-01-24T11:39:35.660000Z,
HE.KU2.00.BHZ | 2025-01-24T11:38:41.407741Z - 2025-01-24T11:39:41.407741Z,,,,,,,2025-01-24T11:39:02.780000Z,,2025-01-24T11:39:35.720000Z,
HE.KU6.00.BHZ | 2025-01-24T11:38:47.526563Z - 2025-01-24T11:39:47.526563Z,,,,,,,2025-01-24T11:39:09.080000Z,,,
HE.KY17.00.BHZ | 2025-01-24T11:38:46.291707Z - 2025-01-24T11:39:46.291707Z,,,,,,,2025-01-24T11:38:57.380000Z,,2025-01-24T11:39:27.940000Z,
HE.NIF.00.BHZ | 2025-01-24T11:37:32.630322Z - 2025-01-24T11:38:32.630322Z,,,,,,,2025-01-24T11:38:21.980000Z,,2025-01-24T11:38:25.680000Z,
HE.OBF0.00.BHZ | 2025-01-24T11:38:40.812127Z - 2025-01-24T11:39:40.812127Z,,,,,,,2025-01-24T11:38:54.880000Z,,2025-01-24T11:39:22.720000Z,
HE.OBF3.00.BHZ | 2025-01-24T11:38:40.809855Z - 2025-01-24T11:39:40.809855Z,,,,,,,2025-01-24T11:38:56.080000Z,,2025-01-24T11:39:25.300000Z,
HE.OBF8.00.BHZ | 2025-01-24T11:38:23.159594Z - 2025-01-24T11:39:23.159594Z,,,,,,,2025-01-24T11:38:58.480000Z,,,
HE.OUF.00.BHZ | 2025-01-24T11:38:27.266094Z - 2025-01-24T11:39:27.266094Z,,,,,,,2025-01-24T11:38:50.480000Z,,2025-01-24T11:39:15.480000Z,
HE.PVF.00.BHZ | 2025-01-24T11:39:33.720042Z - 2025-01-24T11:40:33.720042Z,,,,,,,,,2025-01-24T11:39:42.680000Z,
HE.RAF.00.BHZ | 2025-01-24T11:39:53.731557Z - 2025-01-24T11:40:53.731557Z,,,,,,,,,2025-01-24T11:40:02.740000Z,
HE.RMF.00.BHZ | 2025-01-24T11:38:22.011810Z - 2025-01-24T11:39:22.011810Z,,,,,,,2025-01-24T11:38:43.980000Z,,2025-01-24T11:39:02.820000Z,
HE.RUF.00.BHZ | 2025-01-24T11:38:36.633945Z - 2025-01-24T11:39:36.633945Z,,,,,,,2025-01-24T11:38:49.840000Z,,2025-01-24T11:39:14.460000Z,
HE.SUF.00.BHZ | 2025-01-24T11:38:05.828643Z - 2025-01-24T11:39:05.828643Z,,,,,,,2025-01-24T11:38:32.960000Z,,2025-01-24T11:38:44.580000Z,
HE.TRE03.00.BHZ | 2025-01-24T11:38:35.071149Z - 2025-01-24T11:39:35.071149Z,,,,,,,2025-01-24T11:38:57.780000Z,,2025-01-24T11:39:27.800000Z,
HE.VAF.00.BHZ | 2025-01-24T11:38:33.650947Z - 2025-01-24T11:39:33.650947Z,,,,,,,2025-01-24T11:38:58.700000Z,,2025-01-24T11:39:28.560000Z,
HE.VJF.00.BHZ | 2025-01-24T11:39:01.377100Z - 2025-01-24T11:40:01.377100Z,,,,,,,,,2025-01-24T11:39:36.360000Z,
HE.FIA0.00.SHZ | 2025-01-24T11:53:54.969358Z - 2025-01-24T11:54:54.969358Z,,,,,,,2025-01-24T11:54:25.900000Z,,2025-01-24T11:54:44.900000Z,
HE.KAF.00.BHZ | 2025-01-24T11:54:03.348600Z - 2025-01-24T11:55:03.348600Z,,,,,,,2025-01-24T11:54:29.480000Z,,2025-01-24T11:54:52.280000Z,
HE.KEF.00.BHZ | 2025-01-24T11:54:51.238547Z - 2025-01-24T11:55:51.238547Z,,,,,,,,,2025-01-24T11:55:05.560000Z,
HE.KJNF.00.BHZ | 2025-01-24T11:55:13.244466Z - 2025-01-24T11:56:13.244466Z,,,,,,,,,2025-01-24T11:55:44.260000Z,
HE.KY17.00.BHZ | 2025-01-24T11:53:30.613064Z - 2025-01-24T11:54:30.613064Z,,,,,,,2025-01-24T11:54:13.860000Z,,2025-01-24T11:54:21.680000Z,
HE.OBF8.00.BHZ | 2025-01-24T11:55:38.230502Z - 2025-01-24T11:56:38.230502Z,,,,,,,,,2025-01-24T11:56:06.730000Z,
HE.PVF.00.BHZ | 2025-01-24T11:54:01.836726Z - 2025-01-24T11:55:01.836726Z,,,,,,,2025-01-24T11:54:25.410000Z,,2025-01-24T11:54:42.560000Z,
HE.RUF.00.BHZ | 2025-01-24T11:53:37.411604Z - 2025-01-24T11:54:37.411604Z,,,,,,,2025-01-24T11:54:13.480000Z,,,
HE.SUF.00.BHZ | 2025-01-24T11:54:11.079992Z - 2025-01-24T11:55:11.079992Z,,,,,,,2025-01-24T11:54:39.360000Z,,2025-01-24T11:55:05.560000Z,
HE.TRE03.00.BHZ | 2025-01-24T11:54:19.611291Z - 2025-01-24T11:55:19.611291Z,,,,,,,2025-01-24T11:54:39.380000Z,,2025-01-24T11:55:07.460000Z,
HE.VJF.00.BHZ | 2025-01-24T11:53:46.382823Z - 2025-01-24T11:54:46.382823Z,,,,,,,2025-01-24T11:54:14.210000Z,,2025-01-24T11:54:22.280000Z,
FN.MSF.00.BHZ | 2025-01-24T19:42:06.706641Z - 2025-01-24T19:43:06.706641Z,,,,,,,,,2025-01-24T19:42:40.520000Z,
FN.OLKF.00.BHZ | 2025-01-24T19:41:36.090489Z - 2025-01-24T19:42:36.090489Z,,,,,,,2025-01-24T19:41:58.920000Z,,2025-01-24T19:42:27.200000Z,
FN.RAJF.00.BHZ | 2025-01-24T19:41:37.665072Z - 2025-01-24T19:42:37.665072Z,,,,,,,2025-01-24T19:41:58.040000Z,,2025-01-24T19:42:25.480000Z,
FN.RANF.00.BHZ | 2025-01-24T19:42:32.902201Z - 2025-01-24T19:43:32.902201Z,,,,,,,,,2025-01-24T19:42:58.320000Z,
FN.RNF.00.BHZ | 2025-01-24T19:41:37.117203Z - 2025-01-24T19:42:37.117203Z,,,,,,,2025-01-24T19:42:11.600000Z,,,
HE.KEV.00.BHZ | 2025-01-24T19:42:06.473169Z - 2025-01-24T19:43:06.473169Z,,,,,,,,,2025-01-24T19:42:49.920000Z,
HE.KU2.00.BHZ | 2025-01-24T19:42:27.220394Z - 2025-01-24T19:43:27.220394Z,,,,,,,,,2025-01-24T19:42:49.070000Z,
HE.KU6.00.BHZ | 2025-01-24T19:41:35.197165Z - 2025-01-24T19:42:35.197165Z,,,,,,,2025-01-24T19:41:59.720000Z,,2025-01-24T19:42:29.800000Z,
HE.VRF.00.BHZ | 2025-01-24T19:41:21.711181Z - 2025-01-24T19:42:21.711181Z,,,,,,,2025-01-24T19:41:47.840000Z,,2025-01-24T19:42:09.400000Z,
FN.KLF.00.BHZ | 2025-01-25T00:54:17.563864Z - 2025-01-25T00:55:17.563864Z,,,,,,,2025-01-25T00:54:36.720000Z,,,
FN.MSF.00.BHZ | 2025-01-25T00:54:00.954920Z - 2025-01-25T00:55:00.954920Z,,,,,,,2025-01-25T00:54:14.200000Z,,2025-01-25T00:54:49.180000Z,
FN.OLKF.00.BHZ | 2025-01-25T00:53:43.144103Z - 2025-01-25T00:54:43.144103Z,,,,,,,2025-01-25T00:54:08.440000Z,,2025-01-25T00:54:37.800000Z,
FN.OUL.00.BHZ | 2025-01-25T00:54:16.788340Z - 2025-01-25T00:55:16.788340Z,,,,,,,2025-01-25T00:54:38.640000Z,,,
FN.RAJF.00.BHZ | 2025-01-25T00:53:55.508697Z - 2025-01-25T00:54:55.508697Z,,,,,,,2025-01-25T00:54:07.560000Z,,2025-01-25T00:54:36.120000Z,
FN.RANF.00.BHZ | 2025-01-25T00:54:13.511835Z - 2025-01-25T00:55:13.511835Z,,,,,,,2025-01-25T00:54:21.920000Z,,2025-01-25T00:55:07.960000Z,
FN.RNF.00.BHZ | 2025-01-25T00:54:14.442358Z - 2025-01-25T00:55:14.442358Z,,,,,,,2025-01-25T00:54:21.120000Z,,2025-01-25T00:55:00.160000Z,
HE.HEF.00.BHZ | 2025-01-25T00:54:23.589449Z - 2025-01-25T00:55:23.589449Z,,,,,,,2025-01-25T00:54:30.040000Z,,2025-01-25T00:55:15.880000Z,
HE.KEV.00.BHZ | 2025-01-25T00:54:13.073014Z - 2025-01-25T00:55:13.073014Z,,,,,,,2025-01-25T00:54:21.960000Z,,2025-01-25T00:55:00.520000Z,
HE.KU1.00.BHZ | 2025-01-25T00:53:47.103449Z - 2025-01-25T00:54:47.103449Z,,,,,,,2025-01-25T00:54:16.720000Z,,,
HE.KU2.00.BHZ | 2025-01-25T00:53:40.877225Z - 2025-01-25T00:54:40.877225Z,,,,,,,2025-01-25T00:54:20.960000Z,,,
HE.KU6.00.BHZ | 2025-01-25T00:53:46.259454Z - 2025-01-25T00:54:46.259454Z,,,,,,,2025-01-25T00:54:08.680000Z,,2025-01-25T00:54:39.480000Z,
HE.TOF.00.BHZ | 2025-01-25T00:54:30.757758Z - 2025-01-25T00:55:30.757758Z,,,,,,,2025-01-25T00:54:42.360000Z,,2025-01-25T00:55:20.160000Z,
HE.VRF.00.BHZ | 2025-01-25T00:53:26.992158Z - 2025-01-25T00:54:26.992158Z,,,,,,,2025-01-25T00:53:57.960000Z,,2025-01-25T00:54:18.680000Z,
FN.KLF.00.BHZ | 2025-01-25T10:24:59.314688Z - 2025-01-25T10:25:59.314688Z,,,,,,,2025-01-25T10:25:28.560000Z,,,
FN.MSF.00.BHZ | 2025-01-25T10:26:02.675760Z - 2025-01-25T10:27:02.675760Z,,,,,,,2025-01-25T10:26:09.780000Z,,2025-01-25T10:26:46.040000Z,
FN.OLKF.00.BHZ | 2025-01-25T10:25:56.296201Z - 2025-01-25T10:26:56.296201Z,,,,,,,2025-01-25T10:26:07.480000Z,,2025-01-25T10:26:43.480000Z,
FN.OUL.00.BHZ | 2025-01-25T10:25:49.570517Z - 2025-01-25T10:26:49.570517Z,,,,,,,2025-01-25T10:26:07.380000Z,,2025-01-25T10:26:41.360000Z,
FN.RAJF.00.BHZ | 2025-01-25T10:25:41.158180Z - 2025-01-25T10:26:41.158180Z,,,,,,,2025-01-25T10:26:00.130000Z,,2025-01-25T10:26:30.000000Z,
FN.RANF.00.BHZ | 2025-01-25T10:25:51.513254Z - 2025-01-25T10:26:51.513254Z,,,,,,,2025-01-25T10:25:58.720000Z,,2025-01-25T10:26:23.640000Z,
FN.RNF.00.BHZ | 2025-01-25T10:25:18.022462Z - 2025-01-25T10:26:18.022462Z,,,,,,,2025-01-25T10:25:47.000000Z,,2025-01-25T10:26:04.920000Z,
HE.HEF.00.BHZ | 2025-01-25T10:25:05.210829Z - 2025-01-25T10:26:05.210829Z,,,,,,,2025-01-25T10:25:41.180000Z,,2025-01-25T10:25:55.280000Z,
HE.KEV.00.BHZ | 2025-01-25T10:25:53.044320Z - 2025-01-25T10:26:53.044320Z,,,,,,,2025-01-25T10:26:08.130000Z,,2025-01-25T10:26:41.800000Z,
HE.KIF.00.BHZ | 2025-01-25T10:25:44.502150Z - 2025-01-25T10:26:44.502150Z,,,,,,,2025-01-25T10:25:56.760000Z,,2025-01-25T10:26:21.000000Z,
HE.KU1.00.BHZ | 2025-01-25T10:25:37.001397Z - 2025-01-25T10:26:37.001397Z,,,,,,,2025-01-25T10:26:13.980000Z,,,
HE.KU2.00.BHZ | 2025-01-25T10:25:48.570567Z - 2025-01-25T10:26:48.570567Z,,,,,,,2025-01-25T10:26:07.880000Z,,,
HE.KU6.00.BHZ | 2025-01-25T10:26:00.190480Z - 2025-01-25T10:27:00.190480Z,,,,,,,2025-01-25T10:26:11.780000Z,,2025-01-25T10:26:52.320000Z,
HE.OUF.00.BHZ | 2025-01-25T10:25:44.528578Z - 2025-01-25T10:26:44.528578Z,,,,,,,2025-01-25T10:26:16.330000Z,,,
HE.TOF.00.BHZ | 2025-01-25T10:25:30.739761Z - 2025-01-25T10:26:30.739761Z,,,,,,,2025-01-25T10:25:48.980000Z,,2025-01-25T10:26:06.760000Z,
HE.VRF.00.BHZ | 2025-01-25T10:25:45.024656Z - 2025-01-25T10:26:45.024656Z,,,,,,,2025-01-25T10:26:05.780000Z,,2025-01-25T10:26:36.840000Z,
FN.KLF.00.BHZ | 2025-01-25T16:43:35.036961Z - 2025-01-25T16:44:35.036961Z,,,,,,,2025-01-25T16:43:54.380000Z,,2025-01-25T16:44:06.280000Z,
FN.RAJF.00.BHZ | 2025-01-25T16:43:30.343279Z - 2025-01-25T16:44:30.343279Z,,,,,,,,,2025-01-25T16:44:18.680000Z,
FN.RANF.00.BHZ | 2025-01-25T16:43:58.396776Z - 2025-01-25T16:44:58.396776Z,,,,,,,2025-01-25T16:44:13.880000Z,,,
FN.RNF.00.BHZ | 2025-01-25T16:43:22.422279Z - 2025-01-25T16:44:22.422279Z,,,,,,,2025-01-25T16:44:03.080000Z,,,
HE.HEF.00.BHZ | 2025-01-25T16:43:22.083435Z - 2025-01-25T16:44:22.083435Z,,,,,,,2025-01-25T16:43:53.480000Z,,2025-01-25T16:44:04.440000Z,
HE.KEV.00.BHZ | 2025-01-25T16:43:50.618003Z - 2025-01-25T16:44:50.618003Z,,,,,,,,,2025-01-25T16:44:38.720000Z,
HE.KIF.00.BHZ | 2025-01-25T16:44:04.352416Z - 2025-01-25T16:45:04.352416Z,,,,,,,,,2025-01-25T16:44:41.360000Z,
HE.VRF.00.BHZ | 2025-01-25T16:43:11.324887Z - 2025-01-25T16:44:11.324887Z,,,,,,,2025-01-25T16:44:06.240000Z,,,
FN.OLKF.00.BHZ | 2025-01-25T20:12:03.637532Z - 2025-01-25T20:13:03.637532Z,,,,,,,2025-01-25T20:12:19.920000Z,,2025-01-25T20:12:49.600000Z,
FN.RAJF.00.BHZ | 2025-01-25T20:12:00.757919Z - 2025-01-25T20:13:00.757919Z,,,,,,,2025-01-25T20:12:18.880000Z,,2025-01-25T20:12:46.320000Z,
FN.RANF.00.BHZ | 2025-01-25T20:12:53.811797Z - 2025-01-25T20:13:53.811797Z,,,,,,,,,2025-01-25T20:13:17.920000Z,
FN.RNF.00.BHZ | 2025-01-25T20:12:30.160600Z - 2025-01-25T20:13:30.160600Z,,,,,,,,,2025-01-25T20:13:11.240000Z,
HE.HEF.00.BHZ | 2025-01-25T20:13:11.291253Z - 2025-01-25T20:14:11.291253Z,,,,,,,,,2025-01-25T20:13:38.980000Z,
HE.KEV.00.BHZ | 2025-01-25T20:11:59.175009Z - 2025-01-25T20:12:59.175009Z,,,,,,,2025-01-25T20:12:32.830000Z,,,
HE.KU2.00.BHZ | 2025-01-25T20:12:15.755959Z - 2025-01-25T20:13:15.755959Z,,,,,,,2025-01-25T20:12:28.910000Z,,,
HE.KU6.00.BHZ | 2025-01-25T20:11:31.019364Z - 2025-01-25T20:12:31.019364Z,,,,,,,2025-01-25T20:12:20.580000Z,,,
HE.VRF.00.BHZ | 2025-01-25T20:11:58.266281Z - 2025-01-25T20:12:58.266281Z,,,,,,,2025-01-25T20:12:09.300000Z,,2025-01-25T20:12:29.040000Z,
FN.KLF.00.BHZ | 2025-01-25T20:17:09.803685Z - 2025-01-25T20:18:09.803685Z,,,,,,,,,2025-01-25T20:18:01.320000Z,
FN.MSF.00.BHZ | 2025-01-25T20:17:00.885527Z - 2025-01-25T20:18:00.885527Z,,,,,,,,,2025-01-25T20:17:22.840000Z,
FN.OLKF.00.BHZ | 2025-01-25T20:16:33.668937Z - 2025-01-25T20:17:33.668937Z,,,,,,,2025-01-25T20:16:43.200000Z,,2025-01-25T20:17:10.640000Z,
FN.RAJF.00.BHZ | 2025-01-25T20:16:57.469106Z - 2025-01-25T20:17:57.469106Z,,,,,,,,,2025-01-25T20:17:09.760000Z,
FN.RANF.00.BHZ | 2025-01-25T20:16:50.161853Z - 2025-01-25T20:17:50.161853Z,,,,,,,,,2025-01-25T20:17:40.080000Z,
FN.RNF.00.BHZ | 2025-01-25T20:16:54.280730Z - 2025-01-25T20:17:54.280730Z,,,,,,,,,2025-01-25T20:17:34.800000Z,
HE.KEV.00.BHZ | 2025-01-25T20:16:49.967253Z - 2025-01-25T20:17:49.967253Z,,,,,,,,,2025-01-25T20:17:33.800000Z,
HE.KU6.00.BHZ | 2025-01-25T20:16:18.371333Z - 2025-01-25T20:17:18.371333Z,,,,,,,2025-01-25T20:16:43.520000Z,,2025-01-25T20:17:12.680000Z,
HE.VRF.00.BHZ | 2025-01-25T20:16:09.135064Z - 2025-01-25T20:17:09.135064Z,,,,,,,2025-01-25T20:16:32.380000Z,,2025-01-25T20:16:52.120000Z,
HE.FIA0.00.?HZ | 2025-01-27T13:52:32.114887Z - 2025-01-27T13:53:32.114887Z,,,,,,,2025-01-27T13:52:52.520330Z,,2025-01-27T13:53:04.682370Z,
HE.FIA1.00.?HZ | 2025-01-27T13:52:23.477926Z - 2025-01-27T13:53:23.477926Z,,,,,,,2025-01-27T13:52:52.547830Z,,2025-01-27T13:53:05.540120Z,
HE.KAF.00.?HZ | 2025-01-27T13:52:30.128700Z - 2025-01-27T13:53:30.128700Z,,,,,,,2025-01-27T13:53:03.748980Z,,2025-01-27T13:53:24.946490Z,
HE.KEF.00.?HZ | 2025-01-27T13:52:47.135113Z - 2025-01-27T13:53:47.135113Z,,,,,,,2025-01-27T13:53:07.775810Z,,2025-01-27T13:53:30.624210Z,
HE.KUNI.00.BHZ | 2025-01-27T13:52:15.384076Z - 2025-01-27T13:53:15.384076Z,,,,,,,2025-01-27T13:52:47.220690Z,,2025-01-27T13:52:56.215410Z,
HE.KY02.00.CZ | 2025-01-27T13:52:00.543036Z - 2025-01-27T13:53:00.543036Z,,,,,,,2025-01-27T13:52:44.843420Z,,2025-01-27T13:52:51.813820Z,
HE.KY17.00.CZ | 2025-01-27T13:52:12.315371Z - 2025-01-27T13:53:12.315371Z,,,,,,,2025-01-27T13:52:45.744120Z,,2025-01-27T13:52:53.436730Z,
HE.LOVF.00.CZ | 2025-01-27T13:51:56.244828Z - 2025-01-27T13:52:56.244828Z,,,,,,,2025-01-27T13:52:35.237410Z,,2025-01-27T13:52:36.110970Z,
HE.NUR.00.SHZ | 2025-01-27T13:52:13.494311Z - 2025-01-27T13:53:13.494311Z,,,,,,,2025-01-27T13:52:49.049780Z,,2025-01-27T13:52:59.076080Z,
HE.PVF.00.CZ | 2025-01-27T13:51:57.713554Z - 2025-01-27T13:52:57.713554Z,,,,,,,2025-01-27T13:52:38.254520Z,,2025-01-27T13:52:40.943510Z,
HE.RAF.00.BHZ | 2025-01-27T13:52:49.374833Z - 2025-01-27T13:53:49.374833Z,,,,,,,,,2025-01-27T13:53:42.035150Z,
HE.RUF.00.BHZ | 2025-01-27T13:52:55.445235Z - 2025-01-27T13:53:55.445235Z,,,,,,,2025-01-27T13:53:03.806000Z,,2025-01-27T13:53:24.827500Z,
HE.SUF.00.BHZ | 2025-01-27T13:53:06.805886Z - 2025-01-27T13:54:06.805886Z,,,,,,,2025-01-27T13:53:13.496490Z,,2025-01-27T13:53:44.203890Z,
HE.TRE03.00.CZ | 2025-01-27T13:52:36.552972Z - 2025-01-27T13:53:36.552972Z,,,,,,,2025-01-27T13:53:02.231210Z,,2025-01-27T13:53:21.537320Z,
HE.TVF.00.BHZ | 2025-01-27T13:52:38.644245Z - 2025-01-27T13:53:38.644245Z,,,,,,,,,2025-01-27T13:53:24.844370Z,
HE.VJF.00.?HZ | 2025-01-27T13:52:23.132238Z - 2025-01-27T13:53:23.132238Z,,,,,,,2025-01-27T13:52:46.485270Z,,2025-01-27T13:52:55.057750Z,
HE.VUOS.00.BHZ | 2025-01-27T13:51:59.435229Z - 2025-01-27T13:52:59.435229Z,,,,,,,2025-01-27T13:52:45.955520Z,,2025-01-27T13:52:54.003500Z,
FN.KLF.00.BHZ | 2025-01-27T04:42:07.827663Z - 2025-01-27T04:43:07.827663Z,,,,,,,2025-01-27T04:42:47.780000Z,,2025-01-27T04:43:00.560000Z,
FN.RANF.00.BHZ | 2025-01-27T04:42:55.881006Z - 2025-01-27T04:43:55.881006Z,,,,,,,2025-01-27T04:43:07.320000Z,,2025-01-27T04:43:34.440000Z,
FN.RNF.00.BHZ | 2025-01-27T04:42:47.358309Z - 2025-01-27T04:43:47.358309Z,,,,,,,2025-01-27T04:42:56.980000Z,,2025-01-27T04:43:15.600000Z,
HE.HEF.00.BHZ | 2025-01-27T04:42:21.374131Z - 2025-01-27T04:43:21.374131Z,,,,,,,2025-01-27T04:42:46.730000Z,,2025-01-27T04:42:57.800000Z,
HE.KIF.00.BHZ | 2025-01-27T04:43:22.989923Z - 2025-01-27T04:44:22.989923Z,,,,,,,,,2025-01-27T04:43:34.920000Z,
HE.TOF.00.BHZ | 2025-01-27T04:43:26.882634Z - 2025-01-27T04:44:26.882634Z,,,,,,,,,2025-01-27T04:43:32.080000Z,
HE.ECKF.00.CZ | 2025-01-27T11:00:05.572648Z - 2025-01-27T11:01:05.572648Z,,,,,,,2025-01-27T11:00:10.723110Z,,2025-01-27T11:00:30.269640Z,
HE.FIA0.00.?HZ | 2025-01-27T11:00:08.543385Z - 2025-01-27T11:01:08.543385Z,,,,,,,2025-01-27T11:00:20.699380Z,,2025-01-27T11:00:45.744380Z,
HE.FIA1.00.?HZ | 2025-01-27T10:59:59.886146Z - 2025-01-27T11:00:59.886146Z,,,,,,,2025-01-27T11:00:20.699380Z,,2025-01-27T11:00:46.467640Z,
HE.HEL5.00.BHZ | 2025-01-27T11:00:10.550690Z - 2025-01-27T11:01:10.550690Z,,,,,,,,,2025-01-27T11:00:21.260890Z,
HE.KEF.00.?HZ | 2025-01-27T10:59:59.666251Z - 2025-01-27T11:00:59.666251Z,,,,,,,2025-01-27T11:00:20.533090Z,,2025-01-27T11:00:46.737380Z,
HE.KORF.00.CZ | 2025-01-27T10:59:24.459849Z - 2025-01-27T11:00:24.459849Z,,,,,,,2025-01-27T10:59:54.595080Z,,2025-01-27T11:00:02.279960Z,
HE.KPF.00.BHZ | 2025-01-27T10:59:51.506007Z - 2025-01-27T11:00:51.506007Z,,,,,,,2025-01-27T11:00:09.410260Z,,2025-01-27T11:00:26.944860Z,
HE.LOVF.00.CZ | 2025-01-27T11:00:09.864445Z - 2025-01-27T11:01:09.864445Z,,,,,,,2025-01-27T11:00:18.332620Z,,2025-01-27T11:00:43.225150Z,
HE.MEF.00.BHZ | 2025-01-27T10:59:52.457025Z - 2025-01-27T11:00:52.457025Z,,,,,,,2025-01-27T11:00:02.415590Z,,2025-01-27T11:00:14.954070Z,
HE.NUR.00.SHZ | 2025-01-27T11:00:07.374527Z - 2025-01-27T11:01:07.374527Z,,,,,,,,,2025-01-27T11:00:18.196780Z,
HE.PVF.00.CZ | 2025-01-27T10:59:44.639607Z - 2025-01-27T11:00:44.639607Z,,,,,,,2025-01-27T11:00:14.220440Z,,2025-01-27T11:00:36.491800Z,
HE.RAF.00.BHZ | 2025-01-27T10:59:40.669913Z - 2025-01-27T11:00:40.669913Z,,,,,,,2025-01-27T10:59:55.945500Z,,2025-01-27T11:00:04.877370Z,
HE.TRE03.00.CZ | 2025-01-27T11:00:04.584331Z - 2025-01-27T11:01:04.584331Z,,,,,,,2025-01-27T11:00:10.148210Z,,2025-01-27T11:00:30.269640Z,
HE.TVF.00.BHZ | 2025-01-27T10:59:31.576274Z - 2025-01-27T11:00:31.576274Z,,,,,,,2025-01-27T10:59:57.600440Z,,2025-01-27T11:00:07.479100Z,
HE.VUOS.00.BHZ | 2025-01-27T11:00:01.494952Z - 2025-01-27T11:01:01.494952Z,,,,,,,,,2025-01-27T11:00:26.820250Z,
UP.AAL.00.BHZ | 2025-01-27T11:00:00.793286Z - 2025-01-27T11:01:00.793286Z,,,,,,,2025-01-27T11:00:06.751080Z,,2025-01-27T11:00:22.781280Z,
FN.KLF.00.BHZ | 2025-01-27T20:18:30.760405Z - 2025-01-27T20:19:30.760405Z,,,,,,,,,2025-01-27T20:18:58.680000Z,
FN.MSF.00.BHZ | 2025-01-27T20:17:26.412784Z - 2025-01-27T20:18:26.412784Z,,,,,,,2025-01-27T20:17:46.680000Z,,2025-01-27T20:18:19.160000Z,
FN.RAJF.00.BHZ | 2025-01-27T20:17:32.908187Z - 2025-01-27T20:18:32.908187Z,,,,,,,2025-01-27T20:17:39.140000Z,,2025-01-27T20:18:06.480000Z,
FN.RANF.00.BHZ | 2025-01-27T20:18:23.080782Z - 2025-01-27T20:19:23.080782Z,,,,,,,,,2025-01-27T20:18:36.960000Z,
FN.RNF.00.BHZ | 2025-01-27T20:17:52.171258Z - 2025-01-27T20:18:52.171258Z,,,,,,,,,2025-01-27T20:18:30.280000Z,
HE.HEF.00.BHZ | 2025-01-27T20:18:29.137134Z - 2025-01-27T20:19:29.137134Z,,,,,,,,,2025-01-27T20:18:46.200000Z,
HE.KEV.00.BHZ | 2025-01-27T20:17:45.378456Z - 2025-01-27T20:18:45.378456Z,,,,,,,2025-01-27T20:17:52.730000Z,,2025-01-27T20:18:31.240000Z,
HE.KU2.00.BHZ | 2025-01-27T20:18:08.164764Z - 2025-01-27T20:19:08.164764Z,,,,,,,,,2025-01-27T20:18:31.160000Z,
HE.KU6.00.BHZ | 2025-01-27T20:17:22.466465Z - 2025-01-27T20:18:22.466465Z,,,,,,,2025-01-27T20:17:40.660000Z,,2025-01-27T20:18:09.360000Z,
HE.RMF.00.BHZ | 2025-01-27T20:17:20.215630Z - 2025-01-27T20:18:20.215630Z,,,,,,,2025-01-27T20:18:04.810000Z,,,
HE.VRF.00.BHZ | 2025-01-27T20:17:10.739048Z - 2025-01-27T20:18:10.739048Z,,,,,,,2025-01-27T20:17:28.720000Z,,2025-01-27T20:17:48.880000Z,
FN.OLKF.00.BHZ | 2025-01-27T12:46:34.366581Z - 2025-01-27T12:47:34.366581Z,,,,,,,,,2025-01-27T12:47:22.120000Z,
FN.RAJF.00.BHZ | 2025-01-27T12:45:27.095493Z - 2025-01-27T12:46:27.095493Z,,,,,,,2025-01-27T12:45:48.840000Z,,2025-01-27T12:46:13.440000Z,
HE.HEF.00.BHZ | 2025-01-27T12:45:42.926857Z - 2025-01-27T12:46:42.926857Z,,,,,,,,,2025-01-27T12:46:34.280000Z,
HE.KEV.00.BHZ | 2025-01-27T12:45:06.536627Z - 2025-01-27T12:46:06.536627Z,,,,,,,2025-01-27T12:45:29.460000Z,,2025-01-27T12:45:40.640000Z,
HE.VRF.00.BHZ | 2025-01-27T12:46:04.760776Z - 2025-01-27T12:47:04.760776Z,,,,,,,,,2025-01-27T12:46:36.400000Z,
FN.KLF.00.BHZ | 2025-01-27T05:02:10.324487Z - 2025-01-27T05:03:10.324487Z,,,,,,,2025-01-27T05:02:35.880000Z,,2025-01-27T05:02:57.440000Z,
FN.RNF.00.BHZ | 2025-01-27T05:02:45.323341Z - 2025-01-27T05:03:45.323341Z,,,,,,,2025-01-27T05:02:52.080000Z,,2025-01-27T05:03:25.880000Z,
HE.HEF.00.BHZ | 2025-01-27T05:02:25.427997Z - 2025-01-27T05:03:25.427997Z,,,,,,,2025-01-27T05:02:33.030000Z,,2025-01-27T05:02:55.160000Z,
HE.KIF.00.BHZ | 2025-01-27T05:02:06.732383Z - 2025-01-27T05:03:06.732383Z,,,,,,,2025-01-27T05:02:29.680000Z,,2025-01-27T05:02:49.280000Z,
HE.TOF.00.BHZ | 2025-01-27T05:02:28.020293Z - 2025-01-27T05:03:28.020293Z,,,,,,,2025-01-27T05:02:49.200000Z,,2025-01-27T05:03:21.520000Z,
FN.KLF.00.BHZ | 2025-01-27T12:06:29.011761Z - 2025-01-27T12:07:29.011761Z,,,,,,,,,2025-01-27T12:06:44.000000Z,
FN.MSF.00.BHZ | 2025-01-27T12:05:23.933443Z - 2025-01-27T12:06:23.933443Z,,,,,,,2025-01-27T12:05:32.600000Z,,2025-01-27T12:06:09.720000Z,
FN.OLKF.00.BHZ | 2025-01-27T12:05:02.957548Z - 2025-01-27T12:06:02.957548Z,,,,,,,2025-01-27T12:05:25.840000Z,,2025-01-27T12:05:54.560000Z,
FN.RAJF.00.BHZ | 2025-01-27T12:05:12.084950Z - 2025-01-27T12:06:12.084950Z,,,,,,,2025-01-27T12:05:25.380000Z,,2025-01-27T12:05:52.700000Z,
FN.RANF.00.BHZ | 2025-01-27T12:05:32.147000Z - 2025-01-27T12:06:32.147000Z,,,,,,,2025-01-27T12:05:42.560000Z,,2025-01-27T12:06:26.240000Z,
FN.RNF.00.BHZ | 2025-01-27T12:05:26.246339Z - 2025-01-27T12:06:26.246339Z,,,,,,,2025-01-27T12:05:38.540000Z,,2025-01-27T12:06:19.720000Z,
HE.KEV.00.BHZ | 2025-01-27T12:05:30.325313Z - 2025-01-27T12:06:30.325313Z,,,,,,,2025-01-27T12:05:39.600000Z,,2025-01-27T12:06:17.960000Z,
HE.KU6.00.BHZ | 2025-01-27T12:05:10.663380Z - 2025-01-27T12:06:10.663380Z,,,,,,,2025-01-27T12:05:27.080000Z,,2025-01-27T12:05:56.480000Z,
HE.VRF.00.BHZ | 2025-01-27T12:04:54.837380Z - 2025-01-27T12:05:54.837380Z,,,,,,,2025-01-27T12:05:15.800000Z,,2025-01-27T12:05:35.400000Z,
FN.OLKF.00.BHZ | 2025-01-27T18:09:01.694262Z - 2025-01-27T18:10:01.694262Z,,,,,,,2025-01-27T18:09:12.120000Z,,2025-01-27T18:09:41.520000Z,
FN.RAJF.00.BHZ | 2025-01-27T18:09:00.531033Z - 2025-01-27T18:10:00.531033Z,,,,,,,2025-01-27T18:09:11.680000Z,,2025-01-27T18:09:40.520000Z,
FN.RNF.00.BHZ | 2025-01-27T18:09:33.439695Z - 2025-01-27T18:10:33.439695Z,,,,,,,,,2025-01-27T18:10:05.600000Z,
HE.HEF.00.BHZ | 2025-01-27T18:09:09.486726Z - 2025-01-27T18:10:09.486726Z,,,,,,,2025-01-27T18:09:42.000000Z,,,
HE.HEF.00.BHZ | 2025-01-27T18:10:14.222772Z - 2025-01-27T18:11:14.222772Z,,,,,,,,,2025-01-27T18:10:33.520000Z,
HE.KEV.00.BHZ | 2025-01-27T18:09:42.038651Z - 2025-01-27T18:10:42.038651Z,,,,,,,,,2025-01-27T18:10:04.790000Z,
HE.KU6.00.BHZ | 2025-01-27T18:09:32.097596Z - 2025-01-27T18:10:32.097596Z,,,,,,,,,2025-01-27T18:09:43.040000Z,
HE.VRF.00.BHZ | 2025-01-27T18:08:35.222051Z - 2025-01-27T18:09:35.222051Z,,,,,,,2025-01-27T18:09:01.680000Z,,2025-01-27T18:09:23.520000Z,
FN.MSF.00.BHZ | 2025-01-27T18:15:17.830377Z - 2025-01-27T18:16:17.830377Z,,,,,,,,,2025-01-27T18:16:11.680000Z,
FN.OLKF.00.BHZ | 2025-01-27T18:15:11.280643Z - 2025-01-27T18:16:11.280643Z,,,,,,,2025-01-27T18:15:30.760000Z,,2025-01-27T18:16:00.040000Z,
FN.RAJF.00.BHZ | 2025-01-27T18:15:14.664192Z - 2025-01-27T18:16:14.664192Z,,,,,,,2025-01-27T18:15:31.000000Z,,2025-01-27T18:16:00.000000Z,
HE.KU6.00.BHZ | 2025-01-27T18:15:29.191298Z - 2025-01-27T18:16:29.191298Z,,,,,,,,,2025-01-27T18:16:01.560000Z,
HE.VRF.00.BHZ | 2025-01-27T18:15:02.157827Z - 2025-01-27T18:16:02.157827Z,,,,,,,2025-01-27T18:15:20.520000Z,,2025-01-27T18:15:42.640000Z,
FN.KLF.00.BHZ | 2025-01-27T18:15:42.484865Z - 2025-01-27T18:16:42.484865Z,,,,,,,2025-01-27T18:16:10.730000Z,,2025-01-27T18:16:31.840000Z,
FN.OLKF.00.BHZ | 2025-01-27T18:16:57.030768Z - 2025-01-27T18:17:57.030768Z,,,,,,,,,2025-01-27T18:17:46.360000Z,
FN.RAJF.00.BHZ | 2025-01-27T18:16:25.160247Z - 2025-01-27T18:17:25.160247Z,,,,,,,,,2025-01-27T18:17:16.560000Z,
HE.HEF.00.BHZ | 2025-01-27T18:15:56.349659Z - 2025-01-27T18:16:56.349659Z,,,,,,,2025-01-27T18:16:07.730000Z,,2025-01-27T18:16:29.960000Z,
HE.KIF.00.BHZ | 2025-01-27T18:15:38.528043Z - 2025-01-27T18:16:38.528043Z,,,,,,,2025-01-27T18:16:04.530000Z,,2025-01-27T18:16:20.120000Z,
FN.KLF.00.BHZ | 2025-01-27T20:10:47.756598Z - 2025-01-27T20:11:47.756598Z,,,,,,,,,2025-01-27T20:11:28.720000Z,
FN.MSF.00.BHZ | 2025-01-27T20:10:06.285478Z - 2025-01-27T20:11:06.285478Z,,,,,,,2025-01-27T20:10:17.120000Z,,2025-01-27T20:10:51.560000Z,
FN.OLKF.00.BHZ | 2025-01-27T20:09:51.790839Z - 2025-01-27T20:10:51.790839Z,,,,,,,2025-01-27T20:10:10.080000Z,,2025-01-27T20:10:38.640000Z,
FN.OUL.00.BHZ | 2025-01-27T20:10:51.320137Z - 2025-01-27T20:11:51.320137Z,,,,,,,,,2025-01-27T20:11:40.360000Z,
FN.RAJF.00.BHZ | 2025-01-27T20:09:45.875052Z - 2025-01-27T20:10:45.875052Z,,,,,,,2025-01-27T20:10:09.340000Z,,2025-01-27T20:10:36.920000Z,
FN.RANF.00.BHZ | 2025-01-27T20:10:22.455025Z - 2025-01-27T20:11:22.455025Z,,,,,,,2025-01-27T20:10:27.480000Z,,2025-01-27T20:11:08.640000Z,
FN.RNF.00.BHZ | 2025-01-27T20:10:08.449158Z - 2025-01-27T20:11:08.449158Z,,,,,,,2025-01-27T20:10:22.920000Z,,2025-01-27T20:11:02.960000Z,
HE.KEV.00.BHZ | 2025-01-27T20:10:16.594936Z - 2025-01-27T20:11:16.594936Z,,,,,,,2025-01-27T20:10:23.280000Z,,2025-01-27T20:11:01.360000Z,
HE.KU2.00.BHZ | 2025-01-27T20:10:43.090629Z - 2025-01-27T20:11:43.090629Z,,,,,,,,,2025-01-27T20:11:02.800000Z,
HE.KU6.00.BHZ | 2025-01-27T20:09:56.419834Z - 2025-01-27T20:10:56.419834Z,,,,,,,2025-01-27T20:10:10.840000Z,,2025-01-27T20:10:40.800000Z,
HE.TOF.00.BHZ | 2025-01-27T20:09:54.759056Z - 2025-01-27T20:10:54.759056Z,,,,,,,2025-01-27T20:10:44.800000Z,,,
HE.VRF.00.BHZ | 2025-01-27T20:09:50.059166Z - 2025-01-27T20:10:50.059166Z,,,,,,,2025-01-27T20:09:59.320000Z,,2025-01-27T20:10:19.440000Z,
HE.ECKF.00.BHZ | 2025-01-28T12:04:15.191566Z - 2025-01-28T12:05:15.191566Z,,,,,,,2025-01-28T12:04:31.290000Z,,2025-01-28T12:04:52.520000Z,
HE.FIA0.00.SHZ | 2025-01-28T12:04:23.219115Z - 2025-01-28T12:05:23.219115Z,,,,,,,2025-01-28T12:04:45.400000Z,,2025-01-28T12:05:14.600000Z,
HE.KAF.00.BHZ | 2025-01-28T12:05:11.006979Z - 2025-01-28T12:06:11.006979Z,,,,,,,,,2025-01-28T12:05:27.360000Z,
HE.KEF.00.BHZ | 2025-01-28T12:04:26.572618Z - 2025-01-28T12:05:26.572618Z,,,,,,,,,2025-01-28T12:05:15.160000Z,
HE.KORF.00.BHZ | 2025-01-28T12:03:36.835924Z - 2025-01-28T12:04:36.835924Z,,,,,,,2025-01-28T12:04:13.060000Z,,2025-01-28T12:04:19.200000Z,
HE.KPF.00.BHZ | 2025-01-28T12:04:02.005826Z - 2025-01-28T12:05:02.005826Z,,,,,,,2025-01-28T12:04:32.930000Z,,2025-01-28T12:04:53.580000Z,
HE.PVF.00.BHZ | 2025-01-28T12:04:41.066911Z - 2025-01-28T12:05:41.066911Z,,,,,,,,,2025-01-28T12:05:03.260000Z,
HE.RAF.00.BHZ | 2025-01-28T12:03:43.776621Z - 2025-01-28T12:04:43.776621Z,,,,,,,2025-01-28T12:04:19.180000Z,,2025-01-28T12:04:29.260000Z,
UP.AAL.00.BHZ | 2025-01-28T12:04:31.908097Z - 2025-01-28T12:05:31.908097Z,,,,,,,,,2025-01-28T12:04:47.030000Z,
FN.KLF.00.BHZ | 2025-01-28T13:35:52.313616Z - 2025-01-28T13:36:52.313616Z,,,,,,,2025-01-28T13:36:19.180000Z,,2025-01-28T13:36:40.440000Z,
FN.MSF.00.BHZ | 2025-01-28T13:36:32.313694Z - 2025-01-28T13:37:32.313694Z,,,,,,,2025-01-28T13:36:38.120000Z,,2025-01-28T13:37:14.720000Z,
FN.OLKF.00.BHZ | 2025-01-28T13:36:26.952262Z - 2025-01-28T13:37:26.952262Z,,,,,,,2025-01-28T13:36:39.640000Z,,2025-01-28T13:37:18.600000Z,
FN.OUL.00.BHZ | 2025-01-28T13:36:06.507571Z - 2025-01-28T13:37:06.507571Z,,,,,,,2025-01-28T13:36:22.800000Z,,2025-01-28T13:36:49.680000Z,
FN.RANF.00.BHZ | 2025-01-28T13:36:00.124892Z - 2025-01-28T13:37:00.124892Z,,,,,,,2025-01-28T13:36:25.320000Z,,2025-01-28T13:36:52.480000Z,
FN.RNF.00.BHZ | 2025-01-28T13:36:15.126548Z - 2025-01-28T13:37:15.126548Z,,,,,,,2025-01-28T13:36:22.920000Z,,2025-01-28T13:36:47.280000Z,
HE.HEF.00.BHZ | 2025-01-28T13:36:27.310985Z - 2025-01-28T13:37:27.310985Z,,,,,,,2025-01-28T13:36:34.030000Z,,2025-01-28T13:37:08.560000Z,
HE.KIF.00.BHZ | 2025-01-28T13:37:22.517840Z - 2025-01-28T13:38:22.517840Z,,,,,,,,,2025-01-28T13:37:27.600000Z,
HE.KU1.00.BHZ | 2025-01-28T13:36:30.970717Z - 2025-01-28T13:37:30.970717Z,,,,,,,2025-01-28T13:36:41.880000Z,,2025-01-28T13:37:21.460000Z,
HE.KU2.00.BHZ | 2025-01-28T13:36:13.699690Z - 2025-01-28T13:37:13.699690Z,,,,,,,2025-01-28T13:36:34.280000Z,,2025-01-28T13:37:07.260000Z,
HE.KU6.00.BHZ | 2025-01-28T13:36:28.619093Z - 2025-01-28T13:37:28.619093Z,,,,,,,2025-01-28T13:36:43.480000Z,,2025-01-28T13:37:23.160000Z,
HE.NIF.00.BHZ | 2025-01-28T13:36:14.988179Z - 2025-01-28T13:37:14.988179Z,,,,,,,2025-01-28T13:36:54.580000Z,,,
HE.OBF0.00.BHZ | 2025-01-28T13:36:14.874878Z - 2025-01-28T13:37:14.874878Z,,,,,,,2025-01-28T13:36:20.580000Z,,2025-01-28T13:36:44.980000Z,
HE.OBF3.00.BHZ | 2025-01-28T13:36:13.054394Z - 2025-01-28T13:37:13.054394Z,,,,,,,2025-01-28T13:36:18.360000Z,,2025-01-28T13:36:43.040000Z,
HE.OBF8.00.BHZ | 2025-01-28T13:35:53.719386Z - 2025-01-28T13:36:53.719386Z,,,,,,,2025-01-28T13:36:19.880000Z,,2025-01-28T13:36:42.820000Z,
HE.OUF.00.BHZ | 2025-01-28T13:35:58.401718Z - 2025-01-28T13:36:58.401718Z,,,,,,,2025-01-28T13:36:24.380000Z,,2025-01-28T13:36:50.900000Z,
HE.SUF.00.BHZ | 2025-01-28T13:35:58.339374Z - 2025-01-28T13:36:58.339374Z,,,,,,,2025-01-28T13:36:50.590000Z,,,
HE.TOF.00.BHZ | 2025-01-28T13:35:46.648752Z - 2025-01-28T13:36:46.648752Z,,,,,,,2025-01-28T13:36:09.060000Z,,2025-01-28T13:36:23.120000Z,
HE.VAF.00.BHZ | 2025-01-28T13:35:46.335614Z - 2025-01-28T13:36:46.335614Z,,,,,,,2025-01-28T13:36:37.380000Z,,,
HE.ECKF.00.CZ | 2025-01-28T09:49:02.984176Z - 2025-01-28T09:50:02.984176Z,,,,,,,2025-01-28T09:49:08.976720Z,,2025-01-28T09:49:27.437000Z,
HE.FIA0.00.?HZ | 2025-01-28T09:49:15.229288Z - 2025-01-28T09:50:15.229288Z,,,,,,,,,2025-01-28T09:49:48.375740Z,
HE.FIA1.00.?HZ | 2025-01-28T09:49:06.691078Z - 2025-01-28T09:50:06.691078Z,,,,,,,,,2025-01-28T09:49:48.375740Z,
HE.HEL5.00.BHZ | 2025-01-28T09:48:46.053528Z - 2025-01-28T09:49:46.053528Z,,,,,,,2025-01-28T09:49:15.841180Z,,2025-01-28T09:49:39.535200Z,
HE.KEF.00.?HZ | 2025-01-28T09:49:07.192228Z - 2025-01-28T09:50:07.192228Z,,,,,,,2025-01-28T09:49:15.980090Z,,2025-01-28T09:49:39.331130Z,
HE.KORF.00.CZ | 2025-01-28T09:48:49.283037Z - 2025-01-28T09:49:49.283037Z,,,,,,,2025-01-28T09:49:02.555570Z,,2025-01-28T09:49:16.170080Z,
HE.KPF.00.BHZ | 2025-01-28T09:48:26.749238Z - 2025-01-28T09:49:26.749238Z,,,,,,,2025-01-28T09:48:56.132430Z,,2025-01-28T09:49:04.995430Z,
HE.LAUT.00.BHZ | 2025-01-28T09:49:17.891480Z - 2025-01-28T09:50:17.891480Z,,,,,,,,,2025-01-28T09:49:40.291260Z,
HE.MEF.00.BHZ | 2025-01-28T09:48:46.385088Z - 2025-01-28T09:49:46.385088Z,,,,,,,2025-01-28T09:49:12.516260Z,,2025-01-28T09:49:33.251360Z,
HE.PVF.00.CZ | 2025-01-28T09:49:14.873537Z - 2025-01-28T09:50:14.873537Z,,,,,,,2025-01-28T09:49:20.162570Z,,2025-01-28T09:49:47.715780Z,
HE.RAF.00.BHZ | 2025-01-28T09:48:26.675219Z - 2025-01-28T09:49:26.675219Z,,,,,,,2025-01-28T09:48:45.662200Z,,2025-01-28T09:48:47.789510Z,
HE.TRE03.00.CZ | 2025-01-28T09:48:42.331347Z - 2025-01-28T09:49:42.331347Z,,,,,,,2025-01-28T09:49:06.838380Z,,2025-01-28T09:49:23.275120Z,
HE.TVF.00.BHZ | 2025-01-28T09:48:44.504365Z - 2025-01-28T09:49:44.504365Z,,,,,,,2025-01-28T09:49:10.870690Z,,2025-01-28T09:49:30.449130Z,
HE.VAF.00.BHZ | 2025-01-28T09:48:58.517372Z - 2025-01-28T09:49:58.517372Z,,,,,,,2025-01-28T09:49:18.157780Z,,2025-01-28T09:49:42.931090Z,
HE.VUOS.00.BHZ | 2025-01-28T09:49:05.205494Z - 2025-01-28T09:50:05.205494Z,,,,,,,,,2025-01-28T09:49:43.261070Z,
UP.AAL.00.BHZ | 2025-01-28T09:48:41.336110Z - 2025-01-28T09:49:41.336110Z,,,,,,,2025-01-28T09:49:06.737960Z,,2025-01-28T09:49:23.478930Z,
HE.FIA0.00.?HZ | 2025-01-28T12:33:34.294666Z - 2025-01-28T12:34:34.294666Z,,,,,,,2025-01-28T12:33:58.652940Z,,2025-01-28T12:34:10.556700Z,
HE.FIA1.00.?HZ | 2025-01-28T12:33:45.025503Z - 2025-01-28T12:34:45.025503Z,,,,,,,2025-01-28T12:33:58.535460Z,,2025-01-28T12:34:10.818020Z,
HE.HEL5.00.BHZ | 2025-01-28T12:33:38.507708Z - 2025-01-28T12:34:38.507708Z,,,,,,,2025-01-28T12:33:54.306010Z,,2025-01-28T12:34:03.814720Z,
HE.KAF.00.?HZ | 2025-01-28T12:34:01.880474Z - 2025-01-28T12:35:01.880474Z,,,,,,,2025-01-28T12:34:10.292360Z,,2025-01-28T12:34:31.531530Z,
HE.KEF.00.?HZ | 2025-01-28T12:33:42.284195Z - 2025-01-28T12:34:42.284195Z,,,,,,,2025-01-28T12:34:12.723040Z,,2025-01-28T12:34:36.100360Z,
HE.KY02.00.CZ | 2025-01-28T12:33:28.142804Z - 2025-01-28T12:34:28.142804Z,,,,,,,2025-01-28T12:33:51.941840Z,,2025-01-28T12:34:00.263390Z,
HE.KY17.00.CZ | 2025-01-28T12:33:15.609188Z - 2025-01-28T12:34:15.609188Z,,,,,,,2025-01-28T12:33:53.127490Z,,2025-01-28T12:34:02.455870Z,
HE.LAUT.00.BHZ | 2025-01-28T12:33:22.977092Z - 2025-01-28T12:34:22.977092Z,,,,,,,2025-01-28T12:33:53.720740Z,,2025-01-28T12:34:02.171440Z,
HE.LOVF.00.CZ | 2025-01-28T12:33:29.016572Z - 2025-01-28T12:34:29.016572Z,,,,,,,2025-01-28T12:33:43.306200Z,,2025-01-28T12:33:45.054970Z,
HE.MEF.00.BHZ | 2025-01-28T12:33:28.722192Z - 2025-01-28T12:34:28.722192Z,,,,,,,2025-01-28T12:33:56.655700Z,,2025-01-28T12:34:07.133450Z,
HE.NUR.00.SHZ | 2025-01-28T12:33:27.456155Z - 2025-01-28T12:34:27.456155Z,,,,,,,2025-01-28T12:33:53.349280Z,,2025-01-28T12:34:01.707120Z,
HE.PVF.00.CZ | 2025-01-28T12:33:27.246174Z - 2025-01-28T12:34:27.246174Z,,,,,,,2025-01-28T12:33:43.298520Z,,2025-01-28T12:33:44.680980Z,
HE.RUF.00.BHZ | 2025-01-28T12:33:54.723648Z - 2025-01-28T12:34:54.723648Z,,,,,,,2025-01-28T12:34:11.770640Z,,2025-01-28T12:34:33.035110Z,
HE.VJF.00.?HZ | 2025-01-28T12:33:13.281638Z - 2025-01-28T12:34:13.281638Z,,,,,,,2025-01-28T12:33:54.742250Z,,2025-01-28T12:34:03.814720Z,
HE.VUOS.00.BHZ | 2025-01-28T12:33:05.028837Z - 2025-01-28T12:34:05.028837Z,,,,,,,,,2025-01-28T12:33:57.500120Z,
HE.HEL1.00.BHZ | 2025-01-28T15:30:43.765204Z - 2025-01-28T15:31:43.765204Z,,,,,,,2025-01-28T15:30:48.920960Z,,2025-01-28T15:30:50.448400Z,
HE.HEL5.00.BHZ | 2025-01-28T15:30:37.977170Z - 2025-01-28T15:31:37.977170Z,,,,,,,2025-01-28T15:30:48.965950Z,,2025-01-28T15:30:50.505720Z,
HE.KUNI.00.BHZ | 2025-01-28T15:30:13.297649Z - 2025-01-28T15:31:13.297649Z,,,,,,,2025-01-28T15:30:48.965950Z,,2025-01-28T15:30:50.683720Z,
HE.LAUT.00.BHZ | 2025-01-28T15:29:56.634457Z - 2025-01-28T15:30:56.634457Z,,,,,,,2025-01-28T15:30:48.941300Z,,2025-01-28T15:30:50.614940Z,
HE.MEF.00.BHZ | 2025-01-28T15:29:59.788810Z - 2025-01-28T15:30:59.788810Z,,,,,,,2025-01-28T15:30:49.491320Z,,2025-01-28T15:30:51.597330Z,
HE.NUR.00.SHZ | 2025-01-28T15:30:19.013338Z - 2025-01-28T15:31:19.013338Z,,,,,,,2025-01-28T15:30:51.963290Z,,2025-01-28T15:30:55.749230Z,
HE.VUOS.00.BHZ | 2025-01-28T15:30:22.386606Z - 2025-01-28T15:31:22.386606Z,,,,,,,2025-01-28T15:30:51.184650Z,,2025-01-28T15:30:54.396550Z,
FN.KLF.00.BHZ | 2025-01-28T04:06:35.641985Z - 2025-01-28T04:07:35.641985Z,,,,,,,,,2025-01-28T04:06:52.080000Z,
FN.MSF.00.BHZ | 2025-01-28T04:05:29.642392Z - 2025-01-28T04:06:29.642392Z,,,,,,,2025-01-28T04:05:50.320000Z,,2025-01-28T04:06:23.920000Z,
FN.OLKF.00.BHZ | 2025-01-28T04:05:33.732132Z - 2025-01-28T04:06:33.732132Z,,,,,,,2025-01-28T04:05:43.930000Z,,2025-01-28T04:06:12.680000Z,
FN.RAJF.00.BHZ | 2025-01-28T04:05:33.402881Z - 2025-01-28T04:06:33.402881Z,,,,,,,2025-01-28T04:05:42.980000Z,,2025-01-28T04:06:11.840000Z,
FN.RANF.00.BHZ | 2025-01-28T04:05:53.885451Z - 2025-01-28T04:06:53.885451Z,,,,,,,2025-01-28T04:06:00.560000Z,,2025-01-28T04:06:42.640000Z,
FN.RNF.00.BHZ | 2025-01-28T04:05:48.986342Z - 2025-01-28T04:06:48.986342Z,,,,,,,2025-01-28T04:05:56.400000Z,,2025-01-28T04:06:42.040000Z,
HE.KEV.00.BHZ | 2025-01-28T04:05:45.728810Z - 2025-01-28T04:06:45.728810Z,,,,,,,2025-01-28T04:05:57.200000Z,,2025-01-28T04:06:36.780000Z,
HE.KU6.00.BHZ | 2025-01-28T04:05:37.180227Z - 2025-01-28T04:06:37.180227Z,,,,,,,2025-01-28T04:05:44.480000Z,,2025-01-28T04:06:13.600000Z,
HE.VRF.00.BHZ | 2025-01-28T04:05:16.577950Z - 2025-01-28T04:06:16.577950Z,,,,,,,2025-01-28T04:05:33.780000Z,,2025-01-28T04:05:54.480000Z,
FN.MSF.00.BHZ | 2025-01-23T07:50:41.675275Z - 2025-01-23T07:51:41.675275Z,,,,,,,,,2025-01-23T07:50:47.320000Z,
FN.OUL.00.BHZ | 2025-01-23T07:49:14.483305Z - 2025-01-23T07:50:14.483305Z,,,,,,,2025-01-23T07:49:38.180000Z,,2025-01-23T07:50:01.560000Z,
FN.RANF.00.BHZ | 2025-01-23T07:49:48.050783Z - 2025-01-23T07:50:48.050783Z,,,,,,,,,2025-01-23T07:50:30.040000Z,
HE.FIA0.00.SHZ | 2025-01-23T07:49:36.256251Z - 2025-01-23T07:50:36.256251Z,,,,,,,2025-01-23T07:49:50.300000Z,,2025-01-23T07:50:24.100000Z,
HE.KAF.00.BHZ | 2025-01-23T07:49:24.948675Z - 2025-01-23T07:50:24.948675Z,,,,,,,2025-01-23T07:49:41.730000Z,,2025-01-23T07:50:08.640000Z,
HE.KEF.00.BHZ | 2025-01-23T07:49:22.723072Z - 2025-01-23T07:50:22.723072Z,,,,,,,2025-01-23T07:49:35.680000Z,,,
HE.KJNF.00.BHZ | 2025-01-23T07:49:30.370894Z - 2025-01-23T07:50:30.370894Z,,,,,,,,,2025-01-23T07:50:05.620000Z,
HE.KPF.00.BHZ | 2025-01-23T07:49:31.627649Z - 2025-01-23T07:50:31.627649Z,,,,,,,2025-01-23T07:49:43.080000Z,,2025-01-23T07:50:10.080000Z,
HE.KU2.00.BHZ | 2025-01-23T07:49:19.764977Z - 2025-01-23T07:50:19.764977Z,,,,,,,2025-01-23T07:49:53.980000Z,,,
HE.KU6.00.BHZ | 2025-01-23T07:49:41.717933Z - 2025-01-23T07:50:41.717933Z,,,,,,,2025-01-23T07:50:04.130000Z,,,
HE.NIF.00.BHZ | 2025-01-23T07:49:16.546451Z - 2025-01-23T07:50:16.546451Z,,,,,,,2025-01-23T07:49:40.000000Z,,2025-01-23T07:50:04.340000Z,
HE.OBF0.00.BHZ | 2025-01-23T07:49:13.866799Z - 2025-01-23T07:50:13.866799Z,,,,,,,2025-01-23T07:49:23.180000Z,,2025-01-23T07:49:36.500000Z,
HE.OBF3.00.BHZ | 2025-01-23T07:49:02.087593Z - 2025-01-23T07:50:02.087593Z,,,,,,,2025-01-23T07:49:29.880000Z,,2025-01-23T07:49:51.240000Z,
HE.OBF8.00.BHZ | 2025-01-23T07:48:34.040539Z - 2025-01-23T07:49:34.040539Z,,,,,,,2025-01-23T07:49:19.880000Z,,,
HE.OUF.00.BHZ | 2025-01-23T07:49:13.037626Z - 2025-01-23T07:50:13.037626Z,,,,,,,2025-01-23T07:49:22.180000Z,,2025-01-23T07:49:33.520000Z,
HE.RAF.00.BHZ | 2025-01-23T07:50:18.563625Z - 2025-01-23T07:51:18.563625Z,,,,,,,,,2025-01-23T07:50:33.680000Z,
HE.RMF.00.BHZ | 2025-01-23T07:49:49.899105Z - 2025-01-23T07:50:49.899105Z,,,,,,,2025-01-23T07:49:55.390000Z,,2025-01-23T07:50:31.260000Z,
HE.SUF.00.BHZ | 2025-01-23T07:49:08.807948Z - 2025-01-23T07:50:08.807948Z,,,,,,,2025-01-23T07:49:33.180000Z,,2025-01-23T07:49:53.060000Z,
HE.TOF.00.BHZ | 2025-01-23T07:49:27.515857Z - 2025-01-23T07:50:27.515857Z,,,,,,,2025-01-23T07:49:50.480000Z,,2025-01-23T07:50:21.360000Z,
HE.TRE03.00.BHZ | 2025-01-23T07:49:33.498376Z - 2025-01-23T07:50:33.498376Z,,,,,,,2025-01-23T07:49:45.280000Z,,2025-01-23T07:50:11.820000Z,
HE.VAF.00.BHZ | 2025-01-23T07:48:56.412679Z - 2025-01-23T07:49:56.412679Z,,,,,,,2025-01-23T07:49:21.880000Z,,2025-01-23T07:49:33.440000Z,
HE.FIA0.00.?HZ | 2025-01-28T10:24:59.004424Z - 2025-01-28T10:25:59.004424Z,,,,,,,2025-01-28T10:25:22.423620Z,,2025-01-28T10:25:38.618090Z,
HE.FIA1.00.?HZ | 2025-01-28T10:25:14.779505Z - 2025-01-28T10:26:14.779505Z,,,,,,,2025-01-28T10:25:22.423620Z,,2025-01-28T10:25:38.618090Z,
HE.JOF.00.BHZ | 2025-01-28T10:25:11.741615Z - 2025-01-28T10:26:11.741615Z,,,,,,,2025-01-28T10:25:31.062010Z,,2025-01-28T10:25:53.553100Z,
HE.KAF.00.?HZ | 2025-01-28T10:25:00.503987Z - 2025-01-28T10:26:00.503987Z,,,,,,,2025-01-28T10:25:21.672670Z,,2025-01-28T10:25:37.569410Z,
HE.KEF.00.?HZ | 2025-01-28T10:25:22.604502Z - 2025-01-28T10:26:22.604502Z,,,,,,,2025-01-28T10:25:33.162400Z,,2025-01-28T10:25:57.166660Z,
HE.KY02.00.CZ | 2025-01-28T10:24:49.048569Z - 2025-01-28T10:25:49.048569Z,,,,,,,2025-01-28T10:25:19.687560Z,,2025-01-28T10:25:34.314360Z,
HE.KY17.00.CZ | 2025-01-28T10:25:03.850584Z - 2025-01-28T10:26:03.850584Z,,,,,,,2025-01-28T10:25:18.390040Z,,2025-01-28T10:25:32.425070Z,
HE.LOVF.00.CZ | 2025-01-28T10:25:02.734667Z - 2025-01-28T10:26:02.734667Z,,,,,,,2025-01-28T10:25:29.120600Z,,2025-01-28T10:25:50.908960Z,
HE.NIF.00.BHZ | 2025-01-28T10:25:09.435192Z - 2025-01-28T10:26:09.435192Z,,,,,,,2025-01-28T10:25:31.645350Z,,2025-01-28T10:25:54.957910Z,
HE.PVF.00.CZ | 2025-01-28T10:25:23.316485Z - 2025-01-28T10:26:23.316485Z,,,,,,,2025-01-28T10:25:29.998520Z,,2025-01-28T10:25:52.744610Z,
HE.RUF.00.BHZ | 2025-01-28T10:24:28.483831Z - 2025-01-28T10:25:28.483831Z,,,,,,,2025-01-28T10:25:03.639310Z,,2025-01-28T10:25:06.669090Z,
HE.SUF.00.BHZ | 2025-01-28T10:25:00.011952Z - 2025-01-28T10:26:00.011952Z,,,,,,,2025-01-28T10:25:28.235330Z,,2025-01-28T10:25:49.362490Z,
HE.TRE03.00.CZ | 2025-01-28T10:25:24.685630Z - 2025-01-28T10:26:24.685630Z,,,,,,,2025-01-28T10:25:36.419940Z,,2025-01-28T10:26:05.510680Z,
HE.VJF.00.?HZ | 2025-01-28T10:25:08.406269Z - 2025-01-28T10:26:08.406269Z,,,,,,,2025-01-28T10:25:21.038510Z,,2025-01-28T10:25:36.787850Z,
HE.ALAJF.00.?HZ | 2025-01-28T10:53:36.308583Z - 2025-01-28T10:54:36.308583Z,,,,,,,2025-01-28T10:53:44.471200Z,,2025-01-28T10:54:08.562120Z,
HE.FIA0.00.?HZ | 2025-01-28T10:52:29.364387Z - 2025-01-28T10:53:29.364387Z,,,,,,,2025-01-28T10:53:13.709420Z,,2025-01-28T10:53:15.690680Z,
HE.FIA1.00.?HZ | 2025-01-28T10:52:21.500206Z - 2025-01-28T10:53:21.500206Z,,,,,,,2025-01-28T10:53:13.703390Z,,2025-01-28T10:53:15.832350Z,
HE.HEL5.00.BHZ | 2025-01-28T10:53:18.340224Z - 2025-01-28T10:54:18.340224Z,,,,,,,,,2025-01-28T10:53:56.172710Z,
HE.KAF.00.?HZ | 2025-01-28T10:52:52.063388Z - 2025-01-28T10:53:52.063388Z,,,,,,,2025-01-28T10:53:23.443020Z,,2025-01-28T10:53:32.854740Z,
HE.KEF.00.?HZ | 2025-01-28T10:52:44.876633Z - 2025-01-28T10:53:44.876633Z,,,,,,,2025-01-28T10:53:26.339980Z,,2025-01-28T10:53:37.224400Z,
HE.KPF.00.BHZ | 2025-01-28T10:53:16.141773Z - 2025-01-28T10:54:16.141773Z,,,,,,,2025-01-28T10:53:43.788460Z,,2025-01-28T10:54:07.180070Z,
HE.KY02.00.CZ | 2025-01-28T10:52:41.893333Z - 2025-01-28T10:53:41.893333Z,,,,,,,2025-01-28T10:53:23.814430Z,,2025-01-28T10:53:33.333370Z,
HE.KY17.00.CZ | 2025-01-28T10:53:06.833845Z - 2025-01-28T10:54:06.833845Z,,,,,,,2025-01-28T10:53:26.042860Z,,2025-01-28T10:53:35.549090Z,
HE.LOVF.00.CZ | 2025-01-28T10:53:22.283729Z - 2025-01-28T10:54:22.283729Z,,,,,,,2025-01-28T10:53:30.544930Z,,2025-01-28T10:53:43.542370Z,
HE.MEF.00.BHZ | 2025-01-28T10:53:35.078848Z - 2025-01-28T10:54:35.078848Z,,,,,,,,,2025-01-28T10:53:55.944700Z,
HE.PVF.00.CZ | 2025-01-28T10:53:20.177884Z - 2025-01-28T10:54:20.177884Z,,,,,,,2025-01-28T10:53:28.571640Z,,2025-01-28T10:53:40.628400Z,
HE.RAF.00.BHZ | 2025-01-28T10:53:34.950481Z - 2025-01-28T10:54:34.950481Z,,,,,,,2025-01-28T10:53:46.418220Z,,2025-01-28T10:54:12.342700Z,
HE.RUF.00.BHZ | 2025-01-28T10:53:30.035491Z - 2025-01-28T10:54:30.035491Z,,,,,,,2025-01-28T10:53:38.814220Z,,2025-01-28T10:53:57.901410Z,
HE.SUF.00.BHZ | 2025-01-28T10:53:22.642422Z - 2025-01-28T10:54:22.642422Z,,,,,,,2025-01-28T10:53:33.923950Z,,2025-01-28T10:53:50.633940Z,
HE.TRE03.00.CZ | 2025-01-28T10:53:01.063323Z - 2025-01-28T10:54:01.063323Z,,,,,,,2025-01-28T10:53:25.225760Z,,2025-01-28T10:53:35.996500Z,
HE.VJF.00.?HZ | 2025-01-28T10:53:08.961713Z - 2025-01-28T10:54:08.961713Z,,,,,,,2025-01-28T10:53:33.680660Z,,2025-01-28T10:53:50.877660Z,
HE.FIA0.00.?HZ | 2025-01-23T11:02:30.777954Z - 2025-01-23T11:03:30.777954Z,,,,,,,2025-01-23T11:02:54.878490Z,,2025-01-23T11:03:12.967400Z,
HE.FIA1.00.?HZ | 2025-01-23T11:02:37.884393Z - 2025-01-23T11:03:37.884393Z,,,,,,,2025-01-23T11:02:54.878490Z,,2025-01-23T11:03:12.967400Z,
HE.JOF.00.BHZ | 2025-01-23T11:02:57.796394Z - 2025-01-23T11:03:57.796394Z,,,,,,,2025-01-23T11:03:05.082490Z,,2025-01-23T11:03:30.592490Z,
HE.KAF.00.?HZ | 2025-01-23T11:02:44.354813Z - 2025-01-23T11:03:44.354813Z,,,,,,,2025-01-23T11:02:57.429490Z,,2025-01-23T11:03:17.141760Z,
HE.KEF.00.?HZ | 2025-01-23T11:02:40.825626Z - 2025-01-23T11:03:40.825626Z,,,,,,,2025-01-23T11:03:06.937760Z,,2025-01-23T11:03:34.303040Z,
HE.KY02.00.CZ | 2025-01-23T11:02:16.376442Z - 2025-01-23T11:03:16.376442Z,,,,,,,2025-01-23T11:02:49.312670Z,,2025-01-23T11:03:03.459120Z,
HE.KY17.00.CZ | 2025-01-23T11:02:24.115855Z - 2025-01-23T11:03:24.115855Z,,,,,,,2025-01-23T11:02:47.479380Z,,2025-01-23T11:03:00.029000Z,
HE.LOVF.00.CZ | 2025-01-23T11:02:43.943594Z - 2025-01-23T11:03:43.943594Z,,,,,,,2025-01-23T11:02:56.965670Z,,2025-01-23T11:03:16.909850Z,
HE.NIF.00.BHZ | 2025-01-23T11:02:42.218438Z - 2025-01-23T11:03:42.218438Z,,,,,,,2025-01-23T11:03:07.865400Z,,2025-01-23T11:03:35.694490Z,
HE.PVF.00.CZ | 2025-01-23T11:02:27.872935Z - 2025-01-23T11:03:27.872935Z,,,,,,,2025-01-23T11:02:59.284760Z,,2025-01-23T11:03:20.852310Z,
HE.RUF.00.BHZ | 2025-01-23T11:02:06.481770Z - 2025-01-23T11:03:06.481770Z,,,,,,,2025-01-23T11:02:33.216020Z,,2025-01-23T11:02:35.521090Z,
HE.SUF.00.BHZ | 2025-01-23T11:02:55.046236Z - 2025-01-23T11:03:55.046236Z,,,,,,,2025-01-23T11:03:05.082490Z,,2025-01-23T11:03:30.360580Z,
HE.VJF.00.?HZ | 2025-01-23T11:02:10.199837Z - 2025-01-23T11:03:10.199837Z,,,,,,,2025-01-23T11:02:47.361650Z,,2025-01-23T11:02:59.748580Z,
HE.JOF.00.BHZ | 2025-01-26T08:49:31.618436Z - 2025-01-26T08:50:31.618436Z,,,,,,,2025-01-26T08:49:41.887060Z,,2025-01-26T08:49:55.050200Z,
HE.KAF.00.?HZ | 2025-01-26T08:49:59.519220Z - 2025-01-26T08:50:59.519220Z,,,,,,,2025-01-26T08:50:05.436070Z,,2025-01-26T08:50:36.205620Z,
HE.KY17.00.CZ | 2025-01-26T08:49:51.421060Z - 2025-01-26T08:50:51.421060Z,,,,,,,2025-01-26T08:50:02.494100Z,,2025-01-26T08:50:32.818900Z,
HE.NIF.00.BHZ | 2025-01-26T08:49:51.170808Z - 2025-01-26T08:50:51.170808Z,,,,,,,2025-01-26T08:50:02.386670Z,,2025-01-26T08:50:31.137880Z,
HE.RMF.00.BHZ | 2025-01-26T08:49:55.582501Z - 2025-01-26T08:50:55.582501Z,,,,,,,2025-01-26T08:50:04.525460Z,,2025-01-26T08:50:36.565030Z,
HE.RUF.00.BHZ | 2025-01-26T08:49:16.744498Z - 2025-01-26T08:50:16.744498Z,,,,,,,2025-01-26T08:49:45.897150Z,,2025-01-26T08:50:01.897600Z,
HE.SUF.00.BHZ | 2025-01-26T08:49:51.533951Z - 2025-01-26T08:50:51.533951Z,,,,,,,2025-01-26T08:50:08.328860Z,,2025-01-26T08:50:41.012370Z,
HE.VJF.00.?HZ | 2025-01-26T08:49:58.240191Z - 2025-01-26T08:50:58.240191Z,,,,,,,2025-01-26T08:50:03.334670Z,,2025-01-26T08:50:32.694680Z,
HE.FIA0.00.SHZ | 2025-01-23T11:15:28.523213Z - 2025-01-23T11:16:28.523213Z,,,,,,,2025-01-23T11:15:43.100000Z,,2025-01-23T11:16:04.300000Z,
HE.HEL5.00.BHZ | 2025-01-23T11:15:12.027415Z - 2025-01-23T11:16:12.027415Z,,,,,,,2025-01-23T11:15:26.980000Z,,,
HE.KAF.00.BHZ | 2025-01-23T11:15:10.528233Z - 2025-01-23T11:16:10.528233Z,,,,,,,2025-01-23T11:15:54.980000Z,,,
HE.KEF.00.BHZ | 2025-01-23T11:15:09.721595Z - 2025-01-23T11:16:09.721595Z,,,,,,,2025-01-23T11:15:53.880000Z,,,
HE.KORF.00.BHZ | 2025-01-23T11:15:26.209512Z - 2025-01-23T11:16:26.209512Z,,,,,,,2025-01-23T11:15:52.220000Z,,2025-01-23T11:16:16.080000Z,
HE.KPF.00.BHZ | 2025-01-23T11:15:39.325716Z - 2025-01-23T11:16:39.325716Z,,,,,,,2025-01-23T11:15:57.070000Z,,2025-01-23T11:16:22.460000Z,
HE.KUNI.00.BHZ | 2025-01-23T11:15:16.478025Z - 2025-01-23T11:16:16.478025Z,,,,,,,2025-01-23T11:15:24.140000Z,,2025-01-23T11:15:26.180000Z,
HE.KY17.00.BHZ | 2025-01-23T11:15:13.158755Z - 2025-01-23T11:16:13.158755Z,,,,,,,2025-01-23T11:15:43.440000Z,,2025-01-23T11:15:59.840000Z,
HE.LAUT.00.BHZ | 2025-01-23T11:15:02.953947Z - 2025-01-23T11:16:02.953947Z,,,,,,,2025-01-23T11:15:26.300000Z,,,
HE.MEF.00.BHZ | 2025-01-23T11:14:50.081179Z - 2025-01-23T11:15:50.081179Z,,,,,,,2025-01-23T11:15:31.400000Z,,,
HE.NUR.00.BHZ | 2025-01-23T11:15:08.380821Z - 2025-01-23T11:16:08.380821Z,,,,,,,2025-01-23T11:15:23.480000Z,,2025-01-23T11:15:25.580000Z,
HE.PVF.00.BHZ | 2025-01-23T11:14:44.381912Z - 2025-01-23T11:15:44.381912Z,,,,,,,2025-01-23T11:15:30.780000Z,,2025-01-23T11:15:37.920000Z,
HE.RAF.00.BHZ | 2025-01-23T11:15:31.458984Z - 2025-01-23T11:16:31.458984Z,,,,,,,2025-01-23T11:15:51.080000Z,,2025-01-23T11:16:12.900000Z,
HE.SUF.00.BHZ | 2025-01-23T11:15:53.185838Z - 2025-01-23T11:16:53.185838Z,,,,,,,2025-01-23T11:16:03.900000Z,,,
HE.TRE03.00.BHZ | 2025-01-23T11:15:29.525354Z - 2025-01-23T11:16:29.525354Z,,,,,,,2025-01-23T11:15:44.500000Z,,,
HE.TVF.00.BHZ | 2025-01-23T11:14:57.483110Z - 2025-01-23T11:15:57.483110Z,,,,,,,2025-01-23T11:15:39.680000Z,,,
HE.VJF.00.BHZ | 2025-01-23T11:15:24.100562Z - 2025-01-23T11:16:24.100562Z,,,,,,,2025-01-23T11:15:45.950000Z,,,
HE.VUOS.00.BHZ | 2025-01-23T11:15:11.598789Z - 2025-01-23T11:16:11.598789Z,,,,,,,2025-01-23T11:15:26.380000Z,,2025-01-23T11:15:30.080000Z,
UP.AAL.00.BHZ | 2025-01-23T11:16:14.232126Z - 2025-01-23T11:17:14.232126Z,,,,,,,,,2025-01-23T11:16:38.600000Z,
HE.ECKF.00.BHZ | 2025-01-23T11:52:23.332364Z - 2025-01-23T11:53:23.332364Z,,,,,,,2025-01-23T11:52:37.510000Z,,2025-01-23T11:53:08.640000Z,
HE.FIA0.00.SHZ | 2025-01-23T11:51:58.309989Z - 2025-01-23T11:52:58.309989Z,,,,,,,2025-01-23T11:52:18.400000Z,,2025-01-23T11:52:34.100000Z,
HE.KAF.00.BHZ | 2025-01-23T11:52:02.221626Z - 2025-01-23T11:53:02.221626Z,,,,,,,2025-01-23T11:52:23.680000Z,,2025-01-23T11:52:44.380000Z,
HE.KEF.00.BHZ | 2025-01-23T11:51:38.720751Z - 2025-01-23T11:52:38.720751Z,,,,,,,2025-01-23T11:52:15.680000Z,,2025-01-23T11:52:30.100000Z,
HE.KORF.00.BHZ | 2025-01-23T11:52:06.606894Z - 2025-01-23T11:53:06.606894Z,,,,,,,2025-01-23T11:52:27.180000Z,,2025-01-23T11:52:48.440000Z,
HE.KPF.00.BHZ | 2025-01-23T11:51:58.823378Z - 2025-01-23T11:52:58.823378Z,,,,,,,2025-01-23T11:52:13.580000Z,,2025-01-23T11:52:26.720000Z,
HE.KY17.00.BHZ | 2025-01-23T11:52:14.448126Z - 2025-01-23T11:53:14.448126Z,,,,,,,2025-01-23T11:52:28.140000Z,,2025-01-23T11:52:51.040000Z,
HE.MEF.00.BHZ | 2025-01-23T11:51:57.010749Z - 2025-01-23T11:52:57.010749Z,,,,,,,2025-01-23T11:52:19.480000Z,,,
HE.NIF.00.BHZ | 2025-01-23T11:53:06.823101Z - 2025-01-23T11:54:06.823101Z,,,,,,,,,2025-01-23T11:53:22.700000Z,
HE.OBF0.00.BHZ | 2025-01-23T11:52:26.633474Z - 2025-01-23T11:53:26.633474Z,,,,,,,2025-01-23T11:52:50.820000Z,,,
HE.OBF3.00.BHZ | 2025-01-23T11:52:00.994694Z - 2025-01-23T11:53:00.994694Z,,,,,,,2025-01-23T11:52:55.280000Z,,,
HE.PVF.00.BHZ | 2025-01-23T11:52:08.124122Z - 2025-01-23T11:53:08.124122Z,,,,,,,2025-01-23T11:52:21.940000Z,,,
HE.RAF.00.BHZ | 2025-01-23T11:51:36.941356Z - 2025-01-23T11:52:36.941356Z,,,,,,,2025-01-23T11:52:14.980000Z,,2025-01-23T11:52:28.000000Z,
HE.SUF.00.BHZ | 2025-01-23T11:51:39.180432Z - 2025-01-23T11:52:39.180432Z,,,,,,,2025-01-23T11:52:29.780000Z,,,
HE.TRE03.00.BHZ | 2025-01-23T11:51:14.250446Z - 2025-01-23T11:52:14.250446Z,,,,,,,2025-01-23T11:52:03.760000Z,,,
HE.TVF.00.BHZ | 2025-01-23T11:51:32.594280Z - 2025-01-23T11:52:32.594280Z,,,,,,,2025-01-23T11:52:25.380000Z,,,
HE.VAF.00.BHZ | 2025-01-23T11:52:02.239691Z - 2025-01-23T11:53:02.239691Z,,,,,,,2025-01-23T11:52:29.530000Z,,2025-01-23T11:52:52.600000Z,
HE.VJF.00.BHZ | 2025-01-23T11:52:29.661335Z - 2025-01-23T11:53:29.661335Z,,,,,,,,,2025-01-23T11:53:02.560000Z,
UP.AAL.00.BHZ | 2025-01-23T11:52:20.071119Z - 2025-01-23T11:53:20.071119Z,,,,,,,2025-01-23T11:52:34.880000Z,,2025-01-23T11:53:04.280000Z,
HE.KAF.00.BHZ | 2025-01-23T11:58:33.643972Z - 2025-01-23T11:59:33.643972Z,,,,,,,2025-01-23T11:58:50.830000Z,,2025-01-23T11:59:19.840000Z,
HE.KEF.00.BHZ | 2025-01-23T11:58:07.636423Z - 2025-01-23T11:59:07.636423Z,,,,,,,2025-01-23T11:58:38.930000Z,,2025-01-23T11:59:00.760000Z,
HE.KPF.00.BHZ | 2025-01-23T11:57:53.808798Z - 2025-01-23T11:58:53.808798Z,,,,,,,2025-01-23T11:58:22.070000Z,,,
HE.OBF0.00.BHZ | 2025-01-23T11:58:37.902564Z - 2025-01-23T11:59:37.902564Z,,,,,,,2025-01-23T11:58:51.260000Z,,,
HE.OUF.00.BHZ | 2025-01-23T11:58:33.981994Z - 2025-01-23T11:59:33.981994Z,,,,,,,2025-01-23T11:58:51.980000Z,,2025-01-23T11:59:23.560000Z,
HE.RAF.00.BHZ | 2025-01-23T11:58:02.071789Z - 2025-01-23T11:59:02.071789Z,,,,,,,2025-01-23T11:58:36.330000Z,,2025-01-23T11:58:56.840000Z,
HE.SUF.00.BHZ | 2025-01-23T11:58:24.207220Z - 2025-01-23T11:59:24.207220Z,,,,,,,2025-01-23T11:58:48.310000Z,,2025-01-23T11:59:17.380000Z,
HE.TRE03.00.BHZ | 2025-01-23T11:58:31.460118Z - 2025-01-23T11:59:31.460118Z,,,,,,,2025-01-23T11:58:37.580000Z,,,
HE.VAF.00.BHZ | 2025-01-23T11:58:11.719156Z - 2025-01-23T11:59:11.719156Z,,,,,,,2025-01-23T11:58:24.130000Z,,2025-01-23T11:58:39.720000Z,
UP.AAL.00.BHZ | 2025-01-23T11:58:16.981251Z - 2025-01-23T11:59:16.981251Z,,,,,,,2025-01-23T11:58:48.160000Z,,,
FN.KLF.00.BHZ | 2025-01-23T12:07:35.993891Z - 2025-01-23T12:08:35.993891Z,,,,,,,2025-01-23T12:08:04.080000Z,,2025-01-23T12:08:26.400000Z,
FN.MSF.00.BHZ | 2025-01-23T12:08:09.777859Z - 2025-01-23T12:09:09.777859Z,,,,,,,2025-01-23T12:08:22.130000Z,,2025-01-23T12:08:59.320000Z,
FN.OLKF.00.BHZ | 2025-01-23T12:08:19.667238Z - 2025-01-23T12:09:19.667238Z,,,,,,,2025-01-23T12:08:24.780000Z,,2025-01-23T12:09:07.640000Z,
FN.OUL.00.BHZ | 2025-01-23T12:07:38.858809Z - 2025-01-23T12:08:38.858809Z,,,,,,,2025-01-23T12:08:06.480000Z,,,
FN.RAJF.00.BHZ | 2025-01-23T12:07:36.830096Z - 2025-01-23T12:08:36.830096Z,,,,,,,2025-01-23T12:08:31.630000Z,,,
FN.RAJF.00.BHZ | 2025-01-23T12:08:59.328618Z - 2025-01-23T12:09:59.328618Z,,,,,,,,,2025-01-23T12:09:25.400000Z,
FN.RANF.00.BHZ | 2025-01-23T12:07:44.999356Z - 2025-01-23T12:08:44.999356Z,,,,,,,2025-01-23T12:08:09.680000Z,,2025-01-23T12:08:36.800000Z,
FN.RNF.00.BHZ | 2025-01-23T12:08:00.524501Z - 2025-01-23T12:09:00.524501Z,,,,,,,2025-01-23T12:08:07.130000Z,,2025-01-23T12:08:31.800000Z,
HE.HEF.00.BHZ | 2025-01-23T12:08:10.964154Z - 2025-01-23T12:09:10.964154Z,,,,,,,2025-01-23T12:08:19.080000Z,,2025-01-23T12:08:56.960000Z,
HE.KU1.00.BHZ | 2025-01-23T12:07:52.850664Z - 2025-01-23T12:08:52.850664Z,,,,,,,2025-01-23T12:08:25.780000Z,,,
HE.KU6.00.BHZ | 2025-01-23T12:08:19.624397Z - 2025-01-23T12:09:19.624397Z,,,,,,,2025-01-23T12:08:27.280000Z,,2025-01-23T12:09:07.800000Z,
HE.OBF0.00.BHZ | 2025-01-23T12:07:53.352389Z - 2025-01-23T12:08:53.352389Z,,,,,,,2025-01-23T12:08:03.550000Z,,2025-01-23T12:08:26.520000Z,
HE.OBF3.00.BHZ | 2025-01-23T12:07:54.333757Z - 2025-01-23T12:08:54.333757Z,,,,,,,2025-01-23T12:08:01.460000Z,,2025-01-23T12:08:23.920000Z,
HE.OBF8.00.BHZ | 2025-01-23T12:07:49.621502Z - 2025-01-23T12:08:49.621502Z,,,,,,,2025-01-23T12:08:03.180000Z,,2025-01-23T12:08:25.920000Z,
HE.OUF.00.BHZ | 2025-01-23T12:07:46.936394Z - 2025-01-23T12:08:46.936394Z,,,,,,,2025-01-23T12:08:07.400000Z,,,
HE.SUF.00.BHZ | 2025-01-23T12:07:55.256760Z - 2025-01-23T12:08:55.256760Z,,,,,,,2025-01-23T12:08:33.650000Z,,,
HE.TOF.00.BHZ | 2025-01-23T12:07:36.320049Z - 2025-01-23T12:08:36.320049Z,,,,,,,2025-01-23T12:07:52.880000Z,,2025-01-23T12:08:07.480000Z,
HE.VAF.00.BHZ | 2025-01-23T12:08:09.047852Z - 2025-01-23T12:09:09.047852Z,,,,,,,2025-01-23T12:08:20.180000Z,,2025-01-23T12:08:58.520000Z,
HE.VRF.00.BHZ | 2025-01-23T12:09:00.488210Z - 2025-01-23T12:10:00.488210Z,,,,,,,,,2025-01-23T12:09:10.320000Z,
FN.KLF.00.BHZ | 2025-01-23T12:31:58.764491Z - 2025-01-23T12:32:58.764491Z,,,,,,,2025-01-23T12:32:20.730000Z,,2025-01-23T12:32:44.680000Z,
FN.OUL.00.BHZ | 2025-01-23T12:31:53.488699Z - 2025-01-23T12:32:53.488699Z,,,,,,,2025-01-23T12:32:24.130000Z,,,
FN.RANF.00.BHZ | 2025-01-23T12:32:25.922821Z - 2025-01-23T12:33:25.922821Z,,,,,,,,,2025-01-23T12:32:53.960000Z,
FN.RNF.00.BHZ | 2025-01-23T12:32:01.755683Z - 2025-01-23T12:33:01.755683Z,,,,,,,2025-01-23T12:32:24.880000Z,,2025-01-23T12:32:51.340000Z,
HE.OBF0.00.BHZ | 2025-01-23T12:31:52.185857Z - 2025-01-23T12:32:52.185857Z,,,,,,,2025-01-23T12:32:21.310000Z,,2025-01-23T12:32:44.600000Z,
HE.OBF3.00.BHZ | 2025-01-23T12:31:26.934647Z - 2025-01-23T12:32:26.934647Z,,,,,,,2025-01-23T12:32:19.470000Z,,,
HE.OUF.00.BHZ | 2025-01-23T12:32:27.939122Z - 2025-01-23T12:33:27.939122Z,,,,,,,,,2025-01-23T12:32:51.160000Z,
FN.KLF.00.BHZ | 2025-01-28T11:49:45.917549Z - 2025-01-28T11:50:45.917549Z,,,,,,,2025-01-28T11:50:17.627060Z,,2025-01-28T11:50:37.282920Z,
FN.MSF.00.BHZ | 2025-01-28T11:49:52.612486Z - 2025-01-28T11:50:52.612486Z,,,,,,,2025-01-28T11:50:08.844590Z,,2025-01-28T11:50:22.803040Z,
FN.OLKF.00.BHZ | 2025-01-28T11:49:35.278861Z - 2025-01-28T11:50:35.278861Z,,,,,,,2025-01-28T11:50:11.517760Z,,2025-01-28T11:50:26.230110Z,
FN.OUL.00.BHZ | 2025-01-28T11:49:37.514431Z - 2025-01-28T11:50:37.514431Z,,,,,,,2025-01-28T11:50:10.780250Z,,2025-01-28T11:50:25.058710Z,
FN.RANF.00.?HZ | 2025-01-28T11:49:03.333802Z - 2025-01-28T11:50:03.333802Z,,,,,,,2025-01-28T11:49:53.131640Z,,2025-01-28T11:49:55.087130Z,
FN.RNF.00.BHZ | 2025-01-28T11:49:52.248274Z - 2025-01-28T11:50:52.248274Z,,,,,,,2025-01-28T11:49:59.698540Z,,2025-01-28T11:50:06.921660Z,
HE.KU1.00.SHZ | 2025-01-28T11:49:53.479761Z - 2025-01-28T11:50:53.479761Z,,,,,,,2025-01-28T11:50:15.493440Z,,2025-01-28T11:50:32.304470Z,
HE.KU2.00.SHZ | 2025-01-28T11:49:25.907696Z - 2025-01-28T11:50:25.907696Z,,,,,,,2025-01-28T11:50:04.893710Z,,2025-01-28T11:50:15.723750Z,
HE.KU6.00.BHZ | 2025-01-28T11:49:52.162430Z - 2025-01-28T11:50:52.162430Z,,,,,,,2025-01-28T11:50:14.817170Z,,2025-01-28T11:50:31.995670Z,
HE.OBF3.00.BHZ | 2025-01-28T11:50:15.529680Z - 2025-01-28T11:51:15.529680Z,,,,,,,,,2025-01-28T11:50:38.340020Z,
HE.TOF.00.BHZ | 2025-01-28T11:49:35.195906Z - 2025-01-28T11:50:35.195906Z,,,,,,,2025-01-28T11:50:07.290200Z,,2025-01-28T11:50:19.369920Z,
HE.VRF.00.BHZ | 2025-01-28T11:50:12.146454Z - 2025-01-28T11:51:12.146454Z,,,,,,,2025-01-28T11:50:25.917420Z,,2025-01-28T11:50:50.973090Z,
HE.ECKF.00.BHZ | 2025-01-23T13:20:50.737177Z - 2025-01-23T13:21:50.737177Z,,,,,,,,,2025-01-23T13:21:18.840000Z,
HE.FIA0.00.SHZ | 2025-01-23T13:20:36.897574Z - 2025-01-23T13:21:36.897574Z,,,,,,,2025-01-23T13:21:02.100000Z,,,
HE.HEL5.00.BHZ | 2025-01-23T13:20:19.805117Z - 2025-01-23T13:21:19.805117Z,,,,,,,2025-01-23T13:20:57.700000Z,,,
HE.KAF.00.BHZ | 2025-01-23T13:20:49.381285Z - 2025-01-23T13:21:49.381285Z,,,,,,,2025-01-23T13:21:05.330000Z,,2025-01-23T13:21:33.520000Z,
HE.KEF.00.BHZ | 2025-01-23T13:20:43.999874Z - 2025-01-23T13:21:43.999874Z,,,,,,,2025-01-23T13:20:53.730000Z,,2025-01-23T13:21:14.600000Z,
HE.KORF.00.BHZ | 2025-01-23T13:20:35.882553Z - 2025-01-23T13:21:35.882553Z,,,,,,,2025-01-23T13:20:50.180000Z,,2025-01-23T13:21:09.280000Z,
HE.KPF.00.BHZ | 2025-01-23T13:19:57.164435Z - 2025-01-23T13:20:57.164435Z,,,,,,,2025-01-23T13:20:32.560000Z,,2025-01-23T13:20:36.900000Z,
HE.KY17.00.BHZ | 2025-01-23T13:20:57.306341Z - 2025-01-23T13:21:57.306341Z,,,,,,,,,2025-01-23T13:21:43.800000Z,
HE.MEF.00.BHZ | 2025-01-23T13:20:21.832033Z - 2025-01-23T13:21:21.832033Z,,,,,,,2025-01-23T13:20:58.830000Z,,,
HE.PVF.00.BHZ | 2025-01-23T13:20:45.676579Z - 2025-01-23T13:21:45.676579Z,,,,,,,2025-01-23T13:21:03.820000Z,,2025-01-23T13:21:31.680000Z,
HE.RAF.00.BHZ | 2025-01-23T13:20:22.977590Z - 2025-01-23T13:21:22.977590Z,,,,,,,2025-01-23T13:20:33.720000Z,,2025-01-23T13:20:39.880000Z,
HE.SUF.00.BHZ | 2025-01-23T13:20:50.499833Z - 2025-01-23T13:21:50.499833Z,,,,,,,2025-01-23T13:21:08.170000Z,,2025-01-23T13:21:38.820000Z,
HE.TRE03.00.BHZ | 2025-01-23T13:20:39.741182Z - 2025-01-23T13:21:39.741182Z,,,,,,,2025-01-23T13:20:46.240000Z,,2025-01-23T13:21:01.440000Z,
HE.TVF.00.BHZ | 2025-01-23T13:20:46.421826Z - 2025-01-23T13:21:46.421826Z,,,,,,,2025-01-23T13:20:58.180000Z,,2025-01-23T13:21:21.040000Z,
HE.VAF.00.BHZ | 2025-01-23T13:20:34.670772Z - 2025-01-23T13:21:34.670772Z,,,,,,,2025-01-23T13:20:56.280000Z,,2025-01-23T13:21:17.380000Z,
UP.AAL.00.BHZ | 2025-01-23T13:21:05.568356Z - 2025-01-23T13:22:05.568356Z,,,,,,,,,2025-01-23T13:21:18.360000Z,
FN.OLKF.00.BHZ | 2025-01-28T12:09:31.521341Z - 2025-01-28T12:10:31.521341Z,,,,,,,2025-01-28T12:09:53.400000Z,,2025-01-28T12:10:21.720000Z,
FN.RAJF.00.BHZ | 2025-01-28T12:09:28.688302Z - 2025-01-28T12:10:28.688302Z,,,,,,,2025-01-28T12:09:52.330000Z,,2025-01-28T12:10:21.120000Z,
FN.RANF.00.BHZ | 2025-01-28T12:10:01.748378Z - 2025-01-28T12:11:01.748378Z,,,,,,,2025-01-28T12:10:10.120000Z,,2025-01-28T12:10:52.160000Z,
HE.KEV.00.BHZ | 2025-01-28T12:09:49.446509Z - 2025-01-28T12:10:49.446509Z,,,,,,,2025-01-28T12:10:06.680000Z,,,
HE.KU6.00.BHZ | 2025-01-28T12:09:52.369672Z - 2025-01-28T12:10:52.369672Z,,,,,,,,,2025-01-28T12:10:23.040000Z,
HE.VRF.00.BHZ | 2025-01-28T12:09:16.171095Z - 2025-01-28T12:10:16.171095Z,,,,,,,2025-01-28T12:09:43.230000Z,,2025-01-28T12:10:03.480000Z,
FN.MSF.00.BHZ | 2025-01-23T11:33:20.469955Z - 2025-01-23T11:34:20.469955Z,,,,,,,2025-01-23T11:34:02.380000Z,,,
FN.OLKF.00.BHZ | 2025-01-23T11:33:59.936891Z - 2025-01-23T11:34:59.936891Z,,,,,,,2025-01-23T11:34:09.180000Z,,2025-01-23T11:34:53.480000Z,
FN.OUL.00.BHZ | 2025-01-23T11:33:44.197597Z - 2025-01-23T11:34:44.197597Z,,,,,,,2025-01-23T11:33:52.360000Z,,2025-01-23T11:34:20.920000Z,
FN.RANF.00.BHZ | 2025-01-23T11:33:57.482661Z - 2025-01-23T11:34:57.482661Z,,,,,,,2025-01-23T11:34:03.880000Z,,2025-01-23T11:34:42.200000Z,
FN.RNF.00.BHZ | 2025-01-23T11:33:54.007737Z - 2025-01-23T11:34:54.007737Z,,,,,,,2025-01-23T11:34:12.480000Z,,,
HE.FIA0.00.SHZ | 2025-01-23T11:32:57.177750Z - 2025-01-23T11:33:57.177750Z,,,,,,,2025-01-23T11:33:48.700000Z,,,
HE.JOF.00.BHZ | 2025-01-23T11:33:34.268153Z - 2025-01-23T11:34:34.268153Z,,,,,,,2025-01-23T11:33:44.240000Z,,2025-01-23T11:34:06.080000Z,
HE.KAF.00.BHZ | 2025-01-23T11:33:14.942746Z - 2025-01-23T11:34:14.942746Z,,,,,,,2025-01-23T11:33:36.780000Z,,2025-01-23T11:33:54.980000Z,
HE.KEF.00.BHZ | 2025-01-23T11:33:36.921904Z - 2025-01-23T11:34:36.921904Z,,,,,,,2025-01-23T11:33:44.380000Z,,2025-01-23T11:34:06.560000Z,
HE.KJNF.00.BHZ | 2025-01-23T11:32:40.510125Z - 2025-01-23T11:33:40.510125Z,,,,,,,2025-01-23T11:33:35.280000Z,,,
HE.KPF.00.BHZ | 2025-01-23T11:33:37.471801Z - 2025-01-23T11:34:37.471801Z,,,,,,,2025-01-23T11:34:07.280000Z,,,
HE.KU1.00.BHZ | 2025-01-23T11:33:53.084125Z - 2025-01-23T11:34:53.084125Z,,,,,,,2025-01-23T11:33:59.190000Z,,2025-01-23T11:34:34.780000Z,
HE.KU2.00.BHZ | 2025-01-23T11:33:37.976543Z - 2025-01-23T11:34:37.976543Z,,,,,,,2025-01-23T11:33:56.050000Z,,,
HE.KU6.00.BHZ | 2025-01-23T11:33:59.664010Z - 2025-01-23T11:34:59.664010Z,,,,,,,2025-01-23T11:34:05.280000Z,,2025-01-23T11:34:47.280000Z,
HE.KY17.00.BHZ | 2025-01-23T11:33:32.522803Z - 2025-01-23T11:34:32.522803Z,,,,,,,2025-01-23T11:33:54.360000Z,,2025-01-23T11:34:24.340000Z,
HE.NIF.00.BHZ | 2025-01-23T11:32:48.870152Z - 2025-01-23T11:33:48.870152Z,,,,,,,2025-01-23T11:33:19.180000Z,,2025-01-23T11:33:23.080000Z,
HE.OBF0.00.BHZ | 2025-01-23T11:33:04.094706Z - 2025-01-23T11:34:04.094706Z,,,,,,,2025-01-23T11:33:51.780000Z,,,
HE.OBF3.00.BHZ | 2025-01-23T11:33:27.313652Z - 2025-01-23T11:34:27.313652Z,,,,,,,2025-01-23T11:33:53.280000Z,,,
HE.OBF8.00.BHZ | 2025-01-23T11:33:22.852019Z - 2025-01-23T11:34:22.852019Z,,,,,,,2025-01-23T11:33:54.740000Z,,,
HE.OUF.00.BHZ | 2025-01-23T11:33:28.643832Z - 2025-01-23T11:34:28.643832Z,,,,,,,2025-01-23T11:33:47.380000Z,,2025-01-23T11:34:12.660000Z,
HE.PVF.00.BHZ | 2025-01-23T11:33:48.884381Z - 2025-01-23T11:34:48.884381Z,,,,,,,2025-01-23T11:34:03.480000Z,,2025-01-23T11:34:40.240000Z,
HE.RMF.00.BHZ | 2025-01-23T11:33:34.773137Z - 2025-01-23T11:34:34.773137Z,,,,,,,2025-01-23T11:33:41.180000Z,,2025-01-23T11:34:02.180000Z,
HE.RUF.00.BHZ | 2025-01-23T11:33:24.684963Z - 2025-01-23T11:34:24.684963Z,,,,,,,2025-01-23T11:33:46.720000Z,,2025-01-23T11:34:11.060000Z,
HE.SUF.00.BHZ | 2025-01-23T11:33:11.410712Z - 2025-01-23T11:34:11.410712Z,,,,,,,2025-01-23T11:33:29.880000Z,,2025-01-23T11:33:42.580000Z,
HE.TRE03.00.BHZ | 2025-01-23T11:33:34.764110Z - 2025-01-23T11:34:34.764110Z,,,,,,,2025-01-23T11:33:55.480000Z,,,
HE.VAF.00.BHZ | 2025-01-23T11:33:43.794794Z - 2025-01-23T11:34:43.794794Z,,,,,,,2025-01-23T11:33:55.480000Z,,2025-01-23T11:34:25.720000Z,
HE.VJF.00.BHZ | 2025-01-23T11:33:47.738300Z - 2025-01-23T11:34:47.738300Z,,,,,,,2025-01-23T11:34:00.280000Z,,2025-01-23T11:34:34.940000Z,
HE.ECKF.00.CZ | 2025-01-23T02:39:43.689468Z - 2025-01-23T02:40:43.689468Z,,,,,,,2025-01-23T02:40:04.528440Z,,2025-01-23T02:40:27.022580Z,
HE.FIA0.00.?HZ | 2025-01-23T02:39:58.197920Z - 2025-01-23T02:40:58.197920Z,,,,,,,2025-01-23T02:40:04.064640Z,,2025-01-23T02:40:25.863090Z,
HE.FIA1.00.?HZ | 2025-01-23T02:39:48.313030Z - 2025-01-23T02:40:48.313030Z,,,,,,,2025-01-23T02:40:04.064640Z,,2025-01-23T02:40:25.863090Z,
HE.KEF.00.?HZ | 2025-01-23T02:39:32.498316Z - 2025-01-23T02:40:32.498316Z,,,,,,,2025-01-23T02:40:00.818070Z,,2025-01-23T02:40:20.529430Z,
HE.KPF.00.BHZ | 2025-01-23T02:39:13.387334Z - 2025-01-23T02:40:13.387334Z,,,,,,,2025-01-23T02:39:47.541850Z,,2025-01-23T02:39:57.688500Z,
HE.RAF.00.BHZ | 2025-01-23T02:38:59.799503Z - 2025-01-23T02:39:59.799503Z,,,,,,,2025-01-23T02:39:41.318330Z,,2025-01-23T02:39:46.935080Z,
HE.TRE03.00.CZ | 2025-01-23T02:39:40.169867Z - 2025-01-23T02:40:40.169867Z,,,,,,,2025-01-23T02:39:50.150740Z,,2025-01-23T02:40:02.441350Z,
UP.AAL.00.BHZ | 2025-01-23T02:39:48.370569Z - 2025-01-23T02:40:48.370569Z,,,,,,,2025-01-23T02:40:01.977560Z,,2025-01-23T02:40:22.384620Z,
FN.KLF.00.BHZ | 2025-01-28T20:23:41.354059Z - 2025-01-28T20:24:41.354059Z,,,,,,,2025-01-28T20:24:08.960000Z,,2025-01-28T20:24:29.960000Z,
FN.RAJF.00.BHZ | 2025-01-28T20:25:13.776065Z - 2025-01-28T20:26:13.776065Z,,,,,,,,,2025-01-28T20:25:19.040000Z,
FN.RNF.00.BHZ | 2025-01-28T20:24:08.784739Z - 2025-01-28T20:25:08.784739Z,,,,,,,2025-01-28T20:24:25.240000Z,,2025-01-28T20:24:58.020000Z,
HE.HEF.00.BHZ | 2025-01-28T20:24:00.645426Z - 2025-01-28T20:25:00.645426Z,,,,,,,2025-01-28T20:24:07.020000Z,,2025-01-28T20:24:27.880000Z,
HE.KEV.00.BHZ | 2025-01-28T20:24:50.343929Z - 2025-01-28T20:25:50.343929Z,,,,,,,,,2025-01-28T20:25:10.500000Z,
HE.KIF.00.BHZ | 2025-01-28T20:23:33.641801Z - 2025-01-28T20:24:33.641801Z,,,,,,,,,2025-01-28T20:24:19.360000Z,
HE.TOF.00.BHZ | 2025-01-28T20:24:03.639677Z - 2025-01-28T20:25:03.639677Z,,,,,,,2025-01-28T20:24:22.080000Z,,2025-01-28T20:24:53.340000Z,
HE.VRF.00.BHZ | 2025-01-28T20:25:05.697143Z - 2025-01-28T20:26:05.697143Z,,,,,,,,,2025-01-28T20:25:31.330000Z,
FN.MSF.00.BHZ | 2025-01-26T20:19:45.455375Z - 2025-01-26T20:20:45.455375Z,,,,,,,,,2025-01-26T20:20:34.320000Z,
FN.OLKF.00.BHZ | 2025-01-26T20:19:49.395402Z - 2025-01-26T20:20:49.395402Z,,,,,,,2025-01-26T20:19:54.680000Z,,2025-01-26T20:20:22.400000Z,
FN.RAJF.00.BHZ | 2025-01-26T20:19:25.996488Z - 2025-01-26T20:20:25.996488Z,,,,,,,2025-01-26T20:19:52.920000Z,,2025-01-26T20:20:20.200000Z,
HE.KEV.00.BHZ | 2025-01-26T20:19:53.453838Z - 2025-01-26T20:20:53.453838Z,,,,,,,2025-01-26T20:20:06.960000Z,,2025-01-26T20:20:44.900000Z,
HE.KU6.00.BHZ | 2025-01-26T20:19:49.360437Z - 2025-01-26T20:20:49.360437Z,,,,,,,2025-01-26T20:19:55.640000Z,,2025-01-26T20:20:25.040000Z,
HE.VRF.00.BHZ | 2025-01-26T20:19:11.708134Z - 2025-01-26T20:20:11.708134Z,,,,,,,2025-01-26T20:19:42.800000Z,,2025-01-26T20:20:02.680000Z,
FN.KLF.00.BHZ | 2025-01-26T21:01:34.190287Z - 2025-01-26T21:02:34.190287Z,,,,,,,,,2025-01-26T21:01:58.040000Z,
FN.OLKF.00.BHZ | 2025-01-26T21:02:08.479349Z - 2025-01-26T21:03:08.479349Z,,,,,,,,,2025-01-26T21:02:13.680000Z,
FN.OUL.00.BHZ | 2025-01-26T21:00:44.537614Z - 2025-01-26T21:01:44.537614Z,,,,,,,2025-01-26T21:01:27.630000Z,,,
FN.RANF.00.BHZ | 2025-01-26T21:01:18.699854Z - 2025-01-26T21:02:18.699854Z,,,,,,,2025-01-26T21:01:28.780000Z,,2025-01-26T21:01:40.560000Z,
FN.RNF.00.BHZ | 2025-01-26T21:01:00.019504Z - 2025-01-26T21:02:00.019504Z,,,,,,,2025-01-26T21:01:32.880000Z,,2025-01-26T21:01:48.280000Z,
HE.KU1.00.BHZ | 2025-01-26T21:01:46.718839Z - 2025-01-26T21:02:46.718839Z,,,,,,,,,2025-01-26T21:02:14.120000Z,
HE.KU6.00.BHZ | 2025-01-26T21:02:02.594453Z - 2025-01-26T21:03:02.594453Z,,,,,,,,,2025-01-26T21:02:19.120000Z,
HE.TOF.00.BHZ | 2025-01-26T21:00:46.523294Z - 2025-01-26T21:01:46.523294Z,,,,,,,2025-01-26T21:01:18.200000Z,,2025-01-26T21:01:22.120000Z,
FN.KLF.00.BHZ | 2025-01-28T00:28:31.266157Z - 2025-01-28T00:29:31.266157Z,,,,,,,2025-01-28T00:28:53.400000Z,,,
FN.KLF.00.BHZ | 2025-01-28T00:29:32.804134Z - 2025-01-28T00:30:32.804134Z,,,,,,,,,2025-01-28T00:29:43.840000Z,
FN.MSF.00.BHZ | 2025-01-28T00:28:23.171846Z - 2025-01-28T00:29:23.171846Z,,,,,,,2025-01-28T00:28:30.200000Z,,2025-01-28T00:29:04.400000Z,
FN.OLKF.00.BHZ | 2025-01-28T00:28:10.561532Z - 2025-01-28T00:29:10.561532Z,,,,,,,2025-01-28T00:28:24.000000Z,,2025-01-28T00:28:53.160000Z,
FN.RAJF.00.BHZ | 2025-01-28T00:28:01.701974Z - 2025-01-28T00:29:01.701974Z,,,,,,,2025-01-28T00:28:23.680000Z,,2025-01-28T00:28:51.400000Z,
FN.RANF.00.BHZ | 2025-01-28T00:28:31.959412Z - 2025-01-28T00:29:31.959412Z,,,,,,,2025-01-28T00:28:40.440000Z,,2025-01-28T00:29:22.740000Z,
FN.RNF.00.BHZ | 2025-01-28T00:28:25.359888Z - 2025-01-28T00:29:25.359888Z,,,,,,,2025-01-28T00:28:36.560000Z,,2025-01-28T00:29:16.620000Z,
HE.HEF.00.BHZ | 2025-01-28T00:28:46.487663Z - 2025-01-28T00:29:46.487663Z,,,,,,,2025-01-28T00:28:53.230000Z,,2025-01-28T00:29:40.430000Z,
HE.KEV.00.BHZ | 2025-01-28T00:28:27.619780Z - 2025-01-28T00:29:27.619780Z,,,,,,,2025-01-28T00:28:37.640000Z,,2025-01-28T00:29:16.420000Z,
HE.KU1.00.BHZ | 2025-01-28T00:28:43.913756Z - 2025-01-28T00:29:43.913756Z,,,,,,,,,2025-01-28T00:29:06.780000Z,
HE.KU6.00.BHZ | 2025-01-28T00:28:08.849488Z - 2025-01-28T00:29:08.849488Z,,,,,,,2025-01-28T00:28:24.360000Z,,2025-01-28T00:28:54.040000Z,
HE.TOF.00.BHZ | 2025-01-28T00:28:42.667908Z - 2025-01-28T00:29:42.667908Z,,,,,,,2025-01-28T00:28:58.000000Z,,2025-01-28T00:29:36.080000Z,
HE.VRF.00.BHZ | 2025-01-28T00:27:48.797529Z - 2025-01-28T00:28:48.797529Z,,,,,,,2025-01-28T00:28:13.880000Z,,2025-01-28T00:28:34.720000Z,
HE.ECKF.00.CZ | 2025-01-23T12:04:08.398227Z - 2025-01-23T12:05:08.398227Z,,,,,,,2025-01-23T12:04:28.891730Z,,2025-01-23T12:04:46.274040Z,
HE.KORF.00.CZ | 2025-01-23T12:04:03.419323Z - 2025-01-23T12:05:03.419323Z,,,,,,,2025-01-23T12:04:11.678290Z,,2025-01-23T12:04:17.088760Z,
HE.KPF.00.BHZ | 2025-01-23T12:04:22.634166Z - 2025-01-23T12:05:22.634166Z,,,,,,,2025-01-23T12:04:32.136430Z,,2025-01-23T12:04:52.299910Z,
HE.MEF.00.BHZ | 2025-01-23T12:04:07.389428Z - 2025-01-23T12:05:07.389428Z,,,,,,,,,2025-01-23T12:04:37.235240Z,
HE.NUR.00.SHZ | 2025-01-23T12:04:02.728795Z - 2025-01-23T12:05:02.728795Z,,,,,,,,,2025-01-23T12:04:41.638760Z,
HE.RAF.00.BHZ | 2025-01-23T12:04:11.021866Z - 2025-01-23T12:05:11.021866Z,,,,,,,2025-01-23T12:04:18.031260Z,,2025-01-23T12:04:28.300140Z,
HE.TVF.00.BHZ | 2025-01-23T12:03:54.816472Z - 2025-01-23T12:04:54.816472Z,,,,,,,2025-01-23T12:04:16.144700Z,,2025-01-23T12:04:24.951740Z,
UP.AAL.00.BHZ | 2025-01-23T12:04:01.701748Z - 2025-01-23T12:05:01.701748Z,,,,,,,,,2025-01-23T12:04:38.857590Z,
FN.MSF.00.BHZ | 2025-01-28T20:05:54.160404Z - 2025-01-28T20:06:54.160404Z,,,,,,,,,2025-01-28T20:06:27.240000Z,
FN.OLKF.00.BHZ | 2025-01-28T20:05:40.384243Z - 2025-01-28T20:06:40.384243Z,,,,,,,2025-01-28T20:05:47.460000Z,,2025-01-28T20:06:15.320000Z,
FN.RAJF.00.BHZ | 2025-01-28T20:05:26.282360Z - 2025-01-28T20:06:26.282360Z,,,,,,,2025-01-28T20:05:47.020000Z,,2025-01-28T20:06:15.160000Z,
FN.RNF.00.BHZ | 2025-01-28T20:05:46.898932Z - 2025-01-28T20:06:46.898932Z,,,,,,,,,2025-01-28T20:06:39.200000Z,
HE.KEV.00.BHZ | 2025-01-28T20:05:37.826487Z - 2025-01-28T20:06:37.826487Z,,,,,,,2025-01-28T20:06:00.510000Z,,,
HE.KU6.00.BHZ | 2025-01-28T20:05:26.424897Z - 2025-01-28T20:06:26.424897Z,,,,,,,2025-01-28T20:05:48.800000Z,,2025-01-28T20:06:16.840000Z,
HE.VRF.00.BHZ | 2025-01-28T20:05:14.203986Z - 2025-01-28T20:06:14.203986Z,,,,,,,2025-01-28T20:05:36.920000Z,,2025-01-28T20:05:57.920000Z,
FN.OLKF.00.BHZ | 2025-01-28T20:07:02.546583Z - 2025-01-28T20:08:02.546583Z,,,,,,,2025-01-28T20:07:21.380000Z,,2025-01-28T20:07:49.560000Z,
FN.RAJF.00.BHZ | 2025-01-28T20:07:11.256885Z - 2025-01-28T20:08:11.256885Z,,,,,,,,,2025-01-28T20:07:48.600000Z,
HE.KEV.00.BHZ | 2025-01-28T20:07:23.089552Z - 2025-01-28T20:08:23.089552Z,,,,,,,2025-01-28T20:07:34.310000Z,,2025-01-28T20:08:13.040000Z,
HE.VRF.00.BHZ | 2025-01-28T20:06:59.068074Z - 2025-01-28T20:07:59.068074Z,,,,,,,2025-01-28T20:07:10.980000Z,,2025-01-28T20:07:31.320000Z,
FN.MSF.00.BHZ | 2025-01-28T20:14:19.915382Z - 2025-01-28T20:15:19.915382Z,,,,,,,,,2025-01-28T20:14:26.340000Z,
FN.OLKF.00.BHZ | 2025-01-28T20:13:37.275172Z - 2025-01-28T20:14:37.275172Z,,,,,,,2025-01-28T20:13:46.520000Z,,2025-01-28T20:14:15.640000Z,
FN.RAJF.00.BHZ | 2025-01-28T20:13:45.217688Z - 2025-01-28T20:14:45.217688Z,,,,,,,,,2025-01-28T20:14:13.800000Z,
FN.RANF.00.BHZ | 2025-01-28T20:13:54.394206Z - 2025-01-28T20:14:54.394206Z,,,,,,,2025-01-28T20:14:03.520000Z,,2025-01-28T20:14:46.640000Z,
FN.RNF.00.BHZ | 2025-01-28T20:14:29.208031Z - 2025-01-28T20:15:29.208031Z,,,,,,,,,2025-01-28T20:14:38.560000Z,
HE.HEF.00.BHZ | 2025-01-28T20:14:02.032799Z - 2025-01-28T20:15:02.032799Z,,,,,,,,,2025-01-28T20:14:54.680000Z,
HE.KEV.00.BHZ | 2025-01-28T20:13:49.310172Z - 2025-01-28T20:14:49.310172Z,,,,,,,2025-01-28T20:13:59.840000Z,,2025-01-28T20:14:38.480000Z,
HE.KU6.00.BHZ | 2025-01-28T20:13:35.481554Z - 2025-01-28T20:14:35.481554Z,,,,,,,2025-01-28T20:13:47.680000Z,,2025-01-28T20:14:15.960000Z,
HE.VRF.00.BHZ | 2025-01-28T20:13:10.958007Z - 2025-01-28T20:14:10.958007Z,,,,,,,2025-01-28T20:13:37.100000Z,,2025-01-28T20:13:55.580000Z,
HE.FIA0.00.?HZ | 2025-01-08T10:42:43.443847Z - 2025-01-08T10:43:43.443847Z,,,,,,,2025-01-08T10:42:50.270000Z,,2025-01-08T10:43:03.320000Z,
HE.FIA1.00.?HZ | 2025-01-08T10:42:15.434414Z - 2025-01-08T10:43:15.434414Z,,,,,,,2025-01-08T10:42:50.270000Z,,2025-01-08T10:43:03.320000Z,
HE.HEL1.00.BHZ | 2025-01-08T10:42:29.730164Z - 2025-01-08T10:43:29.730164Z,,,,,,,2025-01-08T10:42:49.300000Z,,2025-01-08T10:43:01.280000Z,
HE.HEL5.00.BHZ | 2025-01-08T10:42:29.845735Z - 2025-01-08T10:43:29.845735Z,,,,,,,2025-01-08T10:42:51.060000Z,,2025-01-08T10:43:04.300000Z,
HE.KAF.00.?HZ | 2025-01-08T10:42:44.684343Z - 2025-01-08T10:43:44.684343Z,,,,,,,2025-01-08T10:43:01.280000Z,,2025-01-08T10:43:22.840000Z,
HE.KEF.00.?HZ | 2025-01-08T10:42:54.814853Z - 2025-01-08T10:43:54.814853Z,,,,,,,2025-01-08T10:43:05.670000Z,,2025-01-08T10:43:30.350000Z,
HE.KUNI.00.BHZ | 2025-01-08T10:42:29.004597Z - 2025-01-08T10:43:29.004597Z,,,,,,,2025-01-08T10:42:48.550000Z,,2025-01-08T10:42:59.900000Z,
HE.KY02.00.CZ | 2025-01-08T10:42:19.092753Z - 2025-01-08T10:43:19.092753Z,,,,,,,2025-01-08T10:42:40.790000Z,,2025-01-08T10:42:47.210000Z,
HE.KY17.00.CZ | 2025-01-08T10:41:58.597749Z - 2025-01-08T10:42:58.597749Z,,,,,,,2025-01-08T10:42:41.000000Z,,2025-01-08T10:42:47.500000Z,
HE.LAUT.00.BHZ | 2025-01-08T10:42:07.938172Z - 2025-01-08T10:43:07.938172Z,,,,,,,2025-01-08T10:42:49.870000Z,,2025-01-08T10:43:02.180000Z,
HE.LOVF.00.CZ | 2025-01-08T10:42:20.136602Z - 2025-01-08T10:43:20.136602Z,,,,,,,2025-01-08T10:42:35.770000Z,,2025-01-08T10:42:38.490000Z,
HE.MEF.00.BHZ | 2025-01-08T10:42:17.830297Z - 2025-01-08T10:43:17.830297Z,,,,,,,2025-01-08T10:42:53.270000Z,,2025-01-08T10:43:08.380000Z,
HE.NUR.00.SHZ | 2025-01-08T10:42:27.956104Z - 2025-01-08T10:43:27.956104Z,,,,,,,2025-01-08T10:42:50.330000Z,,2025-01-08T10:43:03.490000Z,
HE.PVF.00.CZ | 2025-01-08T10:42:13.786349Z - 2025-01-08T10:43:13.786349Z,,,,,,,2025-01-08T10:42:39.590000Z,,2025-01-08T10:42:45.100000Z,
HE.RSUO.00.BHZ | 2025-01-08T10:42:11.134525Z - 2025-01-08T10:43:11.134525Z,,,,,,,2025-01-08T10:42:48.850000Z,,2025-01-08T10:43:00.550000Z,
HE.RUF.00.BHZ | 2025-01-08T10:42:25.242035Z - 2025-01-08T10:43:25.242035Z,,,,,,,2025-01-08T10:42:57.860000Z,,2025-01-08T10:43:17.110000Z,
HE.TRE03.00.CZ | 2025-01-08T10:42:44.734407Z - 2025-01-08T10:43:44.734407Z,,,,,,,2025-01-08T10:43:01.720000Z,,2025-01-08T10:43:23.190000Z,
HE.TVF.00.BHZ | 2025-01-08T10:42:52.954078Z - 2025-01-08T10:43:52.954078Z,,,,,,,2025-01-08T10:43:04.480000Z,,2025-01-08T10:43:28.440000Z,
HE.VJF.00.?HZ | 2025-01-08T10:42:13.382955Z - 2025-01-08T10:43:13.382955Z,,,,,,,2025-01-08T10:42:40.070000Z,,2025-01-08T10:42:45.870000Z,
HE.VUOS.00.BHZ | 2025-01-08T10:42:12.800511Z - 2025-01-08T10:43:12.800511Z,,,,,,,2025-01-08T10:42:47.030000Z,,2025-01-08T10:42:57.450000Z,
FN.KLF.00.BHZ | 2025-01-29T04:45:06.076534Z - 2025-01-29T04:46:06.076534Z,,,,,,,2025-01-29T04:45:18.421380Z,,2025-01-29T04:45:29.490860Z,
FN.KMNF.00.?HZ | 2025-01-29T04:44:52.691437Z - 2025-01-29T04:45:52.691437Z,,,,,,,2025-01-29T04:45:27.645940Z,,2025-01-29T04:45:45.172620Z,
FN.RAJF.00.?HZ | 2025-01-29T04:45:09.802043Z - 2025-01-29T04:46:09.802043Z,,,,,,,2025-01-29T04:45:25.109190Z,,2025-01-29T04:45:40.790950Z,
FN.RANF.00.?HZ | 2025-01-29T04:45:11.303026Z - 2025-01-29T04:46:11.303026Z,,,,,,,2025-01-29T04:45:37.817560Z,,2025-01-29T04:46:03.160530Z,
FN.RNF.00.BHZ | 2025-01-29T04:45:01.478696Z - 2025-01-29T04:46:01.478696Z,,,,,,,2025-01-29T04:45:26.769020Z,,2025-01-29T04:45:43.788940Z,
FN.SGF.00.BHZ | 2025-01-29T04:45:06.088031Z - 2025-01-29T04:46:06.088031Z,,,,,,,2025-01-29T04:45:14.616030Z,,2025-01-29T04:45:23.033660Z,
HE.HEF.00.BHZ | 2025-01-29T04:45:05.288835Z - 2025-01-29T04:46:05.288835Z,,,,,,,2025-01-29T04:45:17.060600Z,,2025-01-29T04:45:27.415330Z,
HE.KEV.00.?HZ | 2025-01-29T04:45:24.876041Z - 2025-01-29T04:46:24.876041Z,,,,,,,2025-01-29T04:45:36.981390Z,,2025-01-29T04:46:01.887300Z,
HE.TOF.00.BHZ | 2025-01-29T04:45:08.267996Z - 2025-01-29T04:46:08.267996Z,,,,,,,2025-01-29T04:45:36.178670Z,,2025-01-29T04:46:00.393160Z,
HE.VRF.00.BHZ | 2025-01-29T04:44:58.979672Z - 2025-01-29T04:45:58.979672Z,,,,,,,2025-01-29T04:45:31.566390Z,,2025-01-29T04:45:52.552280Z,
HE.ECKF.00.CZ | 2025-01-29T15:00:49.975061Z - 2025-01-29T15:01:49.975061Z,,,,,,,2025-01-29T15:01:12.108820Z,,2025-01-29T15:01:36.377640Z,
HE.FIA0.00.?HZ | 2025-01-29T15:00:56.973446Z - 2025-01-29T15:01:56.973446Z,,,,,,,2025-01-29T15:01:13.222800Z,,2025-01-29T15:01:37.730330Z,
HE.FIA1.00.?HZ | 2025-01-29T15:00:55.093694Z - 2025-01-29T15:01:55.093694Z,,,,,,,2025-01-29T15:01:13.222800Z,,2025-01-29T15:01:37.730330Z,
HE.HEL1.00.BHZ | 2025-01-29T15:00:48.814396Z - 2025-01-29T15:01:48.814396Z,,,,,,,2025-01-29T15:00:54.247580Z,,2025-01-29T15:01:04.507560Z,
HE.HEL5.00.BHZ | 2025-01-29T15:00:13.326457Z - 2025-01-29T15:01:13.326457Z,,,,,,,2025-01-29T15:00:52.838720Z,,2025-01-29T15:01:02.164000Z,
HE.KAF.00.?HZ | 2025-01-29T15:01:02.269903Z - 2025-01-29T15:02:02.269903Z,,,,,,,2025-01-29T15:01:22.827780Z,,2025-01-29T15:01:54.598300Z,
HE.KEF.00.?HZ | 2025-01-29T15:00:57.221342Z - 2025-01-29T15:01:57.221342Z,,,,,,,2025-01-29T15:01:17.725950Z,,2025-01-29T15:01:46.945550Z,
HE.KORF.00.CZ | 2025-01-29T15:00:35.648564Z - 2025-01-29T15:01:35.648564Z,,,,,,,2025-01-29T15:00:54.999590Z,,2025-01-29T15:01:06.130870Z,
HE.KPF.00.BHZ | 2025-01-29T15:00:41.492002Z - 2025-01-29T15:01:41.492002Z,,,,,,,2025-01-29T15:01:11.579920Z,,2025-01-29T15:01:34.625690Z,
HE.KUNI.00.BHZ | 2025-01-29T15:00:35.513187Z - 2025-01-29T15:01:35.513187Z,,,,,,,2025-01-29T15:00:54.299490Z,,2025-01-29T15:01:05.293890Z,
HE.LAUT.00.BHZ | 2025-01-29T15:00:12.477706Z - 2025-01-29T15:01:12.477706Z,,,,,,,2025-01-29T15:00:53.777960Z,,2025-01-29T15:01:04.275650Z,
HE.LOVF.00.CZ | 2025-01-29T15:00:41.693522Z - 2025-01-29T15:01:41.693522Z,,,,,,,2025-01-29T15:01:06.757500Z,,2025-01-29T15:01:27.176190Z,
HE.MEF.00.BHZ | 2025-01-29T15:00:15.497721Z - 2025-01-29T15:01:15.497721Z,,,,,,,2025-01-29T15:00:49.690110Z,,2025-01-29T15:00:57.318610Z,
HE.NUR.00.SHZ | 2025-01-29T15:00:31.667739Z - 2025-01-29T15:01:31.667739Z,,,,,,,2025-01-29T15:00:53.608180Z,,2025-01-29T15:01:03.811850Z,
HE.PVF.00.CZ | 2025-01-29T15:00:44.618672Z - 2025-01-29T15:01:44.618672Z,,,,,,,2025-01-29T15:01:03.749590Z,,2025-01-29T15:01:21.485870Z,
HE.RAF.00.BHZ | 2025-01-29T15:00:37.853463Z - 2025-01-29T15:01:37.853463Z,,,,,,,2025-01-29T15:01:00.042000Z,,2025-01-29T15:01:14.885120Z,
HE.TRE03.00.CZ | 2025-01-29T15:00:59.519046Z - 2025-01-29T15:01:59.519046Z,,,,,,,2025-01-29T15:01:07.311230Z,,2025-01-29T15:01:28.075990Z,
HE.TVF.00.BHZ | 2025-01-29T15:00:09.092401Z - 2025-01-29T15:01:09.092401Z,,,,,,,2025-01-29T15:00:44.110000Z,,2025-01-29T15:00:47.578740Z,
HE.VUOS.00.BHZ | 2025-01-29T15:00:48.935486Z - 2025-01-29T15:01:48.935486Z,,,,,,,2025-01-29T15:00:56.358660Z,,2025-01-29T15:01:08.981770Z,
UP.AAL.00.BHZ | 2025-01-29T15:00:37.175141Z - 2025-01-29T15:01:37.175141Z,,,,,,,2025-01-29T15:01:07.986080Z,,2025-01-29T15:01:29.321030Z,
FN.KLF.00.BHZ | 2025-01-29T09:02:30.327432Z - 2025-01-29T09:03:30.327432Z,,,,,,,2025-01-29T09:02:36.120000Z,,2025-01-29T09:02:59.640000Z,
FN.MSF.00.BHZ | 2025-01-29T09:02:13.882217Z - 2025-01-29T09:03:13.882217Z,,,,,,,2025-01-29T09:02:54.580000Z,,,
FN.OLKF.00.BHZ | 2025-01-29T09:03:18.617040Z - 2025-01-29T09:04:18.617040Z,,,,,,,,,2025-01-29T09:03:41.000000Z,
FN.RANF.00.BHZ | 2025-01-29T09:02:18.529462Z - 2025-01-29T09:03:18.529462Z,,,,,,,2025-01-29T09:02:42.040000Z,,2025-01-29T09:03:08.360000Z,
FN.RNF.00.BHZ | 2025-01-29T09:02:29.131305Z - 2025-01-29T09:03:29.131305Z,,,,,,,2025-01-29T09:02:39.560000Z,,2025-01-29T09:03:05.040000Z,
HE.HEF.00.BHZ | 2025-01-29T09:02:37.318554Z - 2025-01-29T09:03:37.318554Z,,,,,,,,,2025-01-29T09:03:28.680000Z,
HE.KU1.00.BHZ | 2025-01-29T09:02:53.250739Z - 2025-01-29T09:03:53.250739Z,,,,,,,2025-01-29T09:02:58.390000Z,,,
HE.OBF3.00.BHZ | 2025-01-29T09:02:07.623803Z - 2025-01-29T09:03:07.623803Z,,,,,,,2025-01-29T09:02:33.990000Z,,,
HE.TOF.00.BHZ | 2025-01-29T09:02:19.005142Z - 2025-01-29T09:03:19.005142Z,,,,,,,2025-01-29T09:02:25.330000Z,,2025-01-29T09:02:39.720000Z,
HE.FIA0.00.?HZ | 2025-01-29T08:24:59.882125Z - 2025-01-29T08:25:59.882125Z,,,,,,,2025-01-29T08:25:12.661090Z,,2025-01-29T08:25:44.124780Z,
HE.FIA1.00.?HZ | 2025-01-29T08:25:00.552554Z - 2025-01-29T08:26:00.552554Z,,,,,,,2025-01-29T08:25:12.661090Z,,2025-01-29T08:25:44.124780Z,
HE.HEL1.00.BHZ | 2025-01-29T08:25:02.531116Z - 2025-01-29T08:26:02.531116Z,,,,,,,,,2025-01-29T08:25:32.325900Z,
HE.KY17.00.CZ | 2025-01-29T08:24:35.021837Z - 2025-01-29T08:25:35.021837Z,,,,,,,2025-01-29T08:25:03.175720Z,,2025-01-29T08:25:28.058400Z,
HE.LAUT.00.BHZ | 2025-01-29T08:24:55.307843Z - 2025-01-29T08:25:55.307843Z,,,,,,,2025-01-29T08:25:05.951930Z,,2025-01-29T08:25:32.325900Z,
HE.LOVF.00.CZ | 2025-01-29T08:24:49.126817Z - 2025-01-29T08:25:49.126817Z,,,,,,,2025-01-29T08:24:59.705460Z,,2025-01-29T08:25:21.452420Z,
HE.MEF.00.BHZ | 2025-01-29T08:24:49.947561Z - 2025-01-29T08:25:49.947561Z,,,,,,,2025-01-29T08:25:09.190830Z,,2025-01-29T08:25:39.729120Z,
HE.PVF.00.CZ | 2025-01-29T08:24:57.867265Z - 2025-01-29T08:25:57.867265Z,,,,,,,2025-01-29T08:25:03.407070Z,,2025-01-29T08:25:27.698890Z,
HE.RUF.00.BHZ | 2025-01-29T08:24:59.868939Z - 2025-01-29T08:25:59.868939Z,,,,,,,2025-01-29T08:25:08.265430Z,,2025-01-29T08:25:36.952910Z,
HE.VJF.00.?HZ | 2025-01-29T08:24:39.609119Z - 2025-01-29T08:25:39.609119Z,,,,,,,2025-01-29T08:24:55.541150Z,,2025-01-29T08:25:14.511900Z,
HE.VUOS.00.BHZ | 2025-01-29T08:24:57.902006Z - 2025-01-29T08:25:57.902006Z,,,,,,,2025-01-29T08:25:04.563820Z,,2025-01-29T08:25:29.549690Z,
FN.RANF.00.BHZ | 2025-01-29T10:17:13.704695Z - 2025-01-29T10:18:13.704695Z,,,,,,,,,2025-01-29T10:17:43.120000Z,
HE.JOF.00.BHZ | 2025-01-29T10:16:38.430882Z - 2025-01-29T10:17:38.430882Z,,,,,,,2025-01-29T10:17:05.930000Z,,2025-01-29T10:17:30.500000Z,
HE.KAF.00.BHZ | 2025-01-29T10:16:29.498259Z - 2025-01-29T10:17:29.498259Z,,,,,,,2025-01-29T10:16:59.180000Z,,,
HE.KEF.00.BHZ | 2025-01-29T10:16:37.296699Z - 2025-01-29T10:17:37.296699Z,,,,,,,2025-01-29T10:17:03.680000Z,,,
HE.KU1.00.BHZ | 2025-01-29T10:16:56.707183Z - 2025-01-29T10:17:56.707183Z,,,,,,,,,2025-01-29T10:17:37.780000Z,
HE.KU2.00.BHZ | 2025-01-29T10:17:02.461145Z - 2025-01-29T10:18:02.461145Z,,,,,,,2025-01-29T10:17:09.280000Z,,2025-01-29T10:17:35.940000Z,
HE.NIF.00.BHZ | 2025-01-29T10:16:20.281312Z - 2025-01-29T10:17:20.281312Z,,,,,,,2025-01-29T10:16:36.460000Z,,2025-01-29T10:16:40.520000Z,
HE.OBF3.00.BHZ | 2025-01-29T10:16:30.495435Z - 2025-01-29T10:17:30.495435Z,,,,,,,2025-01-29T10:17:01.140000Z,,2025-01-29T10:17:23.480000Z,
HE.OUF.00.BHZ | 2025-01-29T10:16:33.046441Z - 2025-01-29T10:17:33.046441Z,,,,,,,2025-01-29T10:16:55.230000Z,,2025-01-29T10:17:12.980000Z,
HE.RMF.00.BHZ | 2025-01-29T10:16:22.862960Z - 2025-01-29T10:17:22.862960Z,,,,,,,2025-01-29T10:16:54.780000Z,,,
HE.RUF.00.BHZ | 2025-01-29T10:17:11.475639Z - 2025-01-29T10:18:11.475639Z,,,,,,,,,2025-01-29T10:17:42.200000Z,
HE.SUF.00.BHZ | 2025-01-29T10:16:31.838187Z - 2025-01-29T10:17:31.838187Z,,,,,,,2025-01-29T10:16:49.170000Z,,,
HE.VAF.00.BHZ | 2025-01-29T10:16:56.070257Z - 2025-01-29T10:17:56.070257Z,,,,,,,2025-01-29T10:17:10.680000Z,,2025-01-29T10:17:36.600000Z,
HE.ALAJF.00.?HZ | 2025-01-29T10:27:05.340191Z - 2025-01-29T10:28:05.340191Z,,,,,,,2025-01-29T10:27:13.665270Z,,2025-01-29T10:27:41.877790Z,
HE.FIA0.00.?HZ | 2025-01-29T10:26:32.371925Z - 2025-01-29T10:27:32.371925Z,,,,,,,2025-01-29T10:26:41.045060Z,,2025-01-29T10:26:45.269690Z,
HE.FIA1.00.?HZ | 2025-01-29T10:26:15.629935Z - 2025-01-29T10:27:15.629935Z,,,,,,,2025-01-29T10:26:41.045060Z,,2025-01-29T10:26:45.269690Z,
HE.KAF.00.?HZ | 2025-01-29T10:26:20.964203Z - 2025-01-29T10:27:20.964203Z,,,,,,,2025-01-29T10:26:49.947210Z,,2025-01-29T10:27:00.457250Z,
HE.KEF.00.?HZ | 2025-01-29T10:26:40.368082Z - 2025-01-29T10:27:40.368082Z,,,,,,,2025-01-29T10:26:56.908740Z,,2025-01-29T10:27:12.688210Z,
HE.KPF.00.BHZ | 2025-01-29T10:26:57.598640Z - 2025-01-29T10:27:57.598640Z,,,,,,,2025-01-29T10:27:14.212020Z,,2025-01-29T10:27:45.407410Z,
HE.KY02.00.CZ | 2025-01-29T10:26:11.869617Z - 2025-01-29T10:27:11.869617Z,,,,,,,2025-01-29T10:26:42.415210Z,,2025-01-29T10:26:47.489520Z,
HE.KY17.00.CZ | 2025-01-29T10:25:59.598678Z - 2025-01-29T10:26:59.598678Z,,,,,,,2025-01-29T10:26:43.443530Z,,2025-01-29T10:26:49.307580Z,
HE.LOVF.00.CZ | 2025-01-29T10:26:22.817676Z - 2025-01-29T10:27:22.817676Z,,,,,,,2025-01-29T10:26:52.108810Z,,2025-01-29T10:27:04.363910Z,
HE.NIF.00.BHZ | 2025-01-29T10:26:48.129092Z - 2025-01-29T10:27:48.129092Z,,,,,,,2025-01-29T10:27:12.840880Z,,2025-01-29T10:27:40.687000Z,
HE.PVF.00.CZ | 2025-01-29T10:26:42.818438Z - 2025-01-29T10:27:42.818438Z,,,,,,,2025-01-29T10:26:51.684900Z,,2025-01-29T10:27:03.316280Z,
HE.RAF.00.BHZ | 2025-01-29T10:27:02.185052Z - 2025-01-29T10:28:02.185052Z,,,,,,,2025-01-29T10:27:17.561290Z,,2025-01-29T10:27:49.584330Z,
HE.RUF.00.BHZ | 2025-01-29T10:26:24.180070Z - 2025-01-29T10:27:24.180070Z,,,,,,,2025-01-29T10:26:55.052330Z,,2025-01-29T10:27:09.207450Z,
HE.SUF.00.BHZ | 2025-01-29T10:26:48.366221Z - 2025-01-29T10:27:48.366221Z,,,,,,,2025-01-29T10:27:00.841400Z,,2025-01-29T10:27:19.069620Z,
HE.TRE03.00.CZ | 2025-01-29T10:26:42.074581Z - 2025-01-29T10:27:42.074581Z,,,,,,,2025-01-29T10:26:57.604900Z,,2025-01-29T10:27:13.152320Z,
HE.VJF.00.?HZ | 2025-01-29T10:26:25.461795Z - 2025-01-29T10:27:25.461795Z,,,,,,,2025-01-29T10:26:51.684900Z,,2025-01-29T10:27:03.622600Z,
HE.VUOS.00.BHZ | 2025-01-29T10:26:39.039824Z - 2025-01-29T10:27:39.039824Z,,,,,,,2025-01-29T10:27:00.621560Z,,2025-01-29T10:27:18.025390Z,
HE.FIA0.00.SHZ | 2025-01-29T10:30:21.491381Z - 2025-01-29T10:31:21.491381Z,,,,,,,2025-01-29T10:30:54.600000Z,,,
HE.KEF.00.BHZ | 2025-01-29T10:30:22.882298Z - 2025-01-29T10:31:22.882298Z,,,,,,,2025-01-29T10:30:47.280000Z,,2025-01-29T10:31:09.780000Z,
HE.KORF.00.BHZ | 2025-01-29T10:30:11.519101Z - 2025-01-29T10:31:11.519101Z,,,,,,,2025-01-29T10:30:42.890000Z,,2025-01-29T10:31:01.660000Z,
HE.KPF.00.BHZ | 2025-01-29T10:30:19.813504Z - 2025-01-29T10:31:19.813504Z,,,,,,,2025-01-29T10:30:25.440000Z,,2025-01-29T10:30:29.820000Z,
HE.NUR.00.BHZ | 2025-01-29T10:30:17.171086Z - 2025-01-29T10:31:17.171086Z,,,,,,,,,2025-01-29T10:31:09.620000Z,
HE.RAF.00.BHZ | 2025-01-29T10:30:13.647584Z - 2025-01-29T10:31:13.647584Z,,,,,,,2025-01-29T10:30:26.480000Z,,2025-01-29T10:30:32.720000Z,
HE.SUF.00.BHZ | 2025-01-29T10:30:50.842993Z - 2025-01-29T10:31:50.842993Z,,,,,,,,,2025-01-29T10:31:31.320000Z,
HE.TRE03.00.BHZ | 2025-01-29T10:30:25.861563Z - 2025-01-29T10:31:25.861563Z,,,,,,,2025-01-29T10:30:39.470000Z,,,
HE.VAF.00.BHZ | 2025-01-29T10:30:37.882705Z - 2025-01-29T10:31:37.882705Z,,,,,,,2025-01-29T10:30:49.230000Z,,2025-01-29T10:31:09.840000Z,
UP.AAL.00.BHZ | 2025-01-29T10:30:43.081827Z - 2025-01-29T10:31:43.081827Z,,,,,,,,,2025-01-29T10:31:09.440000Z,
HE.FIA0.00.SHZ | 2025-01-29T11:56:56.666796Z - 2025-01-29T11:57:56.666796Z,,,,,,,2025-01-29T11:57:23.900000Z,,2025-01-29T11:57:50.800000Z,
HE.HEL5.00.BHZ | 2025-01-29T11:58:03.363895Z - 2025-01-29T11:59:03.363895Z,,,,,,,,,2025-01-29T11:58:08.400000Z,
HE.JOF.00.BHZ | 2025-01-29T11:58:49.843672Z - 2025-01-29T11:59:49.843672Z,,,,,,,,,2025-01-29T11:58:55.840000Z,
HE.KAF.00.BHZ | 2025-01-29T11:56:56.797603Z - 2025-01-29T11:57:56.797603Z,,,,,,,2025-01-29T11:57:21.830000Z,,2025-01-29T11:57:46.080000Z,
HE.KEF.00.BHZ | 2025-01-29T11:56:35.716205Z - 2025-01-29T11:57:35.716205Z,,,,,,,2025-01-29T11:57:09.980000Z,,2025-01-29T11:57:26.040000Z,
HE.KORF.00.BHZ | 2025-01-29T11:57:16.356243Z - 2025-01-29T11:58:16.356243Z,,,,,,,2025-01-29T11:57:30.180000Z,,2025-01-29T11:58:02.300000Z,
HE.KPF.00.BHZ | 2025-01-29T11:56:15.315380Z - 2025-01-29T11:57:15.315380Z,,,,,,,2025-01-29T11:56:59.480000Z,,2025-01-29T11:57:07.880000Z,
HE.MEF.00.BHZ | 2025-01-29T11:57:36.102920Z - 2025-01-29T11:58:36.102920Z,,,,,,,,,2025-01-29T11:58:03.240000Z,
HE.NIF.00.BHZ | 2025-01-29T11:56:37.081353Z - 2025-01-29T11:57:37.081353Z,,,,,,,2025-01-29T11:57:31.870000Z,,,
HE.NUR.00.BHZ | 2025-01-29T11:57:00.439999Z - 2025-01-29T11:58:00.439999Z,,,,,,,2025-01-29T11:57:28.000000Z,,,
HE.OUF.00.BHZ | 2025-01-29T11:57:05.806881Z - 2025-01-29T11:58:05.806881Z,,,,,,,2025-01-29T11:57:26.880000Z,,2025-01-29T11:57:55.120000Z,
HE.PVF.00.BHZ | 2025-01-29T11:57:30.817008Z - 2025-01-29T11:58:30.817008Z,,,,,,,,,2025-01-29T11:58:06.020000Z,
HE.RAF.00.BHZ | 2025-01-29T11:56:39.279062Z - 2025-01-29T11:57:39.279062Z,,,,,,,2025-01-29T11:57:14.880000Z,,2025-01-29T11:57:34.160000Z,
HE.SUF.00.BHZ | 2025-01-29T11:57:01.777573Z - 2025-01-29T11:58:01.777573Z,,,,,,,2025-01-29T11:57:19.680000Z,,2025-01-29T11:57:43.260000Z,
HE.TRE03.00.BHZ | 2025-01-29T11:56:42.078784Z - 2025-01-29T11:57:42.078784Z,,,,,,,2025-01-29T11:57:10.180000Z,,,
HE.VAF.00.BHZ | 2025-01-29T11:56:13.214209Z - 2025-01-29T11:57:13.214209Z,,,,,,,2025-01-29T11:56:58.880000Z,,2025-01-29T11:57:06.520000Z,
UP.AAL.00.BHZ | 2025-01-29T11:57:44.373924Z - 2025-01-29T11:58:44.373924Z,,,,,,,,,2025-01-29T11:58:05.800000Z,
FN.KLF.00.BHZ | 2025-01-29T12:04:15.994855Z - 2025-01-29T12:05:15.994855Z,,,,,,,2025-01-29T12:04:27.680000Z,,2025-01-29T12:05:02.640000Z,
FN.MSF.00.BHZ | 2025-01-29T12:04:08.143469Z - 2025-01-29T12:05:08.143469Z,,,,,,,2025-01-29T12:04:16.520000Z,,2025-01-29T12:04:40.400000Z,
FN.OLKF.00.BHZ | 2025-01-29T12:03:34.586679Z - 2025-01-29T12:04:34.586679Z,,,,,,,2025-01-29T12:04:09.220000Z,,2025-01-29T12:04:27.000000Z,
FN.OUL.00.BHZ | 2025-01-29T12:04:26.232073Z - 2025-01-29T12:05:26.232073Z,,,,,,,2025-01-29T12:04:35.980000Z,,2025-01-29T12:05:19.120000Z,
FN.RAJF.00.BHZ | 2025-01-29T12:03:54.104163Z - 2025-01-29T12:04:54.104163Z,,,,,,,2025-01-29T12:04:07.080000Z,,2025-01-29T12:04:24.040000Z,
FN.RANF.00.BHZ | 2025-01-29T12:04:10.622572Z - 2025-01-29T12:05:10.622572Z,,,,,,,2025-01-29T12:04:22.720000Z,,2025-01-29T12:04:50.760000Z,
FN.RNF.00.BHZ | 2025-01-29T12:03:53.701995Z - 2025-01-29T12:04:53.701995Z,,,,,,,2025-01-29T12:04:20.640000Z,,2025-01-29T12:04:46.320000Z,
HE.HEF.00.BHZ | 2025-01-29T12:04:21.606967Z - 2025-01-29T12:05:21.606967Z,,,,,,,2025-01-29T12:04:29.580000Z,,2025-01-29T12:05:06.440000Z,
HE.KEV.00.BHZ | 2025-01-29T12:04:17.447903Z - 2025-01-29T12:05:17.447903Z,,,,,,,2025-01-29T12:04:27.980000Z,,2025-01-29T12:05:00.040000Z,
HE.KIF.00.BHZ | 2025-01-29T12:04:24.932510Z - 2025-01-29T12:05:24.932510Z,,,,,,,2025-01-29T12:04:46.280000Z,,,
HE.KU1.00.BHZ | 2025-01-29T12:03:38.520561Z - 2025-01-29T12:04:38.520561Z,,,,,,,2025-01-29T12:04:21.580000Z,,,
HE.KU2.00.BHZ | 2025-01-29T12:04:02.639342Z - 2025-01-29T12:05:02.639342Z,,,,,,,2025-01-29T12:04:22.140000Z,,,
HE.KU6.00.BHZ | 2025-01-29T12:04:00.794655Z - 2025-01-29T12:05:00.794655Z,,,,,,,2025-01-29T12:04:13.160000Z,,2025-01-29T12:04:33.600000Z,
HE.OBF3.00.BHZ | 2025-01-29T12:03:49.233563Z - 2025-01-29T12:04:49.233563Z,,,,,,,2025-01-29T12:04:42.680000Z,,,
HE.OUF.00.BHZ | 2025-01-29T12:04:06.059741Z - 2025-01-29T12:05:06.059741Z,,,,,,,2025-01-29T12:04:47.980000Z,,,
HE.RMF.00.BHZ | 2025-01-29T12:04:25.739041Z - 2025-01-29T12:05:25.739041Z,,,,,,,2025-01-29T12:04:38.980000Z,,,
HE.TOF.00.BHZ | 2025-01-29T12:04:23.406907Z - 2025-01-29T12:05:23.406907Z,,,,,,,2025-01-29T12:04:31.280000Z,,2025-01-29T12:05:12.240000Z,
HE.VRF.00.BHZ | 2025-01-29T12:03:18.508689Z - 2025-01-29T12:04:18.508689Z,,,,,,,2025-01-29T12:03:51.720000Z,,2025-01-29T12:03:57.740000Z,
HE.FIA0.00.?HZ | 2025-01-27T12:07:28.244469Z - 2025-01-27T12:08:28.244469Z,,,,,,,2025-01-27T12:08:02.464640Z,,2025-01-27T12:08:12.959190Z,
HE.FIA1.00.?HZ | 2025-01-27T12:07:49.541353Z - 2025-01-27T12:08:49.541353Z,,,,,,,2025-01-27T12:08:02.587960Z,,2025-01-27T12:08:13.267370Z,
HE.HEL5.00.BHZ | 2025-01-27T12:07:59.126686Z - 2025-01-27T12:08:59.126686Z,,,,,,,2025-01-27T12:08:09.689820Z,,2025-01-27T12:08:25.358190Z,
HE.KAF.00.?HZ | 2025-01-27T12:07:38.319261Z - 2025-01-27T12:08:38.319261Z,,,,,,,,,2025-01-27T12:08:31.416240Z,
HE.KEF.00.?HZ | 2025-01-27T12:07:57.446111Z - 2025-01-27T12:08:57.446111Z,,,,,,,2025-01-27T12:08:18.702140Z,,2025-01-27T12:08:41.033740Z,
HE.KY02.00.CZ | 2025-01-27T12:07:03.443863Z - 2025-01-27T12:08:03.443863Z,,,,,,,2025-01-27T12:07:51.997240Z,,2025-01-27T12:07:54.930080Z,
HE.KY17.00.CZ | 2025-01-27T12:07:32.403723Z - 2025-01-27T12:08:32.403723Z,,,,,,,2025-01-27T12:07:51.889770Z,,2025-01-27T12:07:54.975510Z,
HE.LOVF.00.CZ | 2025-01-27T12:07:33.544332Z - 2025-01-27T12:08:33.544332Z,,,,,,,2025-01-27T12:07:54.972260Z,,2025-01-27T12:07:59.982370Z,
HE.MEF.00.BHZ | 2025-01-27T12:07:40.797125Z - 2025-01-27T12:08:40.797125Z,,,,,,,2025-01-27T12:08:11.672120Z,,2025-01-27T12:08:28.875770Z,
HE.NUR.00.SHZ | 2025-01-27T12:07:53.844920Z - 2025-01-27T12:08:53.844920Z,,,,,,,2025-01-27T12:08:07.600590Z,,2025-01-27T12:08:21.901460Z,
HE.PVF.00.CZ | 2025-01-27T12:07:28.005490Z - 2025-01-27T12:08:28.005490Z,,,,,,,2025-01-27T12:07:57.275060Z,,2025-01-27T12:08:04.110370Z,
HE.RUF.00.BHZ | 2025-01-27T12:07:32.369400Z - 2025-01-27T12:08:32.369400Z,,,,,,,2025-01-27T12:08:09.695160Z,,2025-01-27T12:08:25.561230Z,
HE.SUF.00.BHZ | 2025-01-27T12:07:58.183924Z - 2025-01-27T12:08:58.183924Z,,,,,,,2025-01-27T12:08:23.195710Z,,2025-01-27T12:08:49.142540Z,
HE.TRE03.00.CZ | 2025-01-27T12:07:58.318691Z - 2025-01-27T12:08:58.318691Z,,,,,,,2025-01-27T12:08:16.117130Z,,2025-01-27T12:08:35.936730Z,
HE.TVF.00.BHZ | 2025-01-27T12:07:56.876667Z - 2025-01-27T12:08:56.876667Z,,,,,,,,,2025-01-27T12:08:49.002820Z,
HE.VJF.00.?HZ | 2025-01-27T12:07:13.382356Z - 2025-01-27T12:08:13.382356Z,,,,,,,2025-01-27T12:07:54.793310Z,,2025-01-27T12:07:59.508010Z,
HE.VUOS.00.BHZ | 2025-01-27T12:07:29.628863Z - 2025-01-27T12:08:29.628863Z,,,,,,,2025-01-27T12:08:06.104750Z,,2025-01-27T12:08:18.843370Z,
HE.ALAJF.00.?HZ | 2025-01-27T10:58:29.053743Z - 2025-01-27T10:59:29.053743Z,,,,,,,2025-01-27T10:58:39.551570Z,,2025-01-27T10:58:59.720780Z,
HE.FIA0.00.?HZ | 2025-01-27T10:58:04.200054Z - 2025-01-27T10:59:04.200054Z,,,,,,,2025-01-27T10:58:29.247240Z,,2025-01-27T10:58:42.930070Z,
HE.FIA1.00.?HZ | 2025-01-27T10:58:10.049414Z - 2025-01-27T10:59:10.049414Z,,,,,,,2025-01-27T10:58:29.247240Z,,2025-01-27T10:58:42.415570Z,
HE.KAF.00.?HZ | 2025-01-27T10:57:58.004013Z - 2025-01-27T10:58:58.004013Z,,,,,,,2025-01-27T10:58:32.854090Z,,2025-01-27T10:58:49.324800Z,
HE.KEF.00.?HZ | 2025-01-27T10:57:48.079503Z - 2025-01-27T10:58:48.079503Z,,,,,,,2025-01-27T10:58:23.629420Z,,2025-01-27T10:58:33.272410Z,
HE.KPF.00.BHZ | 2025-01-27T10:57:50.147114Z - 2025-01-27T10:58:50.147114Z,,,,,,,2025-01-27T10:58:27.546130Z,,2025-01-27T10:58:40.859150Z,
HE.KY17.00.CZ | 2025-01-27T10:58:08.045146Z - 2025-01-27T10:59:08.045146Z,,,,,,,2025-01-27T10:58:40.190160Z,,2025-01-27T10:59:01.446530Z,
HE.LAUT.00.BHZ | 2025-01-27T10:58:34.932161Z - 2025-01-27T10:59:34.932161Z,,,,,,,,,2025-01-27T10:58:57.359200Z,
HE.LOVF.00.CZ | 2025-01-27T10:58:12.135184Z - 2025-01-27T10:59:12.135184Z,,,,,,,,,2025-01-27T10:59:00.115000Z,
HE.MEF.00.BHZ | 2025-01-27T10:58:19.666080Z - 2025-01-27T10:59:19.666080Z,,,,,,,,,2025-01-27T10:58:54.199780Z,
HE.PVF.00.CZ | 2025-01-27T10:58:19.693709Z - 2025-01-27T10:59:19.693709Z,,,,,,,2025-01-27T10:58:36.101480Z,,2025-01-27T10:58:54.005710Z,
HE.RAF.00.BHZ | 2025-01-27T10:58:18.147038Z - 2025-01-27T10:59:18.147038Z,,,,,,,2025-01-27T10:58:33.134840Z,,2025-01-27T10:58:48.918990Z,
HE.SUF.00.BHZ | 2025-01-27T10:58:32.534792Z - 2025-01-27T10:59:32.534792Z,,,,,,,2025-01-27T10:58:38.257360Z,,2025-01-27T10:58:58.332980Z,
HE.TRE03.00.CZ | 2025-01-27T10:57:37.601336Z - 2025-01-27T10:58:37.601336Z,,,,,,,2025-01-27T10:58:12.576200Z,,2025-01-27T10:58:14.144260Z,
HE.VAF.00.BHZ | 2025-01-27T10:58:18.470097Z - 2025-01-27T10:59:18.470097Z,,,,,,,2025-01-27T10:58:39.806880Z,,2025-01-27T10:59:00.171590Z,
HE.FIA0.00.SHZ | 2025-01-30T09:56:58.257074Z - 2025-01-30T09:57:58.257074Z,,,,,,,2025-01-30T09:57:08.800000Z,,2025-01-30T09:57:50.300000Z,
HE.JOF.00.BHZ | 2025-01-30T09:56:21.806234Z - 2025-01-30T09:57:21.806234Z,,,,,,,2025-01-30T09:56:27.040000Z,,2025-01-30T09:56:36.840000Z,
HE.KAF.00.BHZ | 2025-01-30T09:57:04.024991Z - 2025-01-30T09:58:04.024991Z,,,,,,,,,2025-01-30T09:57:41.160000Z,
HE.KEF.00.BHZ | 2025-01-30T09:57:37.592826Z - 2025-01-30T09:58:37.592826Z,,,,,,,,,2025-01-30T09:57:59.880000Z,
HE.KU1.00.BHZ | 2025-01-30T09:56:40.778860Z - 2025-01-30T09:57:40.778860Z,,,,,,,2025-01-30T09:57:06.370000Z,,,
HE.KU2.00.BHZ | 2025-01-30T09:56:42.159215Z - 2025-01-30T09:57:42.159215Z,,,,,,,2025-01-30T09:57:12.780000Z,,,
HE.KU6.00.BHZ | 2025-01-30T09:56:57.118769Z - 2025-01-30T09:57:57.118769Z,,,,,,,2025-01-30T09:57:11.280000Z,,,
HE.KU6.00.BHZ | 2025-01-30T09:58:02.578689Z - 2025-01-30T09:59:02.578689Z,,,,,,,,,2025-01-30T09:58:10.280000Z,
HE.NIF.00.BHZ | 2025-01-30T09:56:44.494130Z - 2025-01-30T09:57:44.494130Z,,,,,,,2025-01-30T09:56:55.540000Z,,2025-01-30T09:57:26.160000Z,
HE.OUF.00.BHZ | 2025-01-30T09:58:10.341942Z - 2025-01-30T09:59:10.341942Z,,,,,,,,,2025-01-30T09:58:17.760000Z,
HE.RMF.00.BHZ | 2025-01-30T09:56:30.049103Z - 2025-01-30T09:57:30.049103Z,,,,,,,2025-01-30T09:56:50.950000Z,,2025-01-30T09:57:19.760000Z,
HE.RUF.00.BHZ | 2025-01-30T09:56:23.114886Z - 2025-01-30T09:57:23.114886Z,,,,,,,2025-01-30T09:56:49.880000Z,,2025-01-30T09:57:15.320000Z,
HE.SUF.00.BHZ | 2025-01-30T09:57:06.629752Z - 2025-01-30T09:58:06.629752Z,,,,,,,,,2025-01-30T09:57:43.100000Z,
HE.HEL1.00.BHZ | 2025-01-27T15:00:44.458292Z - 2025-01-27T15:01:44.458292Z,,,,,,,2025-01-27T15:01:04.613090Z,,2025-01-27T15:01:06.006210Z,
HE.HEL5.00.BHZ | 2025-01-27T15:00:49.977717Z - 2025-01-27T15:01:49.977717Z,,,,,,,2025-01-27T15:01:04.723830Z,,2025-01-27T15:01:06.172110Z,
HE.KUNI.00.BHZ | 2025-01-27T15:00:48.968722Z - 2025-01-27T15:01:48.968722Z,,,,,,,2025-01-27T15:01:04.736160Z,,2025-01-27T15:01:06.356380Z,
HE.LAUT.00.BHZ | 2025-01-27T15:00:17.520185Z - 2025-01-27T15:01:17.520185Z,,,,,,,2025-01-27T15:01:04.663920Z,,2025-01-27T15:01:06.285440Z,
HE.MEF.00.BHZ | 2025-01-27T15:00:38.949990Z - 2025-01-27T15:01:38.949990Z,,,,,,,2025-01-27T15:01:05.216750Z,,2025-01-27T15:01:07.248360Z,
HE.NUR.00.SHZ | 2025-01-27T15:00:56.189326Z - 2025-01-27T15:01:56.189326Z,,,,,,,2025-01-27T15:01:07.664500Z,,2025-01-27T15:01:11.476610Z,
HE.RSUO.00.BHZ | 2025-01-27T15:00:55.413414Z - 2025-01-27T15:01:55.413414Z,,,,,,,2025-01-27T15:01:04.663920Z,,2025-01-27T15:01:06.356380Z,
HE.VUOS.00.BHZ | 2025-01-27T15:00:38.546095Z - 2025-01-27T15:01:38.546095Z,,,,,,,2025-01-27T15:01:06.852120Z,,2025-01-27T15:01:09.926460Z,
HE.FIA0.00.SHZ | 2025-01-30T10:59:52.140282Z - 2025-01-30T11:00:52.140282Z,,,,,,,2025-01-30T11:00:10.700000Z,,2025-01-30T11:00:33.000000Z,
HE.JOF.00.BHZ | 2025-01-30T10:59:51.287445Z - 2025-01-30T11:00:51.287445Z,,,,,,,2025-01-30T11:00:12.030000Z,,,
HE.KAF.00.BHZ | 2025-01-30T10:59:37.282003Z - 2025-01-30T11:00:37.282003Z,,,,,,,2025-01-30T11:00:07.680000Z,,2025-01-30T11:00:24.980000Z,
HE.KEF.00.BHZ | 2025-01-30T11:00:01.051277Z - 2025-01-30T11:01:01.051277Z,,,,,,,2025-01-30T11:00:19.900000Z,,2025-01-30T11:00:46.640000Z,
HE.KY17.00.BHZ | 2025-01-30T10:59:27.992012Z - 2025-01-30T11:00:27.992012Z,,,,,,,2025-01-30T11:00:07.180000Z,,,
HE.NIF.00.BHZ | 2025-01-30T10:59:50.802530Z - 2025-01-30T11:00:50.802530Z,,,,,,,,,2025-01-30T11:00:35.020000Z,
HE.PVF.00.BHZ | 2025-01-30T11:00:11.694755Z - 2025-01-30T11:01:11.694755Z,,,,,,,2025-01-30T11:00:18.980000Z,,2025-01-30T11:00:46.800000Z,
HE.RMF.00.BHZ | 2025-01-30T11:00:33.763961Z - 2025-01-30T11:01:33.763961Z,,,,,,,,,2025-01-30T11:00:58.980000Z,
HE.RUF.00.BHZ | 2025-01-30T10:59:29.722271Z - 2025-01-30T11:00:29.722271Z,,,,,,,2025-01-30T10:59:50.980000Z,,2025-01-30T10:59:56.280000Z,
HE.SUF.00.BHZ | 2025-01-30T11:00:02.282371Z - 2025-01-30T11:01:02.282371Z,,,,,,,2025-01-30T11:00:13.200000Z,,2025-01-30T11:00:35.040000Z,
HE.TRE03.00.BHZ | 2025-01-30T11:00:12.374345Z - 2025-01-30T11:01:12.374345Z,,,,,,,,,2025-01-30T11:00:55.580000Z,
HE.VJF.00.BHZ | 2025-01-30T10:59:47.543512Z - 2025-01-30T11:00:47.543512Z,,,,,,,2025-01-30T11:00:10.140000Z,,2025-01-30T11:00:29.400000Z,
HE.FIA0.00.SHZ | 2025-01-30T12:07:39.580553Z - 2025-01-30T12:08:39.580553Z,,,,,,,2025-01-30T12:07:45.900000Z,,2025-01-30T12:07:54.200000Z,
HE.HEL5.00.BHZ | 2025-01-30T12:07:26.332202Z - 2025-01-30T12:08:26.332202Z,,,,,,,2025-01-30T12:07:58.080000Z,,,
HE.KAF.00.BHZ | 2025-01-30T12:07:36.610162Z - 2025-01-30T12:08:36.610162Z,,,,,,,2025-01-30T12:07:58.080000Z,,2025-01-30T12:08:13.560000Z,
HE.KEF.00.BHZ | 2025-01-30T12:07:40.533099Z - 2025-01-30T12:08:40.533099Z,,,,,,,2025-01-30T12:08:02.680000Z,,2025-01-30T12:08:21.220000Z,
HE.KORF.00.BHZ | 2025-01-30T12:08:11.792441Z - 2025-01-30T12:09:11.792441Z,,,,,,,2025-01-30T12:08:22.740000Z,,,
HE.KPF.00.BHZ | 2025-01-30T12:08:12.360516Z - 2025-01-30T12:09:12.360516Z,,,,,,,2025-01-30T12:08:17.660000Z,,2025-01-30T12:08:46.580000Z,
HE.KUNI.00.BHZ | 2025-01-30T12:07:32.443286Z - 2025-01-30T12:08:32.443286Z,,,,,,,2025-01-30T12:07:54.600000Z,,,
HE.KY17.00.BHZ | 2025-01-30T12:07:15.372740Z - 2025-01-30T12:08:15.372740Z,,,,,,,2025-01-30T12:07:43.280000Z,,2025-01-30T12:07:48.220000Z,
HE.LAUT.00.BHZ | 2025-01-30T12:07:42.217880Z - 2025-01-30T12:08:42.217880Z,,,,,,,2025-01-30T12:07:56.900000Z,,,
HE.MEF.00.BHZ | 2025-01-30T12:07:25.663146Z - 2025-01-30T12:08:25.663146Z,,,,,,,2025-01-30T12:07:58.830000Z,,,
HE.NIF.00.BHZ | 2025-01-30T12:08:24.264440Z - 2025-01-30T12:09:24.264440Z,,,,,,,,,2025-01-30T12:08:54.520000Z,
HE.NUR.00.BHZ | 2025-01-30T12:06:59.869552Z - 2025-01-30T12:07:59.869552Z,,,,,,,2025-01-30T12:07:54.020000Z,,,
HE.PVF.00.BHZ | 2025-01-30T12:07:18.512560Z - 2025-01-30T12:08:18.512560Z,,,,,,,2025-01-30T12:07:45.180000Z,,2025-01-30T12:07:51.440000Z,
HE.RAF.00.BHZ | 2025-01-30T12:08:02.082532Z - 2025-01-30T12:09:02.082532Z,,,,,,,2025-01-30T12:08:17.030000Z,,2025-01-30T12:08:47.160000Z,
HE.RUF.00.BHZ | 2025-01-30T12:07:51.261149Z - 2025-01-30T12:08:51.261149Z,,,,,,,2025-01-30T12:08:01.260000Z,,,
HE.SUF.00.BHZ | 2025-01-30T12:07:51.709538Z - 2025-01-30T12:08:51.709538Z,,,,,,,,,2025-01-30T12:08:33.280000Z,
HE.TRE03.00.BHZ | 2025-01-30T12:07:25.273030Z - 2025-01-30T12:08:25.273030Z,,,,,,,2025-01-30T12:07:59.610000Z,,,
HE.VJF.00.BHZ | 2025-01-30T12:07:18.048060Z - 2025-01-30T12:08:18.048060Z,,,,,,,2025-01-30T12:07:49.980000Z,,2025-01-30T12:08:00.480000Z,
HE.VUOS.00.BHZ | 2025-01-30T12:07:38.392822Z - 2025-01-30T12:08:38.392822Z,,,,,,,2025-01-30T12:07:54.280000Z,,,
HE.HEL5.00.BHZ | 2025-01-27T09:00:53.046805Z - 2025-01-27T09:01:53.046805Z,,,,,,,2025-01-27T09:01:09.729450Z,,2025-01-27T09:01:11.295820Z,
HE.KUNI.00.BHZ | 2025-01-27T09:00:45.234717Z - 2025-01-27T09:01:45.234717Z,,,,,,,2025-01-27T09:01:09.592760Z,,2025-01-27T09:01:11.504760Z,
HE.LAUT.00.BHZ | 2025-01-27T09:00:36.124532Z - 2025-01-27T09:01:36.124532Z,,,,,,,2025-01-27T09:01:09.729450Z,,2025-01-27T09:01:11.131230Z,
HE.MEF.00.BHZ | 2025-01-27T09:00:21.800665Z - 2025-01-27T09:01:21.800665Z,,,,,,,2025-01-27T09:01:10.225410Z,,2025-01-27T09:01:12.284480Z,
HE.NUR.00.SHZ | 2025-01-27T09:00:22.583515Z - 2025-01-27T09:01:22.583515Z,,,,,,,2025-01-27T09:01:12.611730Z,,2025-01-27T09:01:16.006830Z,
HE.VUOS.00.BHZ | 2025-01-27T09:00:53.537773Z - 2025-01-27T09:01:53.537773Z,,,,,,,2025-01-27T09:01:11.885430Z,,2025-01-27T09:01:15.390620Z,
HE.ECKF.00.BHZ | 2025-01-30T13:15:18.789295Z - 2025-01-30T13:16:18.789295Z,,,,,,,,,2025-01-30T13:15:44.020000Z,
HE.FIA0.00.SHZ | 2025-01-30T13:14:34.594339Z - 2025-01-30T13:15:34.594339Z,,,,,,,2025-01-30T13:14:53.500000Z,,2025-01-30T13:15:16.100000Z,
HE.HEL5.00.BHZ | 2025-01-30T13:15:07.673245Z - 2025-01-30T13:16:07.673245Z,,,,,,,,,2025-01-30T13:15:21.780000Z,
HE.KAF.00.BHZ | 2025-01-30T13:14:28.814871Z - 2025-01-30T13:15:28.814871Z,,,,,,,2025-01-30T13:14:56.730000Z,,2025-01-30T13:15:16.480000Z,
HE.KEF.00.BHZ | 2025-01-30T13:14:12.371737Z - 2025-01-30T13:15:12.371737Z,,,,,,,2025-01-30T13:14:46.680000Z,,2025-01-30T13:14:57.960000Z,
HE.KORF.00.BHZ | 2025-01-30T13:14:40.346904Z - 2025-01-30T13:15:40.346904Z,,,,,,,2025-01-30T13:15:03.480000Z,,2025-01-30T13:15:28.560000Z,
HE.KPF.00.BHZ | 2025-01-30T13:14:34.400696Z - 2025-01-30T13:15:34.400696Z,,,,,,,2025-01-30T13:14:44.080000Z,,2025-01-30T13:14:54.500000Z,
HE.KY17.00.BHZ | 2025-01-30T13:15:07.257561Z - 2025-01-30T13:16:07.257561Z,,,,,,,,,2025-01-30T13:15:30.040000Z,
HE.MEF.00.BHZ | 2025-01-30T13:14:23.794614Z - 2025-01-30T13:15:23.794614Z,,,,,,,2025-01-30T13:14:57.680000Z,,2025-01-30T13:15:17.280000Z,
HE.NIF.00.BHZ | 2025-01-30T13:15:48.840453Z - 2025-01-30T13:16:48.840453Z,,,,,,,,,2025-01-30T13:15:54.660000Z,
HE.PVF.00.BHZ | 2025-01-30T13:14:32.454036Z - 2025-01-30T13:15:32.454036Z,,,,,,,2025-01-30T13:15:00.090000Z,,2025-01-30T13:15:24.380000Z,
HE.RAF.00.BHZ | 2025-01-30T13:14:36.959838Z - 2025-01-30T13:15:36.959838Z,,,,,,,2025-01-30T13:14:49.680000Z,,2025-01-30T13:15:03.840000Z,
HE.SUF.00.BHZ | 2025-01-30T13:14:46.828308Z - 2025-01-30T13:15:46.828308Z,,,,,,,2025-01-30T13:15:01.280000Z,,2025-01-30T13:15:23.740000Z,
HE.TRE03.00.BHZ | 2025-01-30T13:14:17.351331Z - 2025-01-30T13:15:17.351331Z,,,,,,,2025-01-30T13:14:36.730000Z,,2025-01-30T13:14:40.940000Z,
HE.TVF.00.BHZ | 2025-01-30T13:14:52.959434Z - 2025-01-30T13:15:52.959434Z,,,,,,,2025-01-30T13:15:03.580000Z,,2025-01-30T13:15:27.280000Z,
HE.VAF.00.BHZ | 2025-01-30T13:14:49.995323Z - 2025-01-30T13:15:49.995323Z,,,,,,,2025-01-30T13:14:58.980000Z,,2025-01-30T13:15:19.360000Z,
UP.AAL.00.BHZ | 2025-01-30T13:15:26.611081Z - 2025-01-30T13:16:26.611081Z,,,,,,,,,2025-01-30T13:15:39.920000Z,
HE.HEL1.00.BHZ | 2025-01-27T12:43:41.462422Z - 2025-01-27T12:44:41.462422Z,,,,,,,2025-01-27T12:43:52.212560Z,,2025-01-27T12:43:54.548110Z,
HE.HEL5.00.BHZ | 2025-01-27T12:43:06.250006Z - 2025-01-27T12:44:06.250006Z,,,,,,,2025-01-27T12:43:51.020500Z,,2025-01-27T12:43:52.572490Z,
HE.KUNI.00.BHZ | 2025-01-27T12:43:07.392831Z - 2025-01-27T12:44:07.392831Z,,,,,,,2025-01-27T12:43:53.034480Z,,2025-01-27T12:43:55.902790Z,
HE.LAUT.00.BHZ | 2025-01-27T12:43:12.624827Z - 2025-01-27T12:44:12.624827Z,,,,,,,2025-01-27T12:43:52.030510Z,,2025-01-27T12:43:54.090720Z,
HE.MEF.00.BHZ | 2025-01-27T12:43:28.392839Z - 2025-01-27T12:44:28.392839Z,,,,,,,2025-01-27T12:43:51.142090Z,,2025-01-27T12:43:52.668020Z,
HE.NUR.00.SHZ | 2025-01-27T12:43:15.309903Z - 2025-01-27T12:44:15.309903Z,,,,,,,2025-01-27T12:43:55.830880Z,,2025-01-27T12:44:00.426390Z,
HE.RSUO.00.BHZ | 2025-01-27T12:43:21.391281Z - 2025-01-27T12:44:21.391281Z,,,,,,,2025-01-27T12:43:52.622220Z,,2025-01-27T12:43:55.382120Z,
HE.VUOS.00.BHZ | 2025-01-27T12:43:15.923082Z - 2025-01-27T12:44:15.923082Z,,,,,,,2025-01-27T12:43:54.660840Z,,2025-01-27T12:43:58.468760Z,
HE.ECKF.00.CZ | 2025-01-27T13:22:40.121816Z - 2025-01-27T13:23:40.121816Z,,,,,,,2025-01-27T13:22:53.804910Z,,2025-01-27T13:23:11.990330Z,
HE.KEF.00.?HZ | 2025-01-27T13:22:58.949876Z - 2025-01-27T13:23:58.949876Z,,,,,,,2025-01-27T13:23:07.457110Z,,2025-01-27T13:23:33.439980Z,
HE.KORF.00.CZ | 2025-01-27T13:22:16.443208Z - 2025-01-27T13:23:16.443208Z,,,,,,,2025-01-27T13:22:40.220200Z,,2025-01-27T13:22:47.204620Z,
HE.KPF.00.BHZ | 2025-01-27T13:22:43.775273Z - 2025-01-27T13:23:43.775273Z,,,,,,,2025-01-27T13:22:53.628850Z,,2025-01-27T13:23:10.841180Z,
HE.MEF.00.BHZ | 2025-01-27T13:22:26.660090Z - 2025-01-27T13:23:26.660090Z,,,,,,,2025-01-27T13:22:50.953350Z,,2025-01-27T13:23:06.637370Z,
HE.NUR.00.SHZ | 2025-01-27T13:22:37.602773Z - 2025-01-27T13:23:37.602773Z,,,,,,,2025-01-27T13:22:52.680420Z,,2025-01-27T13:23:09.218360Z,
HE.PVF.00.CZ | 2025-01-27T13:22:56.423193Z - 2025-01-27T13:23:56.423193Z,,,,,,,2025-01-27T13:23:03.114450Z,,2025-01-27T13:23:26.718130Z,
HE.RAF.00.BHZ | 2025-01-27T13:21:53.011941Z - 2025-01-27T13:22:53.011941Z,,,,,,,2025-01-27T13:22:39.723970Z,,2025-01-27T13:22:46.699260Z,
HE.TRE03.00.CZ | 2025-01-27T13:22:32.467146Z - 2025-01-27T13:23:32.467146Z,,,,,,,2025-01-27T13:22:56.857620Z,,2025-01-27T13:23:16.641420Z,
HE.TVF.00.BHZ | 2025-01-27T13:22:15.493686Z - 2025-01-27T13:23:15.493686Z,,,,,,,2025-01-27T13:22:46.448900Z,,2025-01-27T13:22:57.661360Z,
HE.VUOS.00.BHZ | 2025-01-27T13:22:47.243988Z - 2025-01-27T13:23:47.243988Z,,,,,,,2025-01-27T13:22:58.232360Z,,2025-01-27T13:23:18.147010Z,
UP.AAL.00.BHZ | 2025-01-27T13:22:11.698070Z - 2025-01-27T13:23:11.698070Z,,,,,,,2025-01-27T13:22:51.021700Z,,,
HE.HEL1.00.BHZ | 2025-01-27T14:25:57.945338Z - 2025-01-27T14:26:57.945338Z,,,,,,,2025-01-27T14:26:13.057550Z,,2025-01-27T14:26:15.794480Z,
HE.HEL5.00.BHZ | 2025-01-27T14:25:50.305358Z - 2025-01-27T14:26:50.305358Z,,,,,,,2025-01-27T14:26:12.690720Z,,2025-01-27T14:26:14.952680Z,
HE.KUNI.00.BHZ | 2025-01-27T14:25:54.459098Z - 2025-01-27T14:26:54.459098Z,,,,,,,2025-01-27T14:26:13.087610Z,,2025-01-27T14:26:15.729160Z,
HE.LAUT.00.BHZ | 2025-01-27T14:25:34.277590Z - 2025-01-27T14:26:34.277590Z,,,,,,,2025-01-27T14:26:13.057550Z,,2025-01-27T14:26:15.683520Z,
HE.MEF.00.BHZ | 2025-01-27T14:26:05.234270Z - 2025-01-27T14:27:05.234270Z,,,,,,,2025-01-27T14:26:11.417430Z,,2025-01-27T14:26:12.643790Z,
HE.RSUO.00.BHZ | 2025-01-27T14:25:23.271146Z - 2025-01-27T14:26:23.271146Z,,,,,,,2025-01-27T14:26:13.316450Z,,2025-01-27T14:26:15.706270Z,
HE.VUOS.00.BHZ | 2025-01-27T14:25:45.948345Z - 2025-01-27T14:26:45.948345Z,,,,,,,2025-01-27T14:26:15.706270Z,,2025-01-27T14:26:19.184380Z,
FN.KLF.00.BHZ | 2025-01-29T11:16:36.425800Z - 2025-01-29T11:17:36.425800Z,,,,,,,2025-01-29T11:16:57.041150Z,,2025-01-29T11:17:30.609840Z,
HE.HEF.00.BHZ | 2025-01-29T11:16:18.736845Z - 2025-01-29T11:17:18.736845Z,,,,,,,2025-01-29T11:16:42.961730Z,,2025-01-29T11:17:06.057540Z,
HE.KIF.00.BHN | 2025-01-29T11:15:49.319687Z - 2025-01-29T11:16:49.319687Z,,,,,,,2025-01-29T11:16:21.768490Z,,2025-01-29T11:16:29.220890Z,
HE.FIA0.00.?HZ | 2025-01-29T11:32:18.922440Z - 2025-01-29T11:33:18.922440Z,,,,,,,2025-01-29T11:32:34.597450Z,,2025-01-29T11:33:04.113840Z,
HE.FIA1.00.?HZ | 2025-01-29T11:32:21.247242Z - 2025-01-29T11:33:21.247242Z,,,,,,,2025-01-29T11:32:34.597450Z,,2025-01-29T11:33:04.113840Z,
HE.HEL5.00.BHZ | 2025-01-29T11:31:59.997533Z - 2025-01-29T11:32:59.997533Z,,,,,,,2025-01-29T11:32:26.389300Z,,2025-01-29T11:32:49.580960Z,
HE.KUNI.00.BHZ | 2025-01-29T11:32:03.213384Z - 2025-01-29T11:33:03.213384Z,,,,,,,2025-01-29T11:32:26.635260Z,,2025-01-29T11:32:49.349190Z,
HE.KY17.00.CZ | 2025-01-29T11:32:18.338835Z - 2025-01-29T11:33:18.338835Z,,,,,,,2025-01-29T11:32:25.428870Z,,2025-01-29T11:32:47.948180Z,
HE.LAUT.00.BHZ | 2025-01-29T11:32:14.033137Z - 2025-01-29T11:33:14.033137Z,,,,,,,2025-01-29T11:32:25.693550Z,,2025-01-29T11:32:48.189460Z,
HE.LOVF.00.CZ | 2025-01-29T11:32:00.625186Z - 2025-01-29T11:33:00.625186Z,,,,,,,2025-01-29T11:32:20.127550Z,,2025-01-29T11:32:38.912800Z,
HE.MEF.00.BHZ | 2025-01-29T11:32:02.141500Z - 2025-01-29T11:33:02.141500Z,,,,,,,2025-01-29T11:32:29.771880Z,,2025-01-29T11:32:55.106110Z,
HE.NUR.00.SHZ | 2025-01-29T11:32:14.062197Z - 2025-01-29T11:33:14.062197Z,,,,,,,2025-01-29T11:32:31.219550Z,,2025-01-29T11:32:56.312500Z,
HE.PVF.00.CZ | 2025-01-29T11:32:11.119998Z - 2025-01-29T11:33:11.119998Z,,,,,,,2025-01-29T11:32:23.981200Z,,2025-01-29T11:32:45.115820Z,
HE.RUF.00.BHZ | 2025-01-29T11:32:17.740584Z - 2025-01-29T11:33:17.740584Z,,,,,,,2025-01-29T11:32:33.471480Z,,2025-01-29T11:33:03.631280Z,
HE.TVF.00.BHZ | 2025-01-29T11:32:17.633866Z - 2025-01-29T11:33:17.633866Z,,,,,,,2025-01-29T11:32:36.205970Z,,2025-01-29T11:33:07.089600Z,
HE.VJF.00.?HZ | 2025-01-29T11:31:52.938568Z - 2025-01-29T11:32:52.938568Z,,,,,,,2025-01-29T11:32:18.224270Z,,2025-01-29T11:32:35.482130Z,
FN.KLF.00.BHZ | 2025-01-29T12:12:31.192608Z - 2025-01-29T12:13:31.192608Z,,,,,,,2025-01-29T12:12:41.893990Z,,2025-01-29T12:13:03.904920Z,
FN.RANF.00.?HZ | 2025-01-29T12:12:22.461596Z - 2025-01-29T12:13:22.461596Z,,,,,,,2025-01-29T12:12:48.641060Z,,2025-01-29T12:13:16.182370Z,
FN.RNF.00.BHZ | 2025-01-29T12:12:38.510526Z - 2025-01-29T12:13:38.510526Z,,,,,,,2025-01-29T12:12:46.097090Z,,2025-01-29T12:13:10.762590Z,
HE.OBF0.00.BHZ | 2025-01-29T12:12:53.297153Z - 2025-01-29T12:13:53.297153Z,,,,,,,,,2025-01-29T12:13:05.121600Z,
HE.OBF3.00.BHZ | 2025-01-29T12:12:09.681545Z - 2025-01-29T12:13:09.681545Z,,,,,,,2025-01-29T12:12:41.119740Z,,2025-01-29T12:13:02.577630Z,
HE.OUF.00.BHZ | 2025-01-29T12:12:17.658876Z - 2025-01-29T12:13:17.658876Z,,,,,,,2025-01-29T12:12:46.871340Z,,2025-01-29T12:13:11.979280Z,
HE.TOF.00.BHZ | 2025-01-29T12:12:23.785389Z - 2025-01-29T12:13:23.785389Z,,,,,,,2025-01-29T12:12:32.475310Z,,2025-01-29T12:12:46.428910Z,
HE.FIA0.00.SHZ | 2025-01-31T09:02:04.349021Z - 2025-01-31T09:03:04.349021Z,,,,,,,2025-01-31T09:02:19.400000Z,,2025-01-31T09:02:33.000000Z,
HE.HEL5.00.BHZ | 2025-01-31T09:02:10.564265Z - 2025-01-31T09:03:10.564265Z,,,,,,,2025-01-31T09:02:27.350000Z,,,
HE.JOF.00.BHZ | 2025-01-31T09:03:04.623602Z - 2025-01-31T09:04:04.623602Z,,,,,,,,,2025-01-31T09:03:30.800000Z,
HE.KAF.00.BHZ | 2025-01-31T09:02:04.083075Z - 2025-01-31T09:03:04.083075Z,,,,,,,2025-01-31T09:02:29.280000Z,,2025-01-31T09:02:50.320000Z,
HE.KEF.00.BHZ | 2025-01-31T09:02:29.236593Z - 2025-01-31T09:03:29.236593Z,,,,,,,2025-01-31T09:02:35.780000Z,,2025-01-31T09:03:02.320000Z,
HE.KUNI.00.BHZ | 2025-01-31T09:01:51.614148Z - 2025-01-31T09:02:51.614148Z,,,,,,,2025-01-31T09:02:24.680000Z,,2025-01-31T09:02:41.320000Z,
HE.KY17.00.BHZ | 2025-01-31T09:01:34.228703Z - 2025-01-31T09:02:34.228703Z,,,,,,,2025-01-31T09:02:07.240000Z,,2025-01-31T09:02:11.080000Z,
HE.LAUT.00.BHZ | 2025-01-31T09:02:13.354159Z - 2025-01-31T09:03:13.354159Z,,,,,,,2025-01-31T09:02:25.890000Z,,,
HE.MEF.00.BHZ | 2025-01-31T09:02:19.981903Z - 2025-01-31T09:03:19.981903Z,,,,,,,2025-01-31T09:02:29.430000Z,,2025-01-31T09:02:51.920000Z,
HE.PVF.00.BHZ | 2025-01-31T09:01:53.854819Z - 2025-01-31T09:02:53.854819Z,,,,,,,2025-01-31T09:02:14.880000Z,,2025-01-31T09:02:24.580000Z,
HE.RUF.00.BHZ | 2025-01-31T09:02:06.512004Z - 2025-01-31T09:03:06.512004Z,,,,,,,2025-01-31T09:02:21.830000Z,,2025-01-31T09:02:36.880000Z,
HE.SUF.00.BHZ | 2025-01-31T09:02:30.935832Z - 2025-01-31T09:03:30.935832Z,,,,,,,2025-01-31T09:02:40.270000Z,,2025-01-31T09:03:08.340000Z,
HE.TRE03.00.BHZ | 2025-01-31T09:02:17.633766Z - 2025-01-31T09:03:17.633766Z,,,,,,,2025-01-31T09:02:34.210000Z,,2025-01-31T09:02:58.280000Z,
HE.TVF.00.BHZ | 2025-01-31T09:02:24.927049Z - 2025-01-31T09:03:24.927049Z,,,,,,,,,2025-01-31T09:03:10.020000Z,
HE.VJF.00.BHZ | 2025-01-31T09:01:33.711390Z - 2025-01-31T09:02:33.711390Z,,,,,,,2025-01-31T09:02:05.240000Z,,2025-01-31T09:02:08.160000Z,
HE.VUOS.00.BHZ | 2025-01-31T09:02:06.063362Z - 2025-01-31T09:03:06.063362Z,,,,,,,2025-01-31T09:02:23.110000Z,,2025-01-31T09:02:42.840000Z,
FN.KLF.00.BHZ | 2025-02-02T10:37:56.991906Z - 2025-02-02T10:38:56.991906Z,,,,,,,2025-02-02T10:38:25.430000Z,,2025-02-02T10:38:42.600000Z,
FN.MSF.00.BHZ | 2025-02-02T10:38:30.781338Z - 2025-02-02T10:39:30.781338Z,,,,,,,2025-02-02T10:38:38.180000Z,,2025-02-02T10:39:04.200000Z,
FN.OLKF.00.BHZ | 2025-02-02T10:38:19.451684Z - 2025-02-02T10:39:19.451684Z,,,,,,,2025-02-02T10:38:33.480000Z,,2025-02-02T10:38:55.620000Z,
FN.OUL.00.BHZ | 2025-02-02T10:38:16.024236Z - 2025-02-02T10:39:16.024236Z,,,,,,,2025-02-02T10:38:48.980000Z,,,
FN.RAJF.00.BHZ | 2025-02-02T10:37:46.368081Z - 2025-02-02T10:38:46.368081Z,,,,,,,2025-02-02T10:38:19.480000Z,,2025-02-02T10:38:27.440000Z,
FN.RANF.00.BHZ | 2025-02-02T10:38:03.722967Z - 2025-02-02T10:39:03.722967Z,,,,,,,2025-02-02T10:38:33.480000Z,,2025-02-02T10:38:55.120000Z,
FN.RNF.00.BHZ | 2025-02-02T10:38:05.456447Z - 2025-02-02T10:39:05.456447Z,,,,,,,2025-02-02T10:38:24.080000Z,,2025-02-02T10:38:39.760000Z,
HE.HEF.00.BHZ | 2025-02-02T10:38:22.022379Z - 2025-02-02T10:39:22.022379Z,,,,,,,2025-02-02T10:38:28.820000Z,,2025-02-02T10:38:48.560000Z,
HE.KEV.00.BHZ | 2025-02-02T10:38:31.999633Z - 2025-02-02T10:39:31.999633Z,,,,,,,2025-02-02T10:38:38.800000Z,,2025-02-02T10:39:05.960000Z,
HE.KIF.00.BHZ | 2025-02-02T10:38:19.174178Z - 2025-02-02T10:39:19.174178Z,,,,,,,2025-02-02T10:38:48.180000Z,,,
HE.KU1.00.BHZ | 2025-02-02T10:38:28.073573Z - 2025-02-02T10:39:28.073573Z,,,,,,,2025-02-02T10:38:42.580000Z,,2025-02-02T10:39:15.610000Z,
HE.KU2.00.BHZ | 2025-02-02T10:38:12.302009Z - 2025-02-02T10:39:12.302009Z,,,,,,,2025-02-02T10:38:39.580000Z,,2025-02-02T10:39:06.980000Z,
HE.KU6.00.BHZ | 2025-02-02T10:38:18.314742Z - 2025-02-02T10:39:18.314742Z,,,,,,,2025-02-02T10:38:39.180000Z,,2025-02-02T10:39:06.120000Z,
HE.TOF.00.BHZ | 2025-02-02T10:38:27.182394Z - 2025-02-02T10:39:27.182394Z,,,,,,,2025-02-02T10:38:36.980000Z,,2025-02-02T10:39:02.160000Z,
HE.VRF.00.BHZ | 2025-02-02T10:38:02.051637Z - 2025-02-02T10:39:02.051637Z,,,,,,,2025-02-02T10:38:21.080000Z,,2025-02-02T10:38:33.920000Z,
FN.KLF.00.BHZ | 2025-02-02T16:38:51.091846Z - 2025-02-02T16:39:51.091846Z,,,,,,,2025-02-02T16:39:10.980000Z,,2025-02-02T16:39:22.720000Z,
FN.RAJF.00.BHZ | 2025-02-02T16:39:08.786977Z - 2025-02-02T16:40:08.786977Z,,,,,,,2025-02-02T16:39:17.630000Z,,2025-02-02T16:39:37.320000Z,
FN.RANF.00.BHZ | 2025-02-02T16:39:31.933584Z - 2025-02-02T16:40:31.933584Z,,,,,,,,,2025-02-02T16:39:56.600000Z,
FN.RNF.00.BHZ | 2025-02-02T16:38:38.586691Z - 2025-02-02T16:39:38.586691Z,,,,,,,2025-02-02T16:39:18.930000Z,,,
HE.HEF.00.BHZ | 2025-02-02T16:38:35.539325Z - 2025-02-02T16:39:35.539325Z,,,,,,,2025-02-02T16:39:09.900000Z,,2025-02-02T16:39:17.880000Z,
HE.KEV.00.BHZ | 2025-02-02T16:39:14.476433Z - 2025-02-02T16:40:14.476433Z,,,,,,,2025-02-02T16:39:29.960000Z,,2025-02-02T16:39:55.040000Z,
HE.VRF.00.BHZ | 2025-02-02T16:38:32.045685Z - 2025-02-02T16:39:32.045685Z,,,,,,,2025-02-02T16:39:24.480000Z,,,
FN.KLF.00.BHZ | 2025-02-02T23:07:32.959577Z - 2025-02-02T23:08:32.959577Z,,,,,,,2025-02-02T23:07:43.680000Z,,2025-02-02T23:08:02.680000Z,
FN.RNF.00.BHZ | 2025-02-02T23:08:09.305276Z - 2025-02-02T23:09:09.305276Z,,,,,,,,,2025-02-02T23:08:28.200000Z,
HE.HEF.00.BHZ | 2025-02-02T23:07:41.182078Z - 2025-02-02T23:08:41.182078Z,,,,,,,2025-02-02T23:07:50.930000Z,,2025-02-02T23:08:12.380000Z,
HE.KIF.00.BHZ | 2025-02-02T23:07:29.747526Z - 2025-02-02T23:08:29.747526Z,,,,,,,2025-02-02T23:07:53.580000Z,,2025-02-02T23:08:19.200000Z,
HE.TOF.00.BHZ | 2025-02-02T23:07:46.128632Z - 2025-02-02T23:08:46.128632Z,,,,,,,2025-02-02T23:07:52.980000Z,,2025-02-02T23:08:18.280000Z,
HE.ECKF.00.CZ | 2025-02-02T15:12:22.667921Z - 2025-02-02T15:13:22.667921Z,,,,,,,2025-02-02T15:12:33.722670Z,,2025-02-02T15:12:55.038670Z,
UP.AAL.00.BHZ | 2025-02-02T15:12:10.815360Z - 2025-02-02T15:13:10.815360Z,,,,,,,2025-02-02T15:12:37.477880Z,,2025-02-02T15:13:01.820960Z,
FN.KLF.00.BHZ | 2025-02-02T20:06:12.024450Z - 2025-02-02T20:07:12.024450Z,,,,,,,,,2025-02-02T20:07:02.960000Z,
FN.OLKF.00.BHZ | 2025-02-02T20:05:21.340591Z - 2025-02-02T20:06:21.340591Z,,,,,,,2025-02-02T20:05:43.320000Z,,2025-02-02T20:06:11.920000Z,
FN.RAJF.00.BHZ | 2025-02-02T20:05:25.328327Z - 2025-02-02T20:06:25.328327Z,,,,,,,2025-02-02T20:05:42.580000Z,,2025-02-02T20:06:10.200000Z,
FN.RANF.00.BHZ | 2025-02-02T20:06:28.810056Z - 2025-02-02T20:07:28.810056Z,,,,,,,,,2025-02-02T20:06:41.640000Z,
HE.KEV.00.BHZ | 2025-02-02T20:05:47.965278Z - 2025-02-02T20:06:47.965278Z,,,,,,,2025-02-02T20:05:56.980000Z,,2025-02-02T20:06:39.000000Z,
HE.KU6.00.BHZ | 2025-02-02T20:05:21.206381Z - 2025-02-02T20:06:21.206381Z,,,,,,,2025-02-02T20:05:44.120000Z,,2025-02-02T20:06:13.240000Z,
HE.VRF.00.BHZ | 2025-02-02T20:05:26.293785Z - 2025-02-02T20:06:26.293785Z,,,,,,,2025-02-02T20:05:33.180000Z,,2025-02-02T20:05:54.280000Z,
FN.RAJF.00.BHZ | 2025-02-01T16:00:36.405930Z - 2025-02-01T16:01:36.405930Z,,,,,,,2025-02-01T16:00:54.780000Z,,2025-02-01T16:01:15.200000Z,
HE.KEV.00.BHZ | 2025-02-01T16:00:40.703513Z - 2025-02-01T16:01:40.703513Z,,,,,,,2025-02-01T16:00:56.140000Z,,2025-02-01T16:01:14.160000Z,
HE.KIF.00.BHZ | 2025-02-01T16:00:59.667331Z - 2025-02-01T16:01:59.667331Z,,,,,,,2025-02-01T16:01:31.180000Z,,,
HE.VRF.00.BHZ | 2025-02-01T16:01:03.321179Z - 2025-02-01T16:02:03.321179Z,,,,,,,,,2025-02-01T16:01:25.360000Z,
FN.RAJF.00.BHZ | 2025-02-01T16:01:43.799843Z - 2025-02-01T16:02:43.799843Z,,,,,,,2025-02-01T16:02:13.930000Z,,2025-02-01T16:02:34.560000Z,
FN.RNF.00.BHZ | 2025-02-01T16:02:53.599185Z - 2025-02-01T16:03:53.599185Z,,,,,,,,,2025-02-01T16:03:27.460000Z,
HE.HEF.00.BHZ | 2025-02-01T16:02:27.812577Z - 2025-02-01T16:03:27.812577Z,,,,,,,,,2025-02-01T16:03:12.800000Z,
HE.KEV.00.BHZ | 2025-02-01T16:01:48.488973Z - 2025-02-01T16:02:48.488973Z,,,,,,,2025-02-01T16:02:15.560000Z,,2025-02-01T16:02:33.060000Z,
HE.KIF.00.BHZ | 2025-02-01T16:02:06.963220Z - 2025-02-01T16:03:06.963220Z,,,,,,,2025-02-01T16:02:47.830000Z,,,
HE.VRF.00.BHZ | 2025-02-01T16:02:23.959906Z - 2025-02-01T16:03:23.959906Z,,,,,,,,,2025-02-01T16:02:43.760000Z,
FN.KLF.00.BHZ | 2025-02-01T20:15:21.781651Z - 2025-02-01T20:16:21.781651Z,,,,,,,,,2025-02-01T20:15:27.560000Z,
FN.MSF.00.BHZ | 2025-02-01T20:14:04.066774Z - 2025-02-01T20:15:04.066774Z,,,,,,,2025-02-01T20:14:19.080000Z,,2025-02-01T20:14:52.280000Z,
FN.OLKF.00.BHZ | 2025-02-01T20:13:46.381704Z - 2025-02-01T20:14:46.381704Z,,,,,,,2025-02-01T20:14:12.320000Z,,2025-02-01T20:14:40.600000Z,
FN.RAJF.00.BHZ | 2025-02-01T20:13:59.199327Z - 2025-02-01T20:14:59.199327Z,,,,,,,2025-02-01T20:14:11.980000Z,,2025-02-01T20:14:38.020000Z,
FN.RANF.00.BHZ | 2025-02-01T20:15:01.665943Z - 2025-02-01T20:16:01.665943Z,,,,,,,,,2025-02-01T20:15:12.320000Z,
FN.RNF.00.BHZ | 2025-02-01T20:14:27.515098Z - 2025-02-01T20:15:27.515098Z,,,,,,,,,2025-02-01T20:15:05.640000Z,
HE.HEF.00.BHZ | 2025-02-01T20:14:49.246116Z - 2025-02-01T20:15:49.246116Z,,,,,,,,,2025-02-01T20:15:18.720000Z,
HE.KEV.00.BHZ | 2025-02-01T20:14:13.772922Z - 2025-02-01T20:15:13.772922Z,,,,,,,2025-02-01T20:14:25.980000Z,,2025-02-01T20:15:03.640000Z,
HE.KU6.00.BHZ | 2025-02-01T20:14:07.768296Z - 2025-02-01T20:15:07.768296Z,,,,,,,2025-02-01T20:14:13.420000Z,,2025-02-01T20:14:42.660000Z,
HE.VRF.00.BHZ | 2025-02-01T20:13:43.131563Z - 2025-02-01T20:14:43.131563Z,,,,,,,2025-02-01T20:14:01.880000Z,,2025-02-01T20:14:21.480000Z,
FN.MSF.00.BHZ | 2025-02-01T22:17:25.536607Z - 2025-02-01T22:18:25.536607Z,,,,,,,,,2025-02-01T22:17:48.800000Z,
FN.OLKF.00.BHZ | 2025-02-01T22:16:57.542344Z - 2025-02-01T22:17:57.542344Z,,,,,,,2025-02-01T22:17:07.480000Z,,2025-02-01T22:17:36.880000Z,
FN.RAJF.00.BHZ | 2025-02-01T22:16:58.815651Z - 2025-02-01T22:17:58.815651Z,,,,,,,2025-02-01T22:17:07.280000Z,,2025-02-01T22:17:35.840000Z,
FN.RANF.00.BHZ | 2025-02-01T22:17:32.097789Z - 2025-02-01T22:18:32.097789Z,,,,,,,,,2025-02-01T22:18:06.880000Z,
FN.RNF.00.BHZ | 2025-02-01T22:17:37.322530Z - 2025-02-01T22:18:37.322530Z,,,,,,,,,2025-02-01T22:17:59.920000Z,
HE.HEF.00.BHZ | 2025-02-01T22:18:17.341516Z - 2025-02-01T22:19:17.341516Z,,,,,,,,,2025-02-01T22:18:28.760000Z,
HE.KEV.00.BHZ | 2025-02-01T22:17:50.930957Z - 2025-02-01T22:18:50.930957Z,,,,,,,,,2025-02-01T22:18:00.000000Z,
HE.KU6.00.BHZ | 2025-02-01T22:16:43.624893Z - 2025-02-01T22:17:43.624893Z,,,,,,,,,2025-02-01T22:17:38.320000Z,
HE.VRF.00.BHZ | 2025-02-01T22:16:51.950856Z - 2025-02-01T22:17:51.950856Z,,,,,,,2025-02-01T22:16:57.040000Z,,2025-02-01T22:17:18.920000Z,
FN.KLF.00.BHZ | 2025-01-31T08:17:46.908894Z - 2025-01-31T08:18:46.908894Z,,,,,,,2025-01-31T08:18:02.780000Z,,,
FN.MSF.00.BHZ | 2025-01-31T08:17:46.571156Z - 2025-01-31T08:18:46.571156Z,,,,,,,2025-01-31T08:17:58.440000Z,,2025-01-31T08:18:25.880000Z,
FN.OLKF.00.BHZ | 2025-01-31T08:17:58.947861Z - 2025-01-31T08:18:58.947861Z,,,,,,,2025-01-31T08:18:04.140000Z,,2025-01-31T08:18:35.920000Z,
FN.OUL.00.BHZ | 2025-01-31T08:17:15.673750Z - 2025-01-31T08:18:15.673750Z,,,,,,,2025-01-31T08:17:30.680000Z,,2025-01-31T08:17:38.800000Z,
FN.RANF.00.BHZ | 2025-01-31T08:17:37.008448Z - 2025-01-31T08:18:37.008448Z,,,,,,,2025-01-31T08:17:47.630000Z,,2025-01-31T08:18:08.680000Z,
FN.RNF.00.BHZ | 2025-01-31T08:17:49.207521Z - 2025-01-31T08:18:49.207521Z,,,,,,,2025-01-31T08:17:54.480000Z,,2025-01-31T08:18:20.760000Z,
HE.KAF.00.BHZ | 2025-01-31T08:17:51.759053Z - 2025-01-31T08:18:51.759053Z,,,,,,,2025-01-31T08:18:06.380000Z,,2025-01-31T08:18:41.240000Z,
HE.KEF.00.BHZ | 2025-01-31T08:18:27.696495Z - 2025-01-31T08:19:27.696495Z,,,,,,,,,2025-01-31T08:18:37.140000Z,
HE.KJNF.00.BHZ | 2025-01-31T08:17:31.795939Z - 2025-01-31T08:18:31.795939Z,,,,,,,2025-01-31T08:17:43.900000Z,,2025-01-31T08:18:01.820000Z,
HE.KU1.00.BHZ | 2025-01-31T08:17:48.345794Z - 2025-01-31T08:18:48.345794Z,,,,,,,2025-01-31T08:17:58.080000Z,,2025-01-31T08:18:27.180000Z,
HE.KU2.00.BHZ | 2025-01-31T08:17:44.792527Z - 2025-01-31T08:18:44.792527Z,,,,,,,2025-01-31T08:17:51.280000Z,,2025-01-31T08:18:14.940000Z,
HE.KU6.00.BHZ | 2025-01-31T08:17:55.740371Z - 2025-01-31T08:18:55.740371Z,,,,,,,2025-01-31T08:18:03.680000Z,,2025-01-31T08:18:35.880000Z,
HE.NIF.00.BHZ | 2025-01-31T08:17:24.682996Z - 2025-01-31T08:18:24.682996Z,,,,,,,2025-01-31T08:17:53.000000Z,,2025-01-31T08:18:18.340000Z,
HE.OBF0.00.BHZ | 2025-01-31T08:16:53.159135Z - 2025-01-31T08:17:53.159135Z,,,,,,,2025-01-31T08:17:24.720000Z,,2025-01-31T08:17:28.880000Z,
HE.OBF3.00.BHZ | 2025-01-31T08:16:41.127293Z - 2025-01-31T08:17:41.127293Z,,,,,,,2025-01-31T08:17:20.980000Z,,,
HE.OBF8.00.BHZ | 2025-01-31T08:17:08.186343Z - 2025-01-31T08:18:08.186343Z,,,,,,,,,2025-01-31T08:17:41.440000Z,
HE.OUF.00.BHZ | 2025-01-31T08:17:15.325140Z - 2025-01-31T08:18:15.325140Z,,,,,,,2025-01-31T08:17:25.380000Z,,2025-01-31T08:17:30.440000Z,
HE.RMF.00.BHZ | 2025-01-31T08:17:39.242740Z - 2025-01-31T08:18:39.242740Z,,,,,,,2025-01-31T08:18:00.180000Z,,2025-01-31T08:18:30.420000Z,
HE.SUF.00.BHZ | 2025-01-31T08:17:42.861721Z - 2025-01-31T08:18:42.861721Z,,,,,,,2025-01-31T08:17:56.540000Z,,2025-01-31T08:18:24.940000Z,
HE.TOF.00.BHZ | 2025-01-31T08:17:22.010803Z - 2025-01-31T08:18:22.010803Z,,,,,,,2025-01-31T08:17:44.680000Z,,2025-01-31T08:18:03.280000Z,
HE.VAF.00.BHZ | 2025-01-31T08:17:42.631794Z - 2025-01-31T08:18:42.631794Z,,,,,,,2025-01-31T08:17:53.780000Z,,2025-01-31T08:18:19.200000Z,
HE.HEL1.00.BHZ | 2025-01-31T08:59:24.941559Z - 2025-01-31T09:00:24.941559Z,,,,,,,2025-01-31T08:59:46.080000Z,,2025-01-31T08:59:46.960000Z,
HE.HEL5.00.BHZ | 2025-01-31T08:59:05.268588Z - 2025-01-31T09:00:05.268588Z,,,,,,,2025-01-31T08:59:47.630000Z,,,
HE.JOF.00.BHZ | 2025-01-31T09:00:21.559187Z - 2025-01-31T09:01:21.559187Z,,,,,,,2025-01-31T09:00:46.830000Z,,,
HE.KUNI.00.BHZ | 2025-01-31T08:59:32.156747Z - 2025-01-31T09:00:32.156747Z,,,,,,,2025-01-31T08:59:46.940000Z,,2025-01-31T08:59:48.500000Z,
HE.LAUT.00.BHZ | 2025-01-31T08:58:55.118594Z - 2025-01-31T08:59:55.118594Z,,,,,,,2025-01-31T08:59:46.340000Z,,2025-01-31T08:59:47.440000Z,
HE.VUOS.00.BHZ | 2025-01-31T08:59:10.357299Z - 2025-01-31T09:00:10.357299Z,,,,,,,2025-01-31T08:59:46.090000Z,,2025-01-31T08:59:47.080000Z,
HE.FIA0.00.SHZ | 2025-01-31T09:26:13.793093Z - 2025-01-31T09:27:13.793093Z,,,,,,,2025-01-31T09:26:28.400000Z,,2025-01-31T09:26:51.800000Z,
HE.HEL1.00.BHZ | 2025-01-31T09:25:31.646234Z - 2025-01-31T09:26:31.646234Z,,,,,,,2025-01-31T09:26:03.800000Z,,2025-01-31T09:26:05.940000Z,
HE.HEL5.00.BHZ | 2025-01-31T09:25:42.565474Z - 2025-01-31T09:26:42.565474Z,,,,,,,2025-01-31T09:26:02.380000Z,,,
HE.KUNI.00.BHZ | 2025-01-31T09:25:29.554824Z - 2025-01-31T09:26:29.554824Z,,,,,,,2025-01-31T09:26:04.660000Z,,2025-01-31T09:26:07.880000Z,
HE.LAUT.00.BHZ | 2025-01-31T09:25:42.755596Z - 2025-01-31T09:26:42.755596Z,,,,,,,2025-01-31T09:26:03.480000Z,,2025-01-31T09:26:05.380000Z,
HE.MEF.00.BHZ | 2025-01-31T09:25:09.482672Z - 2025-01-31T09:26:09.482672Z,,,,,,,2025-01-31T09:26:02.560000Z,,,
HE.NUR.00.BHZ | 2025-01-31T09:25:16.379838Z - 2025-01-31T09:26:16.379838Z,,,,,,,2025-01-31T09:26:07.440000Z,,,
HE.PVF.00.BHZ | 2025-01-31T09:26:09.256423Z - 2025-01-31T09:27:09.256423Z,,,,,,,2025-01-31T09:26:14.920000Z,,,
HE.RAF.00.BHZ | 2025-01-31T09:26:14.850555Z - 2025-01-31T09:27:14.850555Z,,,,,,,2025-01-31T09:26:30.780000Z,,,
HE.VUOS.00.BHZ | 2025-01-31T09:25:44.600265Z - 2025-01-31T09:26:44.600265Z,,,,,,,2025-01-31T09:26:06.200000Z,,2025-01-31T09:26:10.600000Z,
FN.KLF.00.BHZ | 2025-01-31T11:16:53.101632Z - 2025-01-31T11:17:53.101632Z,,,,,,,2025-01-31T11:17:14.080000Z,,2025-01-31T11:17:38.000000Z,
FN.MSF.00.BHZ | 2025-01-31T11:17:02.039231Z - 2025-01-31T11:18:02.039231Z,,,,,,,2025-01-31T11:17:11.380000Z,,2025-01-31T11:17:31.840000Z,
FN.OLKF.00.BHZ | 2025-01-31T11:17:03.217722Z - 2025-01-31T11:18:03.217722Z,,,,,,,2025-01-31T11:17:15.380000Z,,2025-01-31T11:17:40.080000Z,
FN.OUL.00.BHZ | 2025-01-31T11:16:34.106121Z - 2025-01-31T11:17:34.106121Z,,,,,,,2025-01-31T11:16:50.760000Z,,,
FN.RANF.00.BHZ | 2025-01-31T11:16:19.128096Z - 2025-01-31T11:17:19.128096Z,,,,,,,2025-01-31T11:16:55.780000Z,,2025-01-31T11:17:06.660000Z,
FN.RNF.00.BHZ | 2025-01-31T11:16:37.690239Z - 2025-01-31T11:17:37.690239Z,,,,,,,2025-01-31T11:17:02.830000Z,,2025-01-31T11:17:21.260000Z,
HE.KU1.00.BHZ | 2025-01-31T11:17:08.335894Z - 2025-01-31T11:18:08.335894Z,,,,,,,2025-01-31T11:17:13.580000Z,,2025-01-31T11:17:37.160000Z,
HE.KU2.00.BHZ | 2025-01-31T11:16:35.652777Z - 2025-01-31T11:17:35.652777Z,,,,,,,2025-01-31T11:17:04.080000Z,,2025-01-31T11:17:20.140000Z,
HE.KU6.00.BHZ | 2025-01-31T11:17:02.008649Z - 2025-01-31T11:18:02.008649Z,,,,,,,2025-01-31T11:17:16.880000Z,,2025-01-31T11:17:42.640000Z,
HE.OBF0.00.BHZ | 2025-01-31T11:16:45.031122Z - 2025-01-31T11:17:45.031122Z,,,,,,,2025-01-31T11:17:02.760000Z,,2025-01-31T11:17:18.040000Z,
HE.OBF3.00.BHZ | 2025-01-31T11:16:40.520248Z - 2025-01-31T11:17:40.520248Z,,,,,,,2025-01-31T11:16:55.530000Z,,2025-01-31T11:17:05.800000Z,
HE.OUF.00.BHZ | 2025-01-31T11:16:49.797433Z - 2025-01-31T11:17:49.797433Z,,,,,,,2025-01-31T11:17:03.280000Z,,2025-01-31T11:17:19.140000Z,
HE.RMF.00.BHZ | 2025-01-31T11:17:48.473936Z - 2025-01-31T11:18:48.473936Z,,,,,,,,,2025-01-31T11:17:53.940000Z,
HE.TOF.00.BHZ | 2025-01-31T11:16:39.799095Z - 2025-01-31T11:17:39.799095Z,,,,,,,2025-01-31T11:16:54.380000Z,,2025-01-31T11:17:03.540000Z,
HE.VAF.00.BHZ | 2025-01-31T11:17:52.053479Z - 2025-01-31T11:18:52.053479Z,,,,,,,,,2025-01-31T11:18:05.660000Z,
HE.FIA0.00.SHZ | 2025-01-31T11:29:59.751287Z - 2025-01-31T11:30:59.751287Z,,,,,,,2025-01-31T11:30:42.000000Z,,,
HE.HEL1.00.BHZ | 2025-01-31T11:29:55.500370Z - 2025-01-31T11:30:55.500370Z,,,,,,,2025-01-31T11:30:20.200000Z,,,
HE.HEL5.00.BHZ | 2025-01-31T11:29:39.198567Z - 2025-01-31T11:30:39.198567Z,,,,,,,2025-01-31T11:30:19.660000Z,,,
HE.KEF.00.BHZ | 2025-01-31T11:30:43.990711Z - 2025-01-31T11:31:43.990711Z,,,,,,,,,2025-01-31T11:31:13.660000Z,
HE.KUNI.00.BHZ | 2025-01-31T11:29:40.190392Z - 2025-01-31T11:30:40.190392Z,,,,,,,2025-01-31T11:30:20.000000Z,,2025-01-31T11:30:25.160000Z,
HE.LAUT.00.BHZ | 2025-01-31T11:30:06.626998Z - 2025-01-31T11:31:06.626998Z,,,,,,,2025-01-31T11:30:20.130000Z,,,
HE.MEF.00.BHZ | 2025-01-31T11:30:06.921323Z - 2025-01-31T11:31:06.921323Z,,,,,,,2025-01-31T11:30:15.960000Z,,2025-01-31T11:30:17.580000Z,
HE.NUR.00.BHZ | 2025-01-31T11:29:53.671307Z - 2025-01-31T11:30:53.671307Z,,,,,,,2025-01-31T11:30:19.320000Z,,2025-01-31T11:30:22.960000Z,
HE.PVF.00.BHZ | 2025-01-31T11:30:05.100504Z - 2025-01-31T11:31:05.100504Z,,,,,,,2025-01-31T11:30:29.310000Z,,2025-01-31T11:30:40.180000Z,
HE.RAF.00.BHZ | 2025-01-31T11:30:21.275615Z - 2025-01-31T11:31:21.275615Z,,,,,,,2025-01-31T11:30:41.980000Z,,,
HE.TRE03.00.BHZ | 2025-01-31T11:30:30.943855Z - 2025-01-31T11:31:30.943855Z,,,,,,,2025-01-31T11:30:39.540000Z,,2025-01-31T11:30:56.880000Z,
HE.TVF.00.BHZ | 2025-01-31T11:30:21.835715Z - 2025-01-31T11:31:21.835715Z,,,,,,,,,2025-01-31T11:30:36.680000Z,
HE.VJF.00.BHZ | 2025-01-31T11:30:27.134624Z - 2025-01-31T11:31:27.134624Z,,,,,,,2025-01-31T11:30:44.760000Z,,2025-01-31T11:31:07.780000Z,
HE.VUOS.00.BHZ | 2025-01-31T11:29:44.300443Z - 2025-01-31T11:30:44.300443Z,,,,,,,2025-01-31T11:30:22.640000Z,,,
FN.KLF.00.BHZ | 2025-01-31T19:05:42.392444Z - 2025-01-31T19:06:42.392444Z,,,,,,,,,2025-01-31T19:05:53.040000Z,
FN.MSF.00.BHZ | 2025-01-31T19:04:21.348717Z - 2025-01-31T19:05:21.348717Z,,,,,,,2025-01-31T19:04:40.880000Z,,2025-01-31T19:05:14.960000Z,
FN.OLKF.00.BHZ | 2025-01-31T19:04:22.233738Z - 2025-01-31T19:05:22.233738Z,,,,,,,2025-01-31T19:04:33.840000Z,,2025-01-31T19:05:02.120000Z,
FN.RAJF.00.BHZ | 2025-01-31T19:04:08.370551Z - 2025-01-31T19:05:08.370551Z,,,,,,,2025-01-31T19:04:33.140000Z,,2025-01-31T19:05:00.720000Z,
FN.RANF.00.BHZ | 2025-01-31T19:04:55.277033Z - 2025-01-31T19:05:55.277033Z,,,,,,,,,2025-01-31T19:05:33.720000Z,
FN.RNF.00.BHZ | 2025-01-31T19:05:08.250256Z - 2025-01-31T19:06:08.250256Z,,,,,,,,,2025-01-31T19:05:25.640000Z,
HE.KEV.00.BHZ | 2025-01-31T19:04:42.381435Z - 2025-01-31T19:05:42.381435Z,,,,,,,,,2025-01-31T19:05:24.940000Z,
HE.KU2.00.BHZ | 2025-01-31T19:04:20.545104Z - 2025-01-31T19:05:20.545104Z,,,,,,,2025-01-31T19:04:42.750000Z,,,
HE.KU6.00.BHZ | 2025-01-31T19:04:18.879249Z - 2025-01-31T19:05:18.879249Z,,,,,,,2025-01-31T19:04:34.860000Z,,2025-01-31T19:05:04.400000Z,
HE.VRF.00.BHZ | 2025-01-31T19:03:52.541370Z - 2025-01-31T19:04:52.541370Z,,,,,,,2025-01-31T19:04:23.920000Z,,2025-01-31T19:04:42.920000Z,
FN.MSF.00.BHZ | 2025-01-31T20:15:26.562520Z - 2025-01-31T20:16:26.562520Z,,,,,,,,,2025-01-31T20:16:14.800000Z,
FN.RAJF.00.BHZ | 2025-01-31T20:15:19.228064Z - 2025-01-31T20:16:19.228064Z,,,,,,,2025-01-31T20:15:33.680000Z,,2025-01-31T20:16:01.440000Z,
FN.RANF.00.BHZ | 2025-01-31T20:15:58.629008Z - 2025-01-31T20:16:58.629008Z,,,,,,,,,2025-01-31T20:16:32.880000Z,
HE.HEF.00.BHZ | 2025-01-31T20:16:20.638597Z - 2025-01-31T20:17:20.638597Z,,,,,,,,,2025-01-31T20:16:41.300000Z,
HE.KEV.00.BHZ | 2025-01-31T20:15:31.150203Z - 2025-01-31T20:16:31.150203Z,,,,,,,2025-01-31T20:15:47.710000Z,,2025-01-31T20:16:25.720000Z,
HE.KU6.00.BHZ | 2025-01-31T20:15:40.775208Z - 2025-01-31T20:16:40.775208Z,,,,,,,,,2025-01-31T20:16:04.960000Z,
HE.VRF.00.BHZ | 2025-01-31T20:15:02.651205Z - 2025-01-31T20:16:02.651205Z,,,,,,,2025-01-31T20:15:24.280000Z,,2025-01-31T20:15:43.800000Z,
FN.MSF.00.BHZ | 2025-01-31T20:23:02.243314Z - 2025-01-31T20:24:02.243314Z,,,,,,,2025-01-31T20:23:26.980000Z,,,
FN.OLKF.00.BHZ | 2025-01-31T20:23:03.373203Z - 2025-01-31T20:24:03.373203Z,,,,,,,2025-01-31T20:23:20.480000Z,,2025-01-31T20:23:48.760000Z,
FN.RAJF.00.BHZ | 2025-01-31T20:23:07.738039Z - 2025-01-31T20:24:07.738039Z,,,,,,,2025-01-31T20:23:19.880000Z,,2025-01-31T20:23:46.980000Z,
FN.RANF.00.BHZ | 2025-01-31T20:24:00.549278Z - 2025-01-31T20:25:00.549278Z,,,,,,,,,2025-01-31T20:24:18.240000Z,
FN.RNF.00.BHZ | 2025-01-31T20:23:44.692890Z - 2025-01-31T20:24:44.692890Z,,,,,,,,,2025-01-31T20:24:12.880000Z,
HE.KEV.00.BHZ | 2025-01-31T20:23:18.073956Z - 2025-01-31T20:24:18.073956Z,,,,,,,2025-01-31T20:23:33.880000Z,,2025-01-31T20:24:12.280000Z,
HE.KU2.00.BHZ | 2025-01-31T20:23:58.803864Z - 2025-01-31T20:24:58.803864Z,,,,,,,,,2025-01-31T20:24:12.750000Z,
HE.KU6.00.BHZ | 2025-01-31T20:22:58.246489Z - 2025-01-31T20:23:58.246489Z,,,,,,,2025-01-31T20:23:21.440000Z,,2025-01-31T20:23:50.560000Z,
HE.VRF.00.BHZ | 2025-01-31T20:23:00.536488Z - 2025-01-31T20:24:00.536488Z,,,,,,,2025-01-31T20:23:09.980000Z,,2025-01-31T20:23:30.120000Z,
FN.MSF.00.BHZ | 2025-02-03T06:26:24.989732Z - 2025-02-03T06:27:24.989732Z,,,,,,,,,2025-02-03T06:26:42.880000Z,
FN.OLKF.00.BHZ | 2025-02-03T06:26:15.218334Z - 2025-02-03T06:27:15.218334Z,,,,,,,,,2025-02-03T06:26:52.600000Z,
FN.RANF.00.BHZ | 2025-02-03T06:26:12.048521Z - 2025-02-03T06:27:12.048521Z,,,,,,,,,2025-02-03T06:27:04.000000Z,
HE.JOF.00.BHZ | 2025-02-03T06:26:23.450750Z - 2025-02-03T06:27:23.450750Z,,,,,,,,,2025-02-03T06:26:54.520000Z,
HE.KU1.00.BHZ | 2025-02-03T06:26:05.263177Z - 2025-02-03T06:27:05.263177Z,,,,,,,2025-02-03T06:26:17.660000Z,,2025-02-03T06:26:30.080000Z,
HE.KU2.00.BHZ | 2025-02-03T06:25:58.449963Z - 2025-02-03T06:26:58.449963Z,,,,,,,2025-02-03T06:26:25.680000Z,,2025-02-03T06:26:44.380000Z,
HE.KU6.00.BHZ | 2025-02-03T06:26:35.905109Z - 2025-02-03T06:27:35.905109Z,,,,,,,,,2025-02-03T06:26:42.180000Z,
HE.RMF.00.BHZ | 2025-02-03T06:25:56.860199Z - 2025-02-03T06:26:56.860199Z,,,,,,,2025-02-03T06:26:09.890000Z,,2025-02-03T06:26:17.080000Z,
HE.HEL1.00.BHZ | 2025-02-03T15:00:01.143527Z - 2025-02-03T15:01:01.143527Z,,,,,,,,,2025-02-03T15:00:06.381620Z,
HE.HEL5.00.BHZ | 2025-02-03T14:59:43.138421Z - 2025-02-03T15:00:43.138421Z,,,,,,,2025-02-03T15:00:05.083490Z,,2025-02-03T15:00:06.779360Z,
HE.KUNI.00.BHZ | 2025-02-03T14:59:50.973947Z - 2025-02-03T15:00:50.973947Z,,,,,,,2025-02-03T15:00:05.008670Z,,2025-02-03T15:00:07.028760Z,
HE.LAUT.00.BHZ | 2025-02-03T14:59:57.102070Z - 2025-02-03T15:00:57.102070Z,,,,,,,2025-02-03T15:00:05.083490Z,,2025-02-03T15:00:06.505030Z,
HE.MEF.00.BHZ | 2025-02-03T14:59:31.211902Z - 2025-02-03T15:00:31.211902Z,,,,,,,2025-02-03T15:00:05.563350Z,,2025-02-03T15:00:07.504750Z,
HE.NUR.00.SHZ | 2025-02-03T14:59:36.458936Z - 2025-02-03T15:00:36.458936Z,,,,,,,2025-02-03T15:00:07.940550Z,,2025-02-03T15:00:11.715200Z,
HE.RSUO.00.BHZ | 2025-02-03T14:59:24.842047Z - 2025-02-03T15:00:24.842047Z,,,,,,,2025-02-03T15:00:05.008670Z,,2025-02-03T15:00:06.305510Z,
HE.VUOS.00.BHZ | 2025-02-03T14:59:36.925002Z - 2025-02-03T15:00:36.925002Z,,,,,,,2025-02-03T15:00:07.317920Z,,2025-02-03T15:00:10.362260Z,
FN.MSF.00.BHZ | 2025-02-03T04:09:52.240080Z - 2025-02-03T04:10:52.240080Z,,,,,,,,,2025-02-03T04:10:21.430000Z,
FN.OLKF.00.BHZ | 2025-02-03T04:09:38.618036Z - 2025-02-03T04:10:38.618036Z,,,,,,,2025-02-03T04:09:44.840000Z,,2025-02-03T04:10:12.880000Z,
FN.OUL.00.BHZ | 2025-02-03T04:10:36.066069Z - 2025-02-03T04:11:36.066069Z,,,,,,,,,2025-02-03T04:11:07.730000Z,
FN.RAJF.00.BHZ | 2025-02-03T04:09:39.017525Z - 2025-02-03T04:10:39.017525Z,,,,,,,2025-02-03T04:09:44.080000Z,,2025-02-03T04:10:11.280000Z,
FN.RANF.00.BHZ | 2025-02-03T04:10:13.673277Z - 2025-02-03T04:11:13.673277Z,,,,,,,,,2025-02-03T04:10:42.880000Z,
FN.RNF.00.BHZ | 2025-02-03T04:09:51.429925Z - 2025-02-03T04:10:51.429925Z,,,,,,,,,2025-02-03T04:10:37.600000Z,
HE.HEF.00.BHZ | 2025-02-03T04:10:08.680903Z - 2025-02-03T04:11:08.680903Z,,,,,,,,,2025-02-03T04:10:51.420000Z,
HE.KEV.00.BHZ | 2025-02-03T04:09:42.196654Z - 2025-02-03T04:10:42.196654Z,,,,,,,2025-02-03T04:09:57.980000Z,,2025-02-03T04:10:36.200000Z,
HE.KU1.00.BHZ | 2025-02-03T04:10:10.000942Z - 2025-02-03T04:11:10.000942Z,,,,,,,,,2025-02-03T04:10:24.140000Z,
HE.KU2.00.BHZ | 2025-02-03T04:10:22.805962Z - 2025-02-03T04:11:22.805962Z,,,,,,,,,2025-02-03T04:10:36.680000Z,
HE.KU6.00.BHZ | 2025-02-03T04:09:20.434008Z - 2025-02-03T04:10:20.434008Z,,,,,,,2025-02-03T04:09:45.960000Z,,2025-02-03T04:10:14.800000Z,
HE.VRF.00.BHZ | 2025-02-03T04:09:01.996086Z - 2025-02-03T04:10:01.996086Z,,,,,,,2025-02-03T04:09:34.180000Z,,2025-02-03T04:09:53.800000Z,
FN.KLF.00.BHZ | 2025-02-03T10:38:26.890329Z - 2025-02-03T10:39:26.890329Z,,,,,,,,,2025-02-03T10:38:32.280000Z,
FN.MSF.00.BHZ | 2025-02-03T10:37:00.715481Z - 2025-02-03T10:38:00.715481Z,,,,,,,,,2025-02-03T10:37:54.840000Z,
FN.OLKF.00.BHZ | 2025-02-03T10:36:52.933936Z - 2025-02-03T10:37:52.933936Z,,,,,,,2025-02-03T10:37:13.280000Z,,2025-02-03T10:37:41.920000Z,
FN.RAJF.00.BHZ | 2025-02-03T10:36:46.316495Z - 2025-02-03T10:37:46.316495Z,,,,,,,2025-02-03T10:37:12.700000Z,,2025-02-03T10:37:39.920000Z,
FN.RANF.00.BHZ | 2025-02-03T10:37:20.726940Z - 2025-02-03T10:38:20.726940Z,,,,,,,,,2025-02-03T10:38:12.200000Z,
FN.RNF.00.BHZ | 2025-02-03T10:37:52.082740Z - 2025-02-03T10:38:52.082740Z,,,,,,,,,2025-02-03T10:38:05.120000Z,
HE.HEF.00.BHZ | 2025-02-03T10:37:35.279568Z - 2025-02-03T10:38:35.279568Z,,,,,,,2025-02-03T10:37:43.730000Z,,2025-02-03T10:38:20.040000Z,
HE.KEV.00.BHZ | 2025-02-03T10:37:12.529293Z - 2025-02-03T10:38:12.529293Z,,,,,,,2025-02-03T10:37:26.720000Z,,2025-02-03T10:38:04.730000Z,
HE.KU6.00.BHZ | 2025-02-03T10:36:57.427006Z - 2025-02-03T10:37:57.427006Z,,,,,,,2025-02-03T10:37:14.340000Z,,2025-02-03T10:37:43.960000Z,
HE.TOF.00.BHZ | 2025-02-03T10:38:04.386531Z - 2025-02-03T10:39:04.386531Z,,,,,,,,,2025-02-03T10:38:41.360000Z,
HE.VRF.00.BHZ | 2025-02-03T10:36:32.586384Z - 2025-02-03T10:37:32.586384Z,,,,,,,2025-02-03T10:37:02.880000Z,,2025-02-03T10:37:22.200000Z,
FN.MSF.00.BHZ | 2025-02-03T12:09:18.720292Z - 2025-02-03T12:10:18.720292Z,,,,,,,,,2025-02-03T12:09:42.040000Z,
FN.OLKF.00.BHZ | 2025-02-03T12:08:56.487941Z - 2025-02-03T12:09:56.487941Z,,,,,,,2025-02-03T12:09:02.040000Z,,2025-02-03T12:09:30.040000Z,
FN.RAJF.00.BHZ | 2025-02-03T12:08:39.387282Z - 2025-02-03T12:09:39.387282Z,,,,,,,2025-02-03T12:09:01.760000Z,,2025-02-03T12:09:28.220000Z,
FN.RANF.00.BHZ | 2025-02-03T12:09:29.457117Z - 2025-02-03T12:10:29.457117Z,,,,,,,,,2025-02-03T12:10:01.640000Z,
FN.RNF.00.BHZ | 2025-02-03T12:09:14.863879Z - 2025-02-03T12:10:14.863879Z,,,,,,,,,2025-02-03T12:09:53.720000Z,
HE.KEV.00.BHZ | 2025-02-03T12:09:27.755197Z - 2025-02-03T12:10:27.755197Z,,,,,,,,,2025-02-03T12:09:53.340000Z,
HE.KU6.00.BHZ | 2025-02-03T12:09:10.321441Z - 2025-02-03T12:10:10.321441Z,,,,,,,,,2025-02-03T12:09:31.560000Z,
HE.VRF.00.BHZ | 2025-02-03T12:08:41.412091Z - 2025-02-03T12:09:41.412091Z,,,,,,,2025-02-03T12:08:51.380000Z,,2025-02-03T12:09:10.540000Z,
FN.KLF.00.BHZ | 2025-02-03T23:21:35.271696Z - 2025-02-03T23:22:35.271696Z,,,,,,,2025-02-03T23:21:50.920000Z,,,
FN.RANF.00.BHZ | 2025-02-03T23:21:41.704705Z - 2025-02-03T23:22:41.704705Z,,,,,,,,,2025-02-03T23:21:56.000000Z,
FN.RNF.00.BHZ | 2025-02-03T23:21:29.381972Z - 2025-02-03T23:22:29.381972Z,,,,,,,,,2025-02-03T23:22:15.480000Z,
HE.KJNF.00.BHZ | 2025-02-03T23:20:49.759032Z - 2025-02-03T23:21:49.759032Z,,,,,,,2025-02-03T23:20:59.710000Z,,2025-02-03T23:21:02.940000Z,
HE.OBF0.00.BHZ | 2025-02-03T23:20:53.336058Z - 2025-02-03T23:21:53.336058Z,,,,,,,2025-02-03T23:21:26.080000Z,,,
HE.TOF.00.BHZ | 2025-02-03T23:21:32.169599Z - 2025-02-03T23:22:32.169599Z,,,,,,,2025-02-03T23:21:40.840000Z,,2025-02-03T23:22:05.340000Z,
FN.OLKF.00.BHZ | 2025-02-03T19:37:46.490477Z - 2025-02-03T19:38:46.490477Z,,,,,,,2025-02-03T19:37:54.120000Z,,2025-02-03T19:38:23.120000Z,
FN.RAJF.00.BHZ | 2025-02-03T19:38:15.251714Z - 2025-02-03T19:39:15.251714Z,,,,,,,,,2025-02-03T19:38:21.740000Z,
FN.RNF.00.BHZ | 2025-02-03T19:38:01.731869Z - 2025-02-03T19:39:01.731869Z,,,,,,,2025-02-03T19:38:07.000000Z,,2025-02-03T19:38:54.680000Z,
HE.KEV.00.BHZ | 2025-02-03T19:38:00.818752Z - 2025-02-03T19:39:00.818752Z,,,,,,,2025-02-03T19:38:07.880000Z,,2025-02-03T19:38:46.280000Z,
HE.KU6.00.BHZ | 2025-02-03T19:37:42.335351Z - 2025-02-03T19:38:42.335351Z,,,,,,,2025-02-03T19:37:55.040000Z,,2025-02-03T19:38:24.720000Z,
HE.TOF.00.BHZ | 2025-02-03T19:37:52.305489Z - 2025-02-03T19:38:52.305489Z,,,,,,,2025-02-03T19:38:17.400000Z,,,
HE.VRF.00.BHZ | 2025-02-03T19:37:58.754544Z - 2025-02-03T19:38:58.754544Z,,,,,,,,,2025-02-03T19:38:04.760000Z,
FN.KLF.00.BHZ | 2025-02-03T13:07:47.006034Z - 2025-02-03T13:08:47.006034Z,,,,,,,2025-02-03T13:07:59.520000Z,,2025-02-03T13:08:33.400000Z,
FN.MSF.00.BHZ | 2025-02-03T13:07:42.695068Z - 2025-02-03T13:08:42.695068Z,,,,,,,2025-02-03T13:07:48.320000Z,,2025-02-03T13:08:11.840000Z,
FN.OLKF.00.BHZ | 2025-02-03T13:07:10.748838Z - 2025-02-03T13:08:10.748838Z,,,,,,,2025-02-03T13:07:41.440000Z,,2025-02-03T13:07:57.960000Z,
FN.OUL.00.BHZ | 2025-02-03T13:08:36.533349Z - 2025-02-03T13:09:36.533349Z,,,,,,,,,2025-02-03T13:08:55.360000Z,
FN.RAJF.00.BHZ | 2025-02-03T13:07:20.363807Z - 2025-02-03T13:08:20.363807Z,,,,,,,2025-02-03T13:07:41.400000Z,,2025-02-03T13:07:54.840000Z,
FN.RANF.00.BHZ | 2025-02-03T13:07:48.769077Z - 2025-02-03T13:08:48.769077Z,,,,,,,2025-02-03T13:07:54.380000Z,,2025-02-03T13:08:21.680000Z,
FN.RNF.00.BHZ | 2025-02-03T13:07:37.230198Z - 2025-02-03T13:08:37.230198Z,,,,,,,2025-02-03T13:07:51.740000Z,,2025-02-03T13:08:18.200000Z,
HE.HEF.00.BHZ | 2025-02-03T13:07:51.833401Z - 2025-02-03T13:08:51.833401Z,,,,,,,2025-02-03T13:08:04.520000Z,,2025-02-03T13:08:37.920000Z,
HE.KEV.00.BHZ | 2025-02-03T13:07:45.927267Z - 2025-02-03T13:08:45.927267Z,,,,,,,2025-02-03T13:07:59.940000Z,,2025-02-03T13:08:33.480000Z,
HE.KU1.00.BHZ | 2025-02-03T13:07:19.798062Z - 2025-02-03T13:08:19.798062Z,,,,,,,2025-02-03T13:07:53.340000Z,,,
HE.KU2.00.BHZ | 2025-02-03T13:07:29.902154Z - 2025-02-03T13:08:29.902154Z,,,,,,,2025-02-03T13:07:53.520000Z,,2025-02-03T13:08:22.060000Z,
HE.KU6.00.BHZ | 2025-02-03T13:07:39.755635Z - 2025-02-03T13:08:39.755635Z,,,,,,,2025-02-03T13:07:45.260000Z,,2025-02-03T13:08:05.000000Z,
HE.OBF3.00.BHZ | 2025-02-03T13:07:27.163489Z - 2025-02-03T13:08:27.163489Z,,,,,,,2025-02-03T13:08:14.170000Z,,,
HE.TOF.00.BHZ | 2025-02-03T13:07:51.173179Z - 2025-02-03T13:08:51.173179Z,,,,,,,2025-02-03T13:08:05.540000Z,,2025-02-03T13:08:43.200000Z,
HE.VRF.00.BHZ | 2025-02-03T13:06:34.886365Z - 2025-02-03T13:07:34.886365Z,,,,,,,2025-02-03T13:07:23.630000Z,,2025-02-03T13:07:25.580000Z,
FN.MSF.00.BHZ | 2025-02-03T19:58:25.525374Z - 2025-02-03T19:59:25.525374Z,,,,,,,,,2025-02-03T19:58:52.760000Z,
FN.OLKF.00.BHZ | 2025-02-03T19:57:46.832548Z - 2025-02-03T19:58:46.832548Z,,,,,,,2025-02-03T19:58:08.480000Z,,2025-02-03T19:58:39.000000Z,
FN.OUL.00.BHZ | 2025-02-03T19:59:34.295327Z - 2025-02-03T20:00:34.295327Z,,,,,,,,,2025-02-03T19:59:40.280000Z,
FN.RAJF.00.BHZ | 2025-02-03T19:57:58.504685Z - 2025-02-03T19:58:58.504685Z,,,,,,,2025-02-03T19:58:08.720000Z,,2025-02-03T19:58:37.280000Z,
HE.KEV.00.BHZ | 2025-02-03T19:58:08.007168Z - 2025-02-03T19:59:08.007168Z,,,,,,,,,2025-02-03T19:59:01.200000Z,
HE.KU6.00.BHZ | 2025-02-03T19:58:07.748764Z - 2025-02-03T19:59:07.748764Z,,,,,,,,,2025-02-03T19:58:40.640000Z,
HE.VRF.00.BHZ | 2025-02-03T19:57:45.240480Z - 2025-02-03T19:58:45.240480Z,,,,,,,2025-02-03T19:57:58.480000Z,,2025-02-03T19:58:20.640000Z,
FN.KLF.00.BHZ | 2025-02-03T18:18:16.289763Z - 2025-02-03T18:19:16.289763Z,,,,,,,,,2025-02-03T18:19:05.520000Z,
FN.MSF.00.BHZ | 2025-02-03T18:17:39.778683Z - 2025-02-03T18:18:39.778683Z,,,,,,,,,2025-02-03T18:18:24.400000Z,
FN.OLKF.00.BHZ | 2025-02-03T18:17:21.732406Z - 2025-02-03T18:18:21.732406Z,,,,,,,2025-02-03T18:17:43.380000Z,,2025-02-03T18:18:13.440000Z,
FN.RAJF.00.BHZ | 2025-02-03T18:17:23.087874Z - 2025-02-03T18:18:23.087874Z,,,,,,,2025-02-03T18:17:42.980000Z,,2025-02-03T18:18:12.680000Z,
FN.RANF.00.BHZ | 2025-02-03T18:17:57.523895Z - 2025-02-03T18:18:57.523895Z,,,,,,,,,2025-02-03T18:18:43.440000Z,
HE.KEV.00.BHZ | 2025-02-03T18:17:44.504834Z - 2025-02-03T18:18:44.504834Z,,,,,,,2025-02-03T18:17:56.640000Z,,2025-02-03T18:18:36.960000Z,
HE.KU6.00.BHZ | 2025-02-03T18:17:25.743058Z - 2025-02-03T18:18:25.743058Z,,,,,,,2025-02-03T18:17:44.760000Z,,2025-02-03T18:18:14.440000Z,
HE.VRF.00.BHZ | 2025-02-03T18:17:20.494703Z - 2025-02-03T18:18:20.494703Z,,,,,,,2025-02-03T18:17:33.380000Z,,2025-02-03T18:17:55.640000Z,
FN.MSF.00.BHZ | 2025-01-31T09:18:28.131199Z - 2025-01-31T09:19:28.131199Z,,,,,,,2025-01-31T09:19:12.147520Z,,2025-01-31T09:19:22.183040Z,
FN.OLKF.00.BHZ | 2025-01-31T09:18:49.954230Z - 2025-01-31T09:19:49.954230Z,,,,,,,2025-01-31T09:19:19.153420Z,,2025-01-31T09:19:34.345010Z,
FN.OUL.00.BHZ | 2025-01-31T09:19:09.954932Z - 2025-01-31T09:20:09.954932Z,,,,,,,2025-01-31T09:19:25.305790Z,,2025-01-31T09:19:44.534330Z,
FN.RANF.00.?HZ | 2025-01-31T09:18:53.623237Z - 2025-01-31T09:19:53.623237Z,,,,,,,2025-01-31T09:19:23.085390Z,,2025-01-31T09:19:42.252160Z,
FN.RNF.00.BHZ | 2025-01-31T09:19:18.643506Z - 2025-01-31T09:20:18.643506Z,,,,,,,2025-01-31T09:19:34.005370Z,,2025-01-31T09:19:59.606440Z,
HE.KJNF.00.CZ | 2025-01-31T09:19:07.694185Z - 2025-01-31T09:20:07.694185Z,,,,,,,2025-01-31T09:19:19.384720Z,,2025-01-31T09:19:34.548260Z,
HE.KU1.00.SHZ | 2025-01-31T09:18:44.193661Z - 2025-01-31T09:19:44.193661Z,,,,,,,2025-01-31T09:19:05.462660Z,,2025-01-31T09:19:10.994920Z,
HE.KU2.00.SHZ | 2025-01-31T09:18:43.128796Z - 2025-01-31T09:19:43.128796Z,,,,,,,2025-01-31T09:19:11.619270Z,,,
HE.KU6.00.BHZ | 2025-01-31T09:18:43.641203Z - 2025-01-31T09:19:43.641203Z,,,,,,,2025-01-31T09:19:13.997440Z,,2025-01-31T09:19:25.404800Z,
HE.NIF.00.BHZ | 2025-01-31T09:19:19.599308Z - 2025-01-31T09:20:19.599308Z,,,,,,,2025-01-31T09:19:31.116390Z,,2025-01-31T09:19:56.149600Z,
HE.RMF.00.BHZ | 2025-01-31T09:18:52.432394Z - 2025-01-31T09:19:52.432394Z,,,,,,,2025-01-31T09:19:14.712620Z,,2025-01-31T09:19:26.427810Z,
FN.KMNF.00.?HZ | 2025-01-31T11:45:58.290801Z - 2025-01-31T11:46:58.290801Z,,,,,,,2025-01-31T11:46:18.253740Z,,2025-01-31T11:46:36.623070Z,
FN.RAJF.00.?HZ | 2025-01-31T11:46:13.511521Z - 2025-01-31T11:47:13.511521Z,,,,,,,2025-01-31T11:46:27.969870Z,,2025-01-31T11:46:53.452090Z,
HE.KEV.00.?HZ | 2025-01-31T11:46:00.542027Z - 2025-01-31T11:47:00.542027Z,,,,,,,2025-01-31T11:46:08.309880Z,,2025-01-31T11:46:19.567710Z,
HE.ECKF.00.CZ | 2025-01-31T12:40:08.311322Z - 2025-01-31T12:41:08.311322Z,,,,,,,2025-01-31T12:40:30.020410Z,,2025-01-31T12:40:43.120430Z,
HE.KORF.00.CZ | 2025-01-31T12:40:30.928951Z - 2025-01-31T12:41:30.928951Z,,,,,,,2025-01-31T12:40:45.314230Z,,2025-01-31T12:41:10.379370Z,
UP.AAL.00.BHZ | 2025-01-31T12:40:26.808299Z - 2025-01-31T12:41:26.808299Z,,,,,,,2025-01-31T12:40:33.269880Z,,2025-01-31T12:40:48.781570Z,
HE.FIA0.00.?HZ | 2025-01-31T12:57:06.118523Z - 2025-01-31T12:58:06.118523Z,,,,,,,2025-01-31T12:57:18.494210Z,,2025-01-31T12:57:36.817410Z,
HE.FIA1.00.?HZ | 2025-01-31T12:57:08.015148Z - 2025-01-31T12:58:08.015148Z,,,,,,,2025-01-31T12:57:18.494210Z,,2025-01-31T12:57:37.242400Z,
HE.HEL1.00.BHZ | 2025-01-31T12:56:22.572085Z - 2025-01-31T12:57:22.572085Z,,,,,,,2025-01-31T12:56:55.522000Z,,2025-01-31T12:56:57.907210Z,
HE.HEL5.00.BHZ | 2025-01-31T12:56:10.285751Z - 2025-01-31T12:57:10.285751Z,,,,,,,2025-01-31T12:56:55.175780Z,,2025-01-31T12:56:57.031130Z,
HE.KAF.00.?HZ | 2025-01-31T12:57:09.244723Z - 2025-01-31T12:58:09.244723Z,,,,,,,2025-01-31T12:57:29.902550Z,,2025-01-31T12:57:55.792900Z,
HE.KEF.00.?HZ | 2025-01-31T12:57:15.705603Z - 2025-01-31T12:58:15.705603Z,,,,,,,2025-01-31T12:57:27.434080Z,,2025-01-31T12:57:52.757230Z,
HE.KORF.00.CZ | 2025-01-31T12:56:48.114359Z - 2025-01-31T12:57:48.114359Z,,,,,,,2025-01-31T12:57:20.162100Z,,2025-01-31T12:57:42.160180Z,
HE.KPF.00.BHZ | 2025-01-31T12:57:15.340550Z - 2025-01-31T12:58:15.340550Z,,,,,,,2025-01-31T12:57:28.368090Z,,2025-01-31T12:57:55.064340Z,
HE.KUNI.00.BHZ | 2025-01-31T12:56:23.447623Z - 2025-01-31T12:57:23.447623Z,,,,,,,2025-01-31T12:56:55.627700Z,,2025-01-31T12:56:58.130290Z,
HE.KY02.00.CZ | 2025-01-31T12:57:03.842880Z - 2025-01-31T12:58:03.842880Z,,,,,,,2025-01-31T12:57:16.426030Z,,2025-01-31T12:57:33.781740Z,
HE.KY17.00.CZ | 2025-01-31T12:57:13.068093Z - 2025-01-31T12:58:13.068093Z,,,,,,,2025-01-31T12:57:18.294060Z,,2025-01-31T12:57:37.060260Z,
HE.LAUT.00.BHZ | 2025-01-31T12:56:47.687608Z - 2025-01-31T12:57:47.687608Z,,,,,,,2025-01-31T12:56:55.522000Z,,2025-01-31T12:56:57.865990Z,
HE.LOVF.00.CZ | 2025-01-31T12:56:51.292116Z - 2025-01-31T12:57:51.292116Z,,,,,,,2025-01-31T12:57:08.486890Z,,2025-01-31T12:57:20.204980Z,
HE.MEF.00.BHZ | 2025-01-31T12:56:08.532397Z - 2025-01-31T12:57:08.532397Z,,,,,,,2025-01-31T12:56:53.929900Z,,2025-01-31T12:56:55.078340Z,
HE.PVF.00.CZ | 2025-01-31T12:56:30.969877Z - 2025-01-31T12:57:30.969877Z,,,,,,,2025-01-31T12:57:05.603360Z,,2025-01-31T12:57:14.970480Z,
HE.RAF.00.BHZ | 2025-01-31T12:56:52.926287Z - 2025-01-31T12:57:52.926287Z,,,,,,,2025-01-31T12:57:21.429690Z,,2025-01-31T12:57:42.038750Z,
HE.RSUO.00.BHZ | 2025-01-31T12:56:47.340710Z - 2025-01-31T12:57:47.340710Z,,,,,,,2025-01-31T12:56:55.600460Z,,2025-01-31T12:56:58.058490Z,
HE.TRE03.00.CZ | 2025-01-31T12:57:03.332885Z - 2025-01-31T12:58:03.332885Z,,,,,,,2025-01-31T12:57:18.108700Z,,2025-01-31T12:57:36.574550Z,
HE.TVF.00.BHZ | 2025-01-31T12:56:49.049431Z - 2025-01-31T12:57:49.049431Z,,,,,,,2025-01-31T12:57:06.559940Z,,2025-01-31T12:57:16.411480Z,
HE.VJF.00.?HZ | 2025-01-31T12:57:03.076453Z - 2025-01-31T12:58:03.076453Z,,,,,,,2025-01-31T12:57:19.761800Z,,2025-01-31T12:57:39.721440Z,
HE.VUOS.00.BHZ | 2025-01-31T12:56:44.355409Z - 2025-01-31T12:57:44.355409Z,,,,,,,2025-01-31T12:56:57.736710Z,,2025-01-31T12:57:01.606890Z,
HE.ALAJF.00.?HZ | 2025-01-31T13:25:04.132228Z - 2025-01-31T13:26:04.132228Z,,,,,,,2025-01-31T13:25:17.909150Z,,2025-01-31T13:25:45.131920Z,
HE.ECKF.00.CZ | 2025-01-31T13:24:50.193187Z - 2025-01-31T13:25:50.193187Z,,,,,,,2025-01-31T13:25:11.616890Z,,2025-01-31T13:25:35.121590Z,
HE.FIA0.00.?HZ | 2025-01-31T13:24:52.288056Z - 2025-01-31T13:25:52.288056Z,,,,,,,2025-01-31T13:25:12.161130Z,,2025-01-31T13:25:34.745620Z,
HE.FIA1.00.?HZ | 2025-01-31T13:24:55.989320Z - 2025-01-31T13:25:55.989320Z,,,,,,,2025-01-31T13:25:12.161130Z,,2025-01-31T13:25:34.839610Z,
HE.KAF.00.?HZ | 2025-01-31T13:25:06.136492Z - 2025-01-31T13:26:06.136492Z,,,,,,,2025-01-31T13:25:16.399010Z,,2025-01-31T13:25:43.769010Z,
HE.KEF.00.?HZ | 2025-01-31T13:24:48.130980Z - 2025-01-31T13:25:48.130980Z,,,,,,,2025-01-31T13:25:07.589850Z,,2025-01-31T13:25:26.969660Z,
HE.KORF.00.CZ | 2025-01-31T13:24:28.310436Z - 2025-01-31T13:25:28.310436Z,,,,,,,2025-01-31T13:25:02.262120Z,,2025-01-31T13:25:17.653060Z,
HE.KPF.00.BHZ | 2025-01-31T13:24:16.097862Z - 2025-01-31T13:25:16.097862Z,,,,,,,2025-01-31T13:24:53.270500Z,,2025-01-31T13:25:02.412770Z,
HE.LOVF.00.CZ | 2025-01-31T13:24:49.119766Z - 2025-01-31T13:25:49.119766Z,,,,,,,2025-01-31T13:25:16.147320Z,,2025-01-31T13:25:41.748150Z,
HE.PVF.00.CZ | 2025-01-31T13:24:47.411476Z - 2025-01-31T13:25:47.411476Z,,,,,,,2025-01-31T13:25:11.784690Z,,2025-01-31T13:25:34.651620Z,
HE.RAF.00.BHZ | 2025-01-31T13:24:20.677261Z - 2025-01-31T13:25:20.677261Z,,,,,,,2025-01-31T13:24:48.147380Z,,2025-01-31T13:24:53.616300Z,
HE.TRE03.00.CZ | 2025-01-31T13:24:41.752016Z - 2025-01-31T13:25:41.752016Z,,,,,,,2025-01-31T13:24:57.557200Z,,2025-01-31T13:25:09.932510Z,
HE.TVF.00.BHZ | 2025-01-31T13:24:56.803099Z - 2025-01-31T13:25:56.803099Z,,,,,,,2025-01-31T13:25:06.079710Z,,2025-01-31T13:25:24.359320Z,
HE.VAF.00.BHZ | 2025-01-31T13:25:01.472556Z - 2025-01-31T13:26:01.472556Z,,,,,,,2025-01-31T13:25:14.398990Z,,2025-01-31T13:25:38.646360Z,
UP.AAL.00.BHZ | 2025-01-31T13:25:01.200172Z - 2025-01-31T13:26:01.200172Z,,,,,,,2025-01-31T13:25:09.685770Z,,2025-01-31T13:25:30.443050Z,
FN.KLF.00.BHZ | 2025-01-31T11:10:25.741545Z - 2025-01-31T11:11:25.741545Z,,,,,,,2025-01-31T11:10:33.927980Z,,2025-01-31T11:11:00.569980Z,
FN.OUL.00.BHZ | 2025-01-31T11:10:28.486347Z - 2025-01-31T11:11:28.486347Z,,,,,,,2025-01-31T11:10:35.136250Z,,2025-01-31T11:11:02.216260Z,
HE.OBF3.00.BHZ | 2025-01-31T11:10:19.859451Z - 2025-01-31T11:11:19.859451Z,,,,,,,2025-01-31T11:10:29.685130Z,,2025-01-31T11:10:53.215030Z,
HE.OUF.00.BHZ | 2025-01-31T11:10:11.922040Z - 2025-01-31T11:11:11.922040Z,,,,,,,2025-01-31T11:10:33.927980Z,,2025-01-31T11:10:59.230050Z,
HE.TOF.00.BHZ | 2025-01-31T11:09:57.400169Z - 2025-01-31T11:10:57.400169Z,,,,,,,2025-01-31T11:10:24.261770Z,,2025-01-31T11:10:42.846710Z,
HE.ALAJF.00.?HZ | 2025-01-29T12:55:33.730708Z - 2025-01-29T12:56:33.730708Z,,,,,,,2025-01-29T12:55:50.628760Z,,2025-01-29T12:56:19.640530Z,
HE.FIA0.00.?HZ | 2025-01-29T12:55:06.304093Z - 2025-01-29T12:56:06.304093Z,,,,,,,2025-01-29T12:55:18.131840Z,,2025-01-29T12:55:23.083030Z,
HE.FIA1.00.?HZ | 2025-01-29T12:55:00.276812Z - 2025-01-29T12:56:00.276812Z,,,,,,,2025-01-29T12:55:18.131840Z,,2025-01-29T12:55:23.083030Z,
HE.KAF.00.?HZ | 2025-01-29T12:54:54.406165Z - 2025-01-29T12:55:54.406165Z,,,,,,,2025-01-29T12:55:30.779730Z,,2025-01-29T12:55:44.212230Z,
HE.KEF.00.?HZ | 2025-01-29T12:55:06.344804Z - 2025-01-29T12:56:06.344804Z,,,,,,,2025-01-29T12:55:33.433970Z,,2025-01-29T12:55:48.902100Z,
HE.KORF.00.CZ | 2025-01-29T12:55:30.814214Z - 2025-01-29T12:56:30.814214Z,,,,,,,2025-01-29T12:55:51.937560Z,,2025-01-29T12:56:23.894140Z,
HE.KPF.00.BHZ | 2025-01-29T12:55:35.529357Z - 2025-01-29T12:56:35.529357Z,,,,,,,2025-01-29T12:55:46.702350Z,,2025-01-29T12:56:12.660260Z,
HE.KY02.00.CZ | 2025-01-29T12:54:50.907378Z - 2025-01-29T12:55:50.907378Z,,,,,,,2025-01-29T12:55:19.672410Z,,2025-01-29T12:55:25.266790Z,
HE.KY17.00.CZ | 2025-01-29T12:54:39.551787Z - 2025-01-29T12:55:39.551787Z,,,,,,,2025-01-29T12:55:22.229840Z,,2025-01-29T12:55:29.597270Z,
HE.LOVF.00.CZ | 2025-01-29T12:55:05.058195Z - 2025-01-29T12:56:05.058195Z,,,,,,,2025-01-29T12:55:23.790220Z,,2025-01-29T12:55:32.323940Z,
HE.MEF.00.BHZ | 2025-01-29T12:55:00.309079Z - 2025-01-29T12:56:00.309079Z,,,,,,,2025-01-29T12:55:32.163230Z,,2025-01-29T12:55:47.158780Z,
HE.NIF.00.BHZ | 2025-01-29T12:55:45.934163Z - 2025-01-29T12:56:45.934163Z,,,,,,,2025-01-29T12:55:54.888610Z,,2025-01-29T12:56:27.820550Z,
HE.PVF.00.CZ | 2025-01-29T12:54:41.319235Z - 2025-01-29T12:55:41.319235Z,,,,,,,2025-01-29T12:55:21.217520Z,,2025-01-29T12:55:28.436940Z,
HE.RUF.00.BHZ | 2025-01-29T12:55:05.121970Z - 2025-01-29T12:56:05.121970Z,,,,,,,2025-01-29T12:55:38.830940Z,,2025-01-29T12:55:58.263440Z,
HE.SUF.00.BHZ | 2025-01-29T12:55:19.474415Z - 2025-01-29T12:56:19.474415Z,,,,,,,2025-01-29T12:55:41.139940Z,,2025-01-29T12:56:02.517040Z,
HE.TRE03.00.CZ | 2025-01-29T12:54:56.999365Z - 2025-01-29T12:55:56.999365Z,,,,,,,2025-01-29T12:55:29.364130Z,,2025-01-29T12:55:42.139960Z,
HE.TVF.00.BHZ | 2025-01-29T12:55:21.594555Z - 2025-01-29T12:56:21.594555Z,,,,,,,2025-01-29T12:55:43.648480Z,,2025-01-29T12:56:06.945180Z,
HE.VJF.00.?HZ | 2025-01-29T12:55:18.683074Z - 2025-01-29T12:56:18.683074Z,,,,,,,2025-01-29T12:55:29.051940Z,,2025-01-29T12:55:41.594620Z,
HE.VUOS.00.BHZ | 2025-01-29T12:55:11.354549Z - 2025-01-29T12:56:11.354549Z,,,,,,,2025-01-29T12:55:29.098710Z,,2025-01-29T12:55:41.839080Z,
HE.FIA0.00.?HZ | 2025-01-29T13:14:13.583882Z - 2025-01-29T13:15:13.583882Z,,,,,,,2025-01-29T13:14:34.079660Z,,2025-01-29T13:14:40.000920Z,
HE.FIA1.00.?HZ | 2025-01-29T13:13:48.701811Z - 2025-01-29T13:14:48.701811Z,,,,,,,2025-01-29T13:14:34.079660Z,,2025-01-29T13:14:40.000920Z,
HE.KAF.00.?HZ | 2025-01-29T13:14:15.797464Z - 2025-01-29T13:15:15.797464Z,,,,,,,2025-01-29T13:14:37.002110Z,,2025-01-29T13:14:45.033220Z,
HE.KEF.00.?HZ | 2025-01-29T13:14:21.900500Z - 2025-01-29T13:15:21.900500Z,,,,,,,2025-01-29T13:14:46.942610Z,,2025-01-29T13:15:01.739030Z,
HE.KY02.00.CZ | 2025-01-29T13:14:18.718121Z - 2025-01-29T13:15:18.718121Z,,,,,,,2025-01-29T13:14:37.668510Z,,2025-01-29T13:14:45.856020Z,
HE.KY17.00.CZ | 2025-01-29T13:13:55.885291Z - 2025-01-29T13:14:55.885291Z,,,,,,,2025-01-29T13:14:38.001710Z,,2025-01-29T13:14:46.524550Z,
HE.LOVF.00.CZ | 2025-01-29T13:14:39.819392Z - 2025-01-29T13:15:39.819392Z,,,,,,,2025-01-29T13:14:47.497380Z,,2025-01-29T13:15:03.201460Z,
HE.PVF.00.CZ | 2025-01-29T13:14:37.542836Z - 2025-01-29T13:15:37.542836Z,,,,,,,2025-01-29T13:14:47.161910Z,,2025-01-29T13:15:02.557320Z,
HE.RUF.00.BHZ | 2025-01-29T13:14:09.196522Z - 2025-01-29T13:15:09.196522Z,,,,,,,2025-01-29T13:14:43.645590Z,,2025-01-29T13:14:55.804450Z,
HE.SUF.00.BHZ | 2025-01-29T13:14:17.864750Z - 2025-01-29T13:15:17.864750Z,,,,,,,2025-01-29T13:14:47.831140Z,,2025-01-29T13:15:02.825190Z,
HE.TRE03.00.CZ | 2025-01-29T13:14:31.366127Z - 2025-01-29T13:15:31.366127Z,,,,,,,2025-01-29T13:14:49.770000Z,,2025-01-29T13:15:06.315010Z,
HE.VJF.00.?HZ | 2025-01-29T13:14:27.150727Z - 2025-01-29T13:15:27.150727Z,,,,,,,2025-01-29T13:14:45.598890Z,,2025-01-29T13:15:00.049360Z,
HE.ALAJF.00.?HZ | 2025-02-04T12:45:51.103011Z - 2025-02-04T12:46:51.103011Z,,,,,,,2025-02-04T12:46:11.061060Z,,2025-02-04T12:46:29.478730Z,
HE.KEF.00.?HZ | 2025-02-04T12:45:54.033514Z - 2025-02-04T12:46:54.033514Z,,,,,,,2025-02-04T12:46:14.611450Z,,2025-02-04T12:46:36.024770Z,
HE.KORF.00.CZ | 2025-02-04T12:46:48.726984Z - 2025-02-04T12:47:48.726984Z,,,,,,,,,2025-02-04T12:46:53.867360Z,
HE.KPF.00.BHZ | 2025-02-04T12:45:25.737125Z - 2025-02-04T12:46:25.737125Z,,,,,,,2025-02-04T12:45:57.386760Z,,2025-02-04T12:46:06.610950Z,
HE.RAF.00.BHZ | 2025-02-04T12:45:40.565999Z - 2025-02-04T12:46:40.565999Z,,,,,,,2025-02-04T12:46:11.090040Z,,2025-02-04T12:46:28.945820Z,
HE.SUF.00.BHZ | 2025-02-04T12:46:12.007733Z - 2025-02-04T12:47:12.007733Z,,,,,,,2025-02-04T12:46:24.193150Z,,2025-02-04T12:46:51.495240Z,
HE.TRE03.00.CZ | 2025-02-04T12:45:48.231162Z - 2025-02-04T12:46:48.231162Z,,,,,,,2025-02-04T12:46:13.280060Z,,2025-02-04T12:46:33.361970Z,
HE.VAF.00.BHZ | 2025-02-04T12:45:48.479165Z - 2025-02-04T12:46:48.479165Z,,,,,,,2025-02-04T12:46:01.020210Z,,2025-02-04T12:46:12.854860Z,
FN.MSF.00.BHZ | 2025-02-04T13:55:43.392594Z - 2025-02-04T13:56:43.392594Z,,,,,,,2025-02-04T13:55:55.180000Z,,2025-02-04T13:56:12.260000Z,
FN.OLKF.00.BHZ | 2025-02-04T13:55:29.257075Z - 2025-02-04T13:56:29.257075Z,,,,,,,2025-02-04T13:56:00.680000Z,,2025-02-04T13:56:21.880000Z,
FN.OUL.00.BHZ | 2025-02-04T13:55:47.547755Z - 2025-02-04T13:56:47.547755Z,,,,,,,,,2025-02-04T13:56:34.040000Z,
FN.RANF.00.BHZ | 2025-02-04T13:55:50.435295Z - 2025-02-04T13:56:50.435295Z,,,,,,,2025-02-04T13:56:07.680000Z,,2025-02-04T13:56:33.160000Z,
FN.RNF.00.BHZ | 2025-02-04T13:56:42.821365Z - 2025-02-04T13:57:42.821365Z,,,,,,,,,2025-02-04T13:56:50.680000Z,
HE.JOF.00.BHZ | 2025-02-04T13:55:45.906124Z - 2025-02-04T13:56:45.906124Z,,,,,,,,,2025-02-04T13:56:29.560000Z,
HE.KU1.00.BHZ | 2025-02-04T13:55:26.054107Z - 2025-02-04T13:56:26.054107Z,,,,,,,2025-02-04T13:55:47.680000Z,,2025-02-04T13:55:59.580000Z,
HE.KU2.00.BHZ | 2025-02-04T13:55:29.445506Z - 2025-02-04T13:56:29.445506Z,,,,,,,2025-02-04T13:55:56.180000Z,,2025-02-04T13:56:14.000000Z,
HE.KU6.00.BHZ | 2025-02-04T13:55:34.521891Z - 2025-02-04T13:56:34.521891Z,,,,,,,2025-02-04T13:55:54.400000Z,,2025-02-04T13:56:08.580000Z,
HE.NIF.00.BHZ | 2025-02-04T13:55:36.153143Z - 2025-02-04T13:56:36.153143Z,,,,,,,,,2025-02-04T13:56:29.080000Z,
HE.OBF3.00.BHZ | 2025-02-04T13:56:01.730839Z - 2025-02-04T13:57:01.730839Z,,,,,,,,,2025-02-04T13:56:48.680000Z,
HE.RMF.00.BHZ | 2025-02-04T13:55:35.041564Z - 2025-02-04T13:56:35.041564Z,,,,,,,2025-02-04T13:55:42.360000Z,,2025-02-04T13:55:51.480000Z,
HE.SUF.00.BHZ | 2025-02-04T13:56:12.611706Z - 2025-02-04T13:57:12.611706Z,,,,,,,,,2025-02-04T13:56:59.580000Z,
HE.TOF.00.BHZ | 2025-02-04T13:56:30.529617Z - 2025-02-04T13:57:30.529617Z,,,,,,,,,2025-02-04T13:56:59.440000Z,
HE.VAF.00.BHZ | 2025-02-04T13:56:55.801614Z - 2025-02-04T13:57:55.801614Z,,,,,,,,,2025-02-04T13:57:34.080000Z,
HE.VRF.00.BHZ | 2025-02-04T13:56:09.370085Z - 2025-02-04T13:57:09.370085Z,,,,,,,,,2025-02-04T13:57:02.760000Z,
HE.HEL1.00.BHZ | 2025-02-04T08:59:29.231232Z - 2025-02-04T09:00:29.231232Z,,,,,,,2025-02-04T08:59:50.897370Z,,2025-02-04T08:59:52.408260Z,
HE.HEL5.00.BHZ | 2025-02-04T08:59:23.312403Z - 2025-02-04T09:00:23.312403Z,,,,,,,2025-02-04T08:59:51.048070Z,,2025-02-04T08:59:52.799600Z,
HE.KUNI.00.BHZ | 2025-02-04T08:59:03.213873Z - 2025-02-04T09:00:03.213873Z,,,,,,,2025-02-04T08:59:51.012900Z,,2025-02-04T08:59:52.861070Z,
HE.LAUT.00.BHZ | 2025-02-04T08:59:18.380861Z - 2025-02-04T09:00:18.380861Z,,,,,,,2025-02-04T08:59:51.019650Z,,2025-02-04T08:59:52.665040Z,
HE.MEF.00.BHZ | 2025-02-04T08:59:33.558207Z - 2025-02-04T09:00:33.558207Z,,,,,,,2025-02-04T08:59:51.538480Z,,2025-02-04T08:59:53.810230Z,
HE.NUR.00.SHZ | 2025-02-04T08:59:23.357503Z - 2025-02-04T09:00:23.357503Z,,,,,,,2025-02-04T08:59:53.868180Z,,2025-02-04T08:59:57.325340Z,
HE.VUOS.00.BHZ | 2025-02-04T08:59:15.138848Z - 2025-02-04T09:00:15.138848Z,,,,,,,,,2025-02-04T08:59:56.212690Z,
FN.KLF.00.BHZ | 2025-02-04T02:44:03.900286Z - 2025-02-04T02:45:03.900286Z,,,,,,,2025-02-04T02:44:35.640000Z,,2025-02-04T02:44:56.360000Z,
FN.RAJF.00.BHZ | 2025-02-04T02:45:01.218369Z - 2025-02-04T02:46:01.218369Z,,,,,,,,,2025-02-04T02:45:41.320000Z,
FN.RNF.00.BHZ | 2025-02-04T02:44:45.656140Z - 2025-02-04T02:45:45.656140Z,,,,,,,2025-02-04T02:44:52.040000Z,,2025-02-04T02:45:25.080000Z,
HE.HEF.00.BHZ | 2025-02-04T02:44:28.265066Z - 2025-02-04T02:45:28.265066Z,,,,,,,2025-02-04T02:44:33.840000Z,,2025-02-04T02:44:52.040000Z,
HE.KEV.00.BHZ | 2025-02-04T02:45:08.062236Z - 2025-02-04T02:46:08.062236Z,,,,,,,,,2025-02-04T02:45:42.280000Z,
HE.KIF.00.BHZ | 2025-02-04T02:43:56.945158Z - 2025-02-04T02:44:56.945158Z,,,,,,,2025-02-04T02:44:30.680000Z,,2025-02-04T02:44:49.480000Z,
HE.TOF.00.BHZ | 2025-02-04T02:44:31.862284Z - 2025-02-04T02:45:31.862284Z,,,,,,,2025-02-04T02:44:48.960000Z,,2025-02-04T02:45:21.440000Z,
FN.MSF.00.BHZ | 2025-02-04T04:05:34.151776Z - 2025-02-04T04:06:34.151776Z,,,,,,,2025-02-04T04:05:52.360000Z,,2025-02-04T04:06:22.600000Z,
FN.OLKF.00.BHZ | 2025-02-04T04:05:28.042161Z - 2025-02-04T04:06:28.042161Z,,,,,,,2025-02-04T04:05:43.080000Z,,2025-02-04T04:06:12.480000Z,
FN.RAJF.00.BHZ | 2025-02-04T04:05:28.479527Z - 2025-02-04T04:06:28.479527Z,,,,,,,2025-02-04T04:05:41.780000Z,,2025-02-04T04:06:09.640000Z,
FN.RANF.00.BHZ | 2025-02-04T04:06:14.541365Z - 2025-02-04T04:07:14.541365Z,,,,,,,,,2025-02-04T04:06:32.960000Z,
FN.RNF.00.BHZ | 2025-02-04T04:05:54.012937Z - 2025-02-04T04:06:54.012937Z,,,,,,,,,2025-02-04T04:06:36.840000Z,
HE.HEF.00.BHZ | 2025-02-04T04:05:59.720098Z - 2025-02-04T04:06:59.720098Z,,,,,,,,,2025-02-04T04:06:48.320000Z,
HE.KEV.00.BHZ | 2025-02-04T04:05:37.844594Z - 2025-02-04T04:06:37.844594Z,,,,,,,2025-02-04T04:05:56.160000Z,,2025-02-04T04:06:30.320000Z,
HE.KU6.00.BHZ | 2025-02-04T04:05:36.484833Z - 2025-02-04T04:06:36.484833Z,,,,,,,2025-02-04T04:05:46.520000Z,,2025-02-04T04:06:13.400000Z,
HE.TOF.00.BHZ | 2025-02-04T04:06:40.266978Z - 2025-02-04T04:07:40.266978Z,,,,,,,,,2025-02-04T04:06:50.960000Z,
HE.VRF.00.BHZ | 2025-02-04T04:05:23.289918Z - 2025-02-04T04:06:23.289918Z,,,,,,,2025-02-04T04:05:32.480000Z,,2025-02-04T04:05:51.880000Z,
HE.HEL1.00.BHZ | 2025-02-04T09:25:16.166020Z - 2025-02-04T09:26:16.166020Z,,,,,,,2025-02-04T09:25:41.734090Z,,2025-02-04T09:25:44.061110Z,
HE.HEL5.00.BHZ | 2025-02-04T09:24:49.878172Z - 2025-02-04T09:25:49.878172Z,,,,,,,2025-02-04T09:25:40.455580Z,,2025-02-04T09:25:41.945740Z,
HE.KUNI.00.BHZ | 2025-02-04T09:24:55.324365Z - 2025-02-04T09:25:55.324365Z,,,,,,,2025-02-04T09:25:42.621280Z,,2025-02-04T09:25:45.633980Z,
HE.LAUT.00.BHZ | 2025-02-04T09:25:11.473253Z - 2025-02-04T09:26:11.473253Z,,,,,,,2025-02-04T09:25:41.442320Z,,2025-02-04T09:25:43.604350Z,
HE.MEF.00.BHZ | 2025-02-04T09:25:07.958465Z - 2025-02-04T09:26:07.958465Z,,,,,,,2025-02-04T09:25:40.538940Z,,2025-02-04T09:25:42.065380Z,
HE.NUR.00.SHZ | 2025-02-04T09:25:39.337005Z - 2025-02-04T09:26:39.337005Z,,,,,,,2025-02-04T09:25:45.352800Z,,2025-02-04T09:25:50.012450Z,
HE.RSUO.00.BHZ | 2025-02-04T09:24:55.277433Z - 2025-02-04T09:25:55.277433Z,,,,,,,2025-02-04T09:25:42.173150Z,,2025-02-04T09:25:44.731040Z,
HE.VUOS.00.BHZ | 2025-02-04T09:25:20.206790Z - 2025-02-04T09:26:20.206790Z,,,,,,,2025-02-04T09:25:44.268220Z,,2025-02-04T09:25:48.245000Z,
HE.ECKF.00.CZ | 2025-01-30T13:17:55.944231Z - 2025-01-30T13:18:55.944231Z,,,,,,,2025-01-30T13:18:23.930820Z,,2025-01-30T13:18:45.859160Z,
HE.KORF.00.CZ | 2025-01-30T13:18:33.735898Z - 2025-01-30T13:19:33.735898Z,,,,,,,2025-01-30T13:18:40.540050Z,,2025-01-30T13:19:14.631480Z,
UP.AAL.00.BHZ | 2025-01-30T13:18:13.014757Z - 2025-01-30T13:19:13.014757Z,,,,,,,2025-01-30T13:18:27.838840Z,,2025-01-30T13:18:52.694390Z,
FN.OUL.00.BHZ | 2025-01-30T09:38:24.536036Z - 2025-01-30T09:39:24.536036Z,,,,,,,2025-01-30T09:38:49.130000Z,,2025-01-30T09:39:06.560000Z,
FN.RANF.00.BHZ | 2025-01-30T09:39:05.227287Z - 2025-01-30T09:40:05.227287Z,,,,,,,,,2025-01-30T09:39:35.560000Z,
HE.FIA0.00.SHZ | 2025-01-30T09:38:56.219915Z - 2025-01-30T09:39:56.219915Z,,,,,,,2025-01-30T09:39:10.800000Z,,,
HE.KAF.00.BHZ | 2025-01-30T09:38:31.692810Z - 2025-01-30T09:39:31.692810Z,,,,,,,2025-01-30T09:38:59.980000Z,,2025-01-30T09:39:25.860000Z,
HE.KEF.00.BHZ | 2025-01-30T09:38:50.523333Z - 2025-01-30T09:39:50.523333Z,,,,,,,2025-01-30T09:38:56.880000Z,,2025-01-30T09:39:19.960000Z,
HE.KJNF.00.BHZ | 2025-01-30T09:38:36.460034Z - 2025-01-30T09:39:36.460034Z,,,,,,,2025-01-30T09:38:49.550000Z,,2025-01-30T09:39:06.920000Z,
HE.KPF.00.BHZ | 2025-01-30T09:39:02.268195Z - 2025-01-30T09:40:02.268195Z,,,,,,,2025-01-30T09:39:08.580000Z,,2025-01-30T09:39:39.760000Z,
HE.KU2.00.BHZ | 2025-01-30T09:39:16.080739Z - 2025-01-30T09:40:16.080739Z,,,,,,,,,2025-01-30T09:39:37.820000Z,
HE.NIF.00.BHZ | 2025-01-30T09:38:33.159408Z - 2025-01-30T09:39:33.159408Z,,,,,,,2025-01-30T09:38:51.780000Z,,2025-01-30T09:39:11.700000Z,
HE.OBF0.00.BHZ | 2025-01-30T09:38:05.300685Z - 2025-01-30T09:39:05.300685Z,,,,,,,2025-01-30T09:38:37.560000Z,,2025-01-30T09:38:47.140000Z,
HE.OBF3.00.BHZ | 2025-01-30T09:38:08.477342Z - 2025-01-30T09:39:08.477342Z,,,,,,,2025-01-30T09:38:42.580000Z,,2025-01-30T09:38:57.140000Z,
HE.OBF8.00.BHZ | 2025-01-30T09:38:29.402395Z - 2025-01-30T09:39:29.402395Z,,,,,,,2025-01-30T09:38:39.540000Z,,,
HE.OUF.00.BHZ | 2025-01-30T09:38:05.262443Z - 2025-01-30T09:39:05.262443Z,,,,,,,2025-01-30T09:38:33.930000Z,,2025-01-30T09:38:40.440000Z,
HE.RMF.00.BHZ | 2025-01-30T09:38:46.525387Z - 2025-01-30T09:39:46.525387Z,,,,,,,2025-01-30T09:39:06.650000Z,,2025-01-30T09:39:37.080000Z,
HE.SUF.00.BHZ | 2025-01-30T09:38:40.620892Z - 2025-01-30T09:39:40.620892Z,,,,,,,2025-01-30T09:38:50.180000Z,,,
HE.TOF.00.BHZ | 2025-01-30T09:39:16.952869Z - 2025-01-30T09:40:16.952869Z,,,,,,,,,2025-01-30T09:39:33.000000Z,
HE.TRE03.00.BHZ | 2025-01-30T09:38:44.277926Z - 2025-01-30T09:39:44.277926Z,,,,,,,,,2025-01-30T09:39:36.600000Z,
HE.VAF.00.BHZ | 2025-01-30T09:38:36.079281Z - 2025-01-30T09:39:36.079281Z,,,,,,,2025-01-30T09:38:49.080000Z,,2025-01-30T09:39:07.040000Z,
HE.FIA0.00.?HZ | 2025-02-04T11:34:30.467489Z - 2025-02-04T11:35:30.467489Z,,,,,,,2025-02-04T11:34:40.918470Z,,2025-02-04T11:34:49.502210Z,
HE.FIA1.00.?HZ | 2025-02-04T11:33:58.526324Z - 2025-02-04T11:34:58.526324Z,,,,,,,2025-02-04T11:34:40.954540Z,,2025-02-04T11:34:49.285810Z,
HE.HEL1.00.BHZ | 2025-02-04T11:34:32.800296Z - 2025-02-04T11:35:32.800296Z,,,,,,,,,2025-02-04T11:35:01.993610Z,
HE.KAF.00.?HZ | 2025-02-04T11:34:30.843246Z - 2025-02-04T11:35:30.843246Z,,,,,,,2025-02-04T11:34:52.087740Z,,2025-02-04T11:35:08.769720Z,
HE.KEF.00.?HZ | 2025-02-04T11:34:43.769045Z - 2025-02-04T11:35:43.769045Z,,,,,,,2025-02-04T11:34:57.442580Z,,2025-02-04T11:35:18.375180Z,
HE.KUNI.00.BHZ | 2025-02-04T11:34:41.201734Z - 2025-02-04T11:35:41.201734Z,,,,,,,2025-02-04T11:34:46.911280Z,,2025-02-04T11:34:59.462070Z,
HE.KY02.00.CZ | 2025-02-04T11:34:23.294766Z - 2025-02-04T11:35:23.294766Z,,,,,,,2025-02-04T11:34:30.932700Z,,2025-02-04T11:34:33.014380Z,
HE.LAUT.00.BHZ | 2025-02-04T11:34:11.271015Z - 2025-02-04T11:35:11.271015Z,,,,,,,2025-02-04T11:34:48.222400Z,,2025-02-04T11:35:02.768270Z,
HE.LOVF.00.CZ | 2025-02-04T11:34:02.077201Z - 2025-02-04T11:35:02.077201Z,,,,,,,2025-02-04T11:34:35.548940Z,,2025-02-04T11:34:41.039200Z,
HE.MEF.00.BHZ | 2025-02-04T11:34:45.181041Z - 2025-02-04T11:35:45.181041Z,,,,,,,2025-02-04T11:34:51.579140Z,,2025-02-04T11:35:08.057680Z,
HE.NUR.00.SHZ | 2025-02-04T11:34:21.617284Z - 2025-02-04T11:35:21.617284Z,,,,,,,2025-02-04T11:34:47.038700Z,,2025-02-04T11:35:00.166110Z,
HE.PVF.00.CZ | 2025-02-04T11:34:02.958516Z - 2025-02-04T11:35:02.958516Z,,,,,,,2025-02-04T11:34:36.976900Z,,2025-02-04T11:34:43.058040Z,
HE.RUF.00.BHZ | 2025-02-04T11:34:38.219793Z - 2025-02-04T11:35:38.219793Z,,,,,,,2025-02-04T11:34:50.155070Z,,2025-02-04T11:35:07.040490Z,
HE.SUF.00.BHZ | 2025-02-04T11:34:48.636230Z - 2025-02-04T11:35:48.636230Z,,,,,,,2025-02-04T11:35:02.367010Z,,2025-02-04T11:35:26.317280Z,
HE.TRE03.00.CZ | 2025-02-04T11:34:49.117197Z - 2025-02-04T11:35:49.117197Z,,,,,,,2025-02-04T11:34:54.497260Z,,2025-02-04T11:35:13.622230Z,
HE.TVF.00.BHZ | 2025-02-04T11:35:12.828716Z - 2025-02-04T11:36:12.828716Z,,,,,,,,,2025-02-04T11:35:27.918010Z,
HE.VJF.00.?HZ | 2025-02-04T11:34:22.673897Z - 2025-02-04T11:35:22.673897Z,,,,,,,2025-02-04T11:34:37.247720Z,,2025-02-04T11:34:43.587370Z,
HE.VUOS.00.BHZ | 2025-02-04T11:34:09.368876Z - 2025-02-04T11:35:09.368876Z,,,,,,,2025-02-04T11:34:46.007250Z,,2025-02-04T11:34:58.890190Z,
FN.KLF.00.BHZ | 2025-02-04T20:25:00.813796Z - 2025-02-04T20:26:00.813796Z,,,,,,,,,2025-02-04T20:25:19.520000Z,
FN.RAJF.00.BHZ | 2025-02-04T20:23:37.181325Z - 2025-02-04T20:24:37.181325Z,,,,,,,2025-02-04T20:24:06.680000Z,,2025-02-04T20:24:31.560000Z,
FN.RNF.00.BHZ | 2025-02-04T20:24:14.946019Z - 2025-02-04T20:25:14.946019Z,,,,,,,2025-02-04T20:24:33.960000Z,,,
HE.KEV.00.BHZ | 2025-02-04T20:23:21.049125Z - 2025-02-04T20:24:21.049125Z,,,,,,,2025-02-04T20:23:46.250000Z,,2025-02-04T20:23:58.360000Z,
FN.MSF.00.BHZ | 2025-02-04T20:05:37.200459Z - 2025-02-04T20:06:37.200459Z,,,,,,,,,2025-02-04T20:06:25.800000Z,
FN.OLKF.00.BHZ | 2025-02-04T20:05:37.475564Z - 2025-02-04T20:06:37.475564Z,,,,,,,2025-02-04T20:05:44.000000Z,,2025-02-04T20:06:13.260000Z,
FN.RAJF.00.BHZ | 2025-02-04T20:05:34.292910Z - 2025-02-04T20:06:34.292910Z,,,,,,,2025-02-04T20:05:42.830000Z,,2025-02-04T20:06:11.000000Z,
HE.HEF.00.BHZ | 2025-02-04T20:06:42.307261Z - 2025-02-04T20:07:42.307261Z,,,,,,,,,2025-02-04T20:06:53.680000Z,
HE.KEV.00.BHZ | 2025-02-04T20:06:12.255818Z - 2025-02-04T20:07:12.255818Z,,,,,,,,,2025-02-04T20:06:42.360000Z,
HE.KU6.00.BHZ | 2025-02-04T20:05:36.645051Z - 2025-02-04T20:06:36.645051Z,,,,,,,2025-02-04T20:05:44.840000Z,,2025-02-04T20:06:14.800000Z,
HE.VRF.00.BHZ | 2025-02-04T20:05:26.955859Z - 2025-02-04T20:06:26.955859Z,,,,,,,2025-02-04T20:05:34.230000Z,,,
FN.RAJF.00.BHZ | 2025-02-04T16:21:23.119950Z - 2025-02-04T16:22:23.119950Z,,,,,,,2025-02-04T16:21:52.580000Z,,2025-02-04T16:22:09.000000Z,
HE.HEF.00.BHZ | 2025-02-04T16:22:11.396139Z - 2025-02-04T16:23:11.396139Z,,,,,,,2025-02-04T16:22:17.280000Z,,2025-02-04T16:22:51.720000Z,
HE.KEV.00.BHZ | 2025-02-04T16:21:38.229719Z - 2025-02-04T16:22:38.229719Z,,,,,,,2025-02-04T16:21:54.200000Z,,2025-02-04T16:22:11.700000Z,
HE.KIF.00.BHZ | 2025-02-04T16:23:04.241883Z - 2025-02-04T16:24:04.241883Z,,,,,,,,,2025-02-04T16:23:18.120000Z,
HE.VRF.00.BHZ | 2025-02-04T16:21:30.420721Z - 2025-02-04T16:22:30.420721Z,,,,,,,2025-02-04T16:22:00.880000Z,,2025-02-04T16:22:22.640000Z,
FN.RAJF.00.BHZ | 2025-02-04T16:02:20.737382Z - 2025-02-04T16:03:20.737382Z,,,,,,,2025-02-04T16:02:43.980000Z,,2025-02-04T16:02:59.840000Z,
HE.HEF.00.BHZ | 2025-02-04T16:03:34.072400Z - 2025-02-04T16:04:34.072400Z,,,,,,,,,2025-02-04T16:03:43.400000Z,
HE.KEV.00.BHZ | 2025-02-04T16:02:21.508379Z - 2025-02-04T16:03:21.508379Z,,,,,,,2025-02-04T16:02:45.600000Z,,2025-02-04T16:03:02.960000Z,
HE.VRF.00.BHZ | 2025-02-04T16:02:44.158326Z - 2025-02-04T16:03:44.158326Z,,,,,,,,,2025-02-04T16:03:15.680000Z,
HE.HEL1.00.BHZ | 2025-01-30T09:04:14.456534Z - 2025-01-30T09:05:14.456534Z,,,,,,,2025-01-30T09:04:59.100980Z,,2025-01-30T09:05:01.408120Z,
HE.HEL5.00.BHZ | 2025-01-30T09:04:26.378839Z - 2025-01-30T09:05:26.378839Z,,,,,,,2025-01-30T09:04:57.843100Z,,2025-01-30T09:04:59.186860Z,
HE.KUNI.00.BHZ | 2025-01-30T09:04:39.758506Z - 2025-01-30T09:05:39.758506Z,,,,,,,2025-01-30T09:04:59.916140Z,,2025-01-30T09:05:02.915760Z,
HE.LAUT.00.BHZ | 2025-01-30T09:04:31.779651Z - 2025-01-30T09:05:31.779651Z,,,,,,,2025-01-30T09:04:58.784390Z,,2025-01-30T09:05:00.884270Z,
HE.LOVF.00.CZ | 2025-01-30T09:05:05.735611Z - 2025-01-30T09:06:05.735611Z,,,,,,,2025-01-30T09:05:12.207590Z,,2025-01-30T09:05:24.054710Z,
HE.MEF.00.BHZ | 2025-01-30T09:04:43.079632Z - 2025-01-30T09:05:43.079632Z,,,,,,,2025-01-30T09:04:57.901530Z,,2025-01-30T09:04:59.347530Z,
HE.NUR.00.SHZ | 2025-01-30T09:04:33.348145Z - 2025-01-30T09:05:33.348145Z,,,,,,,2025-01-30T09:05:02.610520Z,,2025-01-30T09:05:07.422960Z,
HE.PVF.00.CZ | 2025-01-30T09:04:47.740682Z - 2025-01-30T09:05:47.740682Z,,,,,,,2025-01-30T09:05:09.755390Z,,2025-01-30T09:05:19.594120Z,
HE.RSUO.00.BHZ | 2025-01-30T09:04:45.853228Z - 2025-01-30T09:05:45.853228Z,,,,,,,2025-01-30T09:04:59.376830Z,,2025-01-30T09:05:01.737550Z,
HE.TVF.00.BHZ | 2025-01-30T09:04:58.042714Z - 2025-01-30T09:05:58.042714Z,,,,,,,2025-01-30T09:05:09.059680Z,,2025-01-30T09:05:18.484110Z,
HE.VUOS.00.BHZ | 2025-01-30T09:04:23.707681Z - 2025-01-30T09:05:23.707681Z,,,,,,,2025-01-30T09:05:01.156590Z,,2025-01-30T09:05:05.091120Z,
HE.ECKF.00.CZ | 2025-02-04T11:45:26.837472Z - 2025-02-04T11:46:26.837472Z,,,,,,,2025-02-04T11:46:01.101660Z,,2025-02-04T11:46:19.044030Z,
HE.FIA0.00.?HZ | 2025-02-04T11:46:08.536399Z - 2025-02-04T11:47:08.536399Z,,,,,,,,,2025-02-04T11:46:42.878570Z,
HE.FIA1.00.?HZ | 2025-02-04T11:45:51.765717Z - 2025-02-04T11:46:51.765717Z,,,,,,,,,2025-02-04T11:46:43.453040Z,
HE.HEL5.00.BHZ | 2025-02-04T11:45:30.306899Z - 2025-02-04T11:46:30.306899Z,,,,,,,,,2025-02-04T11:46:19.740340Z,
HE.KEF.00.?HZ | 2025-02-04T11:45:58.067355Z - 2025-02-04T11:46:58.067355Z,,,,,,,,,2025-02-04T11:46:41.442400Z,
HE.KORF.00.CZ | 2025-02-04T11:45:18.261465Z - 2025-02-04T11:46:18.261465Z,,,,,,,2025-02-04T11:45:46.535140Z,,2025-02-04T11:45:53.974310Z,
HE.KPF.00.BHZ | 2025-02-04T11:45:47.288431Z - 2025-02-04T11:46:47.288431Z,,,,,,,2025-02-04T11:46:00.247720Z,,2025-02-04T11:46:17.431260Z,
HE.LOVF.00.CZ | 2025-02-04T11:45:52.585071Z - 2025-02-04T11:46:52.585071Z,,,,,,,,,2025-02-04T11:46:40.580700Z,
HE.MEF.00.BHZ | 2025-02-04T11:45:37.210854Z - 2025-02-04T11:46:37.210854Z,,,,,,,,,2025-02-04T11:46:14.537360Z,
HE.NUR.00.SHZ | 2025-02-04T11:46:02.719275Z - 2025-02-04T11:47:02.719275Z,,,,,,,,,2025-02-04T11:46:15.697510Z,
HE.PVF.00.CZ | 2025-02-04T11:45:45.131873Z - 2025-02-04T11:46:45.131873Z,,,,,,,2025-02-04T11:46:10.133980Z,,2025-02-04T11:46:33.974340Z,
HE.RAF.00.BHZ | 2025-02-04T11:45:35.261415Z - 2025-02-04T11:46:35.261415Z,,,,,,,2025-02-04T11:45:46.361890Z,,2025-02-04T11:45:53.187220Z,
HE.TRE03.00.CZ | 2025-02-04T11:45:39.502432Z - 2025-02-04T11:46:39.502432Z,,,,,,,2025-02-04T11:46:03.686760Z,,2025-02-04T11:46:23.385530Z,
HE.TVF.00.BHZ | 2025-02-04T11:45:43.951316Z - 2025-02-04T11:46:43.951316Z,,,,,,,2025-02-04T11:45:52.692970Z,,2025-02-04T11:46:03.999440Z,
HE.VUOS.00.BHZ | 2025-02-04T11:45:44.899213Z - 2025-02-04T11:46:44.899213Z,,,,,,,,,2025-02-04T11:46:24.396450Z,
UP.AAL.00.BHZ | 2025-02-04T11:45:37.977213Z - 2025-02-04T11:46:37.977213Z,,,,,,,,,2025-02-04T11:46:13.504880Z,
FN.KLF.00.BHZ | 2025-02-05T12:00:12.126989Z - 2025-02-05T12:01:12.126989Z,,,,,,,2025-02-05T12:00:27.480000Z,,2025-02-05T12:01:02.200000Z,
FN.MSF.00.BHZ | 2025-02-05T11:59:50.357362Z - 2025-02-05T12:00:50.357362Z,,,,,,,2025-02-05T12:00:16.520000Z,,2025-02-05T12:00:39.480000Z,
FN.OLKF.00.BHZ | 2025-02-05T11:59:34.938861Z - 2025-02-05T12:00:34.938861Z,,,,,,,2025-02-05T12:00:09.200000Z,,2025-02-05T12:00:26.000000Z,
FN.OUL.00.BHZ | 2025-02-05T12:00:30.762312Z - 2025-02-05T12:01:30.762312Z,,,,,,,,,2025-02-05T12:01:19.560000Z,
FN.RAJF.00.BHZ | 2025-02-05T11:59:53.143350Z - 2025-02-05T12:00:53.143350Z,,,,,,,2025-02-05T12:00:06.920000Z,,2025-02-05T12:00:23.160000Z,
FN.RANF.00.BHZ | 2025-02-05T11:59:58.198350Z - 2025-02-05T12:00:58.198350Z,,,,,,,2025-02-05T12:00:22.680000Z,,2025-02-05T12:00:50.120000Z,
FN.RNF.00.BHZ | 2025-02-05T12:00:14.687609Z - 2025-02-05T12:01:14.687609Z,,,,,,,2025-02-05T12:00:20.080000Z,,2025-02-05T12:00:46.960000Z,
HE.HEF.00.BHZ | 2025-02-05T12:00:13.953399Z - 2025-02-05T12:01:13.953399Z,,,,,,,2025-02-05T12:00:29.680000Z,,2025-02-05T12:01:06.480000Z,
HE.KEV.00.BHZ | 2025-02-05T12:00:14.401757Z - 2025-02-05T12:01:14.401757Z,,,,,,,2025-02-05T12:00:27.660000Z,,2025-02-05T12:01:02.040000Z,
HE.KIF.00.BHZ | 2025-02-05T12:00:33.847815Z - 2025-02-05T12:01:33.847815Z,,,,,,,2025-02-05T12:00:46.480000Z,,,
HE.KU1.00.BHZ | 2025-02-05T11:59:43.326328Z - 2025-02-05T12:00:43.326328Z,,,,,,,2025-02-05T12:00:21.620000Z,,,
HE.KU2.00.BHZ | 2025-02-05T11:59:50.582428Z - 2025-02-05T12:00:50.582428Z,,,,,,,2025-02-05T12:00:21.820000Z,,,
HE.KU6.00.BHZ | 2025-02-05T11:59:46.162148Z - 2025-02-05T12:00:46.162148Z,,,,,,,2025-02-05T12:00:13.680000Z,,2025-02-05T12:00:33.560000Z,
HE.TOF.00.BHZ | 2025-02-05T12:00:17.013516Z - 2025-02-05T12:01:17.013516Z,,,,,,,2025-02-05T12:00:31.430000Z,,2025-02-05T12:01:07.120000Z,
HE.VRF.00.BHZ | 2025-02-05T11:59:42.993446Z - 2025-02-05T12:00:42.993446Z,,,,,,,2025-02-05T11:59:51.760000Z,,2025-02-05T11:59:56.940000Z,
FN.KLF.00.BHZ | 2025-01-30T12:05:40.089879Z - 2025-01-30T12:06:40.089879Z,,,,,,,2025-01-30T12:05:52.430000Z,,2025-01-30T12:06:14.920000Z,
FN.OLKF.00.BHZ | 2025-01-30T12:05:59.515146Z - 2025-01-30T12:06:59.515146Z,,,,,,,2025-01-30T12:06:10.580000Z,,,
FN.OUL.00.BHZ | 2025-01-30T12:05:43.102771Z - 2025-01-30T12:06:43.102771Z,,,,,,,2025-01-30T12:05:55.240000Z,,2025-01-30T12:06:20.840000Z,
FN.RAJF.00.BHZ | 2025-01-30T12:06:44.378344Z - 2025-01-30T12:07:44.378344Z,,,,,,,,,2025-01-30T12:07:15.200000Z,
FN.RANF.00.BHZ | 2025-01-30T12:05:46.311389Z - 2025-01-30T12:06:46.311389Z,,,,,,,2025-01-30T12:05:57.680000Z,,2025-01-30T12:06:25.160000Z,
FN.RNF.00.BHZ | 2025-01-30T12:05:32.143903Z - 2025-01-30T12:06:32.143903Z,,,,,,,2025-01-30T12:05:54.080000Z,,2025-01-30T12:06:20.000000Z,
HE.HEF.00.BHZ | 2025-01-30T12:06:29.222001Z - 2025-01-30T12:07:29.222001Z,,,,,,,,,2025-01-30T12:06:45.600000Z,
HE.KJNF.00.BHZ | 2025-01-30T12:05:35.255047Z - 2025-01-30T12:06:35.255047Z,,,,,,,2025-01-30T12:06:15.160000Z,,,
HE.KU2.00.BHZ | 2025-01-30T12:05:32.819526Z - 2025-01-30T12:06:32.819526Z,,,,,,,2025-01-30T12:06:07.860000Z,,,
HE.OBF0.00.BHZ | 2025-01-30T12:05:22.450279Z - 2025-01-30T12:06:22.450279Z,,,,,,,2025-01-30T12:05:52.160000Z,,2025-01-30T12:06:15.300000Z,
HE.OBF3.00.BHZ | 2025-01-30T12:05:32.201142Z - 2025-01-30T12:06:32.201142Z,,,,,,,2025-01-30T12:05:50.080000Z,,2025-01-30T12:06:12.980000Z,
HE.OBF8.00.BHZ | 2025-01-30T12:05:32.796568Z - 2025-01-30T12:06:32.796568Z,,,,,,,2025-01-30T12:05:51.880000Z,,2025-01-30T12:06:14.980000Z,
HE.OUF.00.BHZ | 2025-01-30T12:05:47.813842Z - 2025-01-30T12:06:47.813842Z,,,,,,,2025-01-30T12:05:55.880000Z,,2025-01-30T12:06:22.200000Z,
HE.SUF.00.BHZ | 2025-01-30T12:05:58.448662Z - 2025-01-30T12:06:58.448662Z,,,,,,,2025-01-30T12:06:22.200000Z,,,
HE.TOF.00.BHZ | 2025-01-30T12:05:24.449350Z - 2025-01-30T12:06:24.449350Z,,,,,,,2025-01-30T12:05:41.520000Z,,2025-01-30T12:05:55.520000Z,
HE.VAF.00.BHZ | 2025-01-30T12:06:03.338326Z - 2025-01-30T12:07:03.338326Z,,,,,,,2025-01-30T12:06:09.030000Z,,2025-01-30T12:06:47.080000Z,
HE.VRF.00.BHZ | 2025-01-30T12:06:34.163189Z - 2025-01-30T12:07:34.163189Z,,,,,,,,,2025-01-30T12:06:58.880000Z,
HE.ECKF.00.BHZ | 2025-01-30T12:31:09.674123Z - 2025-01-30T12:32:09.674123Z,,,,,,,2025-01-30T12:31:26.260000Z,,,
HE.FIA0.00.SHZ | 2025-01-30T12:30:56.092833Z - 2025-01-30T12:31:56.092833Z,,,,,,,2025-01-30T12:31:05.400000Z,,,
HE.KAF.00.BHZ | 2025-01-30T12:30:36.491665Z - 2025-01-30T12:31:36.491665Z,,,,,,,2025-01-30T12:31:08.980000Z,,,
HE.KEF.00.BHZ | 2025-01-30T12:30:41.619186Z - 2025-01-30T12:31:41.619186Z,,,,,,,2025-01-30T12:30:59.830000Z,,,
HE.KPF.00.BHZ | 2025-01-30T12:30:05.458964Z - 2025-01-30T12:31:05.458964Z,,,,,,,2025-01-30T12:30:57.230000Z,,,
HE.KY17.00.BHZ | 2025-01-30T12:30:32.538742Z - 2025-01-30T12:31:32.538742Z,,,,,,,2025-01-30T12:31:16.420000Z,,,
HE.OBF8.00.BHZ | 2025-01-30T12:32:00.362979Z - 2025-01-30T12:33:00.362979Z,,,,,,,,,2025-01-30T12:32:05.460000Z,
HE.RAF.00.BHZ | 2025-01-30T12:30:24.727412Z - 2025-01-30T12:31:24.727412Z,,,,,,,2025-01-30T12:31:01.530000Z,,,
HE.SUF.00.BHZ | 2025-01-30T12:30:35.233362Z - 2025-01-30T12:31:35.233362Z,,,,,,,2025-01-30T12:31:15.090000Z,,,
HE.TRE03.00.BHZ | 2025-01-30T12:30:33.028677Z - 2025-01-30T12:31:33.028677Z,,,,,,,2025-01-30T12:30:48.880000Z,,2025-01-30T12:30:53.960000Z,
HE.VAF.00.BHZ | 2025-01-30T12:31:07.408912Z - 2025-01-30T12:32:07.408912Z,,,,,,,2025-01-30T12:31:12.830000Z,,2025-01-30T12:31:34.740000Z,
HE.VJF.00.BHZ | 2025-01-30T12:31:40.855046Z - 2025-01-30T12:32:40.855046Z,,,,,,,,,2025-01-30T12:31:47.180000Z,
FN.KLF.00.BHZ | 2025-01-30T13:03:19.025367Z - 2025-01-30T13:04:19.025367Z,,,,,,,2025-01-30T13:03:38.340000Z,,2025-01-30T13:04:05.920000Z,
FN.OUL.00.BHZ | 2025-01-30T13:03:27.948698Z - 2025-01-30T13:04:27.948698Z,,,,,,,2025-01-30T13:03:34.400000Z,,,
FN.RANF.00.BHZ | 2025-01-30T13:03:25.665740Z - 2025-01-30T13:04:25.665740Z,,,,,,,2025-01-30T13:03:41.040000Z,,2025-01-30T13:04:12.400000Z,
FN.RNF.00.BHZ | 2025-01-30T13:03:54.393892Z - 2025-01-30T13:04:54.393892Z,,,,,,,,,2025-01-30T13:04:10.760000Z,
HE.HEF.00.BHZ | 2025-01-30T13:04:05.681200Z - 2025-01-30T13:05:05.681200Z,,,,,,,,,2025-01-30T13:04:38.480000Z,
HE.KAF.00.BHZ | 2025-01-30T13:04:08.877020Z - 2025-01-30T13:05:08.877020Z,,,,,,,,,2025-01-30T13:04:47.360000Z,
HE.KU1.00.BHZ | 2025-01-30T13:03:46.093345Z - 2025-01-30T13:04:46.093345Z,,,,,,,2025-01-30T13:03:56.170000Z,,,
HE.OBF0.00.BHZ | 2025-01-30T13:03:23.327404Z - 2025-01-30T13:04:23.327404Z,,,,,,,2025-01-30T13:03:28.660000Z,,,
HE.OBF3.00.BHZ | 2025-01-30T13:02:57.954044Z - 2025-01-30T13:03:57.954044Z,,,,,,,2025-01-30T13:03:27.870000Z,,2025-01-30T13:03:50.420000Z,
HE.OUF.00.BHZ | 2025-01-30T13:03:21.640936Z - 2025-01-30T13:04:21.640936Z,,,,,,,2025-01-30T13:03:32.330000Z,,2025-01-30T13:03:56.800000Z,
HE.SUF.00.BHZ | 2025-01-30T13:03:39.900850Z - 2025-01-30T13:04:39.900850Z,,,,,,,,,2025-01-30T13:04:31.380000Z,
HE.TOF.00.BHZ | 2025-01-30T13:03:06.637348Z - 2025-01-30T13:04:06.637348Z,,,,,,,2025-01-30T13:03:26.130000Z,,2025-01-30T13:03:47.320000Z,
HE.ECKF.00.CZ | 2025-01-30T11:32:03.116577Z - 2025-01-30T11:33:03.116577Z,,,,,,,2025-01-30T11:32:16.749150Z,,2025-01-30T11:32:35.113850Z,
HE.FIA0.00.?HZ | 2025-01-30T11:32:07.527677Z - 2025-01-30T11:33:07.527677Z,,,,,,,2025-01-30T11:32:27.688210Z,,2025-01-30T11:32:53.909980Z,
HE.FIA1.00.?HZ | 2025-01-30T11:32:07.225634Z - 2025-01-30T11:33:07.225634Z,,,,,,,2025-01-30T11:32:27.739340Z,,2025-01-30T11:32:53.909980Z,
HE.KEF.00.?HZ | 2025-01-30T11:32:19.849673Z - 2025-01-30T11:33:19.849673Z,,,,,,,2025-01-30T11:32:27.739340Z,,2025-01-30T11:32:54.072730Z,
HE.KORF.00.CZ | 2025-01-30T11:31:45.673523Z - 2025-01-30T11:32:45.673523Z,,,,,,,2025-01-30T11:32:01.813240Z,,2025-01-30T11:32:09.184910Z,
HE.KPF.00.BHZ | 2025-01-30T11:31:50.172879Z - 2025-01-30T11:32:50.172879Z,,,,,,,2025-01-30T11:32:15.389510Z,,2025-01-30T11:32:32.549360Z,
HE.MEF.00.BHZ | 2025-01-30T11:31:46.499422Z - 2025-01-30T11:32:46.499422Z,,,,,,,2025-01-30T11:32:11.257750Z,,2025-01-30T11:32:25.239320Z,
HE.PVF.00.CZ | 2025-01-30T11:32:17.904562Z - 2025-01-30T11:33:17.904562Z,,,,,,,,,2025-01-30T11:32:45.788190Z,
HE.RAF.00.BHZ | 2025-01-30T11:31:49.822008Z - 2025-01-30T11:32:49.822008Z,,,,,,,2025-01-30T11:32:01.813240Z,,2025-01-30T11:32:09.348510Z,
HE.TRE03.00.CZ | 2025-01-30T11:31:48.297929Z - 2025-01-30T11:32:48.297929Z,,,,,,,2025-01-30T11:32:17.710020Z,,2025-01-30T11:32:36.274100Z,
HE.TVF.00.BHZ | 2025-01-30T11:31:23.733588Z - 2025-01-30T11:32:23.733588Z,,,,,,,2025-01-30T11:32:06.803620Z,,2025-01-30T11:32:17.183710Z,
HE.VUOS.00.BHZ | 2025-01-30T11:32:24.435286Z - 2025-01-30T11:33:24.435286Z,,,,,,,,,2025-01-30T11:32:36.812620Z,
UP.AAL.00.BHZ | 2025-01-30T11:32:02.803923Z - 2025-01-30T11:33:02.803923Z,,,,,,,2025-01-30T11:32:13.069000Z,,2025-01-30T11:32:28.361360Z,
HE.ECKF.00.CZ | 2025-01-30T14:30:42.610720Z - 2025-01-30T14:31:42.610720Z,,,,,,,2025-01-30T14:31:00.049390Z,,2025-01-30T14:31:20.921210Z,
HE.FIA0.00.?HZ | 2025-01-30T14:30:44.123767Z - 2025-01-30T14:31:44.123767Z,,,,,,,2025-01-30T14:31:06.079030Z,,2025-01-30T14:31:31.125210Z,
HE.FIA1.00.?HE | 2025-01-30T14:30:56.376640Z - 2025-01-30T14:31:56.376640Z,,,,,,,2025-01-30T14:31:06.079030Z,,2025-01-30T14:31:31.125210Z,
HE.KEF.00.?HZ | 2025-01-30T14:30:47.152872Z - 2025-01-30T14:31:47.152872Z,,,,,,,2025-01-30T14:31:07.470480Z,,2025-01-30T14:31:34.603850Z,
HE.KORF.00.CZ | 2025-01-30T14:30:32.196140Z - 2025-01-30T14:31:32.196140Z,,,,,,,2025-01-30T14:30:44.012910Z,,2025-01-30T14:30:52.669290Z,
HE.KPF.00.BHZ | 2025-01-30T14:30:33.551272Z - 2025-01-30T14:31:33.551272Z,,,,,,,2025-01-30T14:30:57.962210Z,,2025-01-30T14:31:16.771670Z,
HE.LOVF.00.CZ | 2025-01-30T14:30:52.254258Z - 2025-01-30T14:31:52.254258Z,,,,,,,,,2025-01-30T14:31:26.487030Z,
HE.MEF.00.BHZ | 2025-01-30T14:30:37.644192Z - 2025-01-30T14:31:37.644192Z,,,,,,,2025-01-30T14:30:47.484170Z,,2025-01-30T14:30:58.889850Z,
HE.NUR.00.SHZ | 2025-01-30T14:30:21.958560Z - 2025-01-30T14:31:21.958560Z,,,,,,,2025-01-30T14:30:49.578160Z,,2025-01-30T14:31:01.904670Z,
HE.PVF.00.CZ | 2025-01-30T14:30:43.514753Z - 2025-01-30T14:31:43.514753Z,,,,,,,2025-01-30T14:30:59.668980Z,,2025-01-30T14:31:20.297110Z,
HE.RAF.00.BHZ | 2025-01-30T14:30:25.530038Z - 2025-01-30T14:31:25.530038Z,,,,,,,2025-01-30T14:30:45.561810Z,,2025-01-30T14:30:55.361570Z,
HE.TRE03.00.CZ | 2025-01-30T14:30:23.418204Z - 2025-01-30T14:31:23.418204Z,,,,,,,2025-01-30T14:30:57.266480Z,,2025-01-30T14:31:15.553540Z,
HE.TVF.00.BHZ | 2025-01-30T14:30:29.410176Z - 2025-01-30T14:31:29.410176Z,,,,,,,2025-01-30T14:30:43.417180Z,,2025-01-30T14:30:51.700660Z,
HE.VUOS.00.BHZ | 2025-01-30T14:30:29.745593Z - 2025-01-30T14:31:29.745593Z,,,,,,,2025-01-30T14:30:54.019760Z,,2025-01-30T14:31:09.895100Z,
UP.AAL.00.BHZ | 2025-01-30T14:30:39.581050Z - 2025-01-30T14:31:39.581050Z,,,,,,,2025-01-30T14:30:56.570760Z,,2025-01-30T14:31:13.822520Z,
HE.FIA0.00.?HZ | 2025-01-30T14:38:20.514549Z - 2025-01-30T14:39:20.514549Z,,,,,,,2025-01-30T14:38:26.500660Z,,2025-01-30T14:38:46.001980Z,
HE.FIA1.00.?HN | 2025-01-30T14:38:17.534755Z - 2025-01-30T14:39:17.534755Z,,,,,,,2025-01-30T14:38:26.500660Z,,2025-01-30T14:38:46.001980Z,
HE.HEL1.00.BHZ | 2025-01-30T14:37:11.547296Z - 2025-01-30T14:38:11.547296Z,,,,,,,2025-01-30T14:38:02.813680Z,,2025-01-30T14:38:05.134460Z,
HE.HEL5.00.BHZ | 2025-01-30T14:37:55.533076Z - 2025-01-30T14:38:55.533076Z,,,,,,,2025-01-30T14:38:01.501930Z,,2025-01-30T14:38:02.880950Z,
HE.KEF.00.?HZ | 2025-01-30T14:38:27.326436Z - 2025-01-30T14:39:27.326436Z,,,,,,,2025-01-30T14:38:35.361320Z,,2025-01-30T14:39:02.279240Z,
HE.KORF.00.CZ | 2025-01-30T14:37:59.188701Z - 2025-01-30T14:38:59.188701Z,,,,,,,2025-01-30T14:38:27.194120Z,,2025-01-30T14:38:46.906680Z,
HE.KPF.00.BHZ | 2025-01-30T14:38:34.291542Z - 2025-01-30T14:39:34.291542Z,,,,,,,,,2025-01-30T14:39:03.903600Z,
HE.KUNI.00.BHZ | 2025-01-30T14:37:28.850171Z - 2025-01-30T14:38:28.850171Z,,,,,,,2025-01-30T14:38:03.703290Z,,2025-01-30T14:38:06.521380Z,
HE.KY17.00.CZ | 2025-01-30T14:38:11.345785Z - 2025-01-30T14:39:11.345785Z,,,,,,,2025-01-30T14:38:25.900780Z,,2025-01-30T14:38:44.882500Z,
HE.LAUT.00.BHZ | 2025-01-30T14:37:30.963757Z - 2025-01-30T14:38:30.963757Z,,,,,,,2025-01-30T14:38:02.510970Z,,2025-01-30T14:38:04.629940Z,
HE.LOVF.00.CZ | 2025-01-30T14:38:08.675649Z - 2025-01-30T14:39:08.675649Z,,,,,,,2025-01-30T14:38:15.946950Z,,2025-01-30T14:38:28.215620Z,
HE.MEF.00.BHZ | 2025-01-30T14:37:26.687850Z - 2025-01-30T14:38:26.687850Z,,,,,,,2025-01-30T14:38:01.602840Z,,2025-01-30T14:38:02.981850Z,
HE.NUR.00.SHZ | 2025-01-30T14:37:18.239302Z - 2025-01-30T14:38:18.239302Z,,,,,,,2025-01-30T14:38:06.355610Z,,2025-01-30T14:38:11.218200Z,
HE.PVF.00.CZ | 2025-01-30T14:38:03.704677Z - 2025-01-30T14:39:03.704677Z,,,,,,,2025-01-30T14:38:13.649490Z,,2025-01-30T14:38:23.540430Z,
HE.RAF.00.BHZ | 2025-01-30T14:38:08.164204Z - 2025-01-30T14:39:08.164204Z,,,,,,,2025-01-30T14:38:28.863890Z,,2025-01-30T14:38:49.980540Z,
HE.RSUO.00.BHZ | 2025-01-30T14:37:20.855541Z - 2025-01-30T14:38:20.855541Z,,,,,,,2025-01-30T14:38:03.183660Z,,2025-01-30T14:38:05.706240Z,
HE.TRE03.00.CZ | 2025-01-30T14:38:13.196874Z - 2025-01-30T14:39:13.196874Z,,,,,,,2025-01-30T14:38:26.299610Z,,2025-01-30T14:38:45.499370Z,
HE.TVF.00.BHZ | 2025-01-30T14:37:49.553727Z - 2025-01-30T14:38:49.553727Z,,,,,,,2025-01-30T14:38:12.710130Z,,2025-01-30T14:38:22.159020Z,
HE.VJF.00.?HZ | 2025-01-30T14:38:12.811554Z - 2025-01-30T14:39:12.811554Z,,,,,,,2025-01-30T14:38:27.289690Z,,2025-01-30T14:38:47.509810Z,
HE.VUOS.00.BHZ | 2025-01-30T14:37:32.073210Z - 2025-01-30T14:38:32.073210Z,,,,,,,2025-01-30T14:38:05.195220Z,,2025-01-30T14:38:08.952680Z,
HE.ECKF.00.CZ | 2025-01-30T12:04:00.656957Z - 2025-01-30T12:05:00.656957Z,,,,,,,2025-01-30T12:04:27.192610Z,,2025-01-30T12:04:44.575160Z,
HE.KORF.00.CZ | 2025-01-30T12:03:53.472237Z - 2025-01-30T12:04:53.472237Z,,,,,,,2025-01-30T12:04:09.895060Z,,2025-01-30T12:04:15.656520Z,
HE.KPF.00.BHZ | 2025-01-30T12:04:18.433128Z - 2025-01-30T12:05:18.433128Z,,,,,,,2025-01-30T12:04:29.973820Z,,2025-01-30T12:04:50.369340Z,
HE.RAF.00.BHZ | 2025-01-30T12:03:52.223196Z - 2025-01-30T12:04:52.223196Z,,,,,,,2025-01-30T12:04:16.453390Z,,2025-01-30T12:04:26.498440Z,
HE.TVF.00.BHZ | 2025-01-30T12:03:57.595132Z - 2025-01-30T12:04:57.595132Z,,,,,,,2025-01-30T12:04:14.128920Z,,2025-01-30T12:04:22.683060Z,
UP.AAL.00.BHZ | 2025-01-30T12:03:59.851174Z - 2025-01-30T12:04:59.851174Z,,,,,,,2025-01-30T12:04:22.789030Z,,2025-01-30T12:04:37.158610Z,
FN.OUL.00.BHZ | 2025-02-05T00:52:27.130474Z - 2025-02-05T00:53:27.130474Z,,,,,,,,,2025-02-05T00:53:21.552850Z,
HE.ALAJF.00.?HZ | 2025-02-05T00:52:30.682392Z - 2025-02-05T00:53:30.682392Z,,,,,,,,,2025-02-05T00:53:23.415590Z,
HE.OBF0.00.BHZ | 2025-02-05T00:52:14.825674Z - 2025-02-05T00:53:14.825674Z,,,,,,,2025-02-05T00:52:43.420640Z,,2025-02-05T00:53:05.156950Z,
HE.OBF3.00.BHZ | 2025-02-05T00:52:36.959322Z - 2025-02-05T00:53:36.959322Z,,,,,,,2025-02-05T00:52:45.691640Z,,2025-02-05T00:53:08.548990Z,
HE.OUF.00.BHZ | 2025-02-05T00:52:16.993358Z - 2025-02-05T00:53:16.993358Z,,,,,,,2025-02-05T00:52:47.248860Z,,2025-02-05T00:53:11.677830Z,
HE.TOF.00.BHZ | 2025-02-05T00:52:19.027729Z - 2025-02-05T00:53:19.027729Z,,,,,,,2025-02-05T00:52:48.611430Z,,2025-02-05T00:53:13.916340Z,
HE.VAF.00.BHZ | 2025-02-05T00:52:39.400204Z - 2025-02-05T00:53:39.400204Z,,,,,,,2025-02-05T00:52:50.460640Z,,2025-02-05T00:53:17.225450Z,
HE.FIA0.00.?HZ | 2025-02-05T13:00:47.520740Z - 2025-02-05T13:01:47.520740Z,,,,,,,2025-02-05T13:01:09.311330Z,,2025-02-05T13:01:27.875420Z,
HE.FIA1.00.?HZ | 2025-02-05T13:00:44.454483Z - 2025-02-05T13:01:44.454483Z,,,,,,,2025-02-05T13:01:09.311330Z,,2025-02-05T13:01:27.875420Z,
HE.HEL1.00.BHZ | 2025-02-05T13:00:11.491750Z - 2025-02-05T13:01:11.491750Z,,,,,,,,,2025-02-05T13:00:53.358890Z,
HE.HEL5.00.BHZ | 2025-02-05T13:00:36.745689Z - 2025-02-05T13:01:36.745689Z,,,,,,,,,2025-02-05T13:00:52.061020Z,
HE.KUNI.00.BHZ | 2025-02-05T13:00:40.760919Z - 2025-02-05T13:01:40.760919Z,,,,,,,2025-02-05T13:00:48.909020Z,,2025-02-05T13:00:52.881440Z,
HE.LAUT.00.BHZ | 2025-02-05T13:00:09.678830Z - 2025-02-05T13:01:09.678830Z,,,,,,,2025-02-05T13:00:49.167910Z,,2025-02-05T13:00:53.310320Z,
HE.MEF.00.BHZ | 2025-02-05T13:00:31.153992Z - 2025-02-05T13:01:31.153992Z,,,,,,,2025-02-05T13:00:45.234400Z,,2025-02-05T13:00:46.553290Z,
HE.NUR.00.SHZ | 2025-02-05T13:00:41.525592Z - 2025-02-05T13:01:41.525592Z,,,,,,,2025-02-05T13:00:48.194690Z,,2025-02-05T13:00:52.139560Z,
HE.PVF.00.CZ | 2025-02-05T13:00:32.512953Z - 2025-02-05T13:01:32.512953Z,,,,,,,2025-02-05T13:00:57.940830Z,,2025-02-05T13:01:08.151080Z,
HE.TVF.00.BHZ | 2025-02-05T13:00:45.018301Z - 2025-02-05T13:01:45.018301Z,,,,,,,2025-02-05T13:00:56.548520Z,,2025-02-05T13:01:05.366460Z,
HE.VUOS.00.BHZ | 2025-02-05T13:00:04.991343Z - 2025-02-05T13:01:04.991343Z,,,,,,,,,2025-02-05T13:00:56.780580Z,
FN.MSF.00.BHZ | 2025-02-05T12:15:38.939349Z - 2025-02-05T12:16:38.939349Z,,,,,,,2025-02-05T12:15:49.440000Z,,2025-02-05T12:16:16.040000Z,
FN.OLKF.00.BHZ | 2025-02-05T12:15:47.482361Z - 2025-02-05T12:16:47.482361Z,,,,,,,,,2025-02-05T12:16:26.920000Z,
FN.OUL.00.BHZ | 2025-02-05T12:14:56.961000Z - 2025-02-05T12:15:56.961000Z,,,,,,,2025-02-05T12:15:24.030000Z,,2025-02-05T12:15:32.680000Z,
FN.RANF.00.BHZ | 2025-02-05T12:15:26.113131Z - 2025-02-05T12:16:26.113131Z,,,,,,,2025-02-05T12:15:42.120000Z,,2025-02-05T12:16:02.880000Z,
FN.RNF.00.BHZ | 2025-02-05T12:15:34.269938Z - 2025-02-05T12:16:34.269938Z,,,,,,,,,2025-02-05T12:16:18.600000Z,
HE.KAF.00.BHZ | 2025-02-05T12:15:36.476996Z - 2025-02-05T12:16:36.476996Z,,,,,,,2025-02-05T12:15:55.830000Z,,2025-02-05T12:16:26.760000Z,
HE.KEF.00.BHZ | 2025-02-05T12:15:44.062624Z - 2025-02-05T12:16:44.062624Z,,,,,,,,,2025-02-05T12:16:24.480000Z,
HE.KU1.00.BHZ | 2025-02-05T12:15:26.128282Z - 2025-02-05T12:16:26.128282Z,,,,,,,2025-02-05T12:15:49.010000Z,,,
HE.KU2.00.BHZ | 2025-02-05T12:14:56.281523Z - 2025-02-05T12:15:56.281523Z,,,,,,,2025-02-05T12:15:43.280000Z,,,
HE.KU6.00.BHZ | 2025-02-05T12:15:30.713830Z - 2025-02-05T12:16:30.713830Z,,,,,,,,,2025-02-05T12:16:25.640000Z,
HE.KUNI.00.BHZ | 2025-02-05T12:15:32.049187Z - 2025-02-05T12:16:32.049187Z,,,,,,,2025-02-05T12:16:16.000000Z,,,
HE.NIF.00.BHZ | 2025-02-05T12:14:46.750230Z - 2025-02-05T12:15:46.750230Z,,,,,,,2025-02-05T12:15:40.420000Z,,,
HE.OBF0.00.BHZ | 2025-02-05T12:14:50.458211Z - 2025-02-05T12:15:50.458211Z,,,,,,,2025-02-05T12:15:22.780000Z,,2025-02-05T12:15:30.360000Z,
HE.OBF8.00.BHZ | 2025-02-05T12:14:48.215054Z - 2025-02-05T12:15:48.215054Z,,,,,,,2025-02-05T12:15:33.770000Z,,,
HE.OUF.00.BHZ | 2025-02-05T12:14:33.281772Z - 2025-02-05T12:15:33.281772Z,,,,,,,2025-02-05T12:15:19.680000Z,,2025-02-05T12:15:24.160000Z,
HE.RAF.00.BHZ | 2025-02-05T12:16:44.212355Z - 2025-02-05T12:17:44.212355Z,,,,,,,,,2025-02-05T12:16:58.930000Z,
HE.SUF.00.BHZ | 2025-02-05T12:15:38.732555Z - 2025-02-05T12:16:38.732555Z,,,,,,,2025-02-05T12:15:45.980000Z,,2025-02-05T12:16:10.060000Z,
HE.TOF.00.BHZ | 2025-02-05T12:15:14.190923Z - 2025-02-05T12:16:14.190923Z,,,,,,,2025-02-05T12:15:43.380000Z,,2025-02-05T12:16:06.480000Z,
HE.VAF.00.BHZ | 2025-02-05T12:15:23.549929Z - 2025-02-05T12:16:23.549929Z,,,,,,,2025-02-05T12:15:47.930000Z,,2025-02-05T12:16:13.560000Z,
HE.HEL1.00.BHZ | 2025-02-03T14:28:47.901398Z - 2025-02-03T14:29:47.901398Z,,,,,,,2025-02-03T14:29:09.351500Z,,2025-02-03T14:29:11.714820Z,
HE.HEL5.00.BHZ | 2025-02-03T14:28:42.563348Z - 2025-02-03T14:29:42.563348Z,,,,,,,2025-02-03T14:29:08.005550Z,,2025-02-03T14:29:09.415660Z,
HE.KUNI.00.BHZ | 2025-02-03T14:28:34.128237Z - 2025-02-03T14:29:34.128237Z,,,,,,,2025-02-03T14:29:10.164960Z,,2025-02-03T14:29:13.297830Z,
HE.LAUT.00.BHZ | 2025-02-03T14:28:29.646803Z - 2025-02-03T14:29:29.646803Z,,,,,,,2025-02-03T14:29:09.107110Z,,2025-02-03T14:29:11.156070Z,
HE.MEF.00.BHZ | 2025-02-03T14:28:55.088675Z - 2025-02-03T14:29:55.088675Z,,,,,,,2025-02-03T14:29:08.155410Z,,2025-02-03T14:29:09.387890Z,
HE.NUR.00.SHZ | 2025-02-03T14:28:31.770948Z - 2025-02-03T14:29:31.770948Z,,,,,,,2025-02-03T14:29:12.957840Z,,2025-02-03T14:29:17.887970Z,
HE.RSUO.00.BHZ | 2025-02-03T14:29:03.523381Z - 2025-02-03T14:30:03.523381Z,,,,,,,2025-02-03T14:29:09.351500Z,,2025-02-03T14:29:12.409000Z,
HE.VUOS.00.BHZ | 2025-02-03T14:28:42.511085Z - 2025-02-03T14:29:42.511085Z,,,,,,,2025-02-03T14:29:11.807190Z,,2025-02-03T14:29:15.834480Z,
FN.KLF.00.BHZ | 2025-02-06T10:52:37.296414Z - 2025-02-06T10:53:37.296414Z,,,,,,,,,2025-02-06T10:52:49.840000Z,
FN.MSF.00.BHZ | 2025-02-06T10:50:50.373835Z - 2025-02-06T10:51:50.373835Z,,,,,,,2025-02-06T10:51:19.960000Z,,2025-02-06T10:51:37.040000Z,
FN.OLKF.00.BHZ | 2025-02-06T10:51:10.592278Z - 2025-02-06T10:52:10.592278Z,,,,,,,2025-02-06T10:51:25.440000Z,,2025-02-06T10:51:46.720000Z,
FN.OUL.00.BHZ | 2025-02-06T10:51:18.835872Z - 2025-02-06T10:52:18.835872Z,,,,,,,2025-02-06T10:51:32.920000Z,,2025-02-06T10:51:58.680000Z,
FN.RANF.00.BHZ | 2025-02-06T10:51:21.872614Z - 2025-02-06T10:52:21.872614Z,,,,,,,2025-02-06T10:51:32.640000Z,,2025-02-06T10:51:58.120000Z,
FN.RNF.00.BHZ | 2025-02-06T10:51:23.241282Z - 2025-02-06T10:52:23.241282Z,,,,,,,2025-02-06T10:51:42.580000Z,,2025-02-06T10:52:15.640000Z,
HE.JOF.00.BHZ | 2025-02-06T10:51:26.810582Z - 2025-02-06T10:52:26.810582Z,,,,,,,,,2025-02-06T10:51:54.640000Z,
HE.KJNF.00.BHZ | 2025-02-06T10:50:25.489007Z - 2025-02-06T10:51:25.489007Z,,,,,,,2025-02-06T10:51:19.800000Z,,,
HE.KU1.00.BHZ | 2025-02-06T10:50:41.918650Z - 2025-02-06T10:51:41.918650Z,,,,,,,2025-02-06T10:51:12.680000Z,,2025-02-06T10:51:24.480000Z,
HE.KU2.00.BHZ | 2025-02-06T10:51:01.974447Z - 2025-02-06T10:52:01.974447Z,,,,,,,2025-02-06T10:51:21.080000Z,,2025-02-06T10:51:38.940000Z,
HE.KU6.00.BHZ | 2025-02-06T10:51:08.937983Z - 2025-02-06T10:52:08.937983Z,,,,,,,2025-02-06T10:51:19.520000Z,,2025-02-06T10:51:35.760000Z,
HE.NIF.00.BHZ | 2025-02-06T10:51:16.089219Z - 2025-02-06T10:52:16.089219Z,,,,,,,2025-02-06T10:51:29.980000Z,,2025-02-06T10:51:53.740000Z,
HE.OBF0.00.BHZ | 2025-02-06T10:51:52.877066Z - 2025-02-06T10:52:52.877066Z,,,,,,,,,2025-02-06T10:52:20.080000Z,
HE.OBF3.00.BHZ | 2025-02-06T10:52:06.153817Z - 2025-02-06T10:53:06.153817Z,,,,,,,,,2025-02-06T10:52:13.560000Z,
HE.OUF.00.BHZ | 2025-02-06T10:51:32.115919Z - 2025-02-06T10:52:32.115919Z,,,,,,,,,2025-02-06T10:52:14.840000Z,
HE.RMF.00.BHZ | 2025-02-06T10:50:28.737549Z - 2025-02-06T10:51:28.737549Z,,,,,,,2025-02-06T10:51:08.280000Z,,2025-02-06T10:51:16.560000Z,
HE.SUF.00.BHZ | 2025-02-06T10:51:33.486030Z - 2025-02-06T10:52:33.486030Z,,,,,,,2025-02-06T10:51:46.300000Z,,2025-02-06T10:52:24.100000Z,
HE.TOF.00.BHZ | 2025-02-06T10:51:50.184965Z - 2025-02-06T10:52:50.184965Z,,,,,,,,,2025-02-06T10:52:24.000000Z,
HE.VRF.00.BHZ | 2025-02-06T10:51:38.921947Z - 2025-02-06T10:52:38.921947Z,,,,,,,,,2025-02-06T10:52:27.360000Z,
HE.KAF.00.?HZ | 2025-02-05T10:54:02.017869Z - 2025-02-05T10:55:02.017869Z,,,,,,,,,2025-02-05T10:54:17.890220Z,
HE.KORF.00.CZ | 2025-02-05T10:53:44.755338Z - 2025-02-05T10:54:44.755338Z,,,,,,,,,2025-02-05T10:54:14.577320Z,
HE.KPF.00.BHZ | 2025-02-05T10:53:30.801772Z - 2025-02-05T10:54:30.801772Z,,,,,,,2025-02-05T10:53:55.735170Z,,2025-02-05T10:54:18.638070Z,
HE.KUNI.00.BHZ | 2025-02-05T10:52:58.802851Z - 2025-02-05T10:53:58.802851Z,,,,,,,2025-02-05T10:53:30.204400Z,,2025-02-05T10:53:34.656110Z,
HE.KY17.00.CZ | 2025-02-05T10:53:27.748105Z - 2025-02-05T10:54:27.748105Z,,,,,,,2025-02-05T10:53:46.385810Z,,2025-02-05T10:54:02.653810Z,
HE.MEF.00.BHZ | 2025-02-05T10:52:57.881244Z - 2025-02-05T10:53:57.881244Z,,,,,,,2025-02-05T10:53:31.032620Z,,2025-02-05T10:53:35.887280Z,
HE.NUR.00.SHZ | 2025-02-05T10:53:05.173497Z - 2025-02-05T10:54:05.173497Z,,,,,,,2025-02-05T10:53:25.094070Z,,2025-02-05T10:53:25.721890Z,
HE.PVF.00.CE | 2025-02-05T10:53:03.186104Z - 2025-02-05T10:54:03.186104Z,,,,,,,2025-02-05T10:53:35.130630Z,,2025-02-05T10:53:43.104720Z,
HE.RUF.00.BHZ | 2025-02-05T10:53:38.707893Z - 2025-02-05T10:54:38.707893Z,,,,,,,2025-02-05T10:54:03.051450Z,,2025-02-05T10:54:32.932640Z,
HE.SUF.00.BHZ | 2025-02-05T10:53:49.162514Z - 2025-02-05T10:54:49.162514Z,,,,,,,2025-02-05T10:54:03.126720Z,,2025-02-05T10:54:33.045400Z,
HE.TVF.00.BHZ | 2025-02-05T10:53:02.323754Z - 2025-02-05T10:54:02.323754Z,,,,,,,2025-02-05T10:53:42.318810Z,,2025-02-05T10:53:55.321060Z,
HE.VJF.00.?HZ | 2025-02-05T10:53:43.059962Z - 2025-02-05T10:54:43.059962Z,,,,,,,2025-02-05T10:53:49.979910Z,,2025-02-05T10:54:08.676200Z,
HE.VUOS.00.BHZ | 2025-02-05T10:53:12.719042Z - 2025-02-05T10:54:12.719042Z,,,,,,,2025-02-05T10:53:32.576930Z,,2025-02-05T10:53:38.486660Z,
HE.HEL1.00.BHZ | 2025-02-04T11:59:42.987675Z - 2025-02-04T12:00:42.987675Z,,,,,,,2025-02-04T12:00:34.355740Z,,2025-02-04T12:00:37.838430Z,
HE.KUNI.00.BHZ | 2025-02-04T11:59:49.729479Z - 2025-02-04T12:00:49.729479Z,,,,,,,2025-02-04T12:00:32.681440Z,,2025-02-04T12:00:35.142380Z,
HE.LAUT.00.BHZ | 2025-02-04T12:00:27.607789Z - 2025-02-04T12:01:27.607789Z,,,,,,,2025-02-04T12:00:34.815140Z,,2025-02-04T12:00:38.016220Z,
HE.NUR.00.SHZ | 2025-02-04T11:59:44.082553Z - 2025-02-04T12:00:44.082553Z,,,,,,,2025-02-04T12:00:32.219440Z,,2025-02-04T12:00:34.046660Z,
HE.RSUO.00.BHZ | 2025-02-04T12:00:27.889309Z - 2025-02-04T12:01:27.889309Z,,,,,,,2025-02-04T12:00:33.788840Z,,2025-02-04T12:00:36.572490Z,
HE.VUOS.00.BHZ | 2025-02-04T12:00:22.178648Z - 2025-02-04T12:01:22.178648Z,,,,,,,2025-02-04T12:00:34.935180Z,,2025-02-04T12:00:38.624470Z,
FN.OLKF.00.BHZ | 2025-02-04T12:05:37.891177Z - 2025-02-04T12:06:37.891177Z,,,,,,,2025-02-04T12:05:54.930000Z,,2025-02-04T12:06:22.920000Z,
FN.RAJF.00.BHZ | 2025-02-04T12:05:37.136775Z - 2025-02-04T12:06:37.136775Z,,,,,,,2025-02-04T12:05:53.580000Z,,2025-02-04T12:06:21.200000Z,
FN.RNF.00.BHZ | 2025-02-04T12:06:01.215307Z - 2025-02-04T12:07:01.215307Z,,,,,,,,,2025-02-04T12:06:46.400000Z,
HE.KEV.00.BHZ | 2025-02-04T12:05:37.954083Z - 2025-02-04T12:06:37.954083Z,,,,,,,2025-02-04T12:06:14.260000Z,,,
HE.KU2.00.BHZ | 2025-02-04T12:06:05.613379Z - 2025-02-04T12:07:05.613379Z,,,,,,,,,2025-02-04T12:06:37.260000Z,
HE.KU6.00.BHZ | 2025-02-04T12:06:15.988798Z - 2025-02-04T12:07:15.988798Z,,,,,,,,,2025-02-04T12:06:25.640000Z,
HE.VRF.00.BHZ | 2025-02-04T12:05:16.774533Z - 2025-02-04T12:06:16.774533Z,,,,,,,2025-02-04T12:05:44.730000Z,,2025-02-04T12:06:03.280000Z,
HE.ECKF.00.CZ | 2025-02-05T12:32:31.730904Z - 2025-02-05T12:33:31.730904Z,,,,,,,2025-02-05T12:33:04.305690Z,,2025-02-05T12:33:10.964320Z,
HE.KORF.00.CZ | 2025-02-05T12:32:50.608750Z - 2025-02-05T12:33:50.608750Z,,,,,,,2025-02-05T12:33:21.531280Z,,2025-02-05T12:33:40.638650Z,
HE.KPF.00.BHZ | 2025-02-05T12:33:13.788477Z - 2025-02-05T12:34:13.788477Z,,,,,,,2025-02-05T12:33:36.500060Z,,2025-02-05T12:34:06.712060Z,
HE.RAF.00.BHZ | 2025-02-05T12:33:00.123287Z - 2025-02-05T12:34:00.123287Z,,,,,,,2025-02-05T12:33:27.668850Z,,2025-02-05T12:33:51.373660Z,
HE.TVF.00.BHZ | 2025-02-05T12:33:48.474614Z - 2025-02-05T12:34:48.474614Z,,,,,,,,,2025-02-05T12:34:04.388060Z,
UP.AAL.00.BHZ | 2025-02-05T12:32:57.513897Z - 2025-02-05T12:33:57.513897Z,,,,,,,2025-02-05T12:33:07.924510Z,,2025-02-05T12:33:17.834750Z,
HE.HEL1.00.BHZ | 2025-02-04T12:39:24.791615Z - 2025-02-04T12:40:24.791615Z,,,,,,,2025-02-04T12:39:37.196190Z,,2025-02-04T12:39:40.913420Z,
HE.HEL5.00.BHZ | 2025-02-04T12:38:43.289411Z - 2025-02-04T12:39:43.289411Z,,,,,,,2025-02-04T12:39:35.710710Z,,2025-02-04T12:39:38.277080Z,
HE.KUNI.00.BHZ | 2025-02-04T12:39:21.584226Z - 2025-02-04T12:40:21.584226Z,,,,,,,2025-02-04T12:39:38.134320Z,,2025-02-04T12:39:42.202520Z,
HE.LAUT.00.BHZ | 2025-02-04T12:39:00.240952Z - 2025-02-04T12:40:00.240952Z,,,,,,,2025-02-04T12:39:36.771360Z,,2025-02-04T12:39:40.081870Z,
HE.MEF.00.BHZ | 2025-02-04T12:39:13.789322Z - 2025-02-04T12:40:13.789322Z,,,,,,,2025-02-04T12:39:34.174640Z,,2025-02-04T12:39:35.729440Z,
HE.NUR.00.SHZ | 2025-02-04T12:39:32.504981Z - 2025-02-04T12:40:32.504981Z,,,,,,,2025-02-04T12:39:40.038370Z,,2025-02-04T12:39:45.365960Z,
HE.RSUO.00.BHZ | 2025-02-04T12:38:51.736549Z - 2025-02-04T12:39:51.736549Z,,,,,,,2025-02-04T12:39:37.688830Z,,2025-02-04T12:39:41.406070Z,
HE.VUOS.00.BHZ | 2025-02-04T12:39:11.293372Z - 2025-02-04T12:40:11.293372Z,,,,,,,2025-02-04T12:39:39.500720Z,,2025-02-04T12:39:45.043700Z,
HE.FIA0.00.?HZ | 2025-02-05T12:58:03.267928Z - 2025-02-05T12:59:03.267928Z,,,,,,,2025-02-05T12:58:18.273280Z,,2025-02-05T12:58:36.503200Z,
HE.FIA1.00.?HZ | 2025-02-05T12:57:57.621198Z - 2025-02-05T12:58:57.621198Z,,,,,,,2025-02-05T12:58:18.273280Z,,2025-02-05T12:58:36.503200Z,
HE.KAF.00.?HZ | 2025-02-05T12:58:11.727406Z - 2025-02-05T12:59:11.727406Z,,,,,,,2025-02-05T12:58:20.795000Z,,2025-02-05T12:58:40.366210Z,
HE.KEF.00.?HZ | 2025-02-05T12:58:06.711152Z - 2025-02-05T12:59:06.711152Z,,,,,,,2025-02-05T12:58:31.052660Z,,2025-02-05T12:58:58.677270Z,
HE.KY02.00.CZ | 2025-02-05T12:58:02.106450Z - 2025-02-05T12:59:02.106450Z,,,,,,,2025-02-05T12:58:12.703020Z,,2025-02-05T12:58:27.084410Z,
HE.KY17.00.CZ | 2025-02-05T12:57:36.376819Z - 2025-02-05T12:58:36.376819Z,,,,,,,2025-02-05T12:58:10.576200Z,,2025-02-05T12:58:23.113070Z,
HE.PVF.00.CZ | 2025-02-05T12:58:04.706129Z - 2025-02-05T12:59:04.706129Z,,,,,,,2025-02-05T12:58:22.575860Z,,2025-02-05T12:58:44.357160Z,
HE.RUF.00.BHZ | 2025-02-05T12:57:15.040592Z - 2025-02-05T12:58:15.040592Z,,,,,,,2025-02-05T12:57:56.586340Z,,2025-02-05T12:57:58.705130Z,
HE.SUF.00.BHZ | 2025-02-05T12:58:22.822365Z - 2025-02-05T12:59:22.822365Z,,,,,,,2025-02-05T12:58:28.107390Z,,2025-02-05T12:58:53.599220Z,
HE.VJF.00.?HZ | 2025-02-05T12:57:45.913540Z - 2025-02-05T12:58:45.913540Z,,,,,,,2025-02-05T12:58:10.756200Z,,2025-02-05T12:58:23.316200Z,
FN.OUL.00.BHZ | 2025-02-05T13:13:52.923099Z - 2025-02-05T13:14:52.923099Z,,,,,,,2025-02-05T13:14:07.958800Z,,2025-02-05T13:14:34.824830Z,
HE.ALAJF.00.?HZ | 2025-02-05T13:14:26.709560Z - 2025-02-05T13:15:26.709560Z,,,,,,,,,2025-02-05T13:14:34.593060Z,
HE.JOF.00.BHZ | 2025-02-05T13:13:20.660528Z - 2025-02-05T13:14:20.660528Z,,,,,,,2025-02-05T13:13:54.033770Z,,2025-02-05T13:14:10.257490Z,
HE.KAF.00.?HZ | 2025-02-05T13:13:33.294240Z - 2025-02-05T13:14:33.294240Z,,,,,,,2025-02-05T13:14:00.625820Z,,2025-02-05T13:14:22.224390Z,
HE.KEF.00.?HZ | 2025-02-05T13:14:01.124655Z - 2025-02-05T13:15:01.124655Z,,,,,,,2025-02-05T13:14:08.099050Z,,2025-02-05T13:14:35.011260Z,
HE.KU1.00.SHZ | 2025-02-05T13:14:30.732822Z - 2025-02-05T13:15:30.732822Z,,,,,,,,,2025-02-05T13:14:38.069570Z,
HE.NIF.00.BHZ | 2025-02-05T13:12:49.149016Z - 2025-02-05T13:13:49.149016Z,,,,,,,2025-02-05T13:13:38.279260Z,,2025-02-05T13:13:43.515270Z,
HE.OUF.00.BHZ | 2025-02-05T13:13:55.372218Z - 2025-02-05T13:14:55.372218Z,,,,,,,2025-02-05T13:14:06.609840Z,,2025-02-05T13:14:32.509420Z,
HE.RMF.00.BHZ | 2025-02-05T13:13:38.754983Z - 2025-02-05T13:14:38.754983Z,,,,,,,2025-02-05T13:13:49.630190Z,,2025-02-05T13:14:02.840930Z,
HE.RUF.00.BHZ | 2025-02-05T13:14:09.500908Z - 2025-02-05T13:15:09.500908Z,,,,,,,,,2025-02-05T13:14:30.171910Z,
HE.SUF.00.BHZ | 2025-02-05T13:13:25.470455Z - 2025-02-05T13:14:25.470455Z,,,,,,,2025-02-05T13:13:55.192610Z,,2025-02-05T13:14:11.752360Z,
HE.FIA0.00.SHZ | 2025-02-05T14:32:11.398827Z - 2025-02-05T14:33:11.398827Z,,,,,,,2025-02-05T14:32:18.400000Z,,2025-02-05T14:32:39.500000Z,
HE.HEL1.00.BHZ | 2025-02-05T14:31:19.349229Z - 2025-02-05T14:32:19.349229Z,,,,,,,2025-02-05T14:31:52.650000Z,,2025-02-05T14:31:54.890000Z,
HE.HEL5.00.BHZ | 2025-02-05T14:31:30.900170Z - 2025-02-05T14:32:30.900170Z,,,,,,,2025-02-05T14:31:51.280000Z,,,
HE.KEF.00.BHZ | 2025-02-05T14:32:08.522966Z - 2025-02-05T14:33:08.522966Z,,,,,,,,,2025-02-05T14:32:53.480000Z,
HE.KORF.00.BHZ | 2025-02-05T14:32:00.511301Z - 2025-02-05T14:33:00.511301Z,,,,,,,2025-02-05T14:32:17.100000Z,,2025-02-05T14:32:41.300000Z,
HE.KPF.00.BHZ | 2025-02-05T14:32:14.401558Z - 2025-02-05T14:33:14.401558Z,,,,,,,,,2025-02-05T14:32:53.800000Z,
HE.KUNI.00.BHZ | 2025-02-05T14:31:47.280429Z - 2025-02-05T14:32:47.280429Z,,,,,,,2025-02-05T14:31:53.470000Z,,2025-02-05T14:31:56.380000Z,
HE.KY17.00.BHZ | 2025-02-05T14:32:11.047386Z - 2025-02-05T14:33:11.047386Z,,,,,,,2025-02-05T14:32:16.860000Z,,2025-02-05T14:32:38.720000Z,
HE.LAUT.00.BHZ | 2025-02-05T14:31:30.201207Z - 2025-02-05T14:32:30.201207Z,,,,,,,2025-02-05T14:31:52.380000Z,,2025-02-05T14:31:53.880000Z,
HE.MEF.00.BHZ | 2025-02-05T14:31:36.566241Z - 2025-02-05T14:32:36.566241Z,,,,,,,2025-02-05T14:31:51.200000Z,,,
HE.NUR.00.BHZ | 2025-02-05T14:31:21.985136Z - 2025-02-05T14:32:21.985136Z,,,,,,,2025-02-05T14:32:01.500000Z,,,
HE.PVF.00.BHZ | 2025-02-05T14:31:37.390846Z - 2025-02-05T14:32:37.390846Z,,,,,,,2025-02-05T14:32:03.830000Z,,2025-02-05T14:32:13.740000Z,
HE.RAF.00.BHZ | 2025-02-05T14:32:13.394157Z - 2025-02-05T14:33:13.394157Z,,,,,,,2025-02-05T14:32:19.830000Z,,2025-02-05T14:32:40.400000Z,
HE.TRE03.00.BHZ | 2025-02-05T14:31:42.425157Z - 2025-02-05T14:32:42.425157Z,,,,,,,2025-02-05T14:32:16.980000Z,,,
HE.VJF.00.BHZ | 2025-02-05T14:31:50.481139Z - 2025-02-05T14:32:50.481139Z,,,,,,,,,2025-02-05T14:32:40.600000Z,
HE.VUOS.00.BHZ | 2025-02-05T14:31:19.160557Z - 2025-02-05T14:32:19.160557Z,,,,,,,2025-02-05T14:31:55.000000Z,,2025-02-05T14:31:58.800000Z,
UP.AAL.00.BHZ | 2025-02-05T14:32:24.055200Z - 2025-02-05T14:33:24.055200Z,,,,,,,,,2025-02-05T14:32:59.600000Z,
HE.FIA0.00.?HZ | 2025-02-05T14:04:29.434553Z - 2025-02-05T14:05:29.434553Z,,,,,,,2025-02-05T14:05:14.456680Z,,2025-02-05T14:05:21.940080Z,
HE.FIA1.00.?HZ | 2025-02-05T14:04:48.985980Z - 2025-02-05T14:05:48.985980Z,,,,,,,2025-02-05T14:05:14.456680Z,,2025-02-05T14:05:21.940080Z,
HE.KAF.00.?HZ | 2025-02-05T14:05:01.474319Z - 2025-02-05T14:06:01.474319Z,,,,,,,2025-02-05T14:05:26.745990Z,,2025-02-05T14:05:43.023890Z,
HE.KEF.00.?HZ | 2025-02-05T14:05:09.625757Z - 2025-02-05T14:06:09.625757Z,,,,,,,2025-02-05T14:05:28.136350Z,,2025-02-05T14:05:45.515890Z,
HE.KORF.00.CZ | 2025-02-05T14:05:20.566629Z - 2025-02-05T14:06:20.566629Z,,,,,,,2025-02-05T14:05:41.605980Z,,2025-02-05T14:06:09.453000Z,
HE.KPF.00.BHN | 2025-02-05T14:05:27.778094Z - 2025-02-05T14:06:27.778094Z,,,,,,,2025-02-05T14:05:38.357150Z,,2025-02-05T14:06:04.115660Z,
HE.KY02.00.CZ | 2025-02-05T14:04:31.462739Z - 2025-02-05T14:05:31.462739Z,,,,,,,2025-02-05T14:05:13.421790Z,,2025-02-05T14:05:20.546870Z,
HE.KY17.00.CZ | 2025-02-05T14:04:54.872560Z - 2025-02-05T14:05:54.872560Z,,,,,,,2025-02-05T14:05:15.787260Z,,2025-02-05T14:05:24.559190Z,
HE.LOVF.00.CZ | 2025-02-05T14:04:29.982983Z - 2025-02-05T14:05:29.982983Z,,,,,,,2025-02-05T14:05:13.224670Z,,2025-02-05T14:05:20.175350Z,
HE.NUR.00.SHZ | 2025-02-05T14:04:44.044411Z - 2025-02-05T14:05:44.044411Z,,,,,,,2025-02-05T14:05:14.788300Z,,2025-02-05T14:05:22.961760Z,
HE.PVF.00.CZ | 2025-02-05T14:04:59.828283Z - 2025-02-05T14:05:59.828283Z,,,,,,,2025-02-05T14:05:09.824320Z,,2025-02-05T14:05:14.505970Z,
HE.RAF.00.BHZ | 2025-02-05T14:05:13.531704Z - 2025-02-05T14:06:13.531704Z,,,,,,,2025-02-05T14:05:37.551060Z,,2025-02-05T14:06:02.259190Z,
HE.RUF.00.BHZ | 2025-02-05T14:05:01.340984Z - 2025-02-05T14:06:01.340984Z,,,,,,,2025-02-05T14:05:33.483920Z,,2025-02-05T14:05:54.833310Z,
HE.SUF.00.BHZ | 2025-02-05T14:05:11.916684Z - 2025-02-05T14:06:11.916684Z,,,,,,,2025-02-05T14:05:36.656340Z,,2025-02-05T14:06:00.634780Z,
HE.TRE03.00.CZ | 2025-02-05T14:04:50.459338Z - 2025-02-05T14:05:50.459338Z,,,,,,,2025-02-05T14:05:22.195710Z,,2025-02-05T14:05:35.720150Z,
HE.VJF.00.?HZ | 2025-02-05T14:05:12.751108Z - 2025-02-05T14:06:12.751108Z,,,,,,,2025-02-05T14:05:21.104150Z,,2025-02-05T14:05:33.735870Z,
HE.VUOS.00.BHZ | 2025-02-05T14:04:38.708143Z - 2025-02-05T14:05:38.708143Z,,,,,,,2025-02-05T14:05:17.010320Z,,2025-02-05T14:05:26.711050Z,
HE.HEL1.00.BHZ | 2025-02-04T14:27:27.263325Z - 2025-02-04T14:28:27.263325Z,,,,,,,2025-02-04T14:27:35.264080Z,,2025-02-04T14:27:37.372970Z,
HE.HEL5.00.BHZ | 2025-02-04T14:26:44.837603Z - 2025-02-04T14:27:44.837603Z,,,,,,,2025-02-04T14:27:34.041490Z,,2025-02-04T14:27:35.667380Z,
HE.KUNI.00.BHZ | 2025-02-04T14:26:51.180795Z - 2025-02-04T14:27:51.180795Z,,,,,,,2025-02-04T14:27:36.123400Z,,2025-02-04T14:27:39.286200Z,
HE.LAUT.00.BHZ | 2025-02-04T14:27:08.667357Z - 2025-02-04T14:28:08.667357Z,,,,,,,2025-02-04T14:27:35.074240Z,,2025-02-04T14:27:36.871070Z,
HE.MEF.00.BHZ | 2025-02-04T14:26:43.766022Z - 2025-02-04T14:27:43.766022Z,,,,,,,2025-02-04T14:27:34.130910Z,,2025-02-04T14:27:35.635750Z,
HE.NUR.00.SHZ | 2025-02-04T14:27:27.243628Z - 2025-02-04T14:28:27.243628Z,,,,,,,2025-02-04T14:27:38.949300Z,,2025-02-04T14:27:44.018210Z,
HE.RSUO.00.BHZ | 2025-02-04T14:27:00.759439Z - 2025-02-04T14:28:00.759439Z,,,,,,,2025-02-04T14:27:35.785630Z,,2025-02-04T14:27:38.212000Z,
HE.VUOS.00.BHZ | 2025-02-04T14:26:55.583911Z - 2025-02-04T14:27:55.583911Z,,,,,,,2025-02-04T14:27:38.217400Z,,2025-02-04T14:27:41.532890Z,
HE.ALAJF.00.?HZ | 2025-02-04T12:59:49.677018Z - 2025-02-04T13:00:49.677018Z,,,,,,,2025-02-04T13:00:01.528310Z,,2025-02-04T13:00:23.260470Z,
HE.FIA0.00.?HZ | 2025-02-04T12:59:48.837442Z - 2025-02-04T13:00:48.837442Z,,,,,,,2025-02-04T13:00:02.026950Z,,2025-02-04T13:00:23.923450Z,
HE.FIA1.00.?HZ | 2025-02-04T12:59:55.676794Z - 2025-02-04T13:00:55.676794Z,,,,,,,2025-02-04T13:00:01.627860Z,,2025-02-04T13:00:23.923450Z,
HE.JOF.00.BHZ | 2025-02-04T12:59:40.763076Z - 2025-02-04T13:00:40.763076Z,,,,,,,2025-02-04T13:00:00.167580Z,,2025-02-04T13:00:21.561550Z,
HE.KAF.00.?HZ | 2025-02-04T12:59:44.782769Z - 2025-02-04T13:00:44.782769Z,,,,,,,2025-02-04T12:59:51.125780Z,,2025-02-04T13:00:04.461780Z,
HE.KEF.00.?HZ | 2025-02-04T12:59:52.008684Z - 2025-02-04T13:00:52.008684Z,,,,,,,2025-02-04T12:59:59.102280Z,,2025-02-04T13:00:19.442390Z,
HE.NIF.00.BHZ | 2025-02-04T12:59:03.671111Z - 2025-02-04T13:00:03.671111Z,,,,,,,2025-02-04T12:59:39.538730Z,,2025-02-04T12:59:44.986620Z,
HE.OUF.00.BHZ | 2025-02-04T12:59:44.485849Z - 2025-02-04T13:00:44.485849Z,,,,,,,,,2025-02-04T13:00:30.388910Z,
HE.RMF.00.BHZ | 2025-02-04T12:59:38.075876Z - 2025-02-04T13:00:38.075876Z,,,,,,,2025-02-04T13:00:00.046650Z,,2025-02-04T13:00:20.841340Z,
HE.RUF.00.BHZ | 2025-02-04T12:59:43.775928Z - 2025-02-04T13:00:43.775928Z,,,,,,,2025-02-04T13:00:00.382670Z,,2025-02-04T13:00:22.058250Z,
HE.SUF.00.BHZ | 2025-02-04T12:59:05.110385Z - 2025-02-04T13:00:05.110385Z,,,,,,,2025-02-04T12:59:45.049680Z,,2025-02-04T12:59:55.611800Z,
HE.HEL1.00.BHZ | 2025-02-04T10:08:51.485196Z - 2025-02-04T10:09:51.485196Z,,,,,,,2025-02-04T10:09:27.288260Z,,2025-02-04T10:09:28.179730Z,
HE.KUNI.00.BHZ | 2025-02-04T10:08:46.396499Z - 2025-02-04T10:09:46.396499Z,,,,,,,2025-02-04T10:09:28.076680Z,,2025-02-04T10:09:29.610390Z,
HE.LAUT.00.BHZ | 2025-02-04T10:08:53.432756Z - 2025-02-04T10:09:53.432756Z,,,,,,,2025-02-04T10:09:27.525500Z,,2025-02-04T10:09:28.675790Z,
HE.RSUO.00.BHZ | 2025-02-04T10:08:50.205837Z - 2025-02-04T10:09:50.205837Z,,,,,,,2025-02-04T10:09:27.131400Z,,2025-02-04T10:09:28.155330Z,
HE.VUOS.00.BHZ | 2025-02-04T10:08:54.471272Z - 2025-02-04T10:09:54.471272Z,,,,,,,2025-02-04T10:09:27.250130Z,,2025-02-04T10:09:28.412620Z,
FN.KLF.00.BHZ | 2025-02-06T09:02:33.067641Z - 2025-02-06T09:03:33.067641Z,,,,,,,2025-02-06T09:02:51.880000Z,,2025-02-06T09:03:14.280000Z,
FN.MSF.00.BHZ | 2025-02-06T09:02:53.047035Z - 2025-02-06T09:03:53.047035Z,,,,,,,2025-02-06T09:03:10.480000Z,,2025-02-06T09:03:46.560000Z,
FN.OLKF.00.BHZ | 2025-02-06T09:03:01.290769Z - 2025-02-06T09:04:01.290769Z,,,,,,,2025-02-06T09:03:12.280000Z,,2025-02-06T09:03:50.600000Z,
FN.OUL.00.BHZ | 2025-02-06T09:02:38.314479Z - 2025-02-06T09:03:38.314479Z,,,,,,,2025-02-06T09:02:54.400000Z,,2025-02-06T09:03:20.300000Z,
FN.RAJF.00.BHZ | 2025-02-06T09:03:25.530991Z - 2025-02-06T09:04:25.530991Z,,,,,,,,,2025-02-06T09:04:13.120000Z,
FN.RANF.00.BHZ | 2025-02-06T09:02:52.366571Z - 2025-02-06T09:03:52.366571Z,,,,,,,2025-02-06T09:02:57.680000Z,,2025-02-06T09:03:24.560000Z,
FN.RNF.00.BHZ | 2025-02-06T09:02:38.764995Z - 2025-02-06T09:03:38.764995Z,,,,,,,2025-02-06T09:02:54.980000Z,,2025-02-06T09:03:19.560000Z,
HE.HEF.00.BHZ | 2025-02-06T09:03:26.520079Z - 2025-02-06T09:04:26.520079Z,,,,,,,,,2025-02-06T09:03:44.480000Z,
HE.KJNF.00.BHZ | 2025-02-06T09:02:55.904005Z - 2025-02-06T09:03:55.904005Z,,,,,,,2025-02-06T09:03:09.490000Z,,2025-02-06T09:03:48.350000Z,
HE.KU1.00.BHZ | 2025-02-06T09:03:29.783877Z - 2025-02-06T09:04:29.783877Z,,,,,,,,,2025-02-06T09:03:53.540000Z,
HE.KU2.00.BHZ | 2025-02-06T09:03:13.812776Z - 2025-02-06T09:04:13.812776Z,,,,,,,,,2025-02-06T09:03:40.230000Z,
HE.KU6.00.BHZ | 2025-02-06T09:03:40.272908Z - 2025-02-06T09:04:40.272908Z,,,,,,,,,2025-02-06T09:03:55.600000Z,
HE.OBF0.00.BHZ | 2025-02-06T09:02:22.563494Z - 2025-02-06T09:03:22.563494Z,,,,,,,2025-02-06T09:02:51.580000Z,,2025-02-06T09:03:14.480000Z,
HE.OBF3.00.BHZ | 2025-02-06T09:02:23.283430Z - 2025-02-06T09:03:23.283430Z,,,,,,,2025-02-06T09:02:49.610000Z,,2025-02-06T09:03:11.680000Z,
HE.OBF8.00.BHZ | 2025-02-06T09:02:25.935066Z - 2025-02-06T09:03:25.935066Z,,,,,,,2025-02-06T09:02:50.740000Z,,2025-02-06T09:03:13.420000Z,
HE.OUF.00.BHZ | 2025-02-06T09:02:00.328497Z - 2025-02-06T09:03:00.328497Z,,,,,,,2025-02-06T09:02:55.280000Z,,,
HE.TOF.00.BHZ | 2025-02-06T09:02:21.634087Z - 2025-02-06T09:03:21.634087Z,,,,,,,2025-02-06T09:02:40.580000Z,,2025-02-06T09:02:54.600000Z,
HE.VAF.00.BHZ | 2025-02-06T09:02:55.852632Z - 2025-02-06T09:03:55.852632Z,,,,,,,2025-02-06T09:03:08.330000Z,,2025-02-06T09:03:46.860000Z,
FN.KLF.00.BHZ | 2025-02-07T13:06:29.689342Z - 2025-02-07T13:07:29.689342Z,,,,,,,2025-02-07T13:06:48.040000Z,,2025-02-07T13:07:11.560000Z,
FN.MSF.00.BHZ | 2025-02-07T13:06:46.292993Z - 2025-02-07T13:07:46.292993Z,,,,,,,2025-02-07T13:07:04.080000Z,,2025-02-07T13:07:39.760000Z,
FN.OLKF.00.BHZ | 2025-02-07T13:07:01.417747Z - 2025-02-07T13:08:01.417747Z,,,,,,,2025-02-07T13:07:06.680000Z,,2025-02-07T13:07:50.640000Z,
FN.OUL.00.BHZ | 2025-02-07T13:06:18.905274Z - 2025-02-07T13:07:18.905274Z,,,,,,,2025-02-07T13:06:48.000000Z,,2025-02-07T13:07:10.960000Z,
FN.RAJF.00.BHZ | 2025-02-07T13:07:07.563942Z - 2025-02-07T13:08:07.563942Z,,,,,,,2025-02-07T13:07:15.180000Z,,2025-02-07T13:07:59.020000Z,
FN.RANF.00.BHZ | 2025-02-07T13:06:31.161543Z - 2025-02-07T13:07:31.161543Z,,,,,,,2025-02-07T13:06:51.720000Z,,2025-02-07T13:07:17.200000Z,
FN.RNF.00.BHZ | 2025-02-07T13:06:20.520090Z - 2025-02-07T13:07:20.520090Z,,,,,,,2025-02-07T13:06:50.360000Z,,2025-02-07T13:07:13.880000Z,
HE.HEF.00.BHZ | 2025-02-07T13:06:37.804076Z - 2025-02-07T13:07:37.804076Z,,,,,,,2025-02-07T13:07:03.280000Z,,,
HE.KEF.00.BHZ | 2025-02-07T13:06:25.164211Z - 2025-02-07T13:07:25.164211Z,,,,,,,2025-02-07T13:07:17.680000Z,,,
HE.KIF.00.BHZ | 2025-02-07T13:07:51.570668Z - 2025-02-07T13:08:51.570668Z,,,,,,,,,2025-02-07T13:07:57.780000Z,
HE.KU1.00.BHZ | 2025-02-07T13:06:13.084759Z - 2025-02-07T13:07:13.084759Z,,,,,,,2025-02-07T13:07:07.660000Z,,,
HE.KU2.00.BHZ | 2025-02-07T13:06:42.615267Z - 2025-02-07T13:07:42.615267Z,,,,,,,2025-02-07T13:07:01.680000Z,,2025-02-07T13:07:35.400000Z,
HE.KU6.00.BHZ | 2025-02-07T13:07:04.219973Z - 2025-02-07T13:08:04.219973Z,,,,,,,2025-02-07T13:07:09.280000Z,,2025-02-07T13:07:48.600000Z,
HE.OBF0.00.BHZ | 2025-02-07T13:06:16.131981Z - 2025-02-07T13:07:16.131981Z,,,,,,,2025-02-07T13:06:44.330000Z,,2025-02-07T13:07:06.860000Z,
HE.OBF3.00.BHZ | 2025-02-07T13:06:28.481991Z - 2025-02-07T13:07:28.481991Z,,,,,,,2025-02-07T13:06:42.580000Z,,2025-02-07T13:07:04.480000Z,
HE.OBF8.00.BHZ | 2025-02-07T13:06:29.209278Z - 2025-02-07T13:07:29.209278Z,,,,,,,2025-02-07T13:06:43.880000Z,,,
HE.OUF.00.BHZ | 2025-02-07T13:06:38.790281Z - 2025-02-07T13:07:38.790281Z,,,,,,,2025-02-07T13:06:48.330000Z,,2025-02-07T13:07:13.000000Z,
HE.SUF.00.BHZ | 2025-02-07T13:06:42.069303Z - 2025-02-07T13:07:42.069303Z,,,,,,,2025-02-07T13:07:15.080000Z,,,
HE.TOF.00.BHZ | 2025-02-07T13:06:09.464961Z - 2025-02-07T13:07:09.464961Z,,,,,,,2025-02-07T13:06:34.980000Z,,2025-02-07T13:06:48.280000Z,
HE.VAF.00.BHZ | 2025-02-07T13:06:49.813132Z - 2025-02-07T13:07:49.813132Z,,,,,,,2025-02-07T13:07:02.730000Z,,2025-02-07T13:07:39.160000Z,
HE.ALAJF.00.?HZ | 2025-02-06T13:33:28.331350Z - 2025-02-06T13:34:28.331350Z,,,,,,,2025-02-06T13:33:33.996170Z,,2025-02-06T13:34:02.636680Z,
HE.KPF.00.BHZ | 2025-02-06T13:33:10.876871Z - 2025-02-06T13:34:10.876871Z,,,,,,,2025-02-06T13:33:29.426710Z,,2025-02-06T13:33:56.426600Z,
HE.OBF8.00.BHZ | 2025-02-06T13:33:15.578403Z - 2025-02-06T13:34:15.578403Z,,,,,,,2025-02-06T13:33:31.406040Z,,2025-02-06T13:34:01.987860Z,
HE.RAF.00.BHZ | 2025-02-06T13:33:16.324179Z - 2025-02-06T13:34:16.324179Z,,,,,,,2025-02-06T13:33:37.348740Z,,2025-02-06T13:34:10.413470Z,
HE.VAF.00.BHZ | 2025-02-06T13:33:16.998361Z - 2025-02-06T13:34:16.998361Z,,,,,,,2025-02-06T13:33:23.912860Z,,2025-02-06T13:33:47.250520Z,
HE.FIA0.00.SHZ | 2025-02-07T12:17:35.509765Z - 2025-02-07T12:18:35.509765Z,,,,,,,2025-02-07T12:17:44.900000Z,,2025-02-07T12:17:53.800000Z,
HE.HEL5.00.BHZ | 2025-02-07T12:17:47.688575Z - 2025-02-07T12:18:47.688575Z,,,,,,,2025-02-07T12:18:09.480000Z,,2025-02-07T12:18:36.960000Z,
HE.JOF.00.BHZ | 2025-02-07T12:18:31.902666Z - 2025-02-07T12:19:31.902666Z,,,,,,,,,2025-02-07T12:18:45.260000Z,
HE.KAF.00.BHZ | 2025-02-07T12:17:09.600782Z - 2025-02-07T12:18:09.600782Z,,,,,,,2025-02-07T12:17:45.730000Z,,2025-02-07T12:17:55.240000Z,
HE.KEF.00.BHZ | 2025-02-07T12:17:38.231730Z - 2025-02-07T12:18:38.231730Z,,,,,,,2025-02-07T12:17:56.780000Z,,2025-02-07T12:18:14.520000Z,
HE.KORF.00.BHZ | 2025-02-07T12:18:32.082930Z - 2025-02-07T12:19:32.082930Z,,,,,,,,,2025-02-07T12:19:13.680000Z,
HE.KPF.00.BHZ | 2025-02-07T12:18:10.367320Z - 2025-02-07T12:19:10.367320Z,,,,,,,,,2025-02-07T12:18:51.000000Z,
HE.KUNI.00.BHZ | 2025-02-07T12:17:41.801711Z - 2025-02-07T12:18:41.801711Z,,,,,,,2025-02-07T12:18:06.760000Z,,,
HE.KY17.00.BHZ | 2025-02-07T12:17:33.240105Z - 2025-02-07T12:18:33.240105Z,,,,,,,2025-02-07T12:17:46.770000Z,,2025-02-07T12:17:57.620000Z,
HE.MEF.00.BHZ | 2025-02-07T12:17:56.235288Z - 2025-02-07T12:18:56.235288Z,,,,,,,2025-02-07T12:18:10.280000Z,,2025-02-07T12:18:37.680000Z,
HE.NIF.00.BHZ | 2025-02-07T12:17:55.927981Z - 2025-02-07T12:18:55.927981Z,,,,,,,2025-02-07T12:18:05.680000Z,,2025-02-07T12:18:29.380000Z,
HE.PVF.00.BHZ | 2025-02-07T12:17:32.774341Z - 2025-02-07T12:18:32.774341Z,,,,,,,2025-02-07T12:17:57.180000Z,,,
HE.RAF.00.BHZ | 2025-02-07T12:18:05.620742Z - 2025-02-07T12:19:05.620742Z,,,,,,,,,2025-02-07T12:18:58.080000Z,
HE.RUF.00.BHZ | 2025-02-07T12:17:21.442961Z - 2025-02-07T12:18:21.442961Z,,,,,,,2025-02-07T12:17:48.380000Z,,2025-02-07T12:17:58.960000Z,
HE.SUF.00.BHZ | 2025-02-07T12:17:47.644415Z - 2025-02-07T12:18:47.644415Z,,,,,,,2025-02-07T12:17:55.480000Z,,2025-02-07T12:18:12.480000Z,
HE.TRE03.00.BHZ | 2025-02-07T12:17:54.856250Z - 2025-02-07T12:18:54.856250Z,,,,,,,2025-02-07T12:18:00.880000Z,,2025-02-07T12:18:21.980000Z,
HE.TVF.00.BHZ | 2025-02-07T12:18:33.046272Z - 2025-02-07T12:19:33.046272Z,,,,,,,,,2025-02-07T12:18:57.900000Z,
HE.VAF.00.BHZ | 2025-02-07T12:18:44.587985Z - 2025-02-07T12:19:44.587985Z,,,,,,,,,2025-02-07T12:18:52.720000Z,
HE.VJF.00.BHZ | 2025-02-07T12:17:38.168377Z - 2025-02-07T12:18:38.168377Z,,,,,,,2025-02-07T12:17:53.880000Z,,2025-02-07T12:18:08.980000Z,
HE.VUOS.00.BHZ | 2025-02-07T12:17:48.364643Z - 2025-02-07T12:18:48.364643Z,,,,,,,2025-02-07T12:18:06.060000Z,,2025-02-07T12:18:31.420000Z,
FN.OLKF.00.BHZ | 2025-02-07T12:09:00.457393Z - 2025-02-07T12:10:00.457393Z,,,,,,,2025-02-07T12:09:09.820000Z,,2025-02-07T12:09:38.240000Z,
FN.RAJF.00.BHZ | 2025-02-07T12:08:59.555663Z - 2025-02-07T12:09:59.555663Z,,,,,,,2025-02-07T12:09:09.480000Z,,2025-02-07T12:09:38.760000Z,
FN.RANF.00.BHZ | 2025-02-07T12:09:45.872577Z - 2025-02-07T12:10:45.872577Z,,,,,,,,,2025-02-07T12:10:09.120000Z,
HE.HEF.00.BHZ | 2025-02-07T12:09:25.936861Z - 2025-02-07T12:10:25.936861Z,,,,,,,2025-02-07T12:09:35.380000Z,,,
HE.KEV.00.BHZ | 2025-02-07T12:09:15.082008Z - 2025-02-07T12:10:15.082008Z,,,,,,,2025-02-07T12:09:23.310000Z,,2025-02-07T12:10:02.480000Z,
HE.KU2.00.BHZ | 2025-02-07T12:09:10.285646Z - 2025-02-07T12:10:10.285646Z,,,,,,,,,2025-02-07T12:09:55.300000Z,
HE.KU6.00.BHZ | 2025-02-07T12:09:28.702154Z - 2025-02-07T12:10:28.702154Z,,,,,,,,,2025-02-07T12:09:39.240000Z,
HE.VRF.00.BHZ | 2025-02-07T12:08:47.213421Z - 2025-02-07T12:09:47.213421Z,,,,,,,2025-02-07T12:08:59.280000Z,,2025-02-07T12:09:20.840000Z,
HE.FIA0.00.SHZ | 2025-02-06T13:00:47.889654Z - 2025-02-06T13:01:47.889654Z,,,,,,,2025-02-06T13:01:19.400000Z,,2025-02-06T13:01:42.100000Z,
HE.HEL1.00.BHZ | 2025-02-06T13:00:38.628286Z - 2025-02-06T13:01:38.628286Z,,,,,,,2025-02-06T13:00:56.340000Z,,2025-02-06T13:00:58.680000Z,
HE.HEL5.00.BHZ | 2025-02-06T13:00:22.591229Z - 2025-02-06T13:01:22.591229Z,,,,,,,2025-02-06T13:00:55.980000Z,,2025-02-06T13:00:57.740000Z,
HE.KAF.00.BHZ | 2025-02-06T13:01:06.942464Z - 2025-02-06T13:02:06.942464Z,,,,,,,2025-02-06T13:01:30.680000Z,,2025-02-06T13:01:58.080000Z,
HE.KEF.00.BHZ | 2025-02-06T13:01:12.460535Z - 2025-02-06T13:02:12.460535Z,,,,,,,2025-02-06T13:01:28.680000Z,,2025-02-06T13:01:54.440000Z,
HE.KORF.00.BHZ | 2025-02-06T13:01:11.604665Z - 2025-02-06T13:02:11.604665Z,,,,,,,2025-02-06T13:01:21.180000Z,,,
HE.KPF.00.BHZ | 2025-02-06T13:00:37.084992Z - 2025-02-06T13:01:37.084992Z,,,,,,,2025-02-06T13:01:30.180000Z,,,
HE.KUNI.00.BHZ | 2025-02-06T13:00:39.616857Z - 2025-02-06T13:01:39.616857Z,,,,,,,2025-02-06T13:00:56.380000Z,,2025-02-06T13:00:58.860000Z,
HE.KY17.00.BHZ | 2025-02-06T13:00:58.951106Z - 2025-02-06T13:01:58.951106Z,,,,,,,2025-02-06T13:01:19.580000Z,,2025-02-06T13:01:41.880000Z,
HE.LAUT.00.BHZ | 2025-02-06T13:00:25.928543Z - 2025-02-06T13:01:25.928543Z,,,,,,,2025-02-06T13:00:56.280000Z,,2025-02-06T13:00:58.780000Z,
HE.MEF.00.BHZ | 2025-02-06T13:00:08.747263Z - 2025-02-06T13:01:08.747263Z,,,,,,,2025-02-06T13:00:54.520000Z,,,
HE.NUR.00.BHZ | 2025-02-06T13:00:34.346155Z - 2025-02-06T13:01:34.346155Z,,,,,,,2025-02-06T13:00:58.080000Z,,2025-02-06T13:01:01.700000Z,
HE.PVF.00.BHZ | 2025-02-06T13:00:16.148751Z - 2025-02-06T13:01:16.148751Z,,,,,,,2025-02-06T13:01:06.580000Z,,,
HE.RAF.00.BHZ | 2025-02-06T13:01:07.370718Z - 2025-02-06T13:02:07.370718Z,,,,,,,2025-02-06T13:01:22.780000Z,,2025-02-06T13:01:46.380000Z,
HE.SUF.00.BHZ | 2025-02-06T13:02:06.319661Z - 2025-02-06T13:03:06.319661Z,,,,,,,,,2025-02-06T13:02:13.600000Z,
HE.TRE03.00.BHZ | 2025-02-06T13:00:45.524089Z - 2025-02-06T13:01:45.524089Z,,,,,,,2025-02-06T13:01:19.180000Z,,2025-02-06T13:01:37.680000Z,
HE.TVF.00.BHZ | 2025-02-06T13:00:14.171523Z - 2025-02-06T13:01:14.171523Z,,,,,,,2025-02-06T13:01:07.780000Z,,,
HE.VAF.00.BHZ | 2025-02-06T13:01:37.297141Z - 2025-02-06T13:02:37.297141Z,,,,,,,,,2025-02-06T13:02:22.240000Z,
HE.VJF.00.BHZ | 2025-02-06T13:00:57.423475Z - 2025-02-06T13:01:57.423475Z,,,,,,,2025-02-06T13:01:20.680000Z,,,
HE.VUOS.00.BHZ | 2025-02-06T13:00:38.246830Z - 2025-02-06T13:01:38.246830Z,,,,,,,2025-02-06T13:00:58.640000Z,,2025-02-06T13:01:02.540000Z,
HE.ECKF.00.CZ | 2025-02-06T12:05:25.749377Z - 2025-02-06T12:06:25.749377Z,,,,,,,2025-02-06T12:05:39.153460Z,,2025-02-06T12:05:54.260790Z,
HE.KORF.00.CZ | 2025-02-06T12:05:32.705878Z - 2025-02-06T12:06:32.705878Z,,,,,,,2025-02-06T12:05:53.646270Z,,2025-02-06T12:06:20.173800Z,
UP.AAL.00.BHZ | 2025-02-06T12:05:22.742565Z - 2025-02-06T12:06:22.742565Z,,,,,,,2025-02-06T12:05:42.015920Z,,2025-02-06T12:05:59.183240Z,
FN.MSF.00.BHZ | 2025-02-06T11:41:49.437924Z - 2025-02-06T11:42:49.437924Z,,,,,,,2025-02-06T11:42:02.380000Z,,2025-02-06T11:42:40.160000Z,
FN.OLKF.00.BHZ | 2025-02-06T11:41:59.585416Z - 2025-02-06T11:42:59.585416Z,,,,,,,2025-02-06T11:42:09.280000Z,,2025-02-06T11:42:52.720000Z,
FN.OUL.00.BHZ | 2025-02-06T11:41:35.623894Z - 2025-02-06T11:42:35.623894Z,,,,,,,2025-02-06T11:41:52.360000Z,,2025-02-06T11:42:20.080000Z,
FN.RANF.00.BHZ | 2025-02-06T11:41:45.645183Z - 2025-02-06T11:42:45.645183Z,,,,,,,2025-02-06T11:42:04.280000Z,,2025-02-06T11:42:40.600000Z,
FN.RNF.00.BHZ | 2025-02-06T11:42:02.541694Z - 2025-02-06T11:43:02.541694Z,,,,,,,2025-02-06T11:42:13.630000Z,,2025-02-06T11:42:54.220000Z,
HE.FIA0.00.SHZ | 2025-02-06T11:41:30.025102Z - 2025-02-06T11:42:30.025102Z,,,,,,,2025-02-06T11:41:47.600000Z,,2025-02-06T11:42:12.300000Z,
HE.JOF.00.BHZ | 2025-02-06T11:41:14.764023Z - 2025-02-06T11:42:14.764023Z,,,,,,,2025-02-06T11:41:44.040000Z,,2025-02-06T11:42:05.520000Z,
HE.KAF.00.BHZ | 2025-02-06T11:41:14.480393Z - 2025-02-06T11:42:14.480393Z,,,,,,,2025-02-06T11:41:36.280000Z,,2025-02-06T11:41:53.280000Z,
HE.KEF.00.BHZ | 2025-02-06T11:41:27.575851Z - 2025-02-06T11:42:27.575851Z,,,,,,,2025-02-06T11:41:44.230000Z,,2025-02-06T11:42:05.880000Z,
HE.KJNF.00.BHZ | 2025-02-06T11:41:20.493458Z - 2025-02-06T11:42:20.493458Z,,,,,,,2025-02-06T11:41:35.580000Z,,2025-02-06T11:41:51.080000Z,
HE.KORF.00.BHZ | 2025-02-06T11:41:42.989033Z - 2025-02-06T11:42:42.989033Z,,,,,,,2025-02-06T11:42:27.620000Z,,,
HE.KPF.00.BHZ | 2025-02-06T11:41:49.664475Z - 2025-02-06T11:42:49.664475Z,,,,,,,2025-02-06T11:42:04.440000Z,,,
HE.KU1.00.BHZ | 2025-02-06T11:41:50.260175Z - 2025-02-06T11:42:50.260175Z,,,,,,,2025-02-06T11:41:59.000000Z,,2025-02-06T11:42:33.720000Z,
HE.KU2.00.BHZ | 2025-02-06T11:41:52.109774Z - 2025-02-06T11:42:52.109774Z,,,,,,,2025-02-06T11:41:59.620000Z,,2025-02-06T11:42:35.880000Z,
HE.KU6.00.BHZ | 2025-02-06T11:41:51.419276Z - 2025-02-06T11:42:51.419276Z,,,,,,,2025-02-06T11:42:07.620000Z,,2025-02-06T11:42:45.560000Z,
HE.KY17.00.BHZ | 2025-02-06T11:41:37.122893Z - 2025-02-06T11:42:37.122893Z,,,,,,,2025-02-06T11:41:53.980000Z,,,
HE.MEF.00.BHZ | 2025-02-06T11:41:23.005465Z - 2025-02-06T11:42:23.005465Z,,,,,,,2025-02-06T11:42:13.960000Z,,,
HE.NIF.00.BHZ | 2025-02-06T11:41:11.997423Z - 2025-02-06T11:42:11.997423Z,,,,,,,2025-02-06T11:41:19.280000Z,,,
HE.NUR.00.BHZ | 2025-02-06T11:42:00.949834Z - 2025-02-06T11:43:00.949834Z,,,,,,,2025-02-06T11:42:06.940000Z,,2025-02-06T11:42:47.340000Z,
HE.OBF0.00.BHZ | 2025-02-06T11:41:33.788380Z - 2025-02-06T11:42:33.788380Z,,,,,,,2025-02-06T11:41:51.480000Z,,,
HE.OBF3.00.BHZ | 2025-02-06T11:41:31.083785Z - 2025-02-06T11:42:31.083785Z,,,,,,,2025-02-06T11:41:52.980000Z,,,
HE.OBF8.00.BHZ | 2025-02-06T11:41:28.477254Z - 2025-02-06T11:42:28.477254Z,,,,,,,2025-02-06T11:41:54.460000Z,,,
HE.OUF.00.BHZ | 2025-02-06T11:41:35.385242Z - 2025-02-06T11:42:35.385242Z,,,,,,,2025-02-06T11:41:47.440000Z,,2025-02-06T11:42:12.360000Z,
HE.PVF.00.BHZ | 2025-02-06T11:41:55.617919Z - 2025-02-06T11:42:55.617919Z,,,,,,,2025-02-06T11:42:01.960000Z,,2025-02-06T11:42:38.680000Z,
HE.RAF.00.BHZ | 2025-02-06T11:41:29.352957Z - 2025-02-06T11:42:29.352957Z,,,,,,,2025-02-06T11:42:12.760000Z,,,
HE.RMF.00.BHZ | 2025-02-06T11:41:15.646068Z - 2025-02-06T11:42:15.646068Z,,,,,,,2025-02-06T11:41:41.260000Z,,2025-02-06T11:42:02.780000Z,
HE.RUF.00.BHZ | 2025-02-06T11:41:06.160832Z - 2025-02-06T11:42:06.160832Z,,,,,,,2025-02-06T11:41:46.280000Z,,,
HE.SUF.00.BHZ | 2025-02-06T11:41:15.897021Z - 2025-02-06T11:42:15.897021Z,,,,,,,2025-02-06T11:41:29.480000Z,,2025-02-06T11:41:42.900000Z,
HE.TOF.00.BHZ | 2025-02-06T11:41:43.848060Z - 2025-02-06T11:42:43.848060Z,,,,,,,2025-02-06T11:42:09.760000Z,,,
HE.TRE03.00.BHZ | 2025-02-06T11:41:30.486282Z - 2025-02-06T11:42:30.486282Z,,,,,,,2025-02-06T11:41:54.240000Z,,,
HE.VAF.00.BHZ | 2025-02-06T11:41:39.210897Z - 2025-02-06T11:42:39.210897Z,,,,,,,2025-02-06T11:41:55.160000Z,,2025-02-06T11:42:25.880000Z,
HE.VJF.00.BHZ | 2025-02-06T11:41:42.770682Z - 2025-02-06T11:42:42.770682Z,,,,,,,2025-02-06T11:41:58.780000Z,,2025-02-06T11:42:33.600000Z,
HE.VUOS.00.BHZ | 2025-02-06T11:42:10.073699Z - 2025-02-06T11:43:10.073699Z,,,,,,,,,2025-02-06T11:42:53.280000Z,
FN.OUL.00.BHZ | 2025-02-06T08:48:30.947317Z - 2025-02-06T08:49:30.947317Z,,,,,,,2025-02-06T08:48:54.030850Z,,2025-02-06T08:49:12.586420Z,
FN.RANF.00.?HZ | 2025-02-06T08:48:42.458798Z - 2025-02-06T08:49:42.458798Z,,,,,,,2025-02-06T08:49:08.849320Z,,2025-02-06T08:49:36.655680Z,
HE.ALAJF.00.?HZ | 2025-02-06T08:48:13.893082Z - 2025-02-06T08:49:13.893082Z,,,,,,,2025-02-06T08:48:51.464660Z,,2025-02-06T08:49:08.144930Z,
HE.FIA0.00.?HZ | 2025-02-06T08:48:55.382223Z - 2025-02-06T08:49:55.382223Z,,,,,,,2025-02-06T08:49:08.003480Z,,2025-02-06T08:49:37.034850Z,
HE.FIA1.00.?HZ | 2025-02-06T08:48:57.932741Z - 2025-02-06T08:49:57.932741Z,,,,,,,2025-02-06T08:49:08.003480Z,,2025-02-06T08:49:37.034850Z,
HE.JOF.00.BHZ | 2025-02-06T08:49:20.576230Z - 2025-02-06T08:50:20.576230Z,,,,,,,,,2025-02-06T08:49:36.188730Z,
HE.KAF.00.?HZ | 2025-02-06T08:48:44.757999Z - 2025-02-06T08:49:44.757999Z,,,,,,,2025-02-06T08:48:56.709380Z,,2025-02-06T08:49:17.521410Z,
HE.KEF.00.?HZ | 2025-02-06T08:48:33.045910Z - 2025-02-06T08:49:33.045910Z,,,,,,,2025-02-06T08:48:58.867140Z,,2025-02-06T08:49:21.469400Z,
HE.KU1.00.SHZ | 2025-02-06T08:48:43.546968Z - 2025-02-06T08:49:43.546968Z,,,,,,,2025-02-06T08:49:07.804380Z,,2025-02-06T08:49:36.373070Z,
HE.KU2.00.SHZ | 2025-02-06T08:48:39.011240Z - 2025-02-06T08:49:39.011240Z,,,,,,,2025-02-06T08:49:05.796580Z,,2025-02-06T08:49:32.909910Z,
HE.NIF.00.BHN | 2025-02-06T08:48:19.925243Z - 2025-02-06T08:49:19.925243Z,,,,,,,2025-02-06T08:48:39.107160Z,,2025-02-06T08:48:46.967930Z,
HE.OBF0.00.BHZ | 2025-02-06T08:48:28.749208Z - 2025-02-06T08:49:28.749208Z,,,,,,,2025-02-06T08:48:52.170900Z,,2025-02-06T08:49:09.237580Z,
HE.OBF3.00.BHZ | 2025-02-06T08:48:36.996382Z - 2025-02-06T08:49:36.996382Z,,,,,,,2025-02-06T08:48:53.516050Z,,2025-02-06T08:49:11.796820Z,
HE.OBF8.00.BHZ | 2025-02-06T08:48:38.352110Z - 2025-02-06T08:49:38.352110Z,,,,,,,2025-02-06T08:48:55.708750Z,,2025-02-06T08:49:16.040910Z,
HE.OUF.00.BHZ | 2025-02-06T08:48:17.979121Z - 2025-02-06T08:49:17.979121Z,,,,,,,2025-02-06T08:48:47.598890Z,,2025-02-06T08:49:01.137240Z,
HE.RMF.00.BHZ | 2025-02-06T08:48:43.995593Z - 2025-02-06T08:49:43.995593Z,,,,,,,2025-02-06T08:48:55.786720Z,,2025-02-06T08:49:15.806440Z,
HE.SUF.00.BHZ | 2025-02-06T08:48:25.800030Z - 2025-02-06T08:49:25.800030Z,,,,,,,2025-02-06T08:48:46.291800Z,,2025-02-06T08:48:59.360640Z,
HE.VAF.00.BHZ | 2025-02-06T08:48:43.686400Z - 2025-02-06T08:49:43.686400Z,,,,,,,2025-02-06T08:49:01.619240Z,,2025-02-06T08:49:26.206990Z,
HE.FIA0.00.SHZ | 2025-02-06T10:58:57.019546Z - 2025-02-06T10:59:57.019546Z,,,,,,,2025-02-06T10:59:13.400000Z,,2025-02-06T10:59:30.600000Z,
HE.HEL5.00.BHZ | 2025-02-06T10:58:57.282131Z - 2025-02-06T10:59:57.282131Z,,,,,,,2025-02-06T10:59:15.380000Z,,2025-02-06T10:59:30.380000Z,
HE.JOF.00.BHZ | 2025-02-06T11:00:04.260988Z - 2025-02-06T11:01:04.260988Z,,,,,,,,,2025-02-06T11:00:32.560000Z,
HE.KAF.00.BHZ | 2025-02-06T10:58:53.483644Z - 2025-02-06T10:59:53.483644Z,,,,,,,2025-02-06T10:59:24.760000Z,,2025-02-06T10:59:46.880000Z,
HE.KEF.00.BHZ | 2025-02-06T10:59:22.171952Z - 2025-02-06T11:00:22.171952Z,,,,,,,,,2025-02-06T10:59:56.080000Z,
HE.KORF.00.BHZ | 2025-02-06T10:59:25.553393Z - 2025-02-06T11:00:25.553393Z,,,,,,,2025-02-06T10:59:40.980000Z,,2025-02-06T11:00:14.860000Z,
HE.KPF.00.BHZ | 2025-02-06T10:59:33.279752Z - 2025-02-06T11:00:33.279752Z,,,,,,,2025-02-06T10:59:41.380000Z,,2025-02-06T11:00:15.980000Z,
HE.KUNI.00.BHZ | 2025-02-06T10:58:53.763628Z - 2025-02-06T10:59:53.763628Z,,,,,,,2025-02-06T10:59:13.150000Z,,2025-02-06T10:59:26.320000Z,
HE.KY17.00.BHZ | 2025-02-06T10:58:38.326534Z - 2025-02-06T10:59:38.326534Z,,,,,,,2025-02-06T10:59:03.380000Z,,2025-02-06T10:59:09.680000Z,
HE.LAUT.00.BHZ | 2025-02-06T10:58:55.794528Z - 2025-02-06T10:59:55.794528Z,,,,,,,2025-02-06T10:59:14.310000Z,,2025-02-06T10:59:28.080000Z,
HE.MEF.00.BHZ | 2025-02-06T10:59:09.380702Z - 2025-02-06T11:00:09.380702Z,,,,,,,2025-02-06T10:59:17.560000Z,,2025-02-06T10:59:34.480000Z,
HE.NUR.00.BHZ | 2025-02-06T10:59:07.642335Z - 2025-02-06T11:00:07.642335Z,,,,,,,2025-02-06T10:59:14.730000Z,,2025-02-06T10:59:29.030000Z,
HE.PVF.00.BHZ | 2025-02-06T10:58:54.725138Z - 2025-02-06T10:59:54.725138Z,,,,,,,2025-02-06T10:59:03.780000Z,,2025-02-06T10:59:10.420000Z,
HE.RAF.00.BHZ | 2025-02-06T10:59:31.014593Z - 2025-02-06T11:00:31.014593Z,,,,,,,,,2025-02-06T11:00:12.080000Z,
HE.RUF.00.BHZ | 2025-02-06T10:59:12.898264Z - 2025-02-06T11:00:12.898264Z,,,,,,,2025-02-06T10:59:19.780000Z,,2025-02-06T10:59:41.180000Z,
HE.SUF.00.BHZ | 2025-02-06T10:59:14.290874Z - 2025-02-06T11:00:14.290874Z,,,,,,,2025-02-06T10:59:34.680000Z,,2025-02-06T11:00:04.780000Z,
HE.TRE03.00.BHZ | 2025-02-06T10:59:06.072935Z - 2025-02-06T11:00:06.072935Z,,,,,,,2025-02-06T10:59:25.780000Z,,2025-02-06T10:59:48.580000Z,
HE.TVF.00.BHZ | 2025-02-06T10:59:19.859826Z - 2025-02-06T11:00:19.859826Z,,,,,,,2025-02-06T10:59:29.300000Z,,2025-02-06T10:59:54.080000Z,
HE.VJF.00.BHZ | 2025-02-06T10:58:21.077628Z - 2025-02-06T10:59:21.077628Z,,,,,,,2025-02-06T10:59:01.580000Z,,2025-02-06T10:59:06.640000Z,
HE.VUOS.00.BHZ | 2025-02-06T10:58:58.797700Z - 2025-02-06T10:59:58.797700Z,,,,,,,,,2025-02-06T10:59:23.460000Z,
HE.FIA0.00.SHZ | 2025-02-06T12:37:06.205838Z - 2025-02-06T12:38:06.205838Z,,,,,,,2025-02-06T12:37:40.400000Z,,2025-02-06T12:37:58.300000Z,
HE.KAF.00.BHZ | 2025-02-06T12:36:50.303379Z - 2025-02-06T12:37:50.303379Z,,,,,,,2025-02-06T12:37:32.080000Z,,2025-02-06T12:37:43.720000Z,
HE.KEF.00.BHZ | 2025-02-06T12:37:09.028291Z - 2025-02-06T12:38:09.028291Z,,,,,,,2025-02-06T12:37:24.400000Z,,2025-02-06T12:37:30.280000Z,
HE.KPF.00.BHZ | 2025-02-06T12:37:24.537456Z - 2025-02-06T12:38:24.537456Z,,,,,,,2025-02-06T12:37:43.780000Z,,2025-02-06T12:38:04.400000Z,
HE.KY17.00.BHZ | 2025-02-06T12:37:49.154938Z - 2025-02-06T12:38:49.154938Z,,,,,,,,,2025-02-06T12:38:18.980000Z,
HE.NIF.00.BHZ | 2025-02-06T12:37:39.575468Z - 2025-02-06T12:38:39.575468Z,,,,,,,2025-02-06T12:37:45.120000Z,,2025-02-06T12:38:06.140000Z,
HE.OBF0.00.BHZ | 2025-02-06T12:37:43.616456Z - 2025-02-06T12:38:43.616456Z,,,,,,,2025-02-06T12:37:51.580000Z,,2025-02-06T12:38:17.220000Z,
HE.PVF.00.BHZ | 2025-02-06T12:37:30.235888Z - 2025-02-06T12:38:30.235888Z,,,,,,,,,2025-02-06T12:38:23.680000Z,
HE.RAF.00.BHZ | 2025-02-06T12:37:28.319973Z - 2025-02-06T12:38:28.319973Z,,,,,,,2025-02-06T12:37:54.680000Z,,2025-02-06T12:38:23.160000Z,
HE.RUF.00.BHZ | 2025-02-06T12:37:39.495016Z - 2025-02-06T12:38:39.495016Z,,,,,,,,,2025-02-06T12:38:27.920000Z,
HE.SUF.00.BHZ | 2025-02-06T12:37:13.388223Z - 2025-02-06T12:38:13.388223Z,,,,,,,2025-02-06T12:37:27.880000Z,,2025-02-06T12:37:36.400000Z,
HE.TRE03.00.BHZ | 2025-02-06T12:37:22.452612Z - 2025-02-06T12:38:22.452612Z,,,,,,,2025-02-06T12:37:35.600000Z,,2025-02-06T12:37:49.580000Z,
HE.VAF.00.BHZ | 2025-02-06T12:37:22.829492Z - 2025-02-06T12:38:22.829492Z,,,,,,,2025-02-06T12:37:36.480000Z,,2025-02-06T12:37:51.580000Z,
HE.ALAJF.00.?HZ | 2025-02-06T11:55:27.241634Z - 2025-02-06T11:56:27.241634Z,,,,,,,2025-02-06T11:55:47.142600Z,,2025-02-06T11:56:01.671940Z,
HE.KEF.00.?HZ | 2025-02-06T11:55:53.313824Z - 2025-02-06T11:56:53.313824Z,,,,,,,2025-02-06T11:55:59.087600Z,,2025-02-06T11:56:22.723470Z,
HE.KPF.00.BHZ | 2025-02-06T11:55:13.772264Z - 2025-02-06T11:56:13.772264Z,,,,,,,2025-02-06T11:55:51.226930Z,,2025-02-06T11:56:08.455810Z,
HE.OBF0.00.BHZ | 2025-02-06T11:55:43.350694Z - 2025-02-06T11:56:43.350694Z,,,,,,,2025-02-06T11:55:58.486840Z,,2025-02-06T11:56:21.681750Z,
HE.OBF8.00.BHE | 2025-02-06T11:55:42.610488Z - 2025-02-06T11:56:42.610488Z,,,,,,,2025-02-06T11:55:52.626780Z,,2025-02-06T11:56:11.249110Z,
HE.OUF.00.BHZ | 2025-02-06T11:55:37.465541Z - 2025-02-06T11:56:37.465541Z,,,,,,,2025-02-06T11:55:59.398430Z,,2025-02-06T11:56:23.302360Z,
HE.RAF.00.BHZ | 2025-02-06T11:55:54.685210Z - 2025-02-06T11:56:54.685210Z,,,,,,,2025-02-06T11:56:04.564110Z,,2025-02-06T11:56:32.924700Z,
HE.SUF.00.BHZ | 2025-02-06T11:55:49.718134Z - 2025-02-06T11:56:49.718134Z,,,,,,,2025-02-06T11:56:03.956380Z,,2025-02-06T11:56:31.911830Z,
HE.TRE03.00.CZ | 2025-02-06T11:55:44.880246Z - 2025-02-06T11:56:44.880246Z,,,,,,,,,2025-02-06T11:56:27.353870Z,
HE.VAF.00.BHZ | 2025-02-06T11:54:53.171488Z - 2025-02-06T11:55:53.171488Z,,,,,,,2025-02-06T11:55:35.451740Z,,2025-02-06T11:55:42.483360Z,
HE.ECKF.00.CZ | 2025-02-06T13:50:30.579725Z - 2025-02-06T13:51:30.579725Z,,,,,,,2025-02-06T13:51:06.002900Z,,2025-02-06T13:51:24.776050Z,
HE.FIA0.00.?HZ | 2025-02-06T13:51:02.899137Z - 2025-02-06T13:52:02.899137Z,,,,,,,2025-02-06T13:51:15.831760Z,,2025-02-06T13:51:41.962250Z,
HE.FIA1.00.?HZ | 2025-02-06T13:51:09.133822Z - 2025-02-06T13:52:09.133822Z,,,,,,,2025-02-06T13:51:15.831760Z,,2025-02-06T13:51:41.962250Z,
HE.KAF.00.?HZ | 2025-02-06T13:51:40.676768Z - 2025-02-06T13:52:40.676768Z,,,,,,,,,2025-02-06T13:51:55.126240Z,
HE.KEF.00.?HZ | 2025-02-06T13:50:49.455463Z - 2025-02-06T13:51:49.455463Z,,,,,,,2025-02-06T13:51:16.432430Z,,2025-02-06T13:51:43.332460Z,
HE.KORF.00.CZ | 2025-02-06T13:50:23.146774Z - 2025-02-06T13:51:23.146774Z,,,,,,,2025-02-06T13:50:50.184630Z,,2025-02-06T13:50:57.701060Z,
HE.KPF.00.BHZ | 2025-02-06T13:50:44.374874Z - 2025-02-06T13:51:44.374874Z,,,,,,,2025-02-06T13:51:04.691340Z,,2025-02-06T13:51:22.758710Z,
HE.MEF.00.BHZ | 2025-02-06T13:50:36.459926Z - 2025-02-06T13:51:36.459926Z,,,,,,,2025-02-06T13:50:57.891040Z,,2025-02-06T13:51:10.732740Z,
HE.PVF.00.CZ | 2025-02-06T13:50:54.911702Z - 2025-02-06T13:51:54.911702Z,,,,,,,2025-02-06T13:51:10.174710Z,,2025-02-06T13:51:32.192610Z,
HE.RAF.00.BHZ | 2025-02-06T13:50:29.164335Z - 2025-02-06T13:51:29.164335Z,,,,,,,2025-02-06T13:50:51.409910Z,,2025-02-06T13:50:59.949180Z,
HE.TRE03.00.CZ | 2025-02-06T13:50:59.482713Z - 2025-02-06T13:51:59.482713Z,,,,,,,2025-02-06T13:51:05.836300Z,,2025-02-06T13:51:24.776050Z,
HE.TVF.00.BHZ | 2025-02-06T13:50:07.827878Z - 2025-02-06T13:51:07.827878Z,,,,,,,2025-02-06T13:50:53.325680Z,,2025-02-06T13:51:02.543950Z,
UP.AAL.00.BHN | 2025-02-06T13:50:47.826308Z - 2025-02-06T13:51:47.826308Z,,,,,,,2025-02-06T13:51:01.831090Z,,2025-02-06T13:51:18.034970Z,
HE.ECKF.00.CZ | 2025-02-07T12:04:19.715078Z - 2025-02-07T12:05:19.715078Z,,,,,,,2025-02-07T12:04:28.741780Z,,2025-02-07T12:04:46.163050Z,
HE.FIA0.00.?HZ | 2025-02-07T12:04:48.574719Z - 2025-02-07T12:05:48.574719Z,,,,,,,,,2025-02-07T12:05:12.010040Z,
HE.FIA1.00.?HZ | 2025-02-07T12:04:32.561950Z - 2025-02-07T12:05:32.561950Z,,,,,,,,,2025-02-07T12:05:12.010040Z,
HE.KORF.00.CZ | 2025-02-07T12:03:53.429110Z - 2025-02-07T12:04:53.429110Z,,,,,,,2025-02-07T12:04:11.650460Z,,2025-02-07T12:04:17.003230Z,
HE.KPF.00.BHZ | 2025-02-07T12:03:58.251420Z - 2025-02-07T12:04:58.251420Z,,,,,,,2025-02-07T12:04:32.003830Z,,2025-02-07T12:04:52.311300Z,
HE.LOVF.00.CZ | 2025-02-07T12:04:15.957045Z - 2025-02-07T12:05:15.957045Z,,,,,,,,,2025-02-07T12:05:06.701310Z,
HE.MEF.00.BHZ | 2025-02-07T12:03:43.945843Z - 2025-02-07T12:04:43.945843Z,,,,,,,,,2025-02-07T12:04:37.808260Z,
HE.PVF.00.CZ | 2025-02-07T12:04:11.945546Z - 2025-02-07T12:05:11.945546Z,,,,,,,,,2025-02-07T12:05:00.189480Z,
HE.RAF.00.BHZ | 2025-02-07T12:03:36.715175Z - 2025-02-07T12:04:36.715175Z,,,,,,,2025-02-07T12:04:18.252960Z,,2025-02-07T12:04:28.036210Z,
HE.TVF.00.BHZ | 2025-02-07T12:03:40.148886Z - 2025-02-07T12:04:40.148886Z,,,,,,,2025-02-07T12:04:16.530280Z,,2025-02-07T12:04:24.839680Z,
UP.AAL.00.BHZ | 2025-02-07T12:04:20.854071Z - 2025-02-07T12:05:20.854071Z,,,,,,,,,2025-02-07T12:04:38.974960Z,
HE.ECKF.00.BHZ | 2025-02-07T11:42:03.067803Z - 2025-02-07T11:43:03.067803Z,,,,,,,,,2025-02-07T11:42:39.700000Z,
HE.FIA0.00.SHZ | 2025-02-07T11:41:36.413689Z - 2025-02-07T11:42:36.413689Z,,,,,,,2025-02-07T11:41:42.800000Z,,2025-02-07T11:41:56.500000Z,
HE.HEL1.00.BHZ | 2025-02-07T11:40:50.854445Z - 2025-02-07T11:41:50.854445Z,,,,,,,2025-02-07T11:41:21.580000Z,,2025-02-07T11:41:24.640000Z,
HE.HEL5.00.BHZ | 2025-02-07T11:40:56.803538Z - 2025-02-07T11:41:56.803538Z,,,,,,,2025-02-07T11:41:22.880000Z,,2025-02-07T11:41:26.000000Z,
HE.KAF.00.BHZ | 2025-02-07T11:41:33.704959Z - 2025-02-07T11:42:33.704959Z,,,,,,,2025-02-07T11:41:52.080000Z,,2025-02-07T11:42:17.000000Z,
HE.KEF.00.BHZ | 2025-02-07T11:42:10.146903Z - 2025-02-07T11:43:10.146903Z,,,,,,,,,2025-02-07T11:42:15.720000Z,
HE.KORF.00.BHZ | 2025-02-07T11:41:26.657201Z - 2025-02-07T11:42:26.657201Z,,,,,,,2025-02-07T11:41:49.100000Z,,2025-02-07T11:42:12.360000Z,
HE.KUNI.00.BHZ | 2025-02-07T11:40:39.148040Z - 2025-02-07T11:41:39.148040Z,,,,,,,2025-02-07T11:41:19.780000Z,,,
HE.KY17.00.BHZ | 2025-02-07T11:41:32.290226Z - 2025-02-07T11:42:32.290226Z,,,,,,,,,2025-02-07T11:42:00.680000Z,
HE.LAUT.00.BHZ | 2025-02-07T11:41:13.485472Z - 2025-02-07T11:42:13.485472Z,,,,,,,2025-02-07T11:41:21.680000Z,,2025-02-07T11:41:25.480000Z,
HE.MEF.00.BHZ | 2025-02-07T11:41:00.260132Z - 2025-02-07T11:42:00.260132Z,,,,,,,2025-02-07T11:41:23.240000Z,,2025-02-07T11:41:27.440000Z,
HE.NUR.00.BHZ | 2025-02-07T11:40:30.070210Z - 2025-02-07T11:41:30.070210Z,,,,,,,2025-02-07T11:41:21.280000Z,,2025-02-07T11:41:23.760000Z,
HE.SUF.00.BHZ | 2025-02-07T11:42:14.673749Z - 2025-02-07T11:43:14.673749Z,,,,,,,,,2025-02-07T11:42:33.900000Z,
HE.VAF.00.BHZ | 2025-02-07T11:42:09.726712Z - 2025-02-07T11:43:09.726712Z,,,,,,,,,2025-02-07T11:42:44.520000Z,
HE.VJF.00.BHZ | 2025-02-07T11:41:43.992741Z - 2025-02-07T11:42:43.992741Z,,,,,,,,,2025-02-07T11:42:00.560000Z,
HE.VUOS.00.BHZ | 2025-02-07T11:40:48.587278Z - 2025-02-07T11:41:48.587278Z,,,,,,,2025-02-07T11:41:21.880000Z,,2025-02-07T11:41:24.940000Z,
UP.AAL.00.BHZ | 2025-02-07T11:42:06.127823Z - 2025-02-07T11:43:06.127823Z,,,,,,,,,2025-02-07T11:42:33.320000Z,
HE.FIA0.00.?HZ | 2025-02-06T14:02:17.520975Z - 2025-02-06T14:03:17.520975Z,,,,,,,2025-02-06T14:02:25.462440Z,,2025-02-06T14:02:43.904140Z,
HE.FIA1.00.?HN | 2025-02-06T14:01:52.586768Z - 2025-02-06T14:02:52.586768Z,,,,,,,2025-02-06T14:02:25.462440Z,,2025-02-06T14:02:43.904140Z,
HE.HEL1.00.BHZ | 2025-02-06T14:01:29.439861Z - 2025-02-06T14:02:29.439861Z,,,,,,,2025-02-06T14:02:04.868030Z,,2025-02-06T14:02:09.001200Z,
HE.HEL5.00.BHZ | 2025-02-06T14:01:54.959454Z - 2025-02-06T14:02:54.959454Z,,,,,,,2025-02-06T14:02:04.413570Z,,2025-02-06T14:02:08.017430Z,
HE.KORF.00.CZ | 2025-02-06T14:02:28.604299Z - 2025-02-06T14:03:28.604299Z,,,,,,,,,2025-02-06T14:02:43.372420Z,
HE.KUNI.00.BHN | 2025-02-06T14:01:22.369550Z - 2025-02-06T14:02:22.369550Z,,,,,,,2025-02-06T14:02:04.775150Z,,2025-02-06T14:02:08.536800Z,
HE.LAUT.00.BHZ | 2025-02-06T14:01:52.492346Z - 2025-02-06T14:02:52.492346Z,,,,,,,2025-02-06T14:02:04.821590Z,,2025-02-06T14:02:08.815440Z,
HE.LOVF.00.CZ | 2025-02-06T14:01:55.808329Z - 2025-02-06T14:02:55.808329Z,,,,,,,2025-02-06T14:02:17.159180Z,,2025-02-06T14:02:30.038570Z,
HE.MEF.00.BHZ | 2025-02-06T14:01:26.718849Z - 2025-02-06T14:02:26.718849Z,,,,,,,2025-02-06T14:02:00.999150Z,,2025-02-06T14:02:02.456260Z,
HE.NUR.00.SHZ | 2025-02-06T14:01:20.004612Z - 2025-02-06T14:02:20.004612Z,,,,,,,2025-02-06T14:02:04.078540Z,,2025-02-06T14:02:07.700870Z,
HE.PVF.00.CZ | 2025-02-06T14:01:54.593396Z - 2025-02-06T14:02:54.593396Z,,,,,,,2025-02-06T14:02:13.859520Z,,2025-02-06T14:02:24.302150Z,
HE.RAF.00.BHZ | 2025-02-06T14:01:54.887534Z - 2025-02-06T14:02:54.887534Z,,,,,,,,,2025-02-06T14:02:44.435860Z,
HE.TRE03.00.CZ | 2025-02-06T14:02:02.664937Z - 2025-02-06T14:03:02.664937Z,,,,,,,,,2025-02-06T14:02:40.314190Z,
HE.TVF.00.BHZ | 2025-02-06T14:01:56.571641Z - 2025-02-06T14:02:56.571641Z,,,,,,,2025-02-06T14:02:12.196620Z,,2025-02-06T14:02:21.061990Z,
HE.VJF.00.?HZ | 2025-02-06T14:02:36.909426Z - 2025-02-06T14:03:36.909426Z,,,,,,,,,2025-02-06T14:02:49.364480Z,
HE.VUOS.00.BHZ | 2025-02-06T14:01:25.166596Z - 2025-02-06T14:02:25.166596Z,,,,,,,2025-02-06T14:02:07.307620Z,,2025-02-06T14:02:12.587740Z,
FN.KLF.00.BHZ | 2025-02-06T17:01:48.673950Z - 2025-02-06T17:02:48.673950Z,,,,,,,2025-02-06T17:02:04.769230Z,,2025-02-06T17:02:23.923080Z,
FN.MSF.00.BHZ | 2025-02-06T17:02:14.213148Z - 2025-02-06T17:03:14.213148Z,,,,,,,,,2025-02-06T17:02:33.079170Z,
FN.OLKF.00.BHZ | 2025-02-06T17:02:26.485489Z - 2025-02-06T17:03:26.485489Z,,,,,,,,,2025-02-06T17:02:38.796510Z,
FN.OUL.00.BHZ | 2025-02-06T17:01:28.990708Z - 2025-02-06T17:02:28.990708Z,,,,,,,2025-02-06T17:01:53.629870Z,,2025-02-06T17:02:04.225850Z,
FN.RANF.00.?HZ | 2025-02-06T17:01:38.258362Z - 2025-02-06T17:02:38.258362Z,,,,,,,2025-02-06T17:01:54.112500Z,,2025-02-06T17:02:05.923080Z,
FN.RNF.00.BHZ | 2025-02-06T17:01:15.870961Z - 2025-02-06T17:02:15.870961Z,,,,,,,2025-02-06T17:01:56.230770Z,,2025-02-06T17:02:09.133170Z,
HE.KU1.00.SHZ | 2025-02-06T17:02:07.844627Z - 2025-02-06T17:03:07.844627Z,,,,,,,,,2025-02-06T17:02:39.470120Z,
HE.KU2.00.SHZ | 2025-02-06T17:01:33.468590Z - 2025-02-06T17:02:33.468590Z,,,,,,,2025-02-06T17:02:04.235130Z,,2025-02-06T17:02:23.230770Z,
HE.OBF0.00.BHZ | 2025-02-06T17:01:47.990562Z - 2025-02-06T17:02:47.990562Z,,,,,,,2025-02-06T17:02:01.405150Z,,2025-02-06T17:02:17.623120Z,
HE.TOF.00.BHZ | 2025-02-06T17:01:28.228579Z - 2025-02-06T17:02:28.228579Z,,,,,,,2025-02-06T17:01:44.318520Z,,2025-02-06T17:01:48.332300Z,
FN.KLF.00.BHZ | 2025-02-07T09:44:52.083616Z - 2025-02-07T09:45:52.083616Z,,,,,,,2025-02-07T09:45:08.680000Z,,2025-02-07T09:45:33.180000Z,
FN.MSF.00.BHZ | 2025-02-07T09:44:40.349082Z - 2025-02-07T09:45:40.349082Z,,,,,,,2025-02-07T09:45:04.730000Z,,2025-02-07T09:45:27.160000Z,
FN.OLKF.00.BHZ | 2025-02-07T09:44:57.540532Z - 2025-02-07T09:45:57.540532Z,,,,,,,2025-02-07T09:45:10.480000Z,,2025-02-07T09:45:34.120000Z,
FN.OUL.00.BHZ | 2025-02-07T09:44:22.747245Z - 2025-02-07T09:45:22.747245Z,,,,,,,2025-02-07T09:44:44.180000Z,,2025-02-07T09:44:52.020000Z,
FN.RANF.00.BHZ | 2025-02-07T09:44:20.972164Z - 2025-02-07T09:45:20.972164Z,,,,,,,2025-02-07T09:44:49.380000Z,,2025-02-07T09:44:59.760000Z,
FN.RNF.00.BHZ | 2025-02-07T09:44:49.080050Z - 2025-02-07T09:45:49.080050Z,,,,,,,2025-02-07T09:44:57.280000Z,,2025-02-07T09:45:16.040000Z,
HE.JOF.00.BHZ | 2025-02-07T09:44:44.617869Z - 2025-02-07T09:45:44.617869Z,,,,,,,2025-02-07T09:45:32.130000Z,,,
HE.KU1.00.BHZ | 2025-02-07T09:44:52.228757Z - 2025-02-07T09:45:52.228757Z,,,,,,,,,2025-02-07T09:45:30.460000Z,
HE.KU2.00.BHZ | 2025-02-07T09:44:49.227817Z - 2025-02-07T09:45:49.227817Z,,,,,,,2025-02-07T09:44:57.980000Z,,2025-02-07T09:45:14.360000Z,
HE.NIF.00.BHZ | 2025-02-07T09:45:08.215733Z - 2025-02-07T09:46:08.215733Z,,,,,,,,,2025-02-07T09:45:49.500000Z,
HE.OBF0.00.BHZ | 2025-02-07T09:44:31.991358Z - 2025-02-07T09:45:31.991358Z,,,,,,,2025-02-07T09:44:57.080000Z,,2025-02-07T09:45:15.420000Z,
HE.OBF3.00.BHZ | 2025-02-07T09:44:31.790545Z - 2025-02-07T09:45:31.790545Z,,,,,,,2025-02-07T09:44:50.090000Z,,,
HE.OUF.00.BHZ | 2025-02-07T09:44:12.679738Z - 2025-02-07T09:45:12.679738Z,,,,,,,2025-02-07T09:44:58.480000Z,,,
HE.TOF.00.BHZ | 2025-02-07T09:44:05.867148Z - 2025-02-07T09:45:05.867148Z,,,,,,,2025-02-07T09:44:48.380000Z,,2025-02-07T09:44:59.160000Z,
HE.FIA0.00.SHZ | 2025-02-07T09:15:52.145512Z - 2025-02-07T09:16:52.145512Z,,,,,,,2025-02-07T09:16:01.900000Z,,2025-02-07T09:16:13.500000Z,
HE.JOF.00.BHZ | 2025-02-07T09:16:33.494779Z - 2025-02-07T09:17:33.494779Z,,,,,,,,,2025-02-07T09:17:18.320000Z,
HE.KAF.00.BHZ | 2025-02-07T09:15:37.131315Z - 2025-02-07T09:16:37.131315Z,,,,,,,2025-02-07T09:16:12.780000Z,,2025-02-07T09:16:30.080000Z,
HE.KEF.00.BHZ | 2025-02-07T09:15:55.625821Z - 2025-02-07T09:16:55.625821Z,,,,,,,2025-02-07T09:16:19.180000Z,,2025-02-07T09:16:39.920000Z,
HE.KPF.00.BHZ | 2025-02-07T09:16:15.413469Z - 2025-02-07T09:17:15.413469Z,,,,,,,,,2025-02-07T09:17:06.800000Z,
HE.KUNI.00.BHZ | 2025-02-07T09:15:26.601784Z - 2025-02-07T09:16:26.601784Z,,,,,,,2025-02-07T09:16:10.680000Z,,,
HE.KY17.00.BHZ | 2025-02-07T09:15:28.029137Z - 2025-02-07T09:16:28.029137Z,,,,,,,2025-02-07T09:15:52.580000Z,,2025-02-07T09:15:54.650000Z,
HE.LAUT.00.BHZ | 2025-02-07T09:15:53.607703Z - 2025-02-07T09:16:53.607703Z,,,,,,,,,2025-02-07T09:16:28.080000Z,
HE.MEF.00.BHZ | 2025-02-07T09:15:44.396069Z - 2025-02-07T09:16:44.396069Z,,,,,,,2025-02-07T09:16:15.330000Z,,2025-02-07T09:16:33.400000Z,
HE.NIF.00.BHZ | 2025-02-07T09:16:38.428822Z - 2025-02-07T09:17:38.428822Z,,,,,,,,,2025-02-07T09:17:08.040000Z,
HE.PVF.00.BHZ | 2025-02-07T09:15:36.002102Z - 2025-02-07T09:16:36.002102Z,,,,,,,2025-02-07T09:16:00.770000Z,,2025-02-07T09:16:08.440000Z,
HE.RAF.00.BHZ | 2025-02-07T09:16:21.763375Z - 2025-02-07T09:17:21.763375Z,,,,,,,2025-02-07T09:16:33.780000Z,,2025-02-07T09:17:05.960000Z,
HE.RUF.00.BHZ | 2025-02-07T09:16:01.667882Z - 2025-02-07T09:17:01.667882Z,,,,,,,2025-02-07T09:16:11.380000Z,,2025-02-07T09:16:30.980000Z,
HE.SUF.00.BHZ | 2025-02-07T09:16:02.814960Z - 2025-02-07T09:17:02.814960Z,,,,,,,2025-02-07T09:16:23.670000Z,,2025-02-07T09:16:48.200000Z,
HE.TRE03.00.BHZ | 2025-02-07T09:15:53.742998Z - 2025-02-07T09:16:53.742998Z,,,,,,,2025-02-07T09:16:16.870000Z,,2025-02-07T09:16:36.080000Z,
HE.TVF.00.BHZ | 2025-02-07T09:16:02.630517Z - 2025-02-07T09:17:02.630517Z,,,,,,,2025-02-07T09:16:27.280000Z,,2025-02-07T09:16:54.680000Z,
HE.VAF.00.BHZ | 2025-02-07T09:17:06.128410Z - 2025-02-07T09:18:06.128410Z,,,,,,,,,2025-02-07T09:17:18.180000Z,
HE.VJF.00.BHZ | 2025-02-07T09:15:26.407994Z - 2025-02-07T09:16:26.407994Z,,,,,,,2025-02-07T09:15:59.680000Z,,2025-02-07T09:16:07.240000Z,
HE.VUOS.00.BHZ | 2025-02-07T09:16:03.025880Z - 2025-02-07T09:17:03.025880Z,,,,,,,2025-02-07T09:16:10.140000Z,,,
FN.OUL.00.BHZ | 2025-02-07T08:20:54.272761Z - 2025-02-07T08:21:54.272761Z,,,,,,,,,2025-02-07T08:21:30.600000Z,
FN.RANF.00.BHZ | 2025-02-07T08:21:21.727044Z - 2025-02-07T08:22:21.727044Z,,,,,,,,,2025-02-07T08:22:03.120000Z,
HE.FIA0.00.SHZ | 2025-02-07T08:20:03.092287Z - 2025-02-07T08:21:03.092287Z,,,,,,,2025-02-07T08:20:19.400000Z,,2025-02-07T08:20:31.400000Z,
HE.JOF.00.BHZ | 2025-02-07T08:20:26.501303Z - 2025-02-07T08:21:26.501303Z,,,,,,,2025-02-07T08:20:49.380000Z,,2025-02-07T08:21:21.120000Z,
HE.KAF.00.BHZ | 2025-02-07T08:19:38.448692Z - 2025-02-07T08:20:38.448692Z,,,,,,,2025-02-07T08:20:07.480000Z,,,
HE.KEF.00.BHZ | 2025-02-07T08:19:43.809437Z - 2025-02-07T08:20:43.809437Z,,,,,,,2025-02-07T08:20:15.000000Z,,2025-02-07T08:20:22.840000Z,
HE.KPF.00.BHZ | 2025-02-07T08:20:20.769907Z - 2025-02-07T08:21:20.769907Z,,,,,,,2025-02-07T08:20:39.480000Z,,2025-02-07T08:21:04.900000Z,
HE.KU6.00.BHZ | 2025-02-07T08:20:45.939250Z - 2025-02-07T08:21:45.939250Z,,,,,,,2025-02-07T08:21:10.080000Z,,,
HE.KY17.00.BHZ | 2025-02-07T08:20:20.700331Z - 2025-02-07T08:21:20.700331Z,,,,,,,,,2025-02-07T08:20:49.180000Z,
HE.NIF.00.BHZ | 2025-02-07T08:20:08.796558Z - 2025-02-07T08:21:08.796558Z,,,,,,,2025-02-07T08:20:30.180000Z,,2025-02-07T08:20:48.560000Z,
HE.OBF0.00.BHZ | 2025-02-07T08:21:06.732632Z - 2025-02-07T08:22:06.732632Z,,,,,,,,,2025-02-07T08:21:19.040000Z,
HE.PVF.00.BHZ | 2025-02-07T08:19:49.754586Z - 2025-02-07T08:20:49.754586Z,,,,,,,2025-02-07T08:20:35.730000Z,,,
HE.RAF.00.BHZ | 2025-02-07T08:20:31.017055Z - 2025-02-07T08:21:31.017055Z,,,,,,,,,2025-02-07T08:21:19.240000Z,
HE.RMF.00.BHZ | 2025-02-07T08:20:47.094887Z - 2025-02-07T08:21:47.094887Z,,,,,,,,,2025-02-07T08:21:25.020000Z,
HE.RUF.00.BHZ | 2025-02-07T08:20:16.662616Z - 2025-02-07T08:21:16.662616Z,,,,,,,2025-02-07T08:20:33.660000Z,,2025-02-07T08:20:56.260000Z,
HE.SUF.00.BHZ | 2025-02-07T08:19:37.970995Z - 2025-02-07T08:20:37.970995Z,,,,,,,2025-02-07T08:20:13.280000Z,,2025-02-07T08:20:19.600000Z,
HE.TRE03.00.BHZ | 2025-02-07T08:20:16.376276Z - 2025-02-07T08:21:16.376276Z,,,,,,,2025-02-07T08:20:24.280000Z,,2025-02-07T08:20:39.320000Z,
HE.TVF.00.BHZ | 2025-02-07T08:20:35.541213Z - 2025-02-07T08:21:35.541213Z,,,,,,,,,2025-02-07T08:21:29.180000Z,
HE.VAF.00.BHZ | 2025-02-07T08:20:13.251563Z - 2025-02-07T08:21:13.251563Z,,,,,,,2025-02-07T08:20:36.680000Z,,2025-02-07T08:21:00.440000Z,
FN.RAJF.00.BHZ | 2025-02-07T16:03:03.096510Z - 2025-02-07T16:04:03.096510Z,,,,,,,2025-02-07T16:03:21.430000Z,,2025-02-07T16:03:37.640000Z,
HE.HEF.00.BHZ | 2025-02-07T16:03:41.771776Z - 2025-02-07T16:04:41.771776Z,,,,,,,2025-02-07T16:03:47.230000Z,,2025-02-07T16:04:20.820000Z,
HE.KEV.00.BHZ | 2025-02-07T16:02:57.965819Z - 2025-02-07T16:03:57.965819Z,,,,,,,2025-02-07T16:03:22.600000Z,,2025-02-07T16:03:39.960000Z,
HE.VRF.00.BHZ | 2025-02-07T16:03:38.190479Z - 2025-02-07T16:04:38.190479Z,,,,,,,,,2025-02-07T16:03:51.080000Z,
FN.MSF.00.BHZ | 2025-02-07T13:11:58.168763Z - 2025-02-07T13:12:58.168763Z,,,,,,,2025-02-07T13:12:07.320000Z,,2025-02-07T13:12:30.000000Z,
FN.OLKF.00.BHZ | 2025-02-07T13:11:51.040992Z - 2025-02-07T13:12:51.040992Z,,,,,,,,,2025-02-07T13:12:16.400000Z,
FN.OUL.00.BHZ | 2025-02-07T13:12:18.160411Z - 2025-02-07T13:13:18.160411Z,,,,,,,2025-02-07T13:12:31.080000Z,,2025-02-07T13:13:11.440000Z,
FN.RANF.00.BHZ | 2025-02-07T13:12:01.797327Z - 2025-02-07T13:13:01.797327Z,,,,,,,2025-02-07T13:12:12.800000Z,,2025-02-07T13:12:41.080000Z,
HE.HEF.00.BHZ | 2025-02-07T13:12:26.607497Z - 2025-02-07T13:13:26.607497Z,,,,,,,,,2025-02-07T13:12:56.240000Z,
HE.KEV.00.BHZ | 2025-02-07T13:12:14.596728Z - 2025-02-07T13:13:14.596728Z,,,,,,,2025-02-07T13:12:20.560000Z,,2025-02-07T13:12:51.920000Z,
HE.KU1.00.BHZ | 2025-02-07T13:11:46.740028Z - 2025-02-07T13:12:46.740028Z,,,,,,,2025-02-07T13:12:12.000000Z,,,
HE.KU6.00.BHZ | 2025-02-07T13:11:53.308735Z - 2025-02-07T13:12:53.308735Z,,,,,,,2025-02-07T13:12:03.400000Z,,2025-02-07T13:12:24.520000Z,
HE.TOF.00.BHZ | 2025-02-07T13:12:36.005325Z - 2025-02-07T13:13:36.005325Z,,,,,,,,,2025-02-07T13:13:02.120000Z,
FN.KLF.00.BHZ | 2025-02-07T13:11:21.655998Z - 2025-02-07T13:12:21.655998Z,,,,,,,2025-02-07T13:11:33.780000Z,,2025-02-07T13:12:08.860000Z,
FN.MSF.00.BHZ | 2025-02-07T13:10:48.422611Z - 2025-02-07T13:11:48.422611Z,,,,,,,2025-02-07T13:11:23.240000Z,,,
FN.OLKF.00.BHZ | 2025-02-07T13:10:49.477845Z - 2025-02-07T13:11:49.477845Z,,,,,,,2025-02-07T13:11:15.920000Z,,2025-02-07T13:11:33.840000Z,
FN.RAJF.00.BHZ | 2025-02-07T13:10:34.638229Z - 2025-02-07T13:11:34.638229Z,,,,,,,2025-02-07T13:11:13.380000Z,,2025-02-07T13:11:29.040000Z,
FN.RNF.00.BHZ | 2025-02-07T13:11:10.366743Z - 2025-02-07T13:12:10.366743Z,,,,,,,2025-02-07T13:11:26.920000Z,,2025-02-07T13:11:53.520000Z,
HE.HEF.00.BHZ | 2025-02-07T13:11:19.341492Z - 2025-02-07T13:12:19.341492Z,,,,,,,2025-02-07T13:11:37.580000Z,,2025-02-07T13:12:12.840000Z,
HE.KU1.00.BHZ | 2025-02-07T13:11:02.129318Z - 2025-02-07T13:12:02.129318Z,,,,,,,2025-02-07T13:11:28.080000Z,,,
HE.KU2.00.BHZ | 2025-02-07T13:11:07.268923Z - 2025-02-07T13:12:07.268923Z,,,,,,,2025-02-07T13:11:28.560000Z,,,
HE.KU6.00.BHZ | 2025-02-07T13:10:48.116128Z - 2025-02-07T13:11:48.116128Z,,,,,,,2025-02-07T13:11:19.860000Z,,2025-02-07T13:11:39.880000Z,
HE.TOF.00.BHZ | 2025-02-07T13:11:26.459507Z - 2025-02-07T13:12:26.459507Z,,,,,,,2025-02-07T13:11:37.780000Z,,2025-02-07T13:12:18.280000Z,
HE.VRF.00.BHZ | 2025-02-07T13:10:22.624761Z - 2025-02-07T13:11:22.624761Z,,,,,,,2025-02-07T13:10:58.040000Z,,2025-02-07T13:11:03.380000Z,
FN.MSF.00.BHZ | 2025-02-07T11:40:49.742950Z - 2025-02-07T11:41:49.742950Z,,,,,,,2025-02-07T11:40:54.980000Z,,2025-02-07T11:41:31.920000Z,
FN.OLKF.00.BHZ | 2025-02-07T11:41:31.878225Z - 2025-02-07T11:42:31.878225Z,,,,,,,,,2025-02-07T11:41:43.800000Z,
FN.OUL.00.BHZ | 2025-02-07T11:39:52.208721Z - 2025-02-07T11:40:52.208721Z,,,,,,,2025-02-07T11:40:43.920000Z,,,
FN.RANF.00.BHZ | 2025-02-07T11:40:40.783937Z - 2025-02-07T11:41:40.783937Z,,,,,,,2025-02-07T11:40:55.680000Z,,2025-02-07T11:41:34.760000Z,
FN.RNF.00.BHZ | 2025-02-07T11:40:55.884602Z - 2025-02-07T11:41:55.884602Z,,,,,,,2025-02-07T11:41:04.230000Z,,2025-02-07T11:41:48.640000Z,
HE.FIA0.00.SHZ | 2025-02-07T11:39:56.666814Z - 2025-02-07T11:40:56.666814Z,,,,,,,2025-02-07T11:40:40.600000Z,,,
HE.JOF.00.BHZ | 2025-02-07T11:40:22.860096Z - 2025-02-07T11:41:22.860096Z,,,,,,,2025-02-07T11:40:36.430000Z,,2025-02-07T11:40:59.160000Z,
HE.KAF.00.BHZ | 2025-02-07T11:40:04.711801Z - 2025-02-07T11:41:04.711801Z,,,,,,,2025-02-07T11:40:29.080000Z,,2025-02-07T11:40:48.280000Z,
HE.KEF.00.BHZ | 2025-02-07T11:40:13.358466Z - 2025-02-07T11:41:13.358466Z,,,,,,,2025-02-07T11:40:37.080000Z,,2025-02-07T11:40:59.320000Z,
HE.KJNF.00.BHZ | 2025-02-07T11:40:21.126538Z - 2025-02-07T11:41:21.126538Z,,,,,,,2025-02-07T11:40:26.780000Z,,2025-02-07T11:40:42.080000Z,
HE.KPF.00.BHZ | 2025-02-07T11:40:44.650756Z - 2025-02-07T11:41:44.650756Z,,,,,,,2025-02-07T11:40:57.580000Z,,2025-02-07T11:41:35.460000Z,
HE.KU1.00.BHZ | 2025-02-07T11:40:28.636367Z - 2025-02-07T11:41:28.636367Z,,,,,,,2025-02-07T11:40:50.840000Z,,2025-02-07T11:41:23.300000Z,
HE.KU2.00.BHZ | 2025-02-07T11:40:35.864762Z - 2025-02-07T11:41:35.864762Z,,,,,,,2025-02-07T11:40:51.580000Z,,2025-02-07T11:41:26.160000Z,
HE.KU6.00.BHZ | 2025-02-07T11:40:24.151304Z - 2025-02-07T11:41:24.151304Z,,,,,,,2025-02-07T11:40:59.080000Z,,,
HE.KY17.00.BHZ | 2025-02-07T11:39:55.059355Z - 2025-02-07T11:40:55.059355Z,,,,,,,2025-02-07T11:40:46.840000Z,,,
HE.NIF.00.BHZ | 2025-02-07T11:40:03.270647Z - 2025-02-07T11:41:03.270647Z,,,,,,,2025-02-07T11:40:10.880000Z,,,
HE.OBF0.00.BHZ | 2025-02-07T11:39:50.439956Z - 2025-02-07T11:40:50.439956Z,,,,,,,2025-02-07T11:40:44.080000Z,,,
HE.OBF3.00.BHZ | 2025-02-07T11:40:12.874055Z - 2025-02-07T11:41:12.874055Z,,,,,,,2025-02-07T11:40:45.040000Z,,,
HE.OBF8.00.BHZ | 2025-02-07T11:40:40.094319Z - 2025-02-07T11:41:40.094319Z,,,,,,,2025-02-07T11:40:47.040000Z,,,
HE.OUF.00.BHZ | 2025-02-07T11:40:29.288892Z - 2025-02-07T11:41:29.288892Z,,,,,,,2025-02-07T11:40:39.680000Z,,2025-02-07T11:41:05.420000Z,
HE.RMF.00.BHZ | 2025-02-07T11:40:27.174231Z - 2025-02-07T11:41:27.174231Z,,,,,,,2025-02-07T11:40:32.980000Z,,,
HE.RUF.00.BHZ | 2025-02-07T11:39:55.738594Z - 2025-02-07T11:40:55.738594Z,,,,,,,2025-02-07T11:40:39.080000Z,,,
HE.SUF.00.BHZ | 2025-02-07T11:40:15.561461Z - 2025-02-07T11:41:15.561461Z,,,,,,,2025-02-07T11:40:22.080000Z,,2025-02-07T11:40:35.760000Z,
HE.TRE03.00.BHZ | 2025-02-07T11:40:37.000069Z - 2025-02-07T11:41:37.000069Z,,,,,,,2025-02-07T11:40:47.280000Z,,2025-02-07T11:41:18.380000Z,
HE.VAF.00.BHZ | 2025-02-07T11:40:25.255748Z - 2025-02-07T11:41:25.255748Z,,,,,,,2025-02-07T11:40:47.780000Z,,2025-02-07T11:41:18.000000Z,
HE.VJF.00.BHZ | 2025-02-07T11:40:43.274550Z - 2025-02-07T11:41:43.274550Z,,,,,,,2025-02-07T11:40:52.180000Z,,2025-02-07T11:41:26.960000Z,
FN.KLF.00.BHZ | 2025-02-07T06:57:35.578219Z - 2025-02-07T06:58:35.578219Z,,,,,,,2025-02-07T06:58:23.600000Z,,2025-02-07T06:58:28.500000Z,
FN.MSF.00.BHZ | 2025-02-07T06:59:23.864960Z - 2025-02-07T07:00:23.864960Z,,,,,,,,,2025-02-07T06:59:42.000000Z,
FN.OLKF.00.BHZ | 2025-02-07T06:58:55.798701Z - 2025-02-07T06:59:55.798701Z,,,,,,,2025-02-07T06:59:02.580000Z,,2025-02-07T06:59:39.280000Z,
FN.OUL.00.BHZ | 2025-02-07T06:58:52.067369Z - 2025-02-07T06:59:52.067369Z,,,,,,,2025-02-07T06:59:01.880000Z,,2025-02-07T06:59:38.520000Z,
FN.RAJF.00.BHZ | 2025-02-07T06:58:37.275525Z - 2025-02-07T06:59:37.275525Z,,,,,,,2025-02-07T06:58:55.180000Z,,2025-02-07T06:59:23.840000Z,
FN.RANF.00.BHZ | 2025-02-07T06:58:32.300756Z - 2025-02-07T06:59:32.300756Z,,,,,,,2025-02-07T06:58:53.320000Z,,2025-02-07T06:59:19.880000Z,
FN.RNF.00.BHZ | 2025-02-07T06:58:24.540159Z - 2025-02-07T06:59:24.540159Z,,,,,,,2025-02-07T06:58:42.160000Z,,2025-02-07T06:59:00.600000Z,
HE.HEF.00.BHZ | 2025-02-07T06:58:25.277538Z - 2025-02-07T06:59:25.277538Z,,,,,,,2025-02-07T06:58:36.580000Z,,2025-02-07T06:58:50.640000Z,
HE.KEV.00.BHZ | 2025-02-07T06:58:50.380066Z - 2025-02-07T06:59:50.380066Z,,,,,,,2025-02-07T06:59:03.120000Z,,2025-02-07T06:59:40.360000Z,
HE.KIF.00.BHZ | 2025-02-07T06:58:22.670084Z - 2025-02-07T06:59:22.670084Z,,,,,,,2025-02-07T06:58:52.200000Z,,2025-02-07T06:59:16.920000Z,
HE.KU1.00.BHZ | 2025-02-07T06:59:02.900328Z - 2025-02-07T07:00:02.900328Z,,,,,,,2025-02-07T06:59:09.180000Z,,2025-02-07T06:59:46.940000Z,
HE.KU2.00.BHZ | 2025-02-07T06:58:27.462066Z - 2025-02-07T06:59:27.462066Z,,,,,,,2025-02-07T06:59:02.280000Z,,,
HE.KU6.00.BHZ | 2025-02-07T06:59:00.841347Z - 2025-02-07T07:00:00.841347Z,,,,,,,2025-02-07T06:59:07.080000Z,,2025-02-07T06:59:48.520000Z,
HE.OBF3.00.BHZ | 2025-02-07T06:58:14.217853Z - 2025-02-07T06:59:14.217853Z,,,,,,,2025-02-07T06:59:04.680000Z,,,
HE.OUF.00.BHZ | 2025-02-07T06:58:48.309203Z - 2025-02-07T06:59:48.309203Z,,,,,,,2025-02-07T06:59:10.880000Z,,,
HE.TOF.00.BHZ | 2025-02-07T06:58:26.025272Z - 2025-02-07T06:59:26.025272Z,,,,,,,2025-02-07T06:58:44.030000Z,,2025-02-07T06:59:02.600000Z,
HE.VRF.00.BHZ | 2025-02-07T06:58:50.654349Z - 2025-02-07T06:59:50.654349Z,,,,,,,2025-02-07T06:58:59.680000Z,,2025-02-07T06:59:31.920000Z,
FN.MSF.00.BHZ | 2025-02-09T01:51:45.084528Z - 2025-02-09T01:52:45.084528Z,,,,,,,2025-02-09T01:51:57.880000Z,,2025-02-09T01:52:15.140000Z,
FN.OLKF.00.BHZ | 2025-02-09T01:51:57.587537Z - 2025-02-09T01:52:57.587537Z,,,,,,,2025-02-09T01:52:03.360000Z,,2025-02-09T01:52:24.780000Z,
FN.OUL.00.BHZ | 2025-02-09T01:51:53.287701Z - 2025-02-09T01:52:53.287701Z,,,,,,,2025-02-09T01:52:11.160000Z,,2025-02-09T01:52:36.480000Z,
FN.RANF.00.BHZ | 2025-02-09T01:51:43.275741Z - 2025-02-09T01:52:43.275741Z,,,,,,,,,2025-02-09T01:52:36.120000Z,
FN.RNF.00.BHZ | 2025-02-09T01:52:02.341872Z - 2025-02-09T01:53:02.341872Z,,,,,,,,,2025-02-09T01:52:53.800000Z,
HE.JOF.00.BHZ | 2025-02-09T01:51:41.461226Z - 2025-02-09T01:52:41.461226Z,,,,,,,,,2025-02-09T01:52:32.520000Z,
HE.KJNF.00.BHZ | 2025-02-09T01:52:01.924434Z - 2025-02-09T01:53:01.924434Z,,,,,,,,,2025-02-09T01:52:18.500000Z,
HE.KU1.00.BHZ | 2025-02-09T01:51:27.781806Z - 2025-02-09T01:52:27.781806Z,,,,,,,2025-02-09T01:51:50.480000Z,,2025-02-09T01:52:05.920000Z,
HE.KU2.00.BHZ | 2025-02-09T01:51:30.089904Z - 2025-02-09T01:52:30.089904Z,,,,,,,2025-02-09T01:51:58.980000Z,,2025-02-09T01:52:16.900000Z,
HE.KU6.00.BHZ | 2025-02-09T01:51:51.343958Z - 2025-02-09T01:52:51.343958Z,,,,,,,,,2025-02-09T01:52:13.800000Z,
HE.NIF.00.BHZ | 2025-02-09T01:51:46.242437Z - 2025-02-09T01:52:46.242437Z,,,,,,,,,2025-02-09T01:52:31.780000Z,
HE.OBF0.00.BHZ | 2025-02-09T01:52:23.044224Z - 2025-02-09T01:53:23.044224Z,,,,,,,,,2025-02-09T01:52:58.020000Z,
HE.OBF3.00.BHZ | 2025-02-09T01:52:26.144776Z - 2025-02-09T01:53:26.144776Z,,,,,,,,,2025-02-09T01:52:51.360000Z,
HE.OUF.00.BHZ | 2025-02-09T01:52:00.739295Z - 2025-02-09T01:53:00.739295Z,,,,,,,,,2025-02-09T01:52:53.080000Z,
HE.RMF.00.BHZ | 2025-02-09T01:51:24.864744Z - 2025-02-09T01:52:24.864744Z,,,,,,,2025-02-09T01:51:46.190000Z,,2025-02-09T01:51:54.080000Z,
FN.RAJF.00.BHZ | 2025-02-09T16:06:05.225228Z - 2025-02-09T16:07:05.225228Z,,,,,,,2025-02-09T16:06:34.460000Z,,2025-02-09T16:06:51.680000Z,
HE.HEF.00.BHZ | 2025-02-09T16:07:05.047678Z - 2025-02-09T16:08:05.047678Z,,,,,,,,,2025-02-09T16:07:33.800000Z,
HE.KEV.00.BHZ | 2025-02-09T16:06:12.794255Z - 2025-02-09T16:07:12.794255Z,,,,,,,2025-02-09T16:06:36.510000Z,,2025-02-09T16:06:53.780000Z,
HE.KU2.00.BHZ | 2025-02-09T16:07:39.407076Z - 2025-02-09T16:08:39.407076Z,,,,,,,,,2025-02-09T16:08:05.140000Z,
HE.VRF.00.BHZ | 2025-02-09T16:06:22.375832Z - 2025-02-09T16:07:22.375832Z,,,,,,,2025-02-09T16:06:41.820000Z,,2025-02-09T16:07:05.200000Z,
FN.OUL.00.BHZ | 2025-02-09T02:40:59.483485Z - 2025-02-09T02:41:59.483485Z,,,,,,,2025-02-09T02:41:25.800000Z,,,
FN.RANF.00.BHZ | 2025-02-09T02:41:36.716264Z - 2025-02-09T02:42:36.716264Z,,,,,,,,,2025-02-09T02:42:03.360000Z,
HE.JOF.00.BHZ | 2025-02-09T02:41:03.774936Z - 2025-02-09T02:42:03.774936Z,,,,,,,2025-02-09T02:41:20.330000Z,,2025-02-09T02:41:40.800000Z,
HE.KEF.00.BHZ | 2025-02-09T02:41:25.758178Z - 2025-02-09T02:42:25.758178Z,,,,,,,,,2025-02-09T02:42:12.080000Z,
HE.KJNF.00.BHZ | 2025-02-09T02:40:44.716819Z - 2025-02-09T02:41:44.716819Z,,,,,,,2025-02-09T02:41:05.860000Z,,,
HE.KU1.00.BHZ | 2025-02-09T02:40:30.548085Z - 2025-02-09T02:41:30.548085Z,,,,,,,2025-02-09T02:41:23.160000Z,,,
HE.NIF.00.BHZ | 2025-02-09T02:40:39.533145Z - 2025-02-09T02:41:39.533145Z,,,,,,,2025-02-09T02:41:06.970000Z,,2025-02-09T02:41:17.460000Z,
HE.OBF3.00.BHZ | 2025-02-09T02:41:14.517180Z - 2025-02-09T02:42:14.517180Z,,,,,,,2025-02-09T02:41:30.780000Z,,,
HE.RMF.00.BHZ | 2025-02-09T02:40:50.390421Z - 2025-02-09T02:41:50.390421Z,,,,,,,2025-02-09T02:41:01.340000Z,,,
HE.SUF.00.BHZ | 2025-02-09T02:41:01.961547Z - 2025-02-09T02:42:01.961547Z,,,,,,,2025-02-09T02:41:25.580000Z,,2025-02-09T02:41:49.880000Z,
HE.VRF.00.BHZ | 2025-02-09T02:42:07.449607Z - 2025-02-09T02:43:07.449607Z,,,,,,,,,2025-02-09T02:42:49.560000Z,
FN.KLF.00.BHZ | 2025-02-10T13:30:26.997240Z - 2025-02-10T13:31:26.997240Z,,,,,,,2025-02-10T13:31:16.280000Z,,2025-02-10T13:31:21.460000Z,
FN.MSF.00.BHZ | 2025-02-10T13:31:43.497264Z - 2025-02-10T13:32:43.497264Z,,,,,,,2025-02-10T13:31:56.480000Z,,2025-02-10T13:32:34.240000Z,
FN.OLKF.00.BHZ | 2025-02-10T13:31:38.791586Z - 2025-02-10T13:32:38.791586Z,,,,,,,2025-02-10T13:31:55.180000Z,,2025-02-10T13:32:31.840000Z,
FN.OUL.00.BHZ | 2025-02-10T13:31:36.024042Z - 2025-02-10T13:32:36.024042Z,,,,,,,2025-02-10T13:31:54.280000Z,,2025-02-10T13:32:26.200000Z,
FN.RAJF.00.BHZ | 2025-02-10T13:31:02.635692Z - 2025-02-10T13:32:02.635692Z,,,,,,,2025-02-10T13:31:47.930000Z,,,
FN.RANF.00.BHZ | 2025-02-10T13:31:34.891174Z - 2025-02-10T13:32:34.891174Z,,,,,,,2025-02-10T13:31:45.840000Z,,2025-02-10T13:32:11.600000Z,
FN.RNF.00.BHZ | 2025-02-10T13:31:06.528604Z - 2025-02-10T13:32:06.528604Z,,,,,,,2025-02-10T13:31:34.840000Z,,2025-02-10T13:31:53.000000Z,
HE.HEF.00.BHZ | 2025-02-10T13:30:52.150761Z - 2025-02-10T13:31:52.150761Z,,,,,,,2025-02-10T13:31:28.920000Z,,2025-02-10T13:31:34.940000Z,
HE.KEV.00.BHZ | 2025-02-10T13:31:42.059459Z - 2025-02-10T13:32:42.059459Z,,,,,,,2025-02-10T13:31:55.640000Z,,2025-02-10T13:32:30.720000Z,
HE.KIF.00.BHZ | 2025-02-10T13:31:31.041461Z - 2025-02-10T13:32:31.041461Z,,,,,,,2025-02-10T13:31:42.840000Z,,,
HE.KJNF.00.BHZ | 2025-02-10T13:32:27.936159Z - 2025-02-10T13:33:27.936159Z,,,,,,,,,2025-02-10T13:32:57.370000Z,
HE.KU1.00.BHZ | 2025-02-10T13:31:54.362496Z - 2025-02-10T13:32:54.362496Z,,,,,,,2025-02-10T13:32:01.680000Z,,2025-02-10T13:32:41.160000Z,
HE.KU2.00.BHZ | 2025-02-10T13:31:30.091749Z - 2025-02-10T13:32:30.091749Z,,,,,,,2025-02-10T13:31:55.280000Z,,,
HE.KU6.00.BHZ | 2025-02-10T13:31:49.564509Z - 2025-02-10T13:32:49.564509Z,,,,,,,2025-02-10T13:31:59.730000Z,,2025-02-10T13:32:37.280000Z,
HE.OBF3.00.BHZ | 2025-02-10T13:31:43.682998Z - 2025-02-10T13:32:43.682998Z,,,,,,,2025-02-10T13:31:56.240000Z,,,
HE.OBF8.00.BHZ | 2025-02-10T13:31:37.915955Z - 2025-02-10T13:32:37.915955Z,,,,,,,2025-02-10T13:32:02.780000Z,,,
HE.OUF.00.BHZ | 2025-02-10T13:31:54.812754Z - 2025-02-10T13:32:54.812754Z,,,,,,,2025-02-10T13:32:02.880000Z,,2025-02-10T13:32:40.520000Z,
HE.TOF.00.BHZ | 2025-02-10T13:31:22.608939Z - 2025-02-10T13:32:22.608939Z,,,,,,,2025-02-10T13:31:36.200000Z,,2025-02-10T13:31:54.680000Z,
HE.VRF.00.BHZ | 2025-02-10T13:31:46.341155Z - 2025-02-10T13:32:46.341155Z,,,,,,,2025-02-10T13:31:52.780000Z,,2025-02-10T13:32:24.600000Z,
HE.HEL1.00.BHZ | 2025-02-10T10:04:24.163520Z - 2025-02-10T10:05:24.163520Z,,,,,,,2025-02-10T10:04:52.850000Z,,,
HE.HEL5.00.BHZ | 2025-02-10T10:04:27.198705Z - 2025-02-10T10:05:27.198705Z,,,,,,,2025-02-10T10:04:52.560000Z,,2025-02-10T10:04:53.860000Z,
HE.KUNI.00.BHZ | 2025-02-10T10:04:02.913074Z - 2025-02-10T10:05:02.913074Z,,,,,,,2025-02-10T10:04:53.530000Z,,2025-02-10T10:04:55.470000Z,
HE.LAUT.00.BHZ | 2025-02-10T10:04:32.235843Z - 2025-02-10T10:05:32.235843Z,,,,,,,2025-02-10T10:04:52.830000Z,,2025-02-10T10:04:54.340000Z,
HE.MEF.00.BHZ | 2025-02-10T10:04:00.586068Z - 2025-02-10T10:05:00.586068Z,,,,,,,2025-02-10T10:04:53.530000Z,,,
HE.VUOS.00.BHZ | 2025-02-10T10:04:22.006804Z - 2025-02-10T10:05:22.006804Z,,,,,,,2025-02-10T10:04:55.320000Z,,,
FN.KLF.00.BHZ | 2025-02-08T13:07:37.535416Z - 2025-02-08T13:08:37.535416Z,,,,,,,2025-02-08T13:07:51.580000Z,,2025-02-08T13:08:26.440000Z,
FN.MSF.00.BHZ | 2025-02-08T13:06:59.827679Z - 2025-02-08T13:07:59.827679Z,,,,,,,2025-02-08T13:07:41.280000Z,,,
FN.OLKF.00.BHZ | 2025-02-08T13:07:06.403362Z - 2025-02-08T13:08:06.403362Z,,,,,,,2025-02-08T13:07:33.580000Z,,2025-02-08T13:07:54.400000Z,
FN.OUL.00.BHZ | 2025-02-08T13:07:53.925749Z - 2025-02-08T13:08:53.925749Z,,,,,,,2025-02-08T13:08:03.430000Z,,2025-02-08T13:08:44.600000Z,
FN.RAJF.00.BHZ | 2025-02-08T13:07:23.485934Z - 2025-02-08T13:08:23.485934Z,,,,,,,2025-02-08T13:07:30.980000Z,,2025-02-08T13:07:49.880000Z,
FN.RANF.00.BHZ | 2025-02-08T13:07:33.758350Z - 2025-02-08T13:08:33.758350Z,,,,,,,2025-02-08T13:07:47.180000Z,,2025-02-08T13:08:16.960000Z,
FN.RNF.00.BHZ | 2025-02-08T13:07:29.526472Z - 2025-02-08T13:08:29.526472Z,,,,,,,2025-02-08T13:07:44.880000Z,,,
HE.HEF.00.BHZ | 2025-02-08T13:07:46.532506Z - 2025-02-08T13:08:46.532506Z,,,,,,,2025-02-08T13:07:55.380000Z,,2025-02-08T13:08:30.400000Z,
HE.KEV.00.BHZ | 2025-02-08T13:07:35.478569Z - 2025-02-08T13:08:35.478569Z,,,,,,,2025-02-08T13:07:52.500000Z,,2025-02-08T13:08:26.240000Z,
HE.KIF.00.BHZ | 2025-02-08T13:07:59.302252Z - 2025-02-08T13:08:59.302252Z,,,,,,,2025-02-08T13:08:10.980000Z,,,
HE.KU1.00.BHZ | 2025-02-08T13:07:03.145191Z - 2025-02-08T13:08:03.145191Z,,,,,,,2025-02-08T13:07:45.920000Z,,,
HE.KU2.00.BHZ | 2025-02-08T13:06:59.609259Z - 2025-02-08T13:07:59.609259Z,,,,,,,2025-02-08T13:07:46.680000Z,,,
HE.KU6.00.BHZ | 2025-02-08T13:07:11.490318Z - 2025-02-08T13:08:11.490318Z,,,,,,,2025-02-08T13:07:37.580000Z,,2025-02-08T13:08:02.040000Z,
HE.OBF3.00.BHZ | 2025-02-08T13:07:58.590755Z - 2025-02-08T13:08:58.590755Z,,,,,,,2025-02-08T13:08:07.980000Z,,,
HE.RMF.00.BHZ | 2025-02-08T13:07:57.145784Z - 2025-02-08T13:08:57.145784Z,,,,,,,2025-02-08T13:08:08.660000Z,,,
HE.TOF.00.BHZ | 2025-02-08T13:07:45.431574Z - 2025-02-08T13:08:45.431574Z,,,,,,,2025-02-08T13:07:55.480000Z,,,
HE.VRF.00.BHZ | 2025-02-08T13:06:41.724047Z - 2025-02-08T13:07:41.724047Z,,,,,,,2025-02-08T13:07:15.880000Z,,2025-02-08T13:07:19.900000Z,
FN.MSF.00.BHZ | 2025-02-08T09:20:12.125992Z - 2025-02-08T09:21:12.125992Z,,,,,,,,,2025-02-08T09:20:37.520000Z,
FN.OUL.00.BHZ | 2025-02-08T09:20:02.587379Z - 2025-02-08T09:21:02.587379Z,,,,,,,,,2025-02-08T09:20:23.600000Z,
HE.FIA0.00.SHZ | 2025-02-08T09:19:02.957660Z - 2025-02-08T09:20:02.957660Z,,,,,,,2025-02-08T09:19:09.500000Z,,2025-02-08T09:19:37.700000Z,
HE.JOF.00.BHZ | 2025-02-08T09:18:38.183835Z - 2025-02-08T09:19:38.183835Z,,,,,,,2025-02-08T09:18:51.100000Z,,2025-02-08T09:19:05.240000Z,
HE.KAF.00.BHZ | 2025-02-08T09:18:51.405328Z - 2025-02-08T09:19:51.405328Z,,,,,,,2025-02-08T09:19:07.040000Z,,2025-02-08T09:19:33.360000Z,
HE.KEF.00.BHZ | 2025-02-08T09:19:07.285118Z - 2025-02-08T09:20:07.285118Z,,,,,,,2025-02-08T09:19:17.640000Z,,2025-02-08T09:19:53.480000Z,
HE.KJNF.00.BHZ | 2025-02-08T09:19:38.788680Z - 2025-02-08T09:20:38.788680Z,,,,,,,,,2025-02-08T09:19:52.500000Z,
HE.KU6.00.BHZ | 2025-02-08T09:19:48.818458Z - 2025-02-08T09:20:48.818458Z,,,,,,,,,2025-02-08T09:20:37.640000Z,
HE.KY17.00.BHZ | 2025-02-08T09:18:50.773876Z - 2025-02-08T09:19:50.773876Z,,,,,,,2025-02-08T09:19:05.680000Z,,2025-02-08T09:19:30.840000Z,
HE.NIF.00.BHZ | 2025-02-08T09:18:53.532259Z - 2025-02-08T09:19:53.532259Z,,,,,,,2025-02-08T09:19:06.380000Z,,2025-02-08T09:19:32.320000Z,
HE.OUF.00.BHZ | 2025-02-08T09:19:57.897343Z - 2025-02-08T09:20:57.897343Z,,,,,,,,,2025-02-08T09:20:21.120000Z,
HE.RMF.00.BHZ | 2025-02-08T09:19:04.848204Z - 2025-02-08T09:20:04.848204Z,,,,,,,2025-02-08T09:19:12.580000Z,,2025-02-08T09:19:42.700000Z,
HE.RUF.00.BHZ | 2025-02-08T09:18:07.666323Z - 2025-02-08T09:19:07.666323Z,,,,,,,2025-02-08T09:18:47.580000Z,,2025-02-08T09:18:59.220000Z,
HE.SUF.00.BHZ | 2025-02-08T09:18:46.797899Z - 2025-02-08T09:19:46.797899Z,,,,,,,2025-02-08T09:19:10.940000Z,,2025-02-08T09:19:41.720000Z,
HE.VJF.00.BHZ | 2025-02-08T09:18:46.759749Z - 2025-02-08T09:19:46.759749Z,,,,,,,2025-02-08T09:19:06.420000Z,,2025-02-08T09:19:32.580000Z,
FN.RAJF.00.BHZ | 2025-02-10T16:02:05.699091Z - 2025-02-10T16:03:05.699091Z,,,,,,,2025-02-10T16:02:14.430000Z,,2025-02-10T16:02:29.480000Z,
HE.HEF.00.BHZ | 2025-02-10T16:02:21.431226Z - 2025-02-10T16:03:21.431226Z,,,,,,,,,2025-02-10T16:03:12.880000Z,
HE.KEV.00.BHZ | 2025-02-10T16:02:07.230735Z - 2025-02-10T16:03:07.230735Z,,,,,,,2025-02-10T16:02:15.480000Z,,2025-02-10T16:02:32.840000Z,
HE.JOF.00.BHZ | 2025-02-08T09:58:24.479519Z - 2025-02-08T09:59:24.479519Z,,,,,,,2025-02-08T09:58:44.585820Z,,2025-02-08T09:58:45.801770Z,
HE.KAF.00.?HZ | 2025-02-08T09:59:12.183048Z - 2025-02-08T10:00:12.183048Z,,,,,,,2025-02-08T09:59:26.431220Z,,2025-02-08T09:59:58.229000Z,
HE.KJNF.00.CZ | 2025-02-08T09:59:00.589809Z - 2025-02-08T10:00:00.589809Z,,,,,,,2025-02-08T09:59:19.394510Z,,2025-02-08T09:59:46.143490Z,
HE.KU1.00.SHZ | 2025-02-08T09:59:44.145347Z - 2025-02-08T10:00:44.145347Z,,,,,,,,,2025-02-08T10:00:04.232400Z,
HE.NIF.00.BHZ | 2025-02-08T09:58:52.703648Z - 2025-02-08T09:59:52.703648Z,,,,,,,2025-02-08T09:59:12.516670Z,,2025-02-08T09:59:33.327500Z,
HE.RMF.00.BHZ | 2025-02-08T09:58:43.880847Z - 2025-02-08T09:59:43.880847Z,,,,,,,2025-02-08T09:59:07.878490Z,,2025-02-08T09:59:25.503580Z,
HE.RUF.00.BHZ | 2025-02-08T09:59:03.339724Z - 2025-02-08T10:00:03.339724Z,,,,,,,2025-02-08T09:59:16.874720Z,,2025-02-08T09:59:41.969130Z,
HE.SUF.00.BHZ | 2025-02-08T09:59:10.540537Z - 2025-02-08T10:00:10.540537Z,,,,,,,2025-02-08T09:59:25.026990Z,,2025-02-08T09:59:55.560990Z,
FN.MSF.00.BHZ | 2025-02-08T20:15:51.320344Z - 2025-02-08T20:16:51.320344Z,,,,,,,,,2025-02-08T20:16:27.320000Z,
FN.OLKF.00.BHZ | 2025-02-08T20:15:21.995120Z - 2025-02-08T20:16:21.995120Z,,,,,,,2025-02-08T20:15:48.200000Z,,2025-02-08T20:16:16.080000Z,
FN.RAJF.00.BHZ | 2025-02-08T20:15:24.857443Z - 2025-02-08T20:16:24.857443Z,,,,,,,2025-02-08T20:15:47.280000Z,,2025-02-08T20:16:14.640000Z,
FN.RANF.00.BHZ | 2025-02-08T20:15:51.899670Z - 2025-02-08T20:16:51.899670Z,,,,,,,2025-02-08T20:16:04.640000Z,,2025-02-08T20:16:46.080000Z,
FN.RNF.00.BHZ | 2025-02-08T20:15:51.083218Z - 2025-02-08T20:16:51.083218Z,,,,,,,2025-02-08T20:16:00.920000Z,,2025-02-08T20:16:40.400000Z,
HE.HEF.00.BHZ | 2025-02-08T20:15:44.740777Z - 2025-02-08T20:16:44.740777Z,,,,,,,2025-02-08T20:16:15.880000Z,,,
HE.HEF.00.BHZ | 2025-02-08T20:16:52.153695Z - 2025-02-08T20:17:52.153695Z,,,,,,,,,2025-02-08T20:17:11.040000Z,
HE.KEV.00.BHZ | 2025-02-08T20:15:56.420650Z - 2025-02-08T20:16:56.420650Z,,,,,,,2025-02-08T20:16:01.430000Z,,2025-02-08T20:16:50.360000Z,
HE.KU6.00.BHZ | 2025-02-08T20:15:29.001049Z - 2025-02-08T20:16:29.001049Z,,,,,,,2025-02-08T20:15:48.920000Z,,2025-02-08T20:16:17.760000Z,
HE.VRF.00.BHZ | 2025-02-08T20:15:28.766221Z - 2025-02-08T20:16:28.766221Z,,,,,,,2025-02-08T20:15:38.060000Z,,2025-02-08T20:15:57.520000Z,
HE.FIA0.00.?HZ | 2025-02-10T14:29:00.193041Z - 2025-02-10T14:30:00.193041Z,,,,,,,2025-02-10T14:29:32.564850Z,,2025-02-10T14:29:52.038880Z,
HE.FIA1.00.?HZ | 2025-02-10T14:29:11.188445Z - 2025-02-10T14:30:11.188445Z,,,,,,,2025-02-10T14:29:32.564850Z,,2025-02-10T14:29:52.038880Z,
HE.HEL1.00.BHZ | 2025-02-10T14:28:57.649484Z - 2025-02-10T14:29:57.649484Z,,,,,,,2025-02-10T14:29:08.650010Z,,2025-02-10T14:29:10.769740Z,
HE.HEL5.00.BHZ | 2025-02-10T14:28:52.893443Z - 2025-02-10T14:29:52.893443Z,,,,,,,2025-02-10T14:29:07.334580Z,,2025-02-10T14:29:08.783260Z,
HE.KORF.00.CZ | 2025-02-10T14:29:00.385386Z - 2025-02-10T14:30:00.385386Z,,,,,,,,,2025-02-10T14:29:52.575320Z,
HE.KUNI.00.BHZ | 2025-02-10T14:28:29.376311Z - 2025-02-10T14:29:29.376311Z,,,,,,,2025-02-10T14:29:09.498960Z,,2025-02-10T14:29:12.488210Z,
HE.KY17.00.CZ | 2025-02-10T14:29:09.116277Z - 2025-02-10T14:30:09.116277Z,,,,,,,2025-02-10T14:29:31.894540Z,,2025-02-10T14:29:50.966010Z,
HE.LAUT.00.BHZ | 2025-02-10T14:28:30.863795Z - 2025-02-10T14:29:30.863795Z,,,,,,,2025-02-10T14:29:08.368180Z,,2025-02-10T14:29:10.028750Z,
HE.LOVF.00.CZ | 2025-02-10T14:28:54.230937Z - 2025-02-10T14:29:54.230937Z,,,,,,,2025-02-10T14:29:22.342050Z,,2025-02-10T14:29:33.718890Z,
HE.MEF.00.BHZ | 2025-02-10T14:28:31.141237Z - 2025-02-10T14:29:31.141237Z,,,,,,,2025-02-10T14:29:07.430640Z,,2025-02-10T14:29:08.940920Z,
HE.NUR.00.SHZ | 2025-02-10T14:29:03.480967Z - 2025-02-10T14:30:03.480967Z,,,,,,,2025-02-10T14:29:12.246170Z,,2025-02-10T14:29:17.226090Z,
HE.PVF.00.CZ | 2025-02-10T14:29:10.466168Z - 2025-02-10T14:30:10.466168Z,,,,,,,2025-02-10T14:29:18.955340Z,,2025-02-10T14:29:29.294000Z,
HE.RAF.00.BHZ | 2025-02-10T14:29:25.678242Z - 2025-02-10T14:30:25.678242Z,,,,,,,,,2025-02-10T14:29:55.579360Z,
HE.RSUO.00.BHZ | 2025-02-10T14:29:03.127355Z - 2025-02-10T14:30:03.127355Z,,,,,,,2025-02-10T14:29:09.062700Z,,2025-02-10T14:29:11.353080Z,
HE.TRE03.00.CZ | 2025-02-10T14:29:00.219079Z - 2025-02-10T14:30:00.219079Z,,,,,,,2025-02-10T14:29:32.119650Z,,2025-02-10T14:29:51.502450Z,
HE.TVF.00.BHZ | 2025-02-10T14:28:47.905716Z - 2025-02-10T14:29:47.905716Z,,,,,,,2025-02-10T14:29:18.709530Z,,2025-02-10T14:29:27.577410Z,
HE.VJF.00.?HZ | 2025-02-10T14:29:41.612055Z - 2025-02-10T14:30:41.612055Z,,,,,,,,,2025-02-10T14:29:53.326330Z,
HE.VUOS.00.BHZ | 2025-02-10T14:28:54.011996Z - 2025-02-10T14:29:54.011996Z,,,,,,,2025-02-10T14:29:11.069290Z,,2025-02-10T14:29:14.994970Z,
HE.ECKF.00.BHZ | 2025-02-10T11:28:25.208330Z - 2025-02-10T11:29:25.208330Z,,,,,,,2025-02-10T11:28:40.090000Z,,2025-02-10T11:28:57.740000Z,
HE.FIA0.00.SHZ | 2025-02-10T11:28:32.143522Z - 2025-02-10T11:29:32.143522Z,,,,,,,2025-02-10T11:28:51.400000Z,,,
HE.KEF.00.BHZ | 2025-02-10T11:28:05.404745Z - 2025-02-10T11:29:05.404745Z,,,,,,,2025-02-10T11:28:53.920000Z,,,
HE.KORF.00.BHZ | 2025-02-10T11:27:57.829040Z - 2025-02-10T11:28:57.829040Z,,,,,,,2025-02-10T11:28:25.480000Z,,2025-02-10T11:28:32.440000Z,
HE.KPF.00.BHZ | 2025-02-10T11:28:32.586839Z - 2025-02-10T11:29:32.586839Z,,,,,,,2025-02-10T11:28:39.910000Z,,,
HE.MEF.00.BHZ | 2025-02-10T11:28:09.894473Z - 2025-02-10T11:29:09.894473Z,,,,,,,2025-02-10T11:28:38.080000Z,,,
HE.RAF.00.BHZ | 2025-02-10T11:28:01.834989Z - 2025-02-10T11:29:01.834989Z,,,,,,,2025-02-10T11:28:25.580000Z,,2025-02-10T11:28:32.680000Z,
HE.TRE03.00.BHZ | 2025-02-10T11:27:52.696223Z - 2025-02-10T11:28:52.696223Z,,,,,,,2025-02-10T11:28:43.380000Z,,,
HE.TVF.00.BHZ | 2025-02-10T11:28:20.695709Z - 2025-02-10T11:29:20.695709Z,,,,,,,,,2025-02-10T11:28:48.980000Z,
HE.VAF.00.BHZ | 2025-02-10T11:28:38.168458Z - 2025-02-10T11:29:38.168458Z,,,,,,,2025-02-10T11:29:01.880000Z,,,
HE.VUOS.00.BHZ | 2025-02-10T11:28:11.449017Z - 2025-02-10T11:29:11.449017Z,,,,,,,2025-02-10T11:28:45.280000Z,,,
UP.AAL.00.BHZ | 2025-02-10T11:28:16.280079Z - 2025-02-10T11:29:16.280079Z,,,,,,,2025-02-10T11:28:36.840000Z,,2025-02-10T11:28:56.080000Z,
FN.KLF.00.BHZ | 2025-02-11T04:46:27.647365Z - 2025-02-11T04:47:27.647365Z,,,,,,,2025-02-11T04:46:54.880000Z,,2025-02-11T04:47:05.800000Z,
FN.RAJF.00.BHZ | 2025-02-11T04:46:37.172591Z - 2025-02-11T04:47:37.172591Z,,,,,,,,,2025-02-11T04:47:19.040000Z,
FN.RANF.00.BHZ | 2025-02-11T04:46:58.929103Z - 2025-02-11T04:47:58.929103Z,,,,,,,2025-02-11T04:47:13.360000Z,,2025-02-11T04:47:40.240000Z,
FN.RNF.00.BHZ | 2025-02-11T04:46:50.113519Z - 2025-02-11T04:47:50.113519Z,,,,,,,2025-02-11T04:47:02.280000Z,,2025-02-11T04:47:19.560000Z,
HE.HEF.00.BHZ | 2025-02-11T04:46:24.017672Z - 2025-02-11T04:47:24.017672Z,,,,,,,2025-02-11T04:46:52.620000Z,,,
HE.KEV.00.BHZ | 2025-02-11T04:47:07.925999Z - 2025-02-11T04:48:07.925999Z,,,,,,,2025-02-11T04:47:12.980000Z,,2025-02-11T04:47:38.280000Z,
HE.TOF.00.BHZ | 2025-02-11T04:47:21.959636Z - 2025-02-11T04:48:21.959636Z,,,,,,,,,2025-02-11T04:47:37.200000Z,
HE.VRF.00.BHZ | 2025-02-11T04:46:45.520229Z - 2025-02-11T04:47:45.520229Z,,,,,,,,,2025-02-11T04:47:29.320000Z,
HE.ECKF.00.BHZ | 2025-02-11T12:03:36.248470Z - 2025-02-11T12:04:36.248470Z,,,,,,,2025-02-11T12:04:31.240000Z,,,
HE.FIA0.00.SHZ | 2025-02-11T12:04:41.881060Z - 2025-02-11T12:05:41.881060Z,,,,,,,,,2025-02-11T12:05:16.400000Z,
HE.KEF.00.BHZ | 2025-02-11T12:04:46.097666Z - 2025-02-11T12:05:46.097666Z,,,,,,,,,2025-02-11T12:05:17.940000Z,
HE.KORF.00.BHZ | 2025-02-11T12:03:50.940708Z - 2025-02-11T12:04:50.940708Z,,,,,,,2025-02-11T12:04:13.530000Z,,2025-02-11T12:04:19.240000Z,
HE.KPF.00.BHZ | 2025-02-11T12:04:14.110748Z - 2025-02-11T12:05:14.110748Z,,,,,,,2025-02-11T12:04:34.810000Z,,2025-02-11T12:04:54.700000Z,
HE.RAF.00.BHZ | 2025-02-11T12:03:49.186803Z - 2025-02-11T12:04:49.186803Z,,,,,,,2025-02-11T12:04:20.030000Z,,2025-02-11T12:04:30.200000Z,
HE.HEL1.00.BHZ | 2025-02-11T09:14:30.833581Z - 2025-02-11T09:15:30.833581Z,,,,,,,2025-02-11T09:15:10.320000Z,,,
HE.HEL5.00.BHZ | 2025-02-11T09:14:36.040298Z - 2025-02-11T09:15:36.040298Z,,,,,,,2025-02-11T09:15:10.100000Z,,2025-02-11T09:15:11.860000Z,
HE.KUNI.00.BHZ | 2025-02-11T09:14:17.457943Z - 2025-02-11T09:15:17.457943Z,,,,,,,2025-02-11T09:15:10.390000Z,,2025-02-11T09:15:11.900000Z,
HE.LAUT.00.BHZ | 2025-02-11T09:14:35.709247Z - 2025-02-11T09:15:35.709247Z,,,,,,,2025-02-11T09:15:10.090000Z,,,
HE.MEF.00.BHZ | 2025-02-11T09:14:36.900822Z - 2025-02-11T09:15:36.900822Z,,,,,,,2025-02-11T09:15:10.680000Z,,2025-02-11T09:15:12.080000Z,
HE.NUR.00.BHZ | 2025-02-11T09:14:42.546053Z - 2025-02-11T09:15:42.546053Z,,,,,,,2025-02-11T09:15:13.060000Z,,2025-02-11T09:15:17.560000Z,
HE.ECKF.00.CZ | 2025-02-11T14:26:44.508815Z - 2025-02-11T14:27:44.508815Z,,,,,,,2025-02-11T14:26:57.916770Z,,2025-02-11T14:27:16.704310Z,
HE.KORF.00.CZ | 2025-02-11T14:27:04.279429Z - 2025-02-11T14:28:04.279429Z,,,,,,,2025-02-11T14:27:10.424400Z,,2025-02-11T14:27:37.053570Z,
HE.RAF.00.BHZ | 2025-02-11T14:27:30.665953Z - 2025-02-11T14:28:30.665953Z,,,,,,,,,2025-02-11T14:27:51.564480Z,
UP.AAL.00.BHZ | 2025-02-11T14:26:44.787765Z - 2025-02-11T14:27:44.787765Z,,,,,,,2025-02-11T14:26:59.807720Z,,2025-02-11T14:27:20.465580Z,
FN.OUL.00.BHZ | 2025-02-11T12:15:28.623104Z - 2025-02-11T12:16:28.623104Z,,,,,,,,,2025-02-11T12:16:10.040000Z,
HE.FIA0.00.SHZ | 2025-02-11T12:15:07.618541Z - 2025-02-11T12:16:07.618541Z,,,,,,,2025-02-11T12:15:33.900000Z,,2025-02-11T12:15:58.000000Z,
HE.JOF.00.BHZ | 2025-02-11T12:15:14.811833Z - 2025-02-11T12:16:14.811833Z,,,,,,,2025-02-11T12:15:32.730000Z,,2025-02-11T12:15:53.760000Z,
HE.KAF.00.BHZ | 2025-02-11T12:15:00.161095Z - 2025-02-11T12:16:00.161095Z,,,,,,,2025-02-11T12:15:22.680000Z,,,
HE.KEF.00.BHZ | 2025-02-11T12:15:29.521085Z - 2025-02-11T12:16:29.521085Z,,,,,,,,,2025-02-11T12:15:51.980000Z,
HE.KPF.00.BHZ | 2025-02-11T12:16:21.474396Z - 2025-02-11T12:17:21.474396Z,,,,,,,,,2025-02-11T12:16:28.380000Z,
HE.KU2.00.BHZ | 2025-02-11T12:15:03.681838Z - 2025-02-11T12:16:03.681838Z,,,,,,,2025-02-11T12:15:45.640000Z,,,
HE.KY17.00.BHZ | 2025-02-11T12:15:43.739313Z - 2025-02-11T12:16:43.739313Z,,,,,,,,,2025-02-11T12:16:09.380000Z,
HE.NIF.00.BHZ | 2025-02-11T12:14:42.594640Z - 2025-02-11T12:15:42.594640Z,,,,,,,2025-02-11T12:15:08.480000Z,,2025-02-11T12:15:13.080000Z,
HE.OBF0.00.BHZ | 2025-02-11T12:15:57.140315Z - 2025-02-11T12:16:57.140315Z,,,,,,,,,2025-02-11T12:16:08.380000Z,
HE.OBF8.00.BHZ | 2025-02-11T12:15:31.549618Z - 2025-02-11T12:16:31.549618Z,,,,,,,2025-02-11T12:15:42.480000Z,,2025-02-11T12:16:12.840000Z,
HE.OUF.00.BHZ | 2025-02-11T12:15:30.368502Z - 2025-02-11T12:16:30.368502Z,,,,,,,2025-02-11T12:15:36.130000Z,,2025-02-11T12:16:00.640000Z,
HE.RMF.00.BHZ | 2025-02-11T12:15:19.247365Z - 2025-02-11T12:16:19.247365Z,,,,,,,2025-02-11T12:15:30.400000Z,,2025-02-11T12:15:52.080000Z,
HE.RUF.00.BHZ | 2025-02-11T12:15:04.821157Z - 2025-02-11T12:16:04.821157Z,,,,,,,2025-02-11T12:15:33.770000Z,,2025-02-11T12:15:56.220000Z,
HE.SUF.00.BHZ | 2025-02-11T12:15:07.664271Z - 2025-02-11T12:16:07.664271Z,,,,,,,2025-02-11T12:15:16.280000Z,,2025-02-11T12:15:25.940000Z,
HE.TRE03.00.BHZ | 2025-02-11T12:15:44.970217Z - 2025-02-11T12:16:44.970217Z,,,,,,,,,2025-02-11T12:16:09.780000Z,
HE.VAF.00.BHZ | 2025-02-11T12:15:20.393321Z - 2025-02-11T12:16:20.393321Z,,,,,,,2025-02-11T12:15:42.780000Z,,2025-02-11T12:16:12.460000Z,
HE.ECKF.00.BHZ | 2025-02-11T13:29:54.386469Z - 2025-02-11T13:30:54.386469Z,,,,,,,,,2025-02-11T13:30:05.280000Z,
HE.FIA0.00.SHZ | 2025-02-11T13:28:48.296171Z - 2025-02-11T13:29:48.296171Z,,,,,,,2025-02-11T13:29:14.100000Z,,2025-02-11T13:29:33.800000Z,
HE.HEL1.00.BHZ | 2025-02-11T13:28:20.937126Z - 2025-02-11T13:29:20.937126Z,,,,,,,2025-02-11T13:28:50.280000Z,,2025-02-11T13:28:53.060000Z,
HE.HEL5.00.BHZ | 2025-02-11T13:28:33.576403Z - 2025-02-11T13:29:33.576403Z,,,,,,,2025-02-11T13:28:50.180000Z,,,
HE.KAF.00.BHZ | 2025-02-11T13:29:45.817056Z - 2025-02-11T13:30:45.817056Z,,,,,,,,,2025-02-11T13:29:52.080000Z,
HE.KEF.00.BHZ | 2025-02-11T13:29:15.449820Z - 2025-02-11T13:30:15.449820Z,,,,,,,2025-02-11T13:29:23.380000Z,,2025-02-11T13:29:48.200000Z,
HE.KORF.00.BHZ | 2025-02-11T13:28:45.237710Z - 2025-02-11T13:29:45.237710Z,,,,,,,2025-02-11T13:29:15.580000Z,,,
HE.KPF.00.BHZ | 2025-02-11T13:29:09.219345Z - 2025-02-11T13:30:09.219345Z,,,,,,,2025-02-11T13:29:23.880000Z,,,
HE.KUNI.00.BHZ | 2025-02-11T13:28:33.067342Z - 2025-02-11T13:29:33.067342Z,,,,,,,2025-02-11T13:28:50.280000Z,,2025-02-11T13:28:53.580000Z,
HE.KY17.00.BHZ | 2025-02-11T13:29:01.979417Z - 2025-02-11T13:30:01.979417Z,,,,,,,,,2025-02-11T13:29:32.380000Z,
HE.LAUT.00.BHZ | 2025-02-11T13:28:20.892958Z - 2025-02-11T13:29:20.892958Z,,,,,,,2025-02-11T13:28:50.040000Z,,2025-02-11T13:28:50.840000Z,
HE.MEF.00.BHZ | 2025-02-11T13:28:18.623747Z - 2025-02-11T13:29:18.623747Z,,,,,,,2025-02-11T13:28:48.120000Z,,,
HE.NUR.00.BHZ | 2025-02-11T13:28:24.505177Z - 2025-02-11T13:29:24.505177Z,,,,,,,2025-02-11T13:28:52.480000Z,,2025-02-11T13:28:55.420000Z,
HE.PVF.00.BHZ | 2025-02-11T13:28:17.941513Z - 2025-02-11T13:29:17.941513Z,,,,,,,2025-02-11T13:29:00.380000Z,,2025-02-11T13:29:10.660000Z,
HE.RAF.00.BHZ | 2025-02-11T13:28:34.257707Z - 2025-02-11T13:29:34.257707Z,,,,,,,2025-02-11T13:29:16.680000Z,,,
HE.SUF.00.BHZ | 2025-02-11T13:29:30.767585Z - 2025-02-11T13:30:30.767585Z,,,,,,,,,2025-02-11T13:30:06.740000Z,
HE.TRE03.00.BHZ | 2025-02-11T13:28:56.538713Z - 2025-02-11T13:29:56.538713Z,,,,,,,2025-02-11T13:29:13.680000Z,,2025-02-11T13:29:31.280000Z,
HE.TVF.00.BHZ | 2025-02-11T13:28:38.425533Z - 2025-02-11T13:29:38.425533Z,,,,,,,2025-02-11T13:29:01.620000Z,,2025-02-11T13:29:11.820000Z,
HE.VAF.00.BHZ | 2025-02-11T13:29:29.112642Z - 2025-02-11T13:30:29.112642Z,,,,,,,,,2025-02-11T13:30:15.960000Z,
HE.VJF.00.BHZ | 2025-02-11T13:28:44.002419Z - 2025-02-11T13:29:44.002419Z,,,,,,,2025-02-11T13:29:14.680000Z,,2025-02-11T13:29:36.820000Z,
HE.VUOS.00.BHZ | 2025-02-11T13:28:08.754146Z - 2025-02-11T13:29:08.754146Z,,,,,,,2025-02-11T13:28:52.680000Z,,2025-02-11T13:28:56.980000Z,
UP.AAL.00.BHZ | 2025-02-11T13:29:41.270244Z - 2025-02-11T13:30:41.270244Z,,,,,,,,,2025-02-11T13:29:58.480000Z,
FN.MSF.00.BHZ | 2025-02-12T06:19:03.174050Z - 2025-02-12T06:20:03.174050Z,,,,,,,2025-02-12T06:19:11.000000Z,,,
FN.OLKF.00.BHZ | 2025-02-12T06:18:53.834392Z - 2025-02-12T06:19:53.834392Z,,,,,,,2025-02-12T06:19:01.160000Z,,2025-02-12T06:19:31.120000Z,
FN.RAJF.00.BHZ | 2025-02-12T06:18:55.968798Z - 2025-02-12T06:19:55.968798Z,,,,,,,2025-02-12T06:19:01.260000Z,,2025-02-12T06:19:30.240000Z,
HE.HEF.00.BHZ | 2025-02-12T06:19:14.640223Z - 2025-02-12T06:20:14.640223Z,,,,,,,,,2025-02-12T06:20:05.160000Z,
HE.KU6.00.BHZ | 2025-02-12T06:19:15.055516Z - 2025-02-12T06:20:15.055516Z,,,,,,,,,2025-02-12T06:19:30.130000Z,
HE.VRF.00.BHZ | 2025-02-12T06:18:43.807526Z - 2025-02-12T06:19:43.807526Z,,,,,,,2025-02-12T06:18:51.360000Z,,2025-02-12T06:19:13.000000Z,
HE.FIA0.00.SHZ | 2025-02-12T11:53:44.295135Z - 2025-02-12T11:54:44.295135Z,,,,,,,2025-02-12T11:54:22.800000Z,,2025-02-12T11:54:37.900000Z,
HE.JOF.00.BHZ | 2025-02-12T11:54:21.948205Z - 2025-02-12T11:55:21.948205Z,,,,,,,,,2025-02-12T11:55:15.760000Z,
HE.KAF.00.BHZ | 2025-02-12T11:54:11.997739Z - 2025-02-12T11:55:11.997739Z,,,,,,,2025-02-12T11:54:28.380000Z,,2025-02-12T11:54:47.680000Z,
HE.KEF.00.BHZ | 2025-02-12T11:54:57.166288Z - 2025-02-12T11:55:57.166288Z,,,,,,,,,2025-02-12T11:55:04.640000Z,
HE.KY17.00.BHZ | 2025-02-12T11:53:57.345720Z - 2025-02-12T11:54:57.345720Z,,,,,,,2025-02-12T11:54:12.920000Z,,2025-02-12T11:54:20.660000Z,
HE.MEF.00.BHZ | 2025-02-12T11:54:51.672228Z - 2025-02-12T11:55:51.672228Z,,,,,,,,,2025-02-12T11:55:06.380000Z,
HE.PVF.00.BHZ | 2025-02-12T11:53:54.207037Z - 2025-02-12T11:54:54.207037Z,,,,,,,2025-02-12T11:54:24.280000Z,,2025-02-12T11:54:41.400000Z,
HE.RUF.00.BHZ | 2025-02-12T11:53:36.540881Z - 2025-02-12T11:54:36.540881Z,,,,,,,2025-02-12T11:54:12.380000Z,,2025-02-12T11:54:19.520000Z,
HE.SUF.00.BHZ | 2025-02-12T11:54:26.005508Z - 2025-02-12T11:55:26.005508Z,,,,,,,2025-02-12T11:54:38.180000Z,,2025-02-12T11:55:04.780000Z,
HE.TRE03.00.BHZ | 2025-02-12T11:54:23.680672Z - 2025-02-12T11:55:23.680672Z,,,,,,,2025-02-12T11:54:38.970000Z,,2025-02-12T11:55:06.380000Z,
HE.VJF.00.BHZ | 2025-02-12T11:54:02.111545Z - 2025-02-12T11:55:02.111545Z,,,,,,,2025-02-12T11:54:13.080000Z,,2025-02-12T11:54:21.380000Z,
FN.KLF.00.BHZ | 2025-02-12T04:40:48.468015Z - 2025-02-12T04:41:48.468015Z,,,,,,,2025-02-12T04:41:11.483640Z,,2025-02-12T04:41:23.555010Z,
FN.KMNF.00.?HZ | 2025-02-12T04:41:06.928451Z - 2025-02-12T04:42:06.928451Z,,,,,,,2025-02-12T04:41:19.032730Z,,2025-02-12T04:41:37.107130Z,
FN.RAJF.00.?HZ | 2025-02-12T04:41:08.018628Z - 2025-02-12T04:42:08.018628Z,,,,,,,,,2025-02-12T04:41:32.010860Z,
FN.RNF.00.BHZ | 2025-02-12T04:40:55.890182Z - 2025-02-12T04:41:55.890182Z,,,,,,,2025-02-12T04:41:19.399240Z,,2025-02-12T04:41:36.942910Z,
FN.SGF.00.BHZ | 2025-02-12T04:40:26.182559Z - 2025-02-12T04:41:26.182559Z,,,,,,,2025-02-12T04:41:07.177280Z,,2025-02-12T04:41:14.857490Z,
HE.HEF.00.BHZ | 2025-02-12T04:40:42.407355Z - 2025-02-12T04:41:42.407355Z,,,,,,,2025-02-12T04:41:09.666890Z,,2025-02-12T04:41:20.365490Z,
HE.KEV.00.?HZ | 2025-02-12T04:41:12.461930Z - 2025-02-12T04:42:12.461930Z,,,,,,,2025-02-12T04:41:29.026510Z,,2025-02-12T04:41:53.408480Z,
HE.VRF.00.BHZ | 2025-02-12T04:41:14.635524Z - 2025-02-12T04:42:14.635524Z,,,,,,,,,2025-02-12T04:41:43.835370Z,
HE.FIA0.00.?HZ | 2025-02-12T11:59:28.503411Z - 2025-02-12T12:00:28.503411Z,,,,,,,2025-02-12T11:59:44.085290Z,,2025-02-12T12:00:03.387790Z,
HE.FIA1.00.?HZ | 2025-02-12T11:59:18.095695Z - 2025-02-12T12:00:18.095695Z,,,,,,,2025-02-12T11:59:43.595900Z,,2025-02-12T12:00:03.387790Z,
HE.JOF.00.BHZ | 2025-02-12T11:59:23.246544Z - 2025-02-12T12:00:23.246544Z,,,,,,,2025-02-12T11:59:45.237680Z,,2025-02-12T12:00:04.972320Z,
HE.KAF.00.?HZ | 2025-02-12T11:59:17.475173Z - 2025-02-12T12:00:17.475173Z,,,,,,,2025-02-12T11:59:40.916230Z,,2025-02-12T11:59:58.346090Z,
HE.KEF.00.?HZ | 2025-02-12T11:59:47.980345Z - 2025-02-12T12:00:47.980345Z,,,,,,,2025-02-12T11:59:53.016300Z,,2025-02-12T12:00:19.089070Z,
HE.KY17.00.CZ | 2025-02-12T11:59:26.514761Z - 2025-02-12T12:00:26.514761Z,,,,,,,2025-02-12T11:59:40.538940Z,,2025-02-12T11:59:57.906600Z,
HE.LOVF.00.CZ | 2025-02-12T11:59:43.022768Z - 2025-02-12T12:00:43.022768Z,,,,,,,2025-02-12T11:59:50.999620Z,,2025-02-12T12:00:15.775960Z,
HE.NIF.00.BHZ | 2025-02-12T11:59:21.452980Z - 2025-02-12T12:00:21.452980Z,,,,,,,,,2025-02-12T12:00:08.573530Z,
HE.PVF.00.CZ | 2025-02-12T11:59:42.470343Z - 2025-02-12T12:00:42.470343Z,,,,,,,,,2025-02-12T12:00:19.089070Z,
HE.RUF.00.BHZ | 2025-02-12T11:58:50.105490Z - 2025-02-12T11:59:50.105490Z,,,,,,,2025-02-12T11:59:24.471810Z,,2025-02-12T11:59:29.660150Z,
HE.SUF.00.BHZ | 2025-02-12T11:59:30.482260Z - 2025-02-12T12:00:30.482260Z,,,,,,,2025-02-12T11:59:46.246020Z,,2025-02-12T12:00:08.141390Z,
HE.VJF.00.?HZ | 2025-02-12T11:59:08.039325Z - 2025-02-12T12:00:08.039325Z,,,,,,,2025-02-12T11:59:44.085290Z,,2025-02-12T12:00:02.811590Z,
HE.ALAJF.00.?HZ | 2025-02-12T11:28:43.147833Z - 2025-02-12T11:29:43.147833Z,,,,,,,2025-02-12T11:29:09.189840Z,,2025-02-12T11:29:29.346910Z,
HE.FIA0.00.?HZ | 2025-02-12T11:28:32.918607Z - 2025-02-12T11:29:32.918607Z,,,,,,,2025-02-12T11:28:59.615840Z,,2025-02-12T11:29:13.785350Z,
HE.FIA1.00.?HZ | 2025-02-12T11:28:32.336843Z - 2025-02-12T11:29:32.336843Z,,,,,,,2025-02-12T11:28:59.743500Z,,2025-02-12T11:29:13.785350Z,
HE.HEL5.00.BHZ | 2025-02-12T11:28:57.178561Z - 2025-02-12T11:29:57.178561Z,,,,,,,2025-02-12T11:29:08.423920Z,,2025-02-12T11:29:28.593130Z,
HE.KAF.00.?HZ | 2025-02-12T11:28:39.840503Z - 2025-02-12T11:29:39.840503Z,,,,,,,2025-02-12T11:29:03.828400Z,,2025-02-12T11:29:20.423320Z,
HE.KEF.00.?HZ | 2025-02-12T11:28:19.429081Z - 2025-02-12T11:29:19.429081Z,,,,,,,2025-02-12T11:28:54.003410Z,,2025-02-12T11:29:03.445440Z,
HE.KORF.00.CZ | 2025-02-12T11:28:56.383172Z - 2025-02-12T11:29:56.383172Z,,,,,,,2025-02-12T11:29:15.469210Z,,2025-02-12T11:29:39.445810Z,
HE.KPF.00.BHZ | 2025-02-12T11:28:37.848125Z - 2025-02-12T11:29:37.848125Z,,,,,,,2025-02-12T11:28:57.573390Z,,2025-02-12T11:29:10.215590Z,
HE.KUNI.00.BHZ | 2025-02-12T11:28:30.174184Z - 2025-02-12T11:29:30.174184Z,,,,,,,,,2025-02-12T11:29:24.763530Z,
HE.KY17.00.CZ | 2025-02-12T11:28:50.422139Z - 2025-02-12T11:29:50.422139Z,,,,,,,,,2025-02-12T11:29:32.377010Z,
HE.LAUT.00.BHZ | 2025-02-12T11:28:44.865510Z - 2025-02-12T11:29:44.865510Z,,,,,,,,,2025-02-12T11:29:28.337820Z,
HE.LOVF.00.CZ | 2025-02-12T11:29:05.017664Z - 2025-02-12T11:30:05.017664Z,,,,,,,2025-02-12T11:29:10.721670Z,,2025-02-12T11:29:31.018540Z,
HE.MEF.00.BHZ | 2025-02-12T11:28:34.513633Z - 2025-02-12T11:29:34.513633Z,,,,,,,2025-02-12T11:29:06.509120Z,,2025-02-12T11:29:24.635880Z,
HE.NUR.00.SHZ | 2025-02-12T11:28:32.312712Z - 2025-02-12T11:29:32.312712Z,,,,,,,,,2025-02-12T11:29:16.849030Z,
HE.PVF.00.CZ | 2025-02-12T11:28:34.782465Z - 2025-02-12T11:29:34.782465Z,,,,,,,2025-02-12T11:29:06.381460Z,,2025-02-12T11:29:25.274140Z,
HE.RAF.00.BHZ | 2025-02-12T11:28:35.091225Z - 2025-02-12T11:29:35.091225Z,,,,,,,2025-02-12T11:29:02.807170Z,,2025-02-12T11:29:18.891480Z,
HE.SUF.00.BHZ | 2025-02-12T11:28:52.897884Z - 2025-02-12T11:29:52.897884Z,,,,,,,2025-02-12T11:29:08.806880Z,,2025-02-12T11:29:29.122300Z,
HE.TRE03.00.CZ | 2025-02-12T11:27:51.349248Z - 2025-02-12T11:28:51.349248Z,,,,,,,2025-02-12T11:28:43.558270Z,,2025-02-12T11:28:44.769250Z,
HE.TVF.00.BHZ | 2025-02-12T11:28:45.275711Z - 2025-02-12T11:29:45.275711Z,,,,,,,2025-02-12T11:29:12.794530Z,,2025-02-12T11:29:36.072190Z,
HE.VAF.00.BHZ | 2025-02-12T11:28:50.601455Z - 2025-02-12T11:29:50.601455Z,,,,,,,2025-02-12T11:29:09.828100Z,,2025-02-12T11:29:30.195440Z,
HE.VJF.00.?HZ | 2025-02-12T11:29:02.586108Z - 2025-02-12T11:30:02.586108Z,,,,,,,,,2025-02-12T11:29:44.413070Z,
HE.VUOS.00.BHZ | 2025-02-12T11:28:58.971935Z - 2025-02-12T11:29:58.971935Z,,,,,,,2025-02-12T11:29:08.714810Z,,2025-02-12T11:29:28.976090Z,
HE.HEL1.00.BHZ | 2025-02-12T10:25:10.743342Z - 2025-02-12T10:26:10.743342Z,,,,,,,2025-02-12T10:25:41.635840Z,,2025-02-12T10:25:43.165670Z,
HE.HEL5.00.BHZ | 2025-02-12T10:25:00.673968Z - 2025-02-12T10:26:00.673968Z,,,,,,,2025-02-12T10:25:41.316740Z,,2025-02-12T10:25:42.875640Z,
HE.KUNI.00.BHZ | 2025-02-12T10:25:07.094803Z - 2025-02-12T10:26:07.094803Z,,,,,,,2025-02-12T10:25:42.322700Z,,2025-02-12T10:25:44.227180Z,
HE.LAUT.00.BHZ | 2025-02-12T10:24:54.581821Z - 2025-02-12T10:25:54.581821Z,,,,,,,2025-02-12T10:25:41.760720Z,,2025-02-12T10:25:42.853460Z,
HE.MEF.00.BHZ | 2025-02-12T10:24:56.798079Z - 2025-02-12T10:25:56.798079Z,,,,,,,2025-02-12T10:25:42.010490Z,,2025-02-12T10:25:43.384210Z,
HE.RSUO.00.BHZ | 2025-02-12T10:25:18.290695Z - 2025-02-12T10:26:18.290695Z,,,,,,,2025-02-12T10:25:42.041710Z,,2025-02-12T10:25:43.696420Z,
HE.VUOS.00.BHZ | 2025-02-12T10:25:13.514406Z - 2025-02-12T10:26:13.514406Z,,,,,,,2025-02-12T10:25:44.251300Z,,2025-02-12T10:25:47.319140Z,
FN.OUL.00.BHZ | 2025-02-12T10:39:18.986862Z - 2025-02-12T10:40:18.986862Z,,,,,,,2025-02-12T10:39:39.540020Z,,2025-02-12T10:39:59.893300Z,
HE.ALAJF.00.?HZ | 2025-02-12T10:39:30.266158Z - 2025-02-12T10:40:30.266158Z,,,,,,,2025-02-12T10:39:38.086210Z,,2025-02-12T10:39:57.874130Z,
HE.JOF.00.BHZ | 2025-02-12T10:39:28.622420Z - 2025-02-12T10:40:28.622420Z,,,,,,,,,2025-02-12T10:40:10.271870Z,
HE.KAF.00.?HZ | 2025-02-12T10:39:27.454482Z - 2025-02-12T10:40:27.454482Z,,,,,,,2025-02-12T10:39:38.813110Z,,2025-02-12T10:39:58.957570Z,
HE.KEF.00.?HZ | 2025-02-12T10:39:17.463983Z - 2025-02-12T10:40:17.463983Z,,,,,,,2025-02-12T10:39:43.013000Z,,2025-02-12T10:40:06.273900Z,
HE.KU2.00.SHZ | 2025-02-12T10:39:46.084853Z - 2025-02-12T10:40:46.084853Z,,,,,,,,,2025-02-12T10:40:15.158270Z,
HE.NIF.00.BHZ | 2025-02-12T10:38:41.069865Z - 2025-02-12T10:39:41.069865Z,,,,,,,2025-02-12T10:39:16.346060Z,,2025-02-12T10:39:20.666880Z,
HE.OBF0.00.BHZ | 2025-02-12T10:39:21.471795Z - 2025-02-12T10:40:21.471795Z,,,,,,,2025-02-12T10:39:39.943850Z,,2025-02-12T10:40:00.458670Z,
HE.OBF3.00.BHZ | 2025-02-12T10:39:19.840540Z - 2025-02-12T10:40:19.840540Z,,,,,,,2025-02-12T10:39:40.428450Z,,2025-02-12T10:40:02.074010Z,
HE.OBF8.00.BHZ | 2025-02-12T10:39:23.499768Z - 2025-02-12T10:40:23.499768Z,,,,,,,,,2025-02-12T10:40:07.397510Z,
HE.OUF.00.BHZ | 2025-02-12T10:39:16.462016Z - 2025-02-12T10:40:16.462016Z,,,,,,,2025-02-12T10:39:35.097830Z,,2025-02-12T10:39:52.785810Z,
HE.RMF.00.BHZ | 2025-02-12T10:39:28.042338Z - 2025-02-12T10:40:28.042338Z,,,,,,,2025-02-12T10:39:34.532460Z,,2025-02-12T10:39:50.766630Z,
HE.SUF.00.BHZ | 2025-02-12T10:39:13.837443Z - 2025-02-12T10:40:13.837443Z,,,,,,,2025-02-12T10:39:29.040300Z,,2025-02-12T10:39:42.499030Z,
HE.VAF.00.BHZ | 2025-02-12T10:40:07.814725Z - 2025-02-12T10:41:07.814725Z,,,,,,,,,2025-02-12T10:40:15.733140Z,
HE.HEL1.00.BHZ | 2025-02-12T11:25:53.451126Z - 2025-02-12T11:26:53.451126Z,,,,,,,2025-02-12T11:26:12.207410Z,,2025-02-12T11:26:15.539780Z,
HE.KUNI.00.BHZ | 2025-02-12T11:25:31.562159Z - 2025-02-12T11:26:31.562159Z,,,,,,,2025-02-12T11:26:10.523380Z,,2025-02-12T11:26:12.435380Z,
HE.LAUT.00.BHZ | 2025-02-12T11:25:49.888453Z - 2025-02-12T11:26:49.888453Z,,,,,,,2025-02-12T11:26:12.646040Z,,2025-02-12T11:26:16.257000Z,
HE.NUR.00.SHZ | 2025-02-12T11:25:24.787365Z - 2025-02-12T11:26:24.787365Z,,,,,,,2025-02-12T11:26:10.071980Z,,2025-02-12T11:26:11.704540Z,
HE.RSUO.00.BHZ | 2025-02-12T11:25:39.424025Z - 2025-02-12T11:26:39.424025Z,,,,,,,2025-02-12T11:26:11.685290Z,,2025-02-12T11:26:14.633750Z,
HE.VUOS.00.BHZ | 2025-02-12T11:26:06.099712Z - 2025-02-12T11:27:06.099712Z,,,,,,,2025-02-12T11:26:12.736890Z,,2025-02-12T11:26:16.484100Z,
HE.ALAJF.00.?HZ | 2025-02-11T14:11:14.512813Z - 2025-02-11T14:12:14.512813Z,,,,,,,2025-02-11T14:11:29.896280Z,,2025-02-11T14:11:54.259150Z,
HE.FIA0.00.?HZ | 2025-02-11T14:11:07.076822Z - 2025-02-11T14:12:07.076822Z,,,,,,,2025-02-11T14:11:18.978440Z,,2025-02-11T14:11:35.723560Z,
HE.FIA1.00.?HZ | 2025-02-11T14:10:50.005334Z - 2025-02-11T14:11:50.005334Z,,,,,,,2025-02-11T14:11:18.978440Z,,2025-02-11T14:11:35.725830Z,
HE.HEL5.00.BHZ | 2025-02-11T14:10:57.082398Z - 2025-02-11T14:11:57.082398Z,,,,,,,,,2025-02-11T14:11:36.621020Z,
HE.KAF.00.?HZ | 2025-02-11T14:11:19.687527Z - 2025-02-11T14:12:19.687527Z,,,,,,,2025-02-11T14:11:24.787480Z,,2025-02-11T14:11:45.277770Z,
HE.KEF.00.?HZ | 2025-02-11T14:10:46.565709Z - 2025-02-11T14:11:46.565709Z,,,,,,,2025-02-11T14:11:16.214010Z,,2025-02-11T14:11:30.742200Z,
HE.KORF.00.CZ | 2025-02-11T14:10:57.689717Z - 2025-02-11T14:11:57.689717Z,,,,,,,2025-02-11T14:11:23.285940Z,,2025-02-11T14:11:42.464330Z,
HE.KPF.00.BHZ | 2025-02-11T14:10:53.851107Z - 2025-02-11T14:11:53.851107Z,,,,,,,2025-02-11T14:11:12.025350Z,,2025-02-11T14:11:23.118490Z,
HE.KY17.00.CZ | 2025-02-11T14:11:34.852637Z - 2025-02-11T14:12:34.852637Z,,,,,,,,,2025-02-11T14:11:50.583220Z,
HE.LAUT.00.BHZ | 2025-02-11T14:10:56.085724Z - 2025-02-11T14:11:56.085724Z,,,,,,,,,2025-02-11T14:11:36.621020Z,
HE.LOVF.00.CZ | 2025-02-11T14:11:08.908498Z - 2025-02-11T14:12:08.908498Z,,,,,,,2025-02-11T14:11:25.052710Z,,2025-02-11T14:11:45.927030Z,
HE.MEF.00.BHZ | 2025-02-11T14:11:03.118475Z - 2025-02-11T14:12:03.118475Z,,,,,,,2025-02-11T14:11:16.934070Z,,2025-02-11T14:11:31.605260Z,
HE.NUR.00.SHZ | 2025-02-11T14:11:00.904700Z - 2025-02-11T14:12:00.904700Z,,,,,,,,,2025-02-11T14:11:25.563830Z,
HE.PVF.00.CZ | 2025-02-11T14:11:02.140901Z - 2025-02-11T14:12:02.140901Z,,,,,,,,,2025-02-11T14:11:38.677000Z,
HE.RAF.00.BHZ | 2025-02-11T14:10:45.689081Z - 2025-02-11T14:11:45.689081Z,,,,,,,2025-02-11T14:11:11.534770Z,,2025-02-11T14:11:22.471200Z,
HE.SUF.00.BHZ | 2025-02-11T14:11:08.858719Z - 2025-02-11T14:12:08.858719Z,,,,,,,2025-02-11T14:11:30.972890Z,,2025-02-11T14:11:55.557670Z,
HE.TRE03.00.CZ | 2025-02-11T14:10:44.175515Z - 2025-02-11T14:11:44.175515Z,,,,,,,2025-02-11T14:11:05.048100Z,,2025-02-11T14:11:11.682940Z,
HE.TVF.00.BHZ | 2025-02-11T14:11:07.384994Z - 2025-02-11T14:12:07.384994Z,,,,,,,,,2025-02-11T14:11:40.083720Z,
HE.VAF.00.BHZ | 2025-02-11T14:10:59.504349Z - 2025-02-11T14:11:59.504349Z,,,,,,,2025-02-11T14:11:29.048860Z,,2025-02-11T14:11:52.527800Z,
UP.AAL.00.BHZ | 2025-02-11T14:11:26.483318Z - 2025-02-11T14:12:26.483318Z,,,,,,,2025-02-11T14:11:31.680000Z,,2025-02-11T14:11:57.397230Z,
HE.FIA0.00.?HZ | 2025-02-12T11:29:45.849193Z - 2025-02-12T11:30:45.849193Z,,,,,,,2025-02-12T11:30:23.102330Z,,2025-02-12T11:30:29.718620Z,
HE.FIA1.00.?HZ | 2025-02-12T11:30:07.038678Z - 2025-02-12T11:31:07.038678Z,,,,,,,2025-02-12T11:30:23.051360Z,,2025-02-12T11:30:29.575220Z,
HE.KAF.00.?HZ | 2025-02-12T11:29:45.057600Z - 2025-02-12T11:30:45.057600Z,,,,,,,2025-02-12T11:30:24.732430Z,,2025-02-12T11:30:33.042750Z,
HE.KEF.00.?HZ | 2025-02-12T11:30:07.467304Z - 2025-02-12T11:31:07.467304Z,,,,,,,2025-02-12T11:30:35.615110Z,,2025-02-12T11:30:50.834790Z,
HE.KY02.00.CZ | 2025-02-12T11:30:18.841589Z - 2025-02-12T11:31:18.841589Z,,,,,,,2025-02-12T11:30:26.626220Z,,2025-02-12T11:30:35.265680Z,
HE.LOVF.00.CZ | 2025-02-12T11:30:13.878964Z - 2025-02-12T11:31:13.878964Z,,,,,,,2025-02-12T11:30:36.551750Z,,2025-02-12T11:30:52.788620Z,
HE.NIF.00.BHZ | 2025-02-12T11:30:30.885441Z - 2025-02-12T11:31:30.885441Z,,,,,,,2025-02-12T11:30:46.759540Z,,2025-02-12T11:31:10.042910Z,
HE.NUR.00.SHZ | 2025-02-12T11:30:57.167756Z - 2025-02-12T11:31:57.167756Z,,,,,,,,,2025-02-12T11:31:03.654670Z,
HE.PVF.00.CZ | 2025-02-12T11:30:26.566047Z - 2025-02-12T11:31:26.566047Z,,,,,,,2025-02-12T11:30:36.188930Z,,2025-02-12T11:30:51.699510Z,
HE.RUF.00.BHZ | 2025-02-12T11:29:58.994496Z - 2025-02-12T11:30:58.994496Z,,,,,,,2025-02-12T11:30:31.261040Z,,2025-02-12T11:30:43.241470Z,
HE.SUF.00.BHZ | 2025-02-12T11:30:26.409577Z - 2025-02-12T11:31:26.409577Z,,,,,,,2025-02-12T11:30:35.525050Z,,2025-02-12T11:30:51.104960Z,
HE.TRE03.00.CZ | 2025-02-12T11:30:22.904311Z - 2025-02-12T11:31:22.904311Z,,,,,,,2025-02-12T11:30:38.513140Z,,2025-02-12T11:30:56.157890Z,
HE.VJF.00.?HZ | 2025-02-12T11:30:03.178594Z - 2025-02-12T11:31:03.178594Z,,,,,,,2025-02-12T11:30:34.354310Z,,2025-02-12T11:30:48.671250Z,
FN.KLF.00.BHZ | 2025-02-12T11:35:18.767602Z - 2025-02-12T11:36:18.767602Z,,,,,,,2025-02-12T11:35:33.080000Z,,2025-02-12T11:35:54.000000Z,
FN.OLKF.00.BHZ | 2025-02-12T11:36:48.515161Z - 2025-02-12T11:37:48.515161Z,,,,,,,,,2025-02-12T11:37:08.160000Z,
FN.RAJF.00.BHZ | 2025-02-12T11:35:52.789513Z - 2025-02-12T11:36:52.789513Z,,,,,,,,,2025-02-12T11:36:40.680000Z,
FN.RANF.00.BHZ | 2025-02-12T11:36:02.063061Z - 2025-02-12T11:37:02.063061Z,,,,,,,,,2025-02-12T11:36:42.600000Z,
FN.RNF.00.BHZ | 2025-02-12T11:35:42.264567Z - 2025-02-12T11:36:42.264567Z,,,,,,,2025-02-12T11:35:48.880000Z,,2025-02-12T11:36:22.760000Z,
HE.HEF.00.BHZ | 2025-02-12T11:35:02.303418Z - 2025-02-12T11:36:02.303418Z,,,,,,,2025-02-12T11:35:29.720000Z,,2025-02-12T11:35:48.480000Z,
HE.KEV.00.BHZ | 2025-02-12T11:36:11.613077Z - 2025-02-12T11:37:11.613077Z,,,,,,,,,2025-02-12T11:36:33.600000Z,
HE.KIF.00.BHZ | 2025-02-12T11:35:13.595971Z - 2025-02-12T11:36:13.595971Z,,,,,,,2025-02-12T11:35:26.540000Z,,2025-02-12T11:35:42.200000Z,
HE.TOF.00.BHZ | 2025-02-12T11:35:38.760035Z - 2025-02-12T11:36:38.760035Z,,,,,,,2025-02-12T11:35:46.040000Z,,2025-02-12T11:36:18.520000Z,
FN.OUL.00.BHZ | 2025-02-12T11:36:45.001711Z - 2025-02-12T11:37:45.001711Z,,,,,,,2025-02-12T11:36:59.483490Z,,2025-02-12T11:37:14.366770Z,
HE.ALAJF.00.?HZ | 2025-02-12T11:36:26.895160Z - 2025-02-12T11:37:26.895160Z,,,,,,,2025-02-12T11:36:56.328880Z,,2025-02-12T11:37:10.061140Z,
HE.KAF.00.?HZ | 2025-02-12T11:36:59.799611Z - 2025-02-12T11:37:59.799611Z,,,,,,,2025-02-12T11:37:13.091610Z,,2025-02-12T11:37:38.342750Z,
HE.KEF.00.?HZ | 2025-02-12T11:36:45.465111Z - 2025-02-12T11:37:45.465111Z,,,,,,,2025-02-12T11:37:10.875210Z,,2025-02-12T11:37:34.400890Z,
HE.NIF.00.BHZ | 2025-02-12T11:36:40.613989Z - 2025-02-12T11:37:40.613989Z,,,,,,,2025-02-12T11:37:02.395440Z,,2025-02-12T11:37:19.543350Z,
HE.SUF.00.BHZ | 2025-02-12T11:36:30.237864Z - 2025-02-12T11:37:30.237864Z,,,,,,,2025-02-12T11:37:03.123420Z,,2025-02-12T11:37:19.973520Z,
HE.VAF.00.BHZ | 2025-02-12T11:36:32.731269Z - 2025-02-12T11:37:32.731269Z,,,,,,,2025-02-12T11:37:04.983830Z,,2025-02-12T11:37:24.065260Z,
FN.KLF.00.BHZ | 2025-02-12T13:27:31.805536Z - 2025-02-12T13:28:31.805536Z,,,,,,,2025-02-12T13:27:39.680000Z,,2025-02-12T13:28:26.080000Z,
FN.MSF.00.BHZ | 2025-02-12T13:27:18.478061Z - 2025-02-12T13:28:18.478061Z,,,,,,,2025-02-12T13:27:29.080000Z,,2025-02-12T13:28:05.840000Z,
FN.OLKF.00.BHZ | 2025-02-12T13:27:04.197655Z - 2025-02-12T13:28:04.197655Z,,,,,,,2025-02-12T13:27:22.480000Z,,2025-02-12T13:27:53.680000Z,
FN.RAJF.00.BHZ | 2025-02-12T13:27:09.784520Z - 2025-02-12T13:28:09.784520Z,,,,,,,2025-02-12T13:27:15.720000Z,,2025-02-12T13:27:41.340000Z,
FN.RANF.00.BHZ | 2025-02-12T13:27:23.827556Z - 2025-02-12T13:28:23.827556Z,,,,,,,2025-02-12T13:27:34.840000Z,,2025-02-12T13:28:14.400000Z,
FN.RNF.00.BHZ | 2025-02-12T13:27:23.486333Z - 2025-02-12T13:28:23.486333Z,,,,,,,2025-02-12T13:27:33.480000Z,,2025-02-12T13:28:13.000000Z,
HE.HEF.00.BHZ | 2025-02-12T13:27:04.520634Z - 2025-02-12T13:28:04.520634Z,,,,,,,2025-02-12T13:27:38.600000Z,,,
HE.KEV.00.BHZ | 2025-02-12T13:27:19.392852Z - 2025-02-12T13:28:19.392852Z,,,,,,,2025-02-12T13:27:29.120000Z,,2025-02-12T13:28:04.960000Z,
HE.KU1.00.BHZ | 2025-02-12T13:26:38.298407Z - 2025-02-12T13:27:38.298407Z,,,,,,,2025-02-12T13:27:31.480000Z,,,
HE.KU2.00.BHZ | 2025-02-12T13:26:52.736753Z - 2025-02-12T13:27:52.736753Z,,,,,,,2025-02-12T13:27:34.320000Z,,,
HE.KU6.00.BHZ | 2025-02-12T13:27:15.371426Z - 2025-02-12T13:28:15.371426Z,,,,,,,2025-02-12T13:27:24.580000Z,,2025-02-12T13:27:58.400000Z,
HE.RMF.00.BHZ | 2025-02-12T13:27:06.071280Z - 2025-02-12T13:28:06.071280Z,,,,,,,2025-02-12T13:27:46.060000Z,,,
HE.TOF.00.BHZ | 2025-02-12T13:27:43.351663Z - 2025-02-12T13:28:43.351663Z,,,,,,,2025-02-12T13:27:56.000000Z,,2025-02-12T13:28:31.840000Z,
HE.VRF.00.BHZ | 2025-02-12T13:26:37.747860Z - 2025-02-12T13:27:37.747860Z,,,,,,,2025-02-12T13:27:08.200000Z,,2025-02-12T13:27:27.800000Z,
HE.FIA0.00.SHZ | 2025-02-11T11:56:31.265518Z - 2025-02-11T11:57:31.265518Z,,,,,,,2025-02-11T11:56:42.900000Z,,2025-02-11T11:56:55.200000Z,
HE.HEL5.00.BHZ | 2025-02-11T11:56:02.866432Z - 2025-02-11T11:57:02.866432Z,,,,,,,2025-02-11T11:56:50.770000Z,,,
HE.KAF.00.BHZ | 2025-02-11T11:56:22.224490Z - 2025-02-11T11:57:22.224490Z,,,,,,,2025-02-11T11:56:53.730000Z,,2025-02-11T11:57:12.920000Z,
HE.KEF.00.BHZ | 2025-02-11T11:56:30.715446Z - 2025-02-11T11:57:30.715446Z,,,,,,,2025-02-11T11:56:59.480000Z,,2025-02-11T11:57:23.240000Z,
HE.KJNF.00.BHZ | 2025-02-11T11:57:41.278640Z - 2025-02-11T11:58:41.278640Z,,,,,,,,,2025-02-11T11:58:04.050000Z,
HE.KPF.00.BHZ | 2025-02-11T11:57:01.113367Z - 2025-02-11T11:58:01.113367Z,,,,,,,2025-02-11T11:57:13.020000Z,,2025-02-11T11:57:46.920000Z,
HE.KUNI.00.BHZ | 2025-02-11T11:56:32.085544Z - 2025-02-11T11:57:32.085544Z,,,,,,,2025-02-11T11:56:47.900000Z,,,
HE.KY17.00.BHZ | 2025-02-11T11:56:01.567675Z - 2025-02-11T11:57:01.567675Z,,,,,,,2025-02-11T11:56:32.300000Z,,2025-02-11T11:56:35.380000Z,
HE.LAUT.00.BHZ | 2025-02-11T11:56:18.711060Z - 2025-02-11T11:57:18.711060Z,,,,,,,2025-02-11T11:56:49.580000Z,,,
HE.MEF.00.BHZ | 2025-02-11T11:56:39.130068Z - 2025-02-11T11:57:39.130068Z,,,,,,,2025-02-11T11:56:52.430000Z,,2025-02-11T11:57:14.200000Z,
HE.NIF.00.BHZ | 2025-02-11T11:57:29.491457Z - 2025-02-11T11:58:29.491457Z,,,,,,,,,2025-02-11T11:57:50.920000Z,
HE.NUR.00.BHZ | 2025-02-11T11:56:34.576814Z - 2025-02-11T11:57:34.576814Z,,,,,,,2025-02-11T11:56:48.340000Z,,,
HE.OBF0.00.BHZ | 2025-02-11T11:57:18.199636Z - 2025-02-11T11:58:18.199636Z,,,,,,,,,2025-02-11T11:58:12.960000Z,
HE.OBF3.00.BHZ | 2025-02-11T11:58:02.985780Z - 2025-02-11T11:59:02.985780Z,,,,,,,,,2025-02-11T11:58:21.930000Z,
HE.OUF.00.BHZ | 2025-02-11T11:57:52.699582Z - 2025-02-11T11:58:52.699582Z,,,,,,,,,2025-02-11T11:58:19.160000Z,
HE.PVF.00.BHZ | 2025-02-11T11:55:53.409575Z - 2025-02-11T11:56:53.409575Z,,,,,,,2025-02-11T11:56:37.780000Z,,2025-02-11T11:56:44.560000Z,
HE.RAF.00.BHZ | 2025-02-11T11:57:04.627355Z - 2025-02-11T11:58:04.627355Z,,,,,,,2025-02-11T11:57:11.830000Z,,2025-02-11T11:57:45.360000Z,
HE.RUF.00.BHZ | 2025-02-11T11:56:35.977604Z - 2025-02-11T11:57:35.977604Z,,,,,,,2025-02-11T11:56:50.480000Z,,2025-02-11T11:57:09.840000Z,
HE.SUF.00.BHZ | 2025-02-11T11:56:53.676078Z - 2025-02-11T11:57:53.676078Z,,,,,,,2025-02-11T11:57:05.860000Z,,2025-02-11T11:57:31.340000Z,
HE.TRE03.00.BHZ | 2025-02-11T11:56:27.887792Z - 2025-02-11T11:57:27.887792Z,,,,,,,2025-02-11T11:56:56.820000Z,,2025-02-11T11:57:17.880000Z,
HE.TVF.00.BHZ | 2025-02-11T11:56:37.082406Z - 2025-02-11T11:57:37.082406Z,,,,,,,,,2025-02-11T11:57:31.580000Z,
HE.VAF.00.BHZ | 2025-02-11T11:57:35.047652Z - 2025-02-11T11:58:35.047652Z,,,,,,,,,2025-02-11T11:57:52.330000Z,
HE.VJF.00.BHZ | 2025-02-11T11:56:20.052998Z - 2025-02-11T11:57:20.052998Z,,,,,,,2025-02-11T11:56:35.180000Z,,2025-02-11T11:56:40.780000Z,
HE.VUOS.00.BHZ | 2025-02-11T11:56:05.600025Z - 2025-02-11T11:57:05.600025Z,,,,,,,2025-02-11T11:56:46.540000Z,,,
HE.HEL1.00.BHZ | 2025-02-12T14:27:13.452773Z - 2025-02-12T14:28:13.452773Z,,,,,,,2025-02-12T14:27:26.272080Z,,2025-02-12T14:27:28.628810Z,
HE.HEL5.00.BHZ | 2025-02-12T14:26:59.904126Z - 2025-02-12T14:27:59.904126Z,,,,,,,2025-02-12T14:27:24.973130Z,,2025-02-12T14:27:26.349710Z,
HE.KUNI.00.BHZ | 2025-02-12T14:26:36.126836Z - 2025-02-12T14:27:36.126836Z,,,,,,,2025-02-12T14:27:27.100800Z,,2025-02-12T14:27:29.930800Z,
HE.LAUT.00.BHZ | 2025-02-12T14:27:16.027148Z - 2025-02-12T14:28:16.027148Z,,,,,,,2025-02-12T14:27:26.030500Z,,2025-02-12T14:27:28.123650Z,
HE.MEF.00.BHZ | 2025-02-12T14:27:00.084623Z - 2025-02-12T14:28:00.084623Z,,,,,,,2025-02-12T14:27:24.973130Z,,2025-02-12T14:27:26.613710Z,
HE.NUR.00.SHZ | 2025-02-12T14:27:14.593565Z - 2025-02-12T14:28:14.593565Z,,,,,,,2025-02-12T14:27:29.999210Z,,2025-02-12T14:27:34.925610Z,
HE.RSUO.00.BHZ | 2025-02-12T14:27:14.995643Z - 2025-02-12T14:28:14.995643Z,,,,,,,2025-02-12T14:27:26.188580Z,,2025-02-12T14:27:29.165510Z,
HE.VUOS.00.BHZ | 2025-02-12T14:27:21.589844Z - 2025-02-12T14:28:21.589844Z,,,,,,,2025-02-12T14:27:29.008100Z,,2025-02-12T14:27:33.047790Z,
FN.MSF.00.BHZ | 2025-02-12T20:07:32.502786Z - 2025-02-12T20:08:32.502786Z,,,,,,,,,2025-02-12T20:07:49.120000Z,
FN.OLKF.00.BHZ | 2025-02-12T20:06:42.140688Z - 2025-02-12T20:07:42.140688Z,,,,,,,2025-02-12T20:07:07.480000Z,,2025-02-12T20:07:35.680000Z,
FN.OUL.00.BHZ | 2025-02-12T20:07:39.150269Z - 2025-02-12T20:08:39.150269Z,,,,,,,,,2025-02-12T20:08:29.960000Z,
FN.RAJF.00.BHZ | 2025-02-12T20:06:41.443200Z - 2025-02-12T20:07:41.443200Z,,,,,,,,,2025-02-12T20:07:34.080000Z,
FN.RANF.00.BHZ | 2025-02-12T20:08:03.248591Z - 2025-02-12T20:09:03.248591Z,,,,,,,,,2025-02-12T20:08:08.440000Z,
HE.KEV.00.BHZ | 2025-02-12T20:07:15.670244Z - 2025-02-12T20:08:15.670244Z,,,,,,,2025-02-12T20:07:20.770000Z,,2025-02-12T20:07:59.340000Z,
HE.KU2.00.BHZ | 2025-02-12T20:07:31.978152Z - 2025-02-12T20:08:31.978152Z,,,,,,,,,2025-02-12T20:07:57.820000Z,
HE.KU6.00.BHZ | 2025-02-12T20:07:21.840654Z - 2025-02-12T20:08:21.840654Z,,,,,,,,,2025-02-12T20:07:37.640000Z,
HE.VRF.00.BHZ | 2025-02-12T20:06:22.011862Z - 2025-02-12T20:07:22.011862Z,,,,,,,2025-02-12T20:06:56.580000Z,,2025-02-12T20:07:16.340000Z,
HE.HEL1.00.BHZ | 2025-02-12T15:14:08.217340Z - 2025-02-12T15:15:08.217340Z,,,,,,,2025-02-12T15:14:19.512590Z,,2025-02-12T15:14:23.566910Z,
HE.HEL5.00.BHZ | 2025-02-12T15:14:07.718081Z - 2025-02-12T15:15:07.718081Z,,,,,,,2025-02-12T15:14:18.990870Z,,2025-02-12T15:14:22.480220Z,
HE.KUNI.00.BHZ | 2025-02-12T15:14:03.072794Z - 2025-02-12T15:15:03.072794Z,,,,,,,2025-02-12T15:14:19.341280Z,,2025-02-12T15:14:23.110080Z,
HE.LAUT.00.BHZ | 2025-02-12T15:13:45.551013Z - 2025-02-12T15:14:45.551013Z,,,,,,,2025-02-12T15:14:19.512590Z,,2025-02-12T15:14:23.483890Z,
HE.MEF.00.BHZ | 2025-02-12T15:13:53.933037Z - 2025-02-12T15:14:53.933037Z,,,,,,,2025-02-12T15:14:15.489630Z,,2025-02-12T15:14:16.663700Z,
HE.NUR.00.SHZ | 2025-02-12T15:13:56.877156Z - 2025-02-12T15:14:56.877156Z,,,,,,,2025-02-12T15:14:18.646310Z,,2025-02-12T15:14:22.319720Z,
HE.RSUO.00.BHZ | 2025-02-12T15:13:43.542796Z - 2025-02-12T15:14:43.542796Z,,,,,,,2025-02-12T15:14:19.512590Z,,2025-02-12T15:14:23.652560Z,
HE.FIA0.00.SHZ | 2025-02-11T09:31:47.041495Z - 2025-02-11T09:32:47.041495Z,,,,,,,2025-02-11T09:31:55.400000Z,,2025-02-11T09:32:17.500000Z,
HE.HEL1.00.BHZ | 2025-02-11T09:30:56.396479Z - 2025-02-11T09:31:56.396479Z,,,,,,,2025-02-11T09:31:30.090000Z,,2025-02-11T09:31:32.320000Z,
HE.HEL5.00.BHZ | 2025-02-11T09:30:46.641008Z - 2025-02-11T09:31:46.641008Z,,,,,,,2025-02-11T09:31:28.780000Z,,,
HE.KUNI.00.BHZ | 2025-02-11T09:30:39.667123Z - 2025-02-11T09:31:39.667123Z,,,,,,,2025-02-11T09:31:30.990000Z,,2025-02-11T09:31:34.000000Z,
HE.KY17.00.BHZ | 2025-02-11T09:31:55.588627Z - 2025-02-11T09:32:55.588627Z,,,,,,,,,2025-02-11T09:32:13.080000Z,
HE.LAUT.00.BHZ | 2025-02-11T09:31:16.547621Z - 2025-02-11T09:32:16.547621Z,,,,,,,2025-02-11T09:31:29.870000Z,,2025-02-11T09:31:31.880000Z,
HE.MEF.00.BHZ | 2025-02-11T09:30:58.061139Z - 2025-02-11T09:31:58.061139Z,,,,,,,2025-02-11T09:31:28.640000Z,,2025-02-11T09:31:30.530000Z,
HE.NUR.00.BHZ | 2025-02-11T09:31:00.211577Z - 2025-02-11T09:32:00.211577Z,,,,,,,2025-02-11T09:31:33.740000Z,,,
HE.PVF.00.BHZ | 2025-02-11T09:31:07.047973Z - 2025-02-11T09:32:07.047973Z,,,,,,,2025-02-11T09:31:41.290000Z,,,
HE.VJF.00.BHZ | 2025-02-11T09:31:58.552825Z - 2025-02-11T09:32:58.552825Z,,,,,,,,,2025-02-11T09:32:17.940000Z,
HE.VUOS.00.BHZ | 2025-02-11T09:31:22.632566Z - 2025-02-11T09:32:22.632566Z,,,,,,,2025-02-11T09:31:32.540000Z,,,
FN.KLF.00.BHZ | 2025-02-13T07:51:05.847722Z - 2025-02-13T07:52:05.847722Z,,,,,,,,,2025-02-13T07:51:59.280000Z,
FN.MSF.00.BHZ | 2025-02-13T07:50:48.632382Z - 2025-02-13T07:51:48.632382Z,,,,,,,,,2025-02-13T07:51:19.040000Z,
FN.OLKF.00.BHZ | 2025-02-13T07:50:18.916862Z - 2025-02-13T07:51:18.916862Z,,,,,,,2025-02-13T07:50:40.200000Z,,2025-02-13T07:51:08.760000Z,
FN.RAJF.00.BHZ | 2025-02-13T07:50:26.880387Z - 2025-02-13T07:51:26.880387Z,,,,,,,2025-02-13T07:50:39.680000Z,,2025-02-13T07:51:07.320000Z,
FN.RANF.00.BHZ | 2025-02-13T07:50:59.624811Z - 2025-02-13T07:51:59.624811Z,,,,,,,,,2025-02-13T07:51:39.200000Z,
FN.RNF.00.BHZ | 2025-02-13T07:51:01.117291Z - 2025-02-13T07:52:01.117291Z,,,,,,,,,2025-02-13T07:51:32.080000Z,
HE.KEV.00.BHZ | 2025-02-13T07:50:40.591160Z - 2025-02-13T07:51:40.591160Z,,,,,,,2025-02-13T07:50:53.600000Z,,2025-02-13T07:51:31.600000Z,
HE.KU6.00.BHZ | 2025-02-13T07:50:30.047984Z - 2025-02-13T07:51:30.047984Z,,,,,,,2025-02-13T07:50:41.280000Z,,2025-02-13T07:51:10.920000Z,
HE.TOF.00.BHZ | 2025-02-13T07:50:24.573659Z - 2025-02-13T07:51:24.573659Z,,,,,,,2025-02-13T07:51:15.360000Z,,,
HE.VRF.00.BHZ | 2025-02-13T07:50:10.659697Z - 2025-02-13T07:51:10.659697Z,,,,,,,2025-02-13T07:50:30.080000Z,,2025-02-13T07:50:49.680000Z,
HE.FIA0.00.?HZ | 2025-02-13T13:46:47.143145Z - 2025-02-13T13:47:47.143145Z,,,,,,,2025-02-13T13:47:10.293170Z,,2025-02-13T13:47:25.625580Z,
HE.FIA1.00.?HZ | 2025-02-13T13:46:36.440308Z - 2025-02-13T13:47:36.440308Z,,,,,,,2025-02-13T13:47:09.682120Z,,2025-02-13T13:47:25.625580Z,
HE.KAF.00.?HZ | 2025-02-13T13:47:03.562521Z - 2025-02-13T13:48:03.562521Z,,,,,,,2025-02-13T13:47:17.586580Z,,2025-02-13T13:47:38.559000Z,
HE.KEF.00.?HZ | 2025-02-13T13:47:40.163816Z - 2025-02-13T13:48:40.163816Z,,,,,,,,,2025-02-13T13:47:53.111220Z,
HE.KY02.00.CZ | 2025-02-13T13:46:34.235267Z - 2025-02-13T13:47:34.235267Z,,,,,,,2025-02-13T13:46:59.751800Z,,2025-02-13T13:47:08.923130Z,
HE.KY17.00.CZ | 2025-02-13T13:46:17.477345Z - 2025-02-13T13:47:17.477345Z,,,,,,,2025-02-13T13:46:57.464860Z,,2025-02-13T13:47:04.844360Z,
HE.LOVF.00.CZ | 2025-02-13T13:46:28.326212Z - 2025-02-13T13:47:28.326212Z,,,,,,,2025-02-13T13:47:03.827750Z,,2025-02-13T13:47:16.354100Z,
HE.MEF.00.BHZ | 2025-02-13T13:47:01.926987Z - 2025-02-13T13:48:01.926987Z,,,,,,,,,2025-02-13T13:47:45.605620Z,
HE.PVF.00.CZ | 2025-02-13T13:46:56.246829Z - 2025-02-13T13:47:56.246829Z,,,,,,,2025-02-13T13:47:07.262380Z,,2025-02-13T13:47:21.976170Z,
HE.RUF.00.BHZ | 2025-02-13T13:46:38.222456Z - 2025-02-13T13:47:38.222456Z,,,,,,,2025-02-13T13:47:02.841430Z,,2025-02-13T13:47:14.381450Z,
HE.SUF.00.BHZ | 2025-02-13T13:47:45.327367Z - 2025-02-13T13:48:45.327367Z,,,,,,,,,2025-02-13T13:47:56.275680Z,
HE.TRE03.00.CZ | 2025-02-13T13:47:26.704282Z - 2025-02-13T13:48:26.704282Z,,,,,,,,,2025-02-13T13:47:52.248180Z,
HE.VJF.00.?HZ | 2025-02-13T13:46:30.447336Z - 2025-02-13T13:47:30.447336Z,,,,,,,2025-02-13T13:46:53.645440Z,,2025-02-13T13:46:57.794940Z,
HE.VUOS.00.BHZ | 2025-02-13T13:46:57.709384Z - 2025-02-13T13:47:57.709384Z,,,,,,,,,2025-02-13T13:47:35.686110Z,
HE.FIA0.00.?HZ | 2025-02-13T12:35:01.518451Z - 2025-02-13T12:36:01.518451Z,,,,,,,2025-02-13T12:35:36.506000Z,,2025-02-13T12:35:49.130000Z,
HE.FIA1.00.?HZ | 2025-02-13T12:35:26.152142Z - 2025-02-13T12:36:26.152142Z,,,,,,,2025-02-13T12:35:36.506000Z,,2025-02-13T12:35:49.077730Z,
HE.KAF.00.?HZ | 2025-02-13T12:35:32.379650Z - 2025-02-13T12:36:32.379650Z,,,,,,,2025-02-13T12:35:47.857970Z,,2025-02-13T12:36:09.432840Z,
HE.KEF.00.?HZ | 2025-02-13T12:35:25.119440Z - 2025-02-13T12:36:25.119440Z,,,,,,,2025-02-13T12:35:50.678130Z,,2025-02-13T12:36:13.300480Z,
HE.KY02.00.CZ | 2025-02-13T12:34:55.143023Z - 2025-02-13T12:35:55.143023Z,,,,,,,2025-02-13T12:35:29.819730Z,,2025-02-13T12:35:38.009110Z,
HE.LOVF.00.CZ | 2025-02-13T12:34:39.603273Z - 2025-02-13T12:35:39.603273Z,,,,,,,2025-02-13T12:35:21.126720Z,,2025-02-13T12:35:22.994600Z,
HE.MEF.00.BHZ | 2025-02-13T12:35:23.711452Z - 2025-02-13T12:36:23.711452Z,,,,,,,2025-02-13T12:35:34.410710Z,,2025-02-13T12:35:44.986930Z,
HE.PVF.00.CZ | 2025-02-13T12:34:30.836168Z - 2025-02-13T12:35:30.836168Z,,,,,,,2025-02-13T12:35:20.544260Z,,2025-02-13T12:35:22.211290Z,
HE.RUF.00.BHZ | 2025-02-13T12:35:34.843609Z - 2025-02-13T12:36:34.843609Z,,,,,,,2025-02-13T12:35:49.367130Z,,2025-02-13T12:36:11.354060Z,
HE.TVF.00.BHZ | 2025-02-13T12:35:36.770005Z - 2025-02-13T12:36:36.770005Z,,,,,,,,,2025-02-13T12:36:05.837030Z,
HE.VJF.00.?HZ | 2025-02-13T12:34:53.039287Z - 2025-02-13T12:35:53.039287Z,,,,,,,2025-02-13T12:35:32.302890Z,,2025-02-13T12:35:42.610460Z,
HE.VUOS.00.BHZ | 2025-02-13T12:35:10.717464Z - 2025-02-13T12:36:10.717464Z,,,,,,,2025-02-13T12:35:28.588300Z,,2025-02-13T12:35:34.938090Z,
FN.MSF.00.BHZ | 2025-02-13T22:51:25.643678Z - 2025-02-13T22:52:25.643678Z,,,,,,,2025-02-13T22:51:39.960000Z,,2025-02-13T22:52:13.760000Z,
FN.OLKF.00.BHZ | 2025-02-13T22:51:14.204142Z - 2025-02-13T22:52:14.204142Z,,,,,,,2025-02-13T22:51:33.520000Z,,2025-02-13T22:52:03.200000Z,
FN.RAJF.00.BHZ | 2025-02-13T22:51:23.392324Z - 2025-02-13T22:52:23.392324Z,,,,,,,2025-02-13T22:51:34.200000Z,,2025-02-13T22:52:01.920000Z,
FN.RANF.00.BHZ | 2025-02-13T22:51:43.024543Z - 2025-02-13T22:52:43.024543Z,,,,,,,2025-02-13T22:51:49.960000Z,,2025-02-13T22:52:33.640000Z,
FN.RNF.00.BHZ | 2025-02-13T22:51:36.126818Z - 2025-02-13T22:52:36.126818Z,,,,,,,2025-02-13T22:51:46.320000Z,,2025-02-13T22:52:25.600000Z,
HE.HEF.00.BHZ | 2025-02-13T22:52:18.238615Z - 2025-02-13T22:53:18.238615Z,,,,,,,,,2025-02-13T22:52:56.480000Z,
HE.KEV.00.BHZ | 2025-02-13T22:51:34.797997Z - 2025-02-13T22:52:34.797997Z,,,,,,,2025-02-13T22:51:47.140000Z,,2025-02-13T22:52:25.640000Z,
HE.KU6.00.BHZ | 2025-02-13T22:51:25.572305Z - 2025-02-13T22:52:25.572305Z,,,,,,,2025-02-13T22:51:34.000000Z,,2025-02-13T22:52:04.240000Z,
HE.TOF.00.BHZ | 2025-02-13T22:51:31.706428Z - 2025-02-13T22:52:31.706428Z,,,,,,,2025-02-13T22:52:07.960000Z,,,
HE.VRF.00.BHZ | 2025-02-13T22:50:56.840513Z - 2025-02-13T22:51:56.840513Z,,,,,,,2025-02-13T22:51:23.560000Z,,2025-02-13T22:51:44.280000Z,
FN.KLF.00.BHZ | 2025-02-13T16:40:54.050223Z - 2025-02-13T16:41:54.050223Z,,,,,,,2025-02-13T16:41:09.220000Z,,2025-02-13T16:41:21.960000Z,
FN.RANF.00.BHZ | 2025-02-13T16:41:15.805067Z - 2025-02-13T16:42:15.805067Z,,,,,,,2025-02-13T16:41:26.640000Z,,2025-02-13T16:41:52.400000Z,
FN.RNF.00.BHZ | 2025-02-13T16:40:57.029355Z - 2025-02-13T16:41:57.029355Z,,,,,,,2025-02-13T16:41:15.180000Z,,2025-02-13T16:41:32.680000Z,
HE.HEF.00.BHZ | 2025-02-13T16:40:36.308723Z - 2025-02-13T16:41:36.308723Z,,,,,,,2025-02-13T16:41:08.160000Z,,2025-02-13T16:41:20.480000Z,
HE.KEV.00.BHZ | 2025-02-13T16:41:08.308974Z - 2025-02-13T16:42:08.308974Z,,,,,,,2025-02-13T16:41:25.960000Z,,2025-02-13T16:41:51.040000Z,
HE.KIF.00.BHZ | 2025-02-13T16:41:26.101871Z - 2025-02-13T16:42:26.101871Z,,,,,,,,,2025-02-13T16:41:57.920000Z,
HE.KU2.00.BHZ | 2025-02-13T16:41:18.790509Z - 2025-02-13T16:42:18.790509Z,,,,,,,,,2025-02-13T16:41:59.650000Z,
HE.KU6.00.BHZ | 2025-02-13T16:41:30.351053Z - 2025-02-13T16:42:30.351053Z,,,,,,,,,2025-02-13T16:42:10.120000Z,
HE.TOF.00.BHZ | 2025-02-13T16:41:18.611834Z - 2025-02-13T16:42:18.611834Z,,,,,,,,,2025-02-13T16:41:51.280000Z,
HE.VRF.00.BHZ | 2025-02-13T16:40:31.506486Z - 2025-02-13T16:41:31.506486Z,,,,,,,2025-02-13T16:41:20.480000Z,,,
FN.RAJF.00.BHZ | 2025-02-13T16:07:51.464536Z - 2025-02-13T16:08:51.464536Z,,,,,,,2025-02-13T16:08:06.280000Z,,2025-02-13T16:08:22.000000Z,
HE.HEF.00.BHZ | 2025-02-13T16:08:46.256903Z - 2025-02-13T16:09:46.256903Z,,,,,,,,,2025-02-13T16:09:05.320000Z,
HE.KEV.00.BHZ | 2025-02-13T16:07:50.870504Z - 2025-02-13T16:08:50.870504Z,,,,,,,2025-02-13T16:08:08.000000Z,,2025-02-13T16:08:25.220000Z,
HE.KIF.00.BHZ | 2025-02-13T16:09:19.647522Z - 2025-02-13T16:10:19.647522Z,,,,,,,,,2025-02-13T16:09:32.360000Z,
HE.KU6.00.BHZ | 2025-02-13T16:08:04.711799Z - 2025-02-13T16:09:04.711799Z,,,,,,,2025-02-13T16:08:37.730000Z,,,
HE.VRF.00.BHZ | 2025-02-13T16:08:18.065933Z - 2025-02-13T16:09:18.065933Z,,,,,,,,,2025-02-13T16:08:37.400000Z,
FN.RAJF.00.BHZ | 2025-02-13T16:00:14.814643Z - 2025-02-13T16:01:14.814643Z,,,,,,,2025-02-13T16:00:36.580000Z,,2025-02-13T16:00:52.440000Z,
HE.HEF.00.BHZ | 2025-02-13T16:00:43.758763Z - 2025-02-13T16:01:43.758763Z,,,,,,,,,2025-02-13T16:01:35.960000Z,
HE.KEV.00.BHZ | 2025-02-13T16:00:13.371016Z - 2025-02-13T16:01:13.371016Z,,,,,,,2025-02-13T16:00:38.360000Z,,2025-02-13T16:00:55.780000Z,
HE.KIF.00.BHZ | 2025-02-13T16:00:59.160007Z - 2025-02-13T16:01:59.160007Z,,,,,,,2025-02-13T16:01:09.280000Z,,,
HE.VRF.00.BHZ | 2025-02-13T16:00:37.454618Z - 2025-02-13T16:01:37.454618Z,,,,,,,2025-02-13T16:00:45.180000Z,,2025-02-13T16:01:07.200000Z,
FN.MSF.00.BHZ | 2025-02-13T11:43:05.262767Z - 2025-02-13T11:44:05.262767Z,,,,,,,2025-02-13T11:43:11.120000Z,,2025-02-13T11:43:50.040000Z,
FN.OLKF.00.BHZ | 2025-02-13T11:43:12.159632Z - 2025-02-13T11:44:12.159632Z,,,,,,,2025-02-13T11:43:18.680000Z,,2025-02-13T11:44:02.480000Z,
FN.OUL.00.BHZ | 2025-02-13T11:42:35.477137Z - 2025-02-13T11:43:35.477137Z,,,,,,,2025-02-13T11:43:00.840000Z,,2025-02-13T11:43:29.400000Z,
FN.RANF.00.BHZ | 2025-02-13T11:42:58.178615Z - 2025-02-13T11:43:58.178615Z,,,,,,,2025-02-13T11:43:12.180000Z,,2025-02-13T11:43:50.480000Z,
FN.RNF.00.BHZ | 2025-02-13T11:43:13.486143Z - 2025-02-13T11:44:13.486143Z,,,,,,,2025-02-13T11:43:21.280000Z,,2025-02-13T11:44:06.080000Z,
HE.FIA0.00.SHZ | 2025-02-13T11:42:48.616548Z - 2025-02-13T11:43:48.616548Z,,,,,,,2025-02-13T11:42:56.400000Z,,2025-02-13T11:43:21.000000Z,
HE.JOF.00.BHZ | 2025-02-13T11:42:32.651207Z - 2025-02-13T11:43:32.651207Z,,,,,,,2025-02-13T11:42:52.640000Z,,2025-02-13T11:43:14.480000Z,
HE.KAF.00.BHZ | 2025-02-13T11:42:26.005481Z - 2025-02-13T11:43:26.005481Z,,,,,,,2025-02-13T11:42:44.980000Z,,2025-02-13T11:43:02.280000Z,
HE.KEF.00.BHZ | 2025-02-13T11:42:31.113120Z - 2025-02-13T11:43:31.113120Z,,,,,,,2025-02-13T11:42:52.900000Z,,2025-02-13T11:43:15.000000Z,
HE.KJNF.00.BHZ | 2025-02-13T11:42:30.082588Z - 2025-02-13T11:43:30.082588Z,,,,,,,2025-02-13T11:42:43.360000Z,,2025-02-13T11:42:59.880000Z,
HE.KORF.00.BHZ | 2025-02-13T11:42:55.936807Z - 2025-02-13T11:43:55.936807Z,,,,,,,2025-02-13T11:43:36.120000Z,,,
HE.KPF.00.BHZ | 2025-02-13T11:43:03.010040Z - 2025-02-13T11:44:03.010040Z,,,,,,,2025-02-13T11:43:13.080000Z,,,
HE.KU1.00.BHZ | 2025-02-13T11:42:16.513873Z - 2025-02-13T11:43:16.513873Z,,,,,,,2025-02-13T11:43:07.580000Z,,,
HE.KU2.00.BHZ | 2025-02-13T11:42:51.186508Z - 2025-02-13T11:43:51.186508Z,,,,,,,2025-02-13T11:43:08.000000Z,,,
HE.KU6.00.BHZ | 2025-02-13T11:43:07.322830Z - 2025-02-13T11:44:07.322830Z,,,,,,,2025-02-13T11:43:14.280000Z,,2025-02-13T11:43:56.040000Z,
HE.KY17.00.BHZ | 2025-02-13T11:42:46.491033Z - 2025-02-13T11:43:46.491033Z,,,,,,,2025-02-13T11:43:02.580000Z,,2025-02-13T11:43:32.880000Z,
HE.NIF.00.BHZ | 2025-02-13T11:42:11.873354Z - 2025-02-13T11:43:11.873354Z,,,,,,,2025-02-13T11:42:27.780000Z,,2025-02-13T11:42:30.370000Z,
HE.OBF0.00.BHZ | 2025-02-13T11:42:18.649170Z - 2025-02-13T11:43:18.649170Z,,,,,,,2025-02-13T11:42:59.980000Z,,,
HE.OBF3.00.BHZ | 2025-02-13T11:42:07.911084Z - 2025-02-13T11:43:07.911084Z,,,,,,,2025-02-13T11:43:01.360000Z,,,
HE.OBF8.00.BHZ | 2025-02-13T11:42:33.467841Z - 2025-02-13T11:43:33.467841Z,,,,,,,2025-02-13T11:43:02.680000Z,,,
HE.OUF.00.BHZ | 2025-02-13T11:42:17.762736Z - 2025-02-13T11:43:17.762736Z,,,,,,,2025-02-13T11:42:55.920000Z,,,
HE.PVF.00.BHZ | 2025-02-13T11:43:04.738870Z - 2025-02-13T11:44:04.738870Z,,,,,,,2025-02-13T11:43:10.760000Z,,2025-02-13T11:43:48.120000Z,
HE.RAF.00.BHZ | 2025-02-13T11:42:58.398948Z - 2025-02-13T11:43:58.398948Z,,,,,,,2025-02-13T11:43:21.480000Z,,,
HE.RMF.00.BHZ | 2025-02-13T11:42:19.432839Z - 2025-02-13T11:43:19.432839Z,,,,,,,2025-02-13T11:42:49.780000Z,,2025-02-13T11:43:10.880000Z,
HE.RUF.00.BHZ | 2025-02-13T11:42:47.746289Z - 2025-02-13T11:43:47.746289Z,,,,,,,2025-02-13T11:42:55.060000Z,,2025-02-13T11:43:19.540000Z,
HE.SUF.00.BHZ | 2025-02-13T11:42:13.916145Z - 2025-02-13T11:43:13.916145Z,,,,,,,2025-02-13T11:42:38.280000Z,,,
HE.TOF.00.BHZ | 2025-02-13T11:43:06.180099Z - 2025-02-13T11:44:06.180099Z,,,,,,,2025-02-13T11:43:18.080000Z,,2025-02-13T11:43:58.680000Z,
HE.TRE03.00.BHZ | 2025-02-13T11:42:36.914858Z - 2025-02-13T11:43:36.914858Z,,,,,,,2025-02-13T11:43:02.880000Z,,,
HE.VAF.00.BHZ | 2025-02-13T11:42:45.068430Z - 2025-02-13T11:43:45.068430Z,,,,,,,2025-02-13T11:43:03.920000Z,,2025-02-13T11:43:34.720000Z,
HE.VJF.00.BHZ | 2025-02-13T11:42:57.994744Z - 2025-02-13T11:43:57.994744Z,,,,,,,2025-02-13T11:43:07.680000Z,,2025-02-13T11:43:43.660000Z,
HE.HEL1.00.BHZ | 2025-02-13T15:07:53.745441Z - 2025-02-13T15:08:53.745441Z,,,,,,,2025-02-13T15:08:18.147130Z,,2025-02-13T15:08:20.330660Z,
HE.HEL5.00.BHZ | 2025-02-13T15:07:32.687382Z - 2025-02-13T15:08:32.687382Z,,,,,,,2025-02-13T15:08:16.821230Z,,2025-02-13T15:08:18.339640Z,
HE.KUNI.00.BHZ | 2025-02-13T15:08:11.760388Z - 2025-02-13T15:09:11.760388Z,,,,,,,2025-02-13T15:08:18.935860Z,,2025-02-13T15:08:21.809910Z,
HE.LAUT.00.BHZ | 2025-02-13T15:07:33.193865Z - 2025-02-13T15:08:33.193865Z,,,,,,,2025-02-13T15:08:17.823810Z,,2025-02-13T15:08:19.958930Z,
HE.MEF.00.BHZ | 2025-02-13T15:07:55.015288Z - 2025-02-13T15:08:55.015288Z,,,,,,,2025-02-13T15:08:16.943960Z,,2025-02-13T15:08:18.409840Z,
HE.NUR.00.SHZ | 2025-02-13T15:08:04.076861Z - 2025-02-13T15:09:04.076861Z,,,,,,,2025-02-13T15:08:21.688470Z,,2025-02-13T15:08:26.788900Z,
HE.RSUO.00.BHZ | 2025-02-13T15:07:28.953641Z - 2025-02-13T15:08:28.953641Z,,,,,,,2025-02-13T15:08:18.433070Z,,2025-02-13T15:08:21.032510Z,
HE.VUOS.00.BHZ | 2025-02-13T15:08:01.435452Z - 2025-02-13T15:09:01.435452Z,,,,,,,2025-02-13T15:08:20.595520Z,,2025-02-13T15:08:24.724440Z,
FN.KLF.00.BHZ | 2025-02-13T12:19:53.991180Z - 2025-02-13T12:20:53.991180Z,,,,,,,2025-02-13T12:20:21.880000Z,,2025-02-13T12:20:43.440000Z,
FN.OLKF.00.BHZ | 2025-02-13T12:20:46.158826Z - 2025-02-13T12:21:46.158826Z,,,,,,,2025-02-13T12:20:55.760000Z,,,
FN.OLKF.00.BHZ | 2025-02-13T12:21:28.790376Z - 2025-02-13T12:22:28.790376Z,,,,,,,,,2025-02-13T12:21:52.760000Z,
FN.RAJF.00.BHZ | 2025-02-13T12:20:31.768503Z - 2025-02-13T12:21:31.768503Z,,,,,,,2025-02-13T12:20:43.400000Z,,2025-02-13T12:21:26.560000Z,
FN.RANF.00.BHZ | 2025-02-13T12:20:40.407290Z - 2025-02-13T12:21:40.407290Z,,,,,,,2025-02-13T12:20:46.280000Z,,2025-02-13T12:21:30.560000Z,
FN.RNF.00.BHZ | 2025-02-13T12:20:29.073580Z - 2025-02-13T12:21:29.073580Z,,,,,,,2025-02-13T12:20:37.800000Z,,2025-02-13T12:21:11.960000Z,
HE.HEF.00.BHZ | 2025-02-13T12:20:04.616011Z - 2025-02-13T12:21:04.616011Z,,,,,,,2025-02-13T12:20:18.930000Z,,2025-02-13T12:20:37.440000Z,
HE.KEV.00.BHZ | 2025-02-13T12:20:34.611600Z - 2025-02-13T12:21:34.611600Z,,,,,,,2025-02-13T12:20:45.460000Z,,2025-02-13T12:21:22.840000Z,
HE.KIF.00.BHZ | 2025-02-13T12:20:03.750855Z - 2025-02-13T12:21:03.750855Z,,,,,,,2025-02-13T12:20:15.520000Z,,2025-02-13T12:20:31.160000Z,
HE.OBF8.00.BHZ | 2025-02-13T12:21:23.515791Z - 2025-02-13T12:22:23.515791Z,,,,,,,,,2025-02-13T12:21:48.160000Z,
HE.TOF.00.BHZ | 2025-02-13T12:20:24.110389Z - 2025-02-13T12:21:24.110389Z,,,,,,,2025-02-13T12:20:34.880000Z,,2025-02-13T12:21:06.800000Z,
HE.ALAJF.00.?HZ | 2025-02-13T12:04:07.954617Z - 2025-02-13T12:05:07.954617Z,,,,,,,2025-02-13T12:04:28.298250Z,,2025-02-13T12:04:49.587050Z,
HE.FIA0.00.?HZ | 2025-02-13T12:04:01.764034Z - 2025-02-13T12:05:01.764034Z,,,,,,,2025-02-13T12:04:27.494900Z,,2025-02-13T12:04:48.515920Z,
HE.FIA1.00.?HZ | 2025-02-13T12:04:12.837027Z - 2025-02-13T12:05:12.837027Z,,,,,,,2025-02-13T12:04:27.494900Z,,2025-02-13T12:04:47.846460Z,
HE.JOF.00.BHZ | 2025-02-13T12:04:17.457346Z - 2025-02-13T12:05:17.457346Z,,,,,,,2025-02-13T12:04:30.208800Z,,2025-02-13T12:04:52.151640Z,
HE.KAF.00.?HZ | 2025-02-13T12:04:00.282411Z - 2025-02-13T12:05:00.282411Z,,,,,,,2025-02-13T12:04:16.114090Z,,2025-02-13T12:04:28.566030Z,
HE.KEF.00.?HZ | 2025-02-13T12:03:58.194394Z - 2025-02-13T12:04:58.194394Z,,,,,,,2025-02-13T12:04:24.683170Z,,2025-02-13T12:04:43.829700Z,
HE.KJNF.00.CZ | 2025-02-13T12:04:11.520254Z - 2025-02-13T12:05:11.520254Z,,,,,,,2025-02-13T12:04:24.683170Z,,2025-02-13T12:04:42.624680Z,
HE.NIF.00.BHZ | 2025-02-13T12:03:43.984791Z - 2025-02-13T12:04:43.984791Z,,,,,,,2025-02-13T12:04:09.272000Z,,2025-02-13T12:04:16.452490Z,
HE.OBF0.00.BHZ | 2025-02-13T12:04:45.560856Z - 2025-02-13T12:05:45.560856Z,,,,,,,,,2025-02-13T12:05:04.831720Z,
HE.OUF.00.BHZ | 2025-02-13T12:04:26.077336Z - 2025-02-13T12:05:26.077336Z,,,,,,,2025-02-13T12:04:34.352320Z,,2025-02-13T12:04:59.432640Z,
HE.RMF.00.BHZ | 2025-02-13T12:04:18.107527Z - 2025-02-13T12:05:18.107527Z,,,,,,,2025-02-13T12:04:30.208800Z,,2025-02-13T12:04:53.004970Z,
HE.RUF.00.BHZ | 2025-02-13T12:03:59.693503Z - 2025-02-13T12:04:59.693503Z,,,,,,,2025-02-13T12:04:27.361000Z,,2025-02-13T12:04:48.515920Z,
HE.SUF.00.BHZ | 2025-02-13T12:03:57.022905Z - 2025-02-13T12:04:57.022905Z,,,,,,,2025-02-13T12:04:11.070470Z,,2025-02-13T12:04:18.698990Z,
HE.TRE03.00.CZ | 2025-02-13T12:04:15.874094Z - 2025-02-13T12:05:15.874094Z,,,,,,,2025-02-13T12:04:34.262960Z,,2025-02-13T12:04:59.574740Z,
HE.VAF.00.BHZ | 2025-02-13T12:04:53.510931Z - 2025-02-13T12:05:53.510931Z,,,,,,,,,2025-02-13T12:05:05.391470Z,
HE.HEL1.00.BHZ | 2025-02-13T11:29:28.372288Z - 2025-02-13T11:30:28.372288Z,,,,,,,2025-02-13T11:30:11.364520Z,,2025-02-13T11:30:15.586690Z,
HE.HEL5.00.BHZ | 2025-02-13T11:29:38.242038Z - 2025-02-13T11:30:38.242038Z,,,,,,,2025-02-13T11:30:10.626450Z,,2025-02-13T11:30:14.402030Z,
HE.KUNI.00.BHZ | 2025-02-13T11:29:26.235899Z - 2025-02-13T11:30:26.235899Z,,,,,,,2025-02-13T11:30:11.038980Z,,2025-02-13T11:30:15.414510Z,
HE.LAUT.00.BHZ | 2025-02-13T11:29:40.000965Z - 2025-02-13T11:30:40.000965Z,,,,,,,2025-02-13T11:30:11.364520Z,,2025-02-13T11:30:15.454740Z,
HE.MEF.00.BHZ | 2025-02-13T11:29:45.474854Z - 2025-02-13T11:30:45.474854Z,,,,,,,2025-02-13T11:30:07.305650Z,,2025-02-13T11:30:08.644110Z,
HE.NUR.00.SHZ | 2025-02-13T11:29:45.878950Z - 2025-02-13T11:30:45.878950Z,,,,,,,2025-02-13T11:30:10.374940Z,,2025-02-13T11:30:14.333660Z,
HE.VUOS.00.BHZ | 2025-02-13T11:29:37.580424Z - 2025-02-13T11:30:37.580424Z,,,,,,,2025-02-13T11:30:13.805460Z,,2025-02-13T11:30:19.215120Z,
HE.FIA0.00.?HZ | 2025-02-08T23:21:04.077874Z - 2025-02-08T23:22:04.077874Z,,,,,,,2025-02-08T23:21:10.140110Z,,2025-02-08T23:21:38.810890Z,
HE.FIA1.00.?HZ | 2025-02-08T23:20:52.552650Z - 2025-02-08T23:21:52.552650Z,,,,,,,2025-02-08T23:21:10.311280Z,,2025-02-08T23:21:38.725310Z,
HE.HEL5.00.BHZ | 2025-02-08T23:20:41.535637Z - 2025-02-08T23:21:41.535637Z,,,,,,,2025-02-08T23:21:08.599590Z,,2025-02-08T23:21:33.333490Z,
HE.KUNI.00.BHZ | 2025-02-08T23:20:47.555400Z - 2025-02-08T23:21:47.555400Z,,,,,,,2025-02-08T23:21:07.401410Z,,2025-02-08T23:21:31.878550Z,
HE.KY17.00.CZ | 2025-02-08T23:20:44.997572Z - 2025-02-08T23:21:44.997572Z,,,,,,,2025-02-08T23:20:58.792690Z,,2025-02-08T23:21:18.140190Z,
HE.LAUT.00.BHZ | 2025-02-08T23:20:44.840946Z - 2025-02-08T23:21:44.840946Z,,,,,,,2025-02-08T23:21:07.315820Z,,2025-02-08T23:21:30.765950Z,
HE.LOVF.00.CZ | 2025-02-08T23:20:28.746160Z - 2025-02-08T23:21:28.746160Z,,,,,,,2025-02-08T23:20:57.514900Z,,2025-02-08T23:21:14.747830Z,
HE.MEF.00.BHZ | 2025-02-08T23:20:54.759399Z - 2025-02-08T23:21:54.759399Z,,,,,,,2025-02-08T23:21:10.995950Z,,2025-02-08T23:21:37.869460Z,
HE.NUR.00.SHZ | 2025-02-08T23:21:04.443561Z - 2025-02-08T23:22:04.443561Z,,,,,,,2025-02-08T23:21:10.739200Z,,2025-02-08T23:21:37.184790Z,
HE.PVF.00.CZ | 2025-02-08T23:20:45.098958Z - 2025-02-08T23:21:45.098958Z,,,,,,,2025-02-08T23:21:02.060640Z,,2025-02-08T23:21:22.360990Z,
HE.RSUO.00.BHZ | 2025-02-08T23:20:53.189947Z - 2025-02-08T23:21:53.189947Z,,,,,,,2025-02-08T23:21:07.315820Z,,,
HE.RUF.00.BHZ | 2025-02-08T23:20:40.395869Z - 2025-02-08T23:21:40.395869Z,,,,,,,2025-02-08T23:21:05.307430Z,,2025-02-08T23:21:28.287190Z,
HE.VJF.00.?HZ | 2025-02-08T23:20:19.586815Z - 2025-02-08T23:21:19.586815Z,,,,,,,2025-02-08T23:20:51.134590Z,,2025-02-08T23:21:03.514000Z,
HE.VUOS.00.BHZ | 2025-02-08T23:20:55.872587Z - 2025-02-08T23:21:55.872587Z,,,,,,,2025-02-08T23:21:05.149820Z,,2025-02-08T23:21:25.513220Z,
HE.FIA0.00.?HZ | 2025-02-08T23:15:17.328492Z - 2025-02-08T23:16:17.328492Z,,,,,,,,,2025-02-08T23:15:54.482350Z,
HE.KUNI.00.BHZ | 2025-02-08T23:15:30.705381Z - 2025-02-08T23:16:30.705381Z,,,,,,,,,2025-02-08T23:15:48.478980Z,
HE.KY17.00.CZ | 2025-02-08T23:14:39.100791Z - 2025-02-08T23:15:39.100791Z,,,,,,,2025-02-08T23:15:14.576800Z,,2025-02-08T23:15:34.079870Z,
HE.LOVF.00.CZ | 2025-02-08T23:15:05.922818Z - 2025-02-08T23:16:05.922818Z,,,,,,,2025-02-08T23:15:15.457240Z,,2025-02-08T23:15:33.507020Z,
HE.MEF.00.BHZ | 2025-02-08T23:15:23.465915Z - 2025-02-08T23:16:23.465915Z,,,,,,,,,2025-02-08T23:15:54.327200Z,
HE.NUR.00.SHZ | 2025-02-08T23:15:28.690335Z - 2025-02-08T23:16:28.690335Z,,,,,,,,,2025-02-08T23:15:53.086010Z,
HE.PVF.00.CZ | 2025-02-08T23:14:44.107102Z - 2025-02-08T23:15:44.107102Z,,,,,,,2025-02-08T23:15:17.877010Z,,2025-02-08T23:15:38.996880Z,
HE.VJF.00.?HZ | 2025-02-08T23:14:52.290142Z - 2025-02-08T23:15:52.290142Z,,,,,,,2025-02-08T23:15:06.971450Z,,2025-02-08T23:15:19.949460Z,
HE.VUOS.00.BHZ | 2025-02-08T23:15:05.706997Z - 2025-02-08T23:16:05.706997Z,,,,,,,,,2025-02-08T23:15:44.338710Z,
HE.FIA0.00.?HZ | 2025-02-08T23:06:55.198175Z - 2025-02-08T23:07:55.198175Z,,,,,,,2025-02-08T23:07:11.945460Z,,2025-02-08T23:07:40.439120Z,
HE.KY17.00.CZ | 2025-02-08T23:06:45.974852Z - 2025-02-08T23:07:45.974852Z,,,,,,,2025-02-08T23:07:00.729260Z,,2025-02-08T23:07:20.019200Z,
HE.LOVF.00.CZ | 2025-02-08T23:06:23.229603Z - 2025-02-08T23:07:23.229603Z,,,,,,,2025-02-08T23:07:00.432090Z,,2025-02-08T23:07:17.676830Z,
HE.MEF.00.BHZ | 2025-02-08T23:06:57.378133Z - 2025-02-08T23:07:57.378133Z,,,,,,,2025-02-08T23:07:13.050940Z,,2025-02-08T23:07:40.748840Z,
HE.PVF.00.CZ | 2025-02-08T23:06:30.725352Z - 2025-02-08T23:07:30.725352Z,,,,,,,2025-02-08T23:07:03.639140Z,,2025-02-08T23:07:24.815510Z,
HE.VJF.00.?HZ | 2025-02-08T23:06:46.423404Z - 2025-02-08T23:07:46.423404Z,,,,,,,2025-02-08T23:06:52.707060Z,,2025-02-08T23:07:05.506690Z,
FN.KLF.00.BHZ | 2025-02-16T04:40:15.568385Z - 2025-02-16T04:41:15.568385Z,,,,,,,2025-02-16T04:40:58.340000Z,,2025-02-16T04:41:10.520000Z,
FN.OLKF.00.BHZ | 2025-02-16T04:40:58.846011Z - 2025-02-16T04:41:58.846011Z,,,,,,,2025-02-16T04:41:23.400000Z,,2025-02-16T04:41:53.200000Z,
FN.RAJF.00.BHZ | 2025-02-16T04:40:36.732939Z - 2025-02-16T04:41:36.732939Z,,,,,,,,,2025-02-16T04:41:25.880000Z,
FN.RANF.00.BHZ | 2025-02-16T04:41:07.490512Z - 2025-02-16T04:42:07.490512Z,,,,,,,2025-02-16T04:41:18.280000Z,,2025-02-16T04:41:44.720000Z,
FN.RNF.00.BHZ | 2025-02-16T04:40:43.909213Z - 2025-02-16T04:41:43.909213Z,,,,,,,2025-02-16T04:41:07.400000Z,,2025-02-16T04:41:25.320000Z,
HE.HEF.00.BHZ | 2025-02-16T04:40:15.195509Z - 2025-02-16T04:41:15.195509Z,,,,,,,2025-02-16T04:40:56.780000Z,,2025-02-16T04:41:08.500000Z,
HE.KEV.00.BHZ | 2025-02-16T04:41:06.530442Z - 2025-02-16T04:42:06.530442Z,,,,,,,2025-02-16T04:41:18.060000Z,,2025-02-16T04:41:43.420000Z,
HE.KIF.00.BHZ | 2025-02-16T04:40:58.297777Z - 2025-02-16T04:41:58.297777Z,,,,,,,2025-02-16T04:41:19.580000Z,,2025-02-16T04:41:45.760000Z,
HE.KU2.00.BHZ | 2025-02-16T04:41:12.218596Z - 2025-02-16T04:42:12.218596Z,,,,,,,2025-02-16T04:41:27.520000Z,,,
HE.KU6.00.BHZ | 2025-02-16T04:41:18.523068Z - 2025-02-16T04:42:18.523068Z,,,,,,,2025-02-16T04:41:27.280000Z,,2025-02-16T04:42:03.200000Z,
HE.TOF.00.BHZ | 2025-02-16T04:41:05.759109Z - 2025-02-16T04:42:05.759109Z,,,,,,,2025-02-16T04:41:17.780000Z,,2025-02-16T04:41:42.880000Z,
HE.VRF.00.BHZ | 2025-02-16T04:40:44.906569Z - 2025-02-16T04:41:44.906569Z,,,,,,,2025-02-16T04:41:12.280000Z,,2025-02-16T04:41:33.380000Z,
FN.KLF.00.BHZ | 2025-02-16T19:50:29.395188Z - 2025-02-16T19:51:29.395188Z,,,,,,,,,2025-02-16T19:50:49.840000Z,
FN.MSF.00.BHZ | 2025-02-16T19:49:13.375508Z - 2025-02-16T19:50:13.375508Z,,,,,,,2025-02-16T19:49:20.160000Z,,2025-02-16T19:49:37.380000Z,
FN.OLKF.00.BHZ | 2025-02-16T19:49:04.971702Z - 2025-02-16T19:50:04.971702Z,,,,,,,2025-02-16T19:49:25.720000Z,,2025-02-16T19:49:46.720000Z,
FN.OUL.00.BHZ | 2025-02-16T19:49:10.454025Z - 2025-02-16T19:50:10.454025Z,,,,,,,2025-02-16T19:49:33.120000Z,,2025-02-16T19:49:58.880000Z,
FN.RANF.00.BHZ | 2025-02-16T19:49:23.032372Z - 2025-02-16T19:50:23.032372Z,,,,,,,2025-02-16T19:49:32.920000Z,,2025-02-16T19:49:58.120000Z,
FN.RNF.00.BHZ | 2025-02-16T19:49:34.226873Z - 2025-02-16T19:50:34.226873Z,,,,,,,,,2025-02-16T19:50:15.920000Z,
HE.JOF.00.BHZ | 2025-02-16T19:49:23.024918Z - 2025-02-16T19:50:23.024918Z,,,,,,,2025-02-16T19:49:30.360000Z,,2025-02-16T19:49:54.720000Z,
HE.KAF.00.BHZ | 2025-02-16T19:50:17.309510Z - 2025-02-16T19:51:17.309510Z,,,,,,,,,2025-02-16T19:50:37.960000Z,
HE.KJNF.00.BHZ | 2025-02-16T19:48:53.743443Z - 2025-02-16T19:49:53.743443Z,,,,,,,2025-02-16T19:49:22.680000Z,,2025-02-16T19:49:40.800000Z,
HE.KU1.00.BHZ | 2025-02-16T19:48:46.062823Z - 2025-02-16T19:49:46.062823Z,,,,,,,2025-02-16T19:49:12.780000Z,,2025-02-16T19:49:24.080000Z,
HE.KU2.00.BHZ | 2025-02-16T19:48:53.110663Z - 2025-02-16T19:49:53.110663Z,,,,,,,2025-02-16T19:49:21.280000Z,,2025-02-16T19:49:39.100000Z,
HE.KU6.00.BHZ | 2025-02-16T19:49:11.929525Z - 2025-02-16T19:50:11.929525Z,,,,,,,2025-02-16T19:49:19.560000Z,,2025-02-16T19:49:35.940000Z,
HE.NIF.00.BHZ | 2025-02-16T19:49:06.749719Z - 2025-02-16T19:50:06.749719Z,,,,,,,2025-02-16T19:49:30.080000Z,,2025-02-16T19:49:53.920000Z,
HE.OBF0.00.BHZ | 2025-02-16T19:49:25.922921Z - 2025-02-16T19:50:25.922921Z,,,,,,,,,2025-02-16T19:50:20.240000Z,
HE.OBF3.00.BHZ | 2025-02-16T19:50:07.970534Z - 2025-02-16T19:51:07.970534Z,,,,,,,,,2025-02-16T19:50:13.580000Z,
HE.OUF.00.BHZ | 2025-02-16T19:49:37.031930Z - 2025-02-16T19:50:37.031930Z,,,,,,,,,2025-02-16T19:50:15.000000Z,
HE.RMF.00.BHZ | 2025-02-16T19:48:46.920175Z - 2025-02-16T19:49:46.920175Z,,,,,,,2025-02-16T19:49:08.420000Z,,2025-02-16T19:49:16.580000Z,
HE.SUF.00.BHZ | 2025-02-16T19:50:04.122736Z - 2025-02-16T19:51:04.122736Z,,,,,,,,,2025-02-16T19:50:24.620000Z,
HE.TOF.00.BHZ | 2025-02-16T19:49:37.491343Z - 2025-02-16T19:50:37.491343Z,,,,,,,,,2025-02-16T19:50:24.040000Z,
HE.VAF.00.BHZ | 2025-02-16T19:50:34.107918Z - 2025-02-16T19:51:34.107918Z,,,,,,,,,2025-02-16T19:50:58.760000Z,
HE.VRF.00.BHZ | 2025-02-16T19:49:49.945006Z - 2025-02-16T19:50:49.945006Z,,,,,,,,,2025-02-16T19:50:27.960000Z,
FN.MSF.00.BHZ | 2025-02-16T20:05:38.917282Z - 2025-02-16T20:06:38.917282Z,,,,,,,,,2025-02-16T20:06:25.160000Z,
FN.OLKF.00.BHZ | 2025-02-16T20:05:35.261152Z - 2025-02-16T20:06:35.261152Z,,,,,,,2025-02-16T20:05:45.280000Z,,2025-02-16T20:06:14.240000Z,
FN.RAJF.00.BHZ | 2025-02-16T20:05:16.449452Z - 2025-02-16T20:06:16.449452Z,,,,,,,2025-02-16T20:05:44.680000Z,,,
FN.RNF.00.BHZ | 2025-02-16T20:06:34.524542Z - 2025-02-16T20:07:34.524542Z,,,,,,,,,2025-02-16T20:06:40.920000Z,
HE.KEV.00.BHZ | 2025-02-16T20:05:06.238423Z - 2025-02-16T20:06:06.238423Z,,,,,,,2025-02-16T20:05:58.420000Z,,,
HE.KU6.00.BHZ | 2025-02-16T20:05:27.409474Z - 2025-02-16T20:06:27.409474Z,,,,,,,2025-02-16T20:05:49.120000Z,,2025-02-16T20:06:15.160000Z,
HE.VRF.00.BHZ | 2025-02-16T20:05:01.369257Z - 2025-02-16T20:06:01.369257Z,,,,,,,2025-02-16T20:05:34.980000Z,,2025-02-16T20:05:55.960000Z,
HE.OBF0.00.BHZ | 2025-02-16T23:50:09.672374Z - 2025-02-16T23:51:09.672374Z,,,,,,,2025-02-16T23:50:17.780000Z,,2025-02-16T23:50:41.220000Z,
HE.OBF3.00.BHZ | 2025-02-16T23:50:25.521585Z - 2025-02-16T23:51:25.521585Z,,,,,,,,,2025-02-16T23:50:47.380000Z,
HE.OBF8.00.BHZ | 2025-02-16T23:49:57.934812Z - 2025-02-16T23:50:57.934812Z,,,,,,,2025-02-16T23:50:13.580000Z,,,
HE.VAF.00.BHZ | 2025-02-16T23:50:01.857450Z - 2025-02-16T23:51:01.857450Z,,,,,,,,,2025-02-16T23:50:52.900000Z,
FN.MSF.00.BHZ | 2025-02-16T00:43:18.723510Z - 2025-02-16T00:44:18.723510Z,,,,,,,2025-02-16T00:43:35.640000Z,,2025-02-16T00:44:09.640000Z,
FN.OLKF.00.BHZ | 2025-02-16T00:43:08.406640Z - 2025-02-16T00:44:08.406640Z,,,,,,,2025-02-16T00:43:30.000000Z,,2025-02-16T00:43:58.120000Z,
FN.RAJF.00.BHZ | 2025-02-16T00:43:17.516476Z - 2025-02-16T00:44:17.516476Z,,,,,,,,,2025-02-16T00:43:57.360000Z,
FN.RANF.00.BHZ | 2025-02-16T00:43:40.653916Z - 2025-02-16T00:44:40.653916Z,,,,,,,2025-02-16T00:43:46.280000Z,,2025-02-16T00:44:28.000000Z,
FN.RNF.00.BHZ | 2025-02-16T00:43:34.728598Z - 2025-02-16T00:44:34.728598Z,,,,,,,2025-02-16T00:43:42.280000Z,,2025-02-16T00:44:22.280000Z,
HE.KEV.00.BHZ | 2025-02-16T00:43:58.647261Z - 2025-02-16T00:44:58.647261Z,,,,,,,,,2025-02-16T00:44:22.900000Z,
HE.KU6.00.BHZ | 2025-02-16T00:43:08.464819Z - 2025-02-16T00:44:08.464819Z,,,,,,,2025-02-16T00:43:30.000000Z,,2025-02-16T00:43:58.840000Z,
HE.VRF.00.BHZ | 2025-02-16T00:43:01.759203Z - 2025-02-16T00:44:01.759203Z,,,,,,,2025-02-16T00:43:21.280000Z,,2025-02-16T00:43:40.120000Z,
HE.ECKF.00.BHZ | 2025-02-16T15:31:07.666440Z - 2025-02-16T15:32:07.666440Z,,,,,,,2025-02-16T15:31:19.250000Z,,2025-02-16T15:31:41.780000Z,
HE.KORF.00.BHZ | 2025-02-16T15:31:55.122853Z - 2025-02-16T15:32:55.122853Z,,,,,,,,,2025-02-16T15:32:11.520000Z,
HE.RAF.00.BHZ | 2025-02-16T15:32:00.964864Z - 2025-02-16T15:33:00.964864Z,,,,,,,,,2025-02-16T15:32:15.220000Z,
UP.AAL.00.BHZ | 2025-02-16T15:31:09.138436Z - 2025-02-16T15:32:09.138436Z,,,,,,,2025-02-16T15:31:24.260000Z,,2025-02-16T15:31:48.560000Z,
FN.KLF.00.BHZ | 2025-02-16T16:04:06.167101Z - 2025-02-16T16:05:06.167101Z,,,,,,,,,2025-02-16T16:04:27.480000Z,
FN.RAJF.00.BHZ | 2025-02-16T16:03:01.218281Z - 2025-02-16T16:04:01.218281Z,,,,,,,2025-02-16T16:03:09.580000Z,,2025-02-16T16:03:25.280000Z,
FN.RNF.00.BHZ | 2025-02-16T16:03:58.073902Z - 2025-02-16T16:04:58.073902Z,,,,,,,,,2025-02-16T16:04:28.400000Z,
HE.HEF.00.BHZ | 2025-02-16T16:03:36.189283Z - 2025-02-16T16:04:36.189283Z,,,,,,,,,2025-02-16T16:04:08.800000Z,
HE.KEV.00.BHZ | 2025-02-16T16:02:40.676683Z - 2025-02-16T16:03:40.676683Z,,,,,,,2025-02-16T16:03:11.180000Z,,2025-02-16T16:03:28.920000Z,
HE.KIF.00.BHZ | 2025-02-16T16:04:14.332903Z - 2025-02-16T16:05:14.332903Z,,,,,,,,,2025-02-16T16:04:29.630000Z,
HE.VRF.00.BHZ | 2025-02-16T16:02:57.739518Z - 2025-02-16T16:03:57.739518Z,,,,,,,2025-02-16T16:03:19.040000Z,,2025-02-16T16:03:39.760000Z,
HE.FIA0.00.?HZ | 2025-02-16T13:18:27.130852Z - 2025-02-16T13:19:27.130852Z,,,,,,,,,2025-02-16T13:18:59.808210Z,
HE.FIA1.00.?HZ | 2025-02-16T13:18:18.988077Z - 2025-02-16T13:19:18.988077Z,,,,,,,,,2025-02-16T13:18:59.821450Z,
HE.KAF.00.?HZ | 2025-02-16T13:18:31.725550Z - 2025-02-16T13:19:31.725550Z,,,,,,,,,2025-02-16T13:19:07.509760Z,
HE.KEF.00.?HZ | 2025-02-16T13:18:19.725943Z - 2025-02-16T13:19:19.725943Z,,,,,,,,,2025-02-16T13:18:52.115570Z,
HE.KPF.00.BHZ | 2025-02-16T13:17:58.258759Z - 2025-02-16T13:18:58.258759Z,,,,,,,2025-02-16T13:18:39.070300Z,,2025-02-16T13:18:53.136910Z,
HE.NUR.00.SHZ | 2025-02-16T13:18:06.953853Z - 2025-02-16T13:19:06.953853Z,,,,,,,,,2025-02-16T13:18:59.260000Z,
HE.RAF.00.BHZ | 2025-02-16T13:18:30.243570Z - 2025-02-16T13:19:30.243570Z,,,,,,,,,2025-02-16T13:18:59.821450Z,
HE.TRE03.00.CZ | 2025-02-16T13:17:51.081436Z - 2025-02-16T13:18:51.081436Z,,,,,,,,,2025-02-16T13:18:33.345270Z,
FN.KLF.00.BHZ | 2025-02-14T16:01:11.837473Z - 2025-02-14T16:02:11.837473Z,,,,,,,,,2025-02-14T16:01:59.320000Z,
FN.MSF.00.BHZ | 2025-02-14T16:00:22.582760Z - 2025-02-14T16:01:22.582760Z,,,,,,,2025-02-14T16:01:17.300000Z,,,
FN.OLKF.00.BHZ | 2025-02-14T16:01:08.424350Z - 2025-02-14T16:02:08.424350Z,,,,,,,,,2025-02-14T16:01:53.000000Z,
FN.RAJF.00.BHZ | 2025-02-14T16:00:24.023035Z - 2025-02-14T16:01:24.023035Z,,,,,,,2025-02-14T16:00:41.580000Z,,2025-02-14T16:00:58.040000Z,
FN.RANF.00.BHZ | 2025-02-14T16:01:17.979277Z - 2025-02-14T16:02:17.979277Z,,,,,,,,,2025-02-14T16:01:59.920000Z,
HE.HEF.00.BHZ | 2025-02-14T16:01:32.038578Z - 2025-02-14T16:02:32.038578Z,,,,,,,,,2025-02-14T16:01:41.200000Z,
HE.KEV.00.BHZ | 2025-02-14T16:00:30.933214Z - 2025-02-14T16:01:30.933214Z,,,,,,,2025-02-14T16:00:43.280000Z,,2025-02-14T16:01:02.320000Z,
HE.KU6.00.BHZ | 2025-02-14T16:01:04.201348Z - 2025-02-14T16:02:04.201348Z,,,,,,,2025-02-14T16:01:12.530000Z,,2025-02-14T16:01:53.780000Z,
HE.VRF.00.BHZ | 2025-02-14T16:00:22.556190Z - 2025-02-14T16:01:22.556190Z,,,,,,,,,2025-02-14T16:01:11.520000Z,
HE.FIA0.00.?HZ | 2025-02-13T10:55:14.561937Z - 2025-02-13T10:56:14.561937Z,,,,,,,2025-02-13T10:55:37.444580Z,,2025-02-13T10:55:50.916820Z,
HE.FIA1.00.?HZ | 2025-02-13T10:55:28.310462Z - 2025-02-13T10:56:28.310462Z,,,,,,,2025-02-13T10:55:37.444580Z,,2025-02-13T10:55:50.520580Z,
HE.HEL1.00.BHZ | 2025-02-13T10:55:28.011898Z - 2025-02-13T10:56:28.011898Z,,,,,,,,,2025-02-13T10:55:34.551270Z,
HE.HEL5.00.BHZ | 2025-02-13T10:55:03.765136Z - 2025-02-13T10:56:03.765136Z,,,,,,,2025-02-13T10:55:29.024420Z,,2025-02-13T10:55:36.553030Z,
HE.KAF.00.?HZ | 2025-02-13T10:55:39.646403Z - 2025-02-13T10:56:39.646403Z,,,,,,,2025-02-13T10:55:48.297340Z,,2025-02-13T10:56:10.125030Z,
HE.KEF.00.?HZ | 2025-02-13T10:55:21.852072Z - 2025-02-13T10:56:21.852072Z,,,,,,,2025-02-13T10:55:46.924980Z,,2025-02-13T10:56:06.352980Z,
HE.KORF.00.CZ | 2025-02-13T10:55:26.090273Z - 2025-02-13T10:56:26.090273Z,,,,,,,2025-02-13T10:55:50.646890Z,,2025-02-13T10:56:12.917140Z,
HE.KPF.00.BHZ | 2025-02-13T10:55:42.403037Z - 2025-02-13T10:56:42.403037Z,,,,,,,2025-02-13T10:55:51.061520Z,,2025-02-13T10:56:14.142430Z,
HE.KUNI.00.BHZ | 2025-02-13T10:55:08.810360Z - 2025-02-13T10:56:08.810360Z,,,,,,,2025-02-13T10:55:26.407320Z,,2025-02-13T10:55:31.740160Z,
HE.KY02.00.CZ | 2025-02-13T10:55:19.007860Z - 2025-02-13T10:56:19.007860Z,,,,,,,2025-02-13T10:55:37.840820Z,,2025-02-13T10:55:51.610250Z,
HE.KY17.00.CZ | 2025-02-13T10:55:20.124408Z - 2025-02-13T10:56:20.124408Z,,,,,,,2025-02-13T10:55:40.020150Z,,2025-02-13T10:55:55.275490Z,
HE.LOVF.00.CZ | 2025-02-13T10:55:21.983032Z - 2025-02-13T10:56:21.983032Z,,,,,,,2025-02-13T10:55:33.184970Z,,2025-02-13T10:55:42.349590Z,
HE.MEF.00.BHZ | 2025-02-13T10:55:16.820698Z - 2025-02-13T10:56:16.820698Z,,,,,,,2025-02-13T10:55:27.580910Z,,2025-02-13T10:55:34.551270Z,
HE.NUR.00.SHZ | 2025-02-13T10:54:57.723705Z - 2025-02-13T10:55:57.723705Z,,,,,,,2025-02-13T10:55:22.074170Z,,2025-02-13T10:55:24.616440Z,
HE.PVF.00.CZ | 2025-02-13T10:55:00.055904Z - 2025-02-13T10:56:00.055904Z,,,,,,,2025-02-13T10:55:29.024420Z,,2025-02-13T10:55:36.156790Z,
HE.RAF.00.BHZ | 2025-02-13T10:55:35.290090Z - 2025-02-13T10:56:35.290090Z,,,,,,,2025-02-13T10:55:46.924980Z,,2025-02-13T10:56:07.046840Z,
HE.TRE03.00.CZ | 2025-02-13T10:55:25.922477Z - 2025-02-13T10:56:25.922477Z,,,,,,,2025-02-13T10:55:37.642700Z,,2025-02-13T10:55:50.718700Z,
HE.TVF.00.BHZ | 2025-02-13T10:55:34.042236Z - 2025-02-13T10:56:34.042236Z,,,,,,,2025-02-13T10:55:39.921090Z,,2025-02-13T10:55:54.089580Z,
HE.VJF.00.?HZ | 2025-02-13T10:55:07.047019Z - 2025-02-13T10:56:07.047019Z,,,,,,,2025-02-13T10:55:43.586340Z,,2025-02-13T10:56:01.683060Z,
HE.VUOS.00.BHZ | 2025-02-13T10:54:47.380178Z - 2025-02-13T10:55:47.380178Z,,,,,,,2025-02-13T10:55:28.101080Z,,2025-02-13T10:55:35.071450Z,
FN.KLF.00.BHZ | 2025-02-14T13:08:40.557216Z - 2025-02-14T13:09:40.557216Z,,,,,,,,,2025-02-14T13:09:07.120000Z,
FN.MSF.00.BHZ | 2025-02-14T13:07:57.862028Z - 2025-02-14T13:08:57.862028Z,,,,,,,,,2025-02-14T13:08:44.760000Z,
FN.OLKF.00.BHZ | 2025-02-14T13:07:48.183796Z - 2025-02-14T13:08:48.183796Z,,,,,,,,,2025-02-14T13:08:31.400000Z,
FN.RAJF.00.BHZ | 2025-02-14T13:07:43.136833Z - 2025-02-14T13:08:43.136833Z,,,,,,,2025-02-14T13:08:12.280000Z,,2025-02-14T13:08:27.600000Z,
FN.RANF.00.BHZ | 2025-02-14T13:08:29.543215Z - 2025-02-14T13:09:29.543215Z,,,,,,,,,2025-02-14T13:08:55.680000Z,
FN.RNF.00.BHZ | 2025-02-14T13:08:11.067903Z - 2025-02-14T13:09:11.067903Z,,,,,,,2025-02-14T13:08:26.080000Z,,2025-02-14T13:08:51.520000Z,
HE.HEF.00.BHZ | 2025-02-14T13:08:50.846894Z - 2025-02-14T13:09:50.846894Z,,,,,,,,,2025-02-14T13:09:11.680000Z,
HE.KEV.00.BHZ | 2025-02-14T13:08:51.906327Z - 2025-02-14T13:09:51.906327Z,,,,,,,,,2025-02-14T13:09:07.240000Z,
HE.KU6.00.BHZ | 2025-02-14T13:07:48.605466Z - 2025-02-14T13:08:48.605466Z,,,,,,,2025-02-14T13:08:18.960000Z,,2025-02-14T13:08:38.280000Z,
HE.VRF.00.BHZ | 2025-02-14T13:07:18.570757Z - 2025-02-14T13:08:18.570757Z,,,,,,,2025-02-14T13:07:57.080000Z,,2025-02-14T13:08:01.640000Z,
FN.OUL.00.BHZ | 2025-02-13T09:16:08.055593Z - 2025-02-13T09:17:08.055593Z,,,,,,,2025-02-13T09:16:31.640140Z,,2025-02-13T09:16:47.094390Z,
HE.ALAJF.00.?HZ | 2025-02-13T09:15:57.615552Z - 2025-02-13T09:16:57.615552Z,,,,,,,2025-02-13T09:16:28.361820Z,,2025-02-13T09:16:40.837080Z,
HE.KAF.00.?HZ | 2025-02-13T09:16:37.849061Z - 2025-02-13T09:17:37.849061Z,,,,,,,2025-02-13T09:16:44.836250Z,,2025-02-13T09:17:09.395520Z,
HE.KEF.00.?HZ | 2025-02-13T09:16:30.880109Z - 2025-02-13T09:17:30.880109Z,,,,,,,2025-02-13T09:16:43.100630Z,,2025-02-13T09:17:06.126500Z,
HE.KU2.00.SHZ | 2025-02-13T09:16:55.263433Z - 2025-02-13T09:17:55.263433Z,,,,,,,,,2025-02-13T09:17:16.709990Z,
HE.NIF.00.BHZ | 2025-02-13T09:16:21.748784Z - 2025-02-13T09:17:21.748784Z,,,,,,,2025-02-13T09:16:34.191120Z,,2025-02-13T09:16:51.894430Z,
HE.OBF0.00.BHZ | 2025-02-13T09:16:08.141242Z - 2025-02-13T09:17:08.141242Z,,,,,,,2025-02-13T09:16:22.826440Z,,2025-02-13T09:16:31.501290Z,
HE.OBF3.00.BHZ | 2025-02-13T09:16:14.358433Z - 2025-02-13T09:17:14.358433Z,,,,,,,2025-02-13T09:16:26.213760Z,,2025-02-13T09:16:38.110700Z,
HE.OBF8.00.BHZ | 2025-02-13T09:15:52.367663Z - 2025-02-13T09:16:52.367663Z,,,,,,,2025-02-13T09:16:25.558660Z,,2025-02-13T09:16:36.458340Z,
HE.OUF.00.BHZ | 2025-02-13T09:16:12.774512Z - 2025-02-13T09:17:12.774512Z,,,,,,,2025-02-13T09:16:18.750930Z,,2025-02-13T09:16:24.148320Z,
HE.SUF.00.BHZ | 2025-02-13T09:16:13.680359Z - 2025-02-13T09:17:13.680359Z,,,,,,,2025-02-13T09:16:35.116780Z,,2025-02-13T09:16:52.308810Z,
HE.TOF.00.BHZ | 2025-02-13T09:16:43.202574Z - 2025-02-13T09:17:43.202574Z,,,,,,,,,2025-02-13T09:17:17.285280Z,
HE.VAF.00.BHZ | 2025-02-13T09:16:02.061554Z - 2025-02-13T09:17:02.061554Z,,,,,,,2025-02-13T09:16:36.968110Z,,2025-02-13T09:16:56.175620Z,
FN.OUL.00.BHZ | 2025-02-14T09:47:20.480095Z - 2025-02-14T09:48:20.480095Z,,,,,,,2025-02-14T09:47:41.580000Z,,2025-02-14T09:48:12.500000Z,
FN.RANF.00.BHZ | 2025-02-14T09:47:59.400547Z - 2025-02-14T09:48:59.400547Z,,,,,,,,,2025-02-14T09:48:35.240000Z,
HE.FIA0.00.SHZ | 2025-02-14T09:46:50.160026Z - 2025-02-14T09:47:50.160026Z,,,,,,,2025-02-14T09:47:27.900000Z,,,
HE.JOF.00.BHZ | 2025-02-14T09:47:12.302394Z - 2025-02-14T09:48:12.302394Z,,,,,,,2025-02-14T09:47:30.700000Z,,2025-02-14T09:47:53.480000Z,
HE.KAF.00.BHZ | 2025-02-14T09:47:03.657793Z - 2025-02-14T09:48:03.657793Z,,,,,,,2025-02-14T09:47:16.480000Z,,2025-02-14T09:47:29.080000Z,
HE.KEF.00.BHZ | 2025-02-14T09:47:00.437589Z - 2025-02-14T09:48:00.437589Z,,,,,,,2025-02-14T09:47:25.380000Z,,2025-02-14T09:47:44.320000Z,
HE.KJNF.00.BHZ | 2025-02-14T09:46:35.535436Z - 2025-02-14T09:47:35.535436Z,,,,,,,2025-02-14T09:47:24.880000Z,,,
HE.KPF.00.BHZ | 2025-02-14T09:47:30.593993Z - 2025-02-14T09:48:30.593993Z,,,,,,,2025-02-14T09:47:46.880000Z,,2025-02-14T09:48:22.580000Z,
HE.KU1.00.BHZ | 2025-02-14T09:47:31.177469Z - 2025-02-14T09:48:31.177469Z,,,,,,,2025-02-14T09:47:48.680000Z,,,
HE.KU2.00.BHZ | 2025-02-14T09:47:29.211725Z - 2025-02-14T09:48:29.211725Z,,,,,,,2025-02-14T09:47:48.680000Z,,,
HE.KY17.00.BHZ | 2025-02-14T09:47:06.413501Z - 2025-02-14T09:48:06.413501Z,,,,,,,2025-02-14T09:47:34.680000Z,,,
HE.NIF.00.BHZ | 2025-02-14T09:46:29.433335Z - 2025-02-14T09:47:29.433335Z,,,,,,,2025-02-14T09:47:09.480000Z,,2025-02-14T09:47:17.400000Z,
HE.OBF0.00.BHZ | 2025-02-14T09:47:32.048779Z - 2025-02-14T09:48:32.048779Z,,,,,,,2025-02-14T09:47:39.280000Z,,2025-02-14T09:48:08.980000Z,
HE.OBF3.00.BHZ | 2025-02-14T09:47:33.750136Z - 2025-02-14T09:48:33.750136Z,,,,,,,2025-02-14T09:47:41.360000Z,,2025-02-14T09:48:12.460000Z,
HE.OBF8.00.BHZ | 2025-02-14T09:47:23.429035Z - 2025-02-14T09:48:23.429035Z,,,,,,,2025-02-14T09:47:41.160000Z,,2025-02-14T09:48:12.980000Z,
HE.OUF.00.BHZ | 2025-02-14T09:47:28.178107Z - 2025-02-14T09:48:28.178107Z,,,,,,,2025-02-14T09:47:34.980000Z,,2025-02-14T09:48:01.320000Z,
HE.RMF.00.BHZ | 2025-02-14T09:46:58.355538Z - 2025-02-14T09:47:58.355538Z,,,,,,,2025-02-14T09:47:30.680000Z,,,
HE.RUF.00.BHZ | 2025-02-14T09:47:11.549569Z - 2025-02-14T09:48:11.549569Z,,,,,,,2025-02-14T09:47:27.680000Z,,,
HE.SUF.00.BHZ | 2025-02-14T09:47:03.988537Z - 2025-02-14T09:48:03.988537Z,,,,,,,2025-02-14T09:47:11.480000Z,,2025-02-14T09:47:20.240000Z,
HE.TRE03.00.BHZ | 2025-02-14T09:47:15.972413Z - 2025-02-14T09:48:15.972413Z,,,,,,,2025-02-14T09:47:35.080000Z,,2025-02-14T09:48:03.100000Z,
HE.VAF.00.BHZ | 2025-02-14T09:47:33.193552Z - 2025-02-14T09:48:33.193552Z,,,,,,,2025-02-14T09:47:39.580000Z,,2025-02-14T09:48:08.930000Z,
HE.KAF.00.BHZ | 2025-02-14T09:50:44.288625Z - 2025-02-14T09:51:44.288625Z,,,,,,,2025-02-14T09:51:12.930000Z,,2025-02-14T09:51:36.880000Z,
HE.KEF.00.BHZ | 2025-02-14T09:50:20.555007Z - 2025-02-14T09:51:20.555007Z,,,,,,,2025-02-14T09:51:07.480000Z,,,
HE.KPF.00.BHZ | 2025-02-14T09:51:00.653789Z - 2025-02-14T09:52:00.653789Z,,,,,,,2025-02-14T09:51:17.490000Z,,2025-02-14T09:51:45.640000Z,
HE.KU6.00.BHZ | 2025-02-14T09:51:39.436653Z - 2025-02-14T09:52:39.436653Z,,,,,,,,,2025-02-14T09:52:20.980000Z,
HE.NIF.00.BHZ | 2025-02-14T09:50:45.426293Z - 2025-02-14T09:51:45.426293Z,,,,,,,2025-02-14T09:51:09.770000Z,,,
HE.OBF0.00.BHZ | 2025-02-14T09:50:06.322771Z - 2025-02-14T09:51:06.322771Z,,,,,,,2025-02-14T09:50:56.750000Z,,,
HE.OBF3.00.BHZ | 2025-02-14T09:50:18.934911Z - 2025-02-14T09:51:18.934911Z,,,,,,,2025-02-14T09:51:02.620000Z,,,
HE.OBF8.00.BHZ | 2025-02-14T09:50:52.314790Z - 2025-02-14T09:51:52.314790Z,,,,,,,,,2025-02-14T09:51:05.580000Z,
HE.OUF.00.BHZ | 2025-02-14T09:50:37.947827Z - 2025-02-14T09:51:37.947827Z,,,,,,,2025-02-14T09:50:54.380000Z,,2025-02-14T09:51:05.200000Z,
HE.SUF.00.BHZ | 2025-02-14T09:50:49.444557Z - 2025-02-14T09:51:49.444557Z,,,,,,,2025-02-14T09:51:03.240000Z,,,
HE.TOF.00.BHZ | 2025-02-14T09:51:30.185276Z - 2025-02-14T09:52:30.185276Z,,,,,,,,,2025-02-14T09:51:55.600000Z,
HE.VAF.00.BHZ | 2025-02-14T09:50:22.645976Z - 2025-02-14T09:51:22.645976Z,,,,,,,2025-02-14T09:50:57.130000Z,,2025-02-14T09:51:11.980000Z,
FN.KLF.00.BHZ | 2025-02-14T10:31:21.683410Z - 2025-02-14T10:32:21.683410Z,,,,,,,2025-02-14T10:31:40.680000Z,,2025-02-14T10:32:14.000000Z,
FN.MSF.00.BHZ | 2025-02-14T10:32:07.174658Z - 2025-02-14T10:33:07.174658Z,,,,,,,,,2025-02-14T10:32:32.480000Z,
FN.OLKF.00.BHZ | 2025-02-14T10:32:06.307045Z - 2025-02-14T10:33:06.307045Z,,,,,,,,,2025-02-14T10:32:37.640000Z,
FN.OUL.00.BHZ | 2025-02-14T10:31:18.020988Z - 2025-02-14T10:32:18.020988Z,,,,,,,2025-02-14T10:31:29.880000Z,,2025-02-14T10:31:58.280000Z,
FN.RANF.00.BHZ | 2025-02-14T10:31:26.676226Z - 2025-02-14T10:32:26.676226Z,,,,,,,2025-02-14T10:31:39.230000Z,,2025-02-14T10:32:16.400000Z,
FN.RNF.00.BHZ | 2025-02-14T10:31:35.014961Z - 2025-02-14T10:32:35.014961Z,,,,,,,2025-02-14T10:31:42.840000Z,,2025-02-14T10:32:19.520000Z,
HE.FIA0.00.SHZ | 2025-02-14T10:32:26.226044Z - 2025-02-14T10:33:26.226044Z,,,,,,,,,2025-02-14T10:32:59.000000Z,
HE.HEF.00.BHZ | 2025-02-14T10:31:52.673007Z - 2025-02-14T10:32:52.673007Z,,,,,,,,,2025-02-14T10:32:38.040000Z,
HE.KAF.00.BHZ | 2025-02-14T10:31:55.032968Z - 2025-02-14T10:32:55.032968Z,,,,,,,,,2025-02-14T10:32:43.800000Z,
HE.KEF.00.BHZ | 2025-02-14T10:32:10.929318Z - 2025-02-14T10:33:10.929318Z,,,,,,,,,2025-02-14T10:32:29.200000Z,
HE.KU6.00.BHZ | 2025-02-14T10:32:40.988775Z - 2025-02-14T10:33:40.988775Z,,,,,,,,,2025-02-14T10:32:56.000000Z,
HE.NIF.00.BHZ | 2025-02-14T10:32:12.194809Z - 2025-02-14T10:33:12.194809Z,,,,,,,,,2025-02-14T10:32:33.920000Z,
HE.OBF0.00.BHZ | 2025-02-14T10:30:58.878891Z - 2025-02-14T10:31:58.878891Z,,,,,,,2025-02-14T10:31:19.080000Z,,2025-02-14T10:31:37.260000Z,
HE.OBF3.00.BHZ | 2025-02-14T10:31:15.629717Z - 2025-02-14T10:32:15.629717Z,,,,,,,2025-02-14T10:31:22.180000Z,,2025-02-14T10:31:43.040000Z,
HE.OBF8.00.BHZ | 2025-02-14T10:30:40.810158Z - 2025-02-14T10:31:40.810158Z,,,,,,,2025-02-14T10:31:14.000000Z,,2025-02-14T10:31:29.680000Z,
HE.OUF.00.BHZ | 2025-02-14T10:31:08.382238Z - 2025-02-14T10:32:08.382238Z,,,,,,,2025-02-14T10:31:22.760000Z,,2025-02-14T10:31:44.880000Z,
HE.TOF.00.BHZ | 2025-02-14T10:31:17.961698Z - 2025-02-14T10:32:17.961698Z,,,,,,,2025-02-14T10:31:27.880000Z,,2025-02-14T10:31:53.360000Z,
HE.VAF.00.BHZ | 2025-02-14T10:31:00.325848Z - 2025-02-14T10:32:00.325848Z,,,,,,,2025-02-14T10:31:27.520000Z,,2025-02-14T10:31:51.600000Z,
HE.ECKF.00.BHZ | 2025-02-14T11:07:15.080250Z - 2025-02-14T11:08:15.080250Z,,,,,,,,,2025-02-14T11:07:52.380000Z,
HE.FIA0.00.SHZ | 2025-02-14T11:06:48.364692Z - 2025-02-14T11:07:48.364692Z,,,,,,,2025-02-14T11:07:02.900000Z,,2025-02-14T11:07:25.300000Z,
HE.HEL1.00.BHZ | 2025-02-14T11:06:30.708545Z - 2025-02-14T11:07:30.708545Z,,,,,,,2025-02-14T11:06:38.320000Z,,2025-02-14T11:06:40.540000Z,
HE.HEL5.00.BHZ | 2025-02-14T11:06:24.682701Z - 2025-02-14T11:07:24.682701Z,,,,,,,2025-02-14T11:06:36.980000Z,,,
HE.KORF.00.BHZ | 2025-02-14T11:06:48.660038Z - 2025-02-14T11:07:48.660038Z,,,,,,,2025-02-14T11:07:02.980000Z,,,
HE.KPF.00.BHZ | 2025-02-14T11:06:58.300740Z - 2025-02-14T11:07:58.300740Z,,,,,,,2025-02-14T11:07:13.830000Z,,2025-02-14T11:07:41.480000Z,
HE.KUNI.00.BHZ | 2025-02-14T11:06:26.006775Z - 2025-02-14T11:07:26.006775Z,,,,,,,2025-02-14T11:06:39.210000Z,,2025-02-14T11:06:42.240000Z,
HE.KY17.00.BHZ | 2025-02-14T11:06:40.820895Z - 2025-02-14T11:07:40.820895Z,,,,,,,2025-02-14T11:07:01.920000Z,,2025-02-14T11:07:24.560000Z,
HE.LAUT.00.BHZ | 2025-02-14T11:06:31.489310Z - 2025-02-14T11:07:31.489310Z,,,,,,,2025-02-14T11:06:38.030000Z,,2025-02-14T11:06:39.680000Z,
HE.MEF.00.BHZ | 2025-02-14T11:06:13.872904Z - 2025-02-14T11:07:13.872904Z,,,,,,,2025-02-14T11:06:37.080000Z,,,
HE.NUR.00.BHZ | 2025-02-14T11:06:26.099812Z - 2025-02-14T11:07:26.099812Z,,,,,,,2025-02-14T11:06:41.970000Z,,2025-02-14T11:06:47.900000Z,
HE.PVF.00.BHZ | 2025-02-14T11:06:24.682311Z - 2025-02-14T11:07:24.682311Z,,,,,,,2025-02-14T11:06:49.460000Z,,2025-02-14T11:07:00.280000Z,
HE.RAF.00.BHZ | 2025-02-14T11:06:41.708071Z - 2025-02-14T11:07:41.708071Z,,,,,,,2025-02-14T11:07:05.480000Z,,2025-02-14T11:07:26.120000Z,
HE.TRE03.00.BHZ | 2025-02-14T11:06:42.929158Z - 2025-02-14T11:07:42.929158Z,,,,,,,2025-02-14T11:07:02.800000Z,,,
HE.TVF.00.BHZ | 2025-02-14T11:06:28.268274Z - 2025-02-14T11:07:28.268274Z,,,,,,,2025-02-14T11:06:48.540000Z,,,
HE.VJF.00.BHZ | 2025-02-14T11:06:36.008890Z - 2025-02-14T11:07:36.008890Z,,,,,,,2025-02-14T11:07:04.660000Z,,2025-02-14T11:07:26.520000Z,
HE.VUOS.00.BHZ | 2025-02-14T11:06:08.519705Z - 2025-02-14T11:07:08.519705Z,,,,,,,2025-02-14T11:06:40.740000Z,,2025-02-14T11:06:44.880000Z,
UP.AAL.00.BHZ | 2025-02-14T11:07:21.985534Z - 2025-02-14T11:08:21.985534Z,,,,,,,,,2025-02-14T11:07:45.400000Z,
FN.KLF.00.BHZ | 2025-02-14T13:18:20.937944Z - 2025-02-14T13:19:20.937944Z,,,,,,,2025-02-14T13:18:33.930000Z,,2025-02-14T13:19:08.760000Z,
FN.MSF.00.BHZ | 2025-02-14T13:18:06.752906Z - 2025-02-14T13:19:06.752906Z,,,,,,,2025-02-14T13:18:23.000000Z,,2025-02-14T13:18:46.520000Z,
FN.OLKF.00.BHZ | 2025-02-14T13:18:08.320829Z - 2025-02-14T13:19:08.320829Z,,,,,,,2025-02-14T13:18:15.400000Z,,2025-02-14T13:18:32.760000Z,
FN.OUL.00.BHZ | 2025-02-14T13:18:36.751083Z - 2025-02-14T13:19:36.751083Z,,,,,,,2025-02-14T13:18:45.900000Z,,2025-02-14T13:19:27.400000Z,
FN.RAJF.00.BHZ | 2025-02-14T13:17:41.483520Z - 2025-02-14T13:18:41.483520Z,,,,,,,2025-02-14T13:18:13.480000Z,,2025-02-14T13:18:28.520000Z,
FN.RANF.00.BHZ | 2025-02-14T13:18:12.239162Z - 2025-02-14T13:19:12.239162Z,,,,,,,2025-02-14T13:18:29.160000Z,,2025-02-14T13:18:56.880000Z,
FN.RNF.00.BHZ | 2025-02-14T13:18:07.569680Z - 2025-02-14T13:19:07.569680Z,,,,,,,2025-02-14T13:18:26.680000Z,,2025-02-14T13:18:53.280000Z,
HE.HEF.00.BHZ | 2025-02-14T13:18:19.918967Z - 2025-02-14T13:19:19.918967Z,,,,,,,2025-02-14T13:18:35.780000Z,,2025-02-14T13:19:12.880000Z,
HE.KEV.00.BHZ | 2025-02-14T13:18:14.033747Z - 2025-02-14T13:19:14.033747Z,,,,,,,2025-02-14T13:18:34.260000Z,,2025-02-14T13:19:07.440000Z,
HE.KIF.00.BHZ | 2025-02-14T13:18:26.483827Z - 2025-02-14T13:19:26.483827Z,,,,,,,2025-02-14T13:18:52.840000Z,,,
HE.KU1.00.BHZ | 2025-02-14T13:18:05.484283Z - 2025-02-14T13:19:05.484283Z,,,,,,,2025-02-14T13:18:27.780000Z,,2025-02-14T13:18:56.120000Z,
HE.KU2.00.BHZ | 2025-02-14T13:18:06.490786Z - 2025-02-14T13:19:06.490786Z,,,,,,,2025-02-14T13:18:28.120000Z,,,
HE.KU6.00.BHZ | 2025-02-14T13:18:09.598914Z - 2025-02-14T13:19:09.598914Z,,,,,,,2025-02-14T13:18:19.600000Z,,2025-02-14T13:18:40.600000Z,
HE.OBF3.00.BHZ | 2025-02-14T13:18:41.230737Z - 2025-02-14T13:19:41.230737Z,,,,,,,2025-02-14T13:18:48.880000Z,,,
HE.OUF.00.BHZ | 2025-02-14T13:18:35.793887Z - 2025-02-14T13:19:35.793887Z,,,,,,,2025-02-14T13:18:53.280000Z,,,
HE.RMF.00.BHZ | 2025-02-14T13:18:38.374356Z - 2025-02-14T13:19:38.374356Z,,,,,,,2025-02-14T13:18:45.180000Z,,,
HE.TOF.00.BHZ | 2025-02-14T13:18:27.351842Z - 2025-02-14T13:19:27.351842Z,,,,,,,2025-02-14T13:18:37.780000Z,,2025-02-14T13:19:19.640000Z,
HE.VRF.00.BHZ | 2025-02-14T13:17:14.439337Z - 2025-02-14T13:18:14.439337Z,,,,,,,2025-02-14T13:17:58.080000Z,,2025-02-14T13:18:02.840000Z,
FN.MSF.00.BHZ | 2025-02-14T20:05:09.908440Z - 2025-02-14T20:06:09.908440Z,,,,,,,2025-02-14T20:05:51.520000Z,,,
FN.OLKF.00.BHZ | 2025-02-14T20:05:20.320577Z - 2025-02-14T20:06:20.320577Z,,,,,,,2025-02-14T20:05:45.040000Z,,2025-02-14T20:06:13.040000Z,
FN.RAJF.00.BHZ | 2025-02-14T20:05:28.944306Z - 2025-02-14T20:06:28.944306Z,,,,,,,2025-02-14T20:05:44.480000Z,,2025-02-14T20:06:12.020000Z,
HE.HEF.00.BHZ | 2025-02-14T20:06:36.738750Z - 2025-02-14T20:07:36.738750Z,,,,,,,,,2025-02-14T20:07:05.880000Z,
HE.KEV.00.BHZ | 2025-02-14T20:06:00.015458Z - 2025-02-14T20:07:00.015458Z,,,,,,,2025-02-14T20:06:06.680000Z,,2025-02-14T20:06:43.640000Z,
HE.KU2.00.BHZ | 2025-02-14T20:05:46.210865Z - 2025-02-14T20:06:46.210865Z,,,,,,,,,2025-02-14T20:06:34.700000Z,
HE.KU6.00.BHZ | 2025-02-14T20:05:21.719214Z - 2025-02-14T20:06:21.719214Z,,,,,,,2025-02-14T20:05:45.920000Z,,2025-02-14T20:06:15.320000Z,
HE.VRF.00.BHZ | 2025-02-14T20:05:11.321893Z - 2025-02-14T20:06:11.321893Z,,,,,,,2025-02-14T20:05:34.680000Z,,2025-02-14T20:05:54.840000Z,
FN.KLF.00.BHZ | 2025-02-14T20:07:46.283892Z - 2025-02-14T20:08:46.283892Z,,,,,,,,,2025-02-14T20:08:25.840000Z,
FN.MSF.00.BHZ | 2025-02-14T20:07:00.879590Z - 2025-02-14T20:08:00.879590Z,,,,,,,2025-02-14T20:07:13.880000Z,,2025-02-14T20:07:46.840000Z,
FN.OLKF.00.BHZ | 2025-02-14T20:06:43.014741Z - 2025-02-14T20:07:43.014741Z,,,,,,,2025-02-14T20:07:07.480000Z,,2025-02-14T20:07:35.160000Z,
FN.RAJF.00.BHZ | 2025-02-14T20:07:25.802274Z - 2025-02-14T20:08:25.802274Z,,,,,,,,,2025-02-14T20:07:34.180000Z,
FN.RANF.00.BHZ | 2025-02-14T20:07:50.283873Z - 2025-02-14T20:08:50.283873Z,,,,,,,,,2025-02-14T20:08:05.320000Z,
FN.RNF.00.BHZ | 2025-02-14T20:07:41.923606Z - 2025-02-14T20:08:41.923606Z,,,,,,,,,2025-02-14T20:07:58.080000Z,
HE.KEV.00.BHZ | 2025-02-14T20:07:35.506660Z - 2025-02-14T20:08:35.506660Z,,,,,,,,,2025-02-14T20:07:59.420000Z,
HE.KU2.00.BHZ | 2025-02-14T20:07:42.419656Z - 2025-02-14T20:08:42.419656Z,,,,,,,,,2025-02-14T20:07:58.940000Z,
HE.KU6.00.BHZ | 2025-02-14T20:06:43.625043Z - 2025-02-14T20:07:43.625043Z,,,,,,,2025-02-14T20:07:08.180000Z,,2025-02-14T20:07:37.000000Z,
HE.VRF.00.BHZ | 2025-02-14T20:06:50.258519Z - 2025-02-14T20:07:50.258519Z,,,,,,,,,2025-02-14T20:07:16.800000Z,
HE.HEL1.00.BHZ | 2025-02-14T11:56:02.075343Z - 2025-02-14T11:57:02.075343Z,,,,,,,2025-02-14T11:56:19.920940Z,,2025-02-14T11:56:42.823510Z,
HE.KUNI.00.BHZ | 2025-02-14T11:56:07.698328Z - 2025-02-14T11:57:07.698328Z,,,,,,,2025-02-14T11:56:20.211570Z,,2025-02-14T11:56:43.488250Z,
HE.KY17.00.CZ | 2025-02-14T11:55:58.573728Z - 2025-02-14T11:56:58.573728Z,,,,,,,2025-02-14T11:56:18.464510Z,,2025-02-14T11:56:42.381120Z,
HE.LAUT.00.BHZ | 2025-02-14T11:55:55.963839Z - 2025-02-14T11:56:55.963839Z,,,,,,,2025-02-14T11:56:19.521040Z,,2025-02-14T11:56:42.217040Z,
HE.LOVF.00.CZ | 2025-02-14T11:55:40.569751Z - 2025-02-14T11:56:40.569751Z,,,,,,,2025-02-14T11:56:13.546860Z,,2025-02-14T11:56:32.638370Z,
HE.MEF.00.BHZ | 2025-02-14T11:55:56.278000Z - 2025-02-14T11:56:56.278000Z,,,,,,,2025-02-14T11:56:23.511570Z,,2025-02-14T11:56:49.319140Z,
HE.PVF.00.CZ | 2025-02-14T11:56:09.842041Z - 2025-02-14T11:57:09.842041Z,,,,,,,2025-02-14T11:56:17.493920Z,,2025-02-14T11:56:38.764490Z,
HE.VJF.00.?HZ | 2025-02-14T11:56:00.618538Z - 2025-02-14T11:57:00.618538Z,,,,,,,2025-02-14T11:56:11.002580Z,,2025-02-14T11:56:28.672860Z,
HE.VUOS.00.BHZ | 2025-02-14T11:55:51.216626Z - 2025-02-14T11:56:51.216626Z,,,,,,,2025-02-14T11:56:17.623330Z,,2025-02-14T11:56:39.502580Z,
HE.HEL1.00.BHZ | 2025-02-14T12:25:29.921950Z - 2025-02-14T12:26:29.921950Z,,,,,,,2025-02-14T12:26:19.109720Z,,2025-02-14T12:26:20.764200Z,
HE.HEL5.00.BHZ | 2025-02-14T12:25:53.510155Z - 2025-02-14T12:26:53.510155Z,,,,,,,2025-02-14T12:26:18.711040Z,,2025-02-14T12:26:20.036650Z,
HE.KUNI.00.BHZ | 2025-02-14T12:25:28.347371Z - 2025-02-14T12:26:28.347371Z,,,,,,,2025-02-14T12:26:19.626480Z,,2025-02-14T12:26:21.637230Z,
HE.LAUT.00.BHZ | 2025-02-14T12:26:06.534954Z - 2025-02-14T12:27:06.534954Z,,,,,,,2025-02-14T12:26:19.068410Z,,2025-02-14T12:26:20.628990Z,
HE.MEF.00.BHZ | 2025-02-14T12:25:53.241452Z - 2025-02-14T12:26:53.241452Z,,,,,,,2025-02-14T12:26:19.178670Z,,2025-02-14T12:26:20.846830Z,
HE.NUR.00.SHZ | 2025-02-14T12:25:49.203210Z - 2025-02-14T12:26:49.203210Z,,,,,,,2025-02-14T12:26:22.565400Z,,2025-02-14T12:26:26.650270Z,
HE.RSUO.00.BHZ | 2025-02-14T12:26:06.212578Z - 2025-02-14T12:27:06.212578Z,,,,,,,2025-02-14T12:26:19.339210Z,,2025-02-14T12:26:21.169840Z,
HE.VUOS.00.BHZ | 2025-02-14T12:25:59.177590Z - 2025-02-14T12:26:59.177590Z,,,,,,,2025-02-14T12:26:21.310240Z,,2025-02-14T12:26:24.887620Z,
HE.HEL1.00.BHZ | 2025-02-14T12:30:03.554277Z - 2025-02-14T12:31:03.554277Z,,,,,,,2025-02-14T12:30:44.149150Z,,2025-02-14T12:30:46.458030Z,
HE.HEL5.00.BHZ | 2025-02-14T12:29:55.263166Z - 2025-02-14T12:30:55.263166Z,,,,,,,2025-02-14T12:30:42.833260Z,,2025-02-14T12:30:44.288310Z,
HE.KUNI.00.BHZ | 2025-02-14T12:30:29.820343Z - 2025-02-14T12:31:29.820343Z,,,,,,,2025-02-14T12:30:44.870340Z,,2025-02-14T12:30:48.030070Z,
HE.LAUT.00.BHZ | 2025-02-14T12:30:26.058342Z - 2025-02-14T12:31:26.058342Z,,,,,,,2025-02-14T12:30:43.897860Z,,2025-02-14T12:30:45.911950Z,
HE.MEF.00.BHZ | 2025-02-14T12:30:31.516481Z - 2025-02-14T12:31:31.516481Z,,,,,,,2025-02-14T12:30:42.970730Z,,2025-02-14T12:30:44.429720Z,
HE.RSUO.00.BHZ | 2025-02-14T12:30:11.169677Z - 2025-02-14T12:31:11.169677Z,,,,,,,2025-02-14T12:30:44.532820Z,,2025-02-14T12:30:46.926100Z,
HE.VUOS.00.BHZ | 2025-02-14T12:29:59.430081Z - 2025-02-14T12:30:59.430081Z,,,,,,,2025-02-14T12:30:46.653720Z,,2025-02-14T12:30:50.173620Z,
HE.ECKF.00.BHZ | 2025-02-15T15:12:18.654405Z - 2025-02-15T15:13:18.654405Z,,,,,,,2025-02-15T15:12:49.180000Z,,2025-02-15T15:13:10.580000Z,
HE.KORF.00.BHZ | 2025-02-15T15:12:56.832773Z - 2025-02-15T15:13:56.832773Z,,,,,,,2025-02-15T15:13:05.780000Z,,2025-02-15T15:13:40.040000Z,
UP.AAL.00.BHZ | 2025-02-15T15:12:25.700495Z - 2025-02-15T15:13:25.700495Z,,,,,,,2025-02-15T15:12:52.240000Z,,2025-02-15T15:13:17.850000Z,
FN.RAJF.00.BHZ | 2025-02-15T15:59:59.250283Z - 2025-02-15T16:00:59.250283Z,,,,,,,2025-02-15T16:00:12.280000Z,,2025-02-15T16:00:28.840000Z,
HE.HEF.00.BHZ | 2025-02-15T16:00:55.803402Z - 2025-02-15T16:01:55.803402Z,,,,,,,,,2025-02-15T16:01:12.520000Z,
HE.KEV.00.BHZ | 2025-02-15T15:59:53.100790Z - 2025-02-15T16:00:53.100790Z,,,,,,,2025-02-15T16:00:14.380000Z,,2025-02-15T16:00:31.840000Z,
HE.VRF.00.BHZ | 2025-02-15T15:59:49.404917Z - 2025-02-15T16:00:49.404917Z,,,,,,,2025-02-15T16:00:21.080000Z,,2025-02-15T16:00:42.360000Z,
FN.MSF.00.BHZ | 2025-02-15T20:18:03.777470Z - 2025-02-15T20:19:03.777470Z,,,,,,,,,2025-02-15T20:18:24.760000Z,
FN.OLKF.00.BHZ | 2025-02-15T20:17:20.795412Z - 2025-02-15T20:18:20.795412Z,,,,,,,2025-02-15T20:17:44.220000Z,,2025-02-15T20:18:13.640000Z,
FN.RAJF.00.BHZ | 2025-02-15T20:17:28.236514Z - 2025-02-15T20:18:28.236514Z,,,,,,,2025-02-15T20:17:42.580000Z,,2025-02-15T20:18:12.200000Z,
FN.RANF.00.BHZ | 2025-02-15T20:17:53.020624Z - 2025-02-15T20:18:53.020624Z,,,,,,,2025-02-15T20:18:00.800000Z,,2025-02-15T20:18:44.760000Z,
FN.RNF.00.BHZ | 2025-02-15T20:17:11.558221Z - 2025-02-15T20:18:11.558221Z,,,,,,,2025-02-15T20:17:56.800000Z,,,
HE.KEV.00.BHZ | 2025-02-15T20:17:49.141359Z - 2025-02-15T20:18:49.141359Z,,,,,,,2025-02-15T20:17:57.260000Z,,2025-02-15T20:18:37.100000Z,
HE.KU2.00.BHZ | 2025-02-15T20:17:50.411109Z - 2025-02-15T20:18:50.411109Z,,,,,,,2025-02-15T20:17:58.700000Z,,,
HE.KU6.00.BHZ | 2025-02-15T20:17:22.674154Z - 2025-02-15T20:18:22.674154Z,,,,,,,2025-02-15T20:17:44.400000Z,,2025-02-15T20:18:13.800000Z,
HE.VRF.00.BHZ | 2025-02-15T20:17:17.091562Z - 2025-02-15T20:18:17.091562Z,,,,,,,2025-02-15T20:17:33.920000Z,,2025-02-15T20:17:54.080000Z,
FN.RAJF.00.BHZ | 2025-02-15T16:21:51.805785Z - 2025-02-15T16:22:51.805785Z,,,,,,,2025-02-15T16:22:29.380000Z,,2025-02-15T16:22:45.220000Z,
HE.HEF.00.BHZ | 2025-02-15T16:23:02.479903Z - 2025-02-15T16:24:02.479903Z,,,,,,,,,2025-02-15T16:23:28.840000Z,
HE.KEV.00.BHZ | 2025-02-15T16:22:07.929760Z - 2025-02-15T16:23:07.929760Z,,,,,,,2025-02-15T16:22:31.140000Z,,2025-02-15T16:22:48.960000Z,
HE.KIF.00.BHZ | 2025-02-15T16:23:22.814104Z - 2025-02-15T16:24:22.814104Z,,,,,,,,,2025-02-15T16:23:50.680000Z,
HE.VRF.00.BHZ | 2025-02-15T16:22:14.868033Z - 2025-02-15T16:23:14.868033Z,,,,,,,2025-02-15T16:22:37.720000Z,,2025-02-15T16:23:00.120000Z,
HE.ECKF.00.BHZ | 2025-02-17T12:03:59.879466Z - 2025-02-17T12:04:59.879466Z,,,,,,,2025-02-17T12:04:30.640000Z,,2025-02-17T12:04:51.760000Z,
HE.FIA0.00.SHZ | 2025-02-17T12:04:25.474353Z - 2025-02-17T12:05:25.474353Z,,,,,,,2025-02-17T12:04:44.400000Z,,2025-02-17T12:05:13.100000Z,
HE.KAF.00.BHZ | 2025-02-17T12:05:21.463896Z - 2025-02-17T12:06:21.463896Z,,,,,,,,,2025-02-17T12:05:26.700000Z,
HE.KEF.00.BHZ | 2025-02-17T12:04:21.451364Z - 2025-02-17T12:05:21.451364Z,,,,,,,,,2025-02-17T12:05:15.200000Z,
HE.KORF.00.BHZ | 2025-02-17T12:04:09.720135Z - 2025-02-17T12:05:09.720135Z,,,,,,,2025-02-17T12:04:15.180000Z,,2025-02-17T12:04:19.940000Z,
HE.KPF.00.BHZ | 2025-02-17T12:04:18.572894Z - 2025-02-17T12:05:18.572894Z,,,,,,,2025-02-17T12:04:34.480000Z,,2025-02-17T12:04:53.680000Z,
HE.KY17.00.BHZ | 2025-02-17T12:04:26.577661Z - 2025-02-17T12:05:26.577661Z,,,,,,,,,2025-02-17T12:05:18.440000Z,
HE.PVF.00.BHZ | 2025-02-17T12:04:25.138849Z - 2025-02-17T12:05:25.138849Z,,,,,,,2025-02-17T12:04:38.080000Z,,2025-02-17T12:05:02.380000Z,
HE.RAF.00.BHZ | 2025-02-17T12:03:52.305722Z - 2025-02-17T12:04:52.305722Z,,,,,,,2025-02-17T12:04:19.130000Z,,2025-02-17T12:04:29.320000Z,
HE.SUF.00.BHZ | 2025-02-17T12:04:51.962276Z - 2025-02-17T12:05:51.962276Z,,,,,,,,,2025-02-17T12:05:37.100000Z,
HE.VAF.00.BHZ | 2025-02-17T12:05:10.897283Z - 2025-02-17T12:06:10.897283Z,,,,,,,,,2025-02-17T12:05:29.880000Z,
UP.AAL.00.BHZ | 2025-02-17T12:04:10.147053Z - 2025-02-17T12:05:10.147053Z,,,,,,,,,2025-02-17T12:04:47.160000Z,
FN.KLF.00.BHZ | 2025-02-17T02:33:26.907144Z - 2025-02-17T02:34:26.907144Z,,,,,,,2025-02-17T02:33:43.000000Z,,2025-02-17T02:34:05.800000Z,
FN.RNF.00.BHZ | 2025-02-17T02:33:52.194258Z - 2025-02-17T02:34:52.194258Z,,,,,,,2025-02-17T02:33:59.300000Z,,2025-02-17T02:34:33.320000Z,
HE.HEF.00.BHZ | 2025-02-17T02:33:07.880164Z - 2025-02-17T02:34:07.880164Z,,,,,,,2025-02-17T02:33:40.180000Z,,2025-02-17T02:34:02.580000Z,
HE.KIF.00.BHZ | 2025-02-17T02:33:31.024569Z - 2025-02-17T02:34:31.024569Z,,,,,,,2025-02-17T02:33:36.920000Z,,2025-02-17T02:33:52.280000Z,
HE.TOF.00.BHZ | 2025-02-17T02:33:40.398353Z - 2025-02-17T02:34:40.398353Z,,,,,,,2025-02-17T02:33:56.240000Z,,2025-02-17T02:34:28.160000Z,
FN.KLF.00.BHZ | 2025-02-17T04:20:19.896781Z - 2025-02-17T04:21:19.896781Z,,,,,,,,,2025-02-17T04:20:49.160000Z,
FN.MSF.00.BHZ | 2025-02-17T04:19:53.846849Z - 2025-02-17T04:20:53.846849Z,,,,,,,,,2025-02-17T04:20:11.180000Z,
FN.OLKF.00.BHZ | 2025-02-17T04:19:04.183941Z - 2025-02-17T04:20:04.183941Z,,,,,,,2025-02-17T04:19:30.440000Z,,2025-02-17T04:19:58.680000Z,
FN.RAJF.00.BHZ | 2025-02-17T04:19:15.690473Z - 2025-02-17T04:20:15.690473Z,,,,,,,2025-02-17T04:19:29.380000Z,,2025-02-17T04:19:57.520000Z,
FN.RANF.00.BHZ | 2025-02-17T04:20:19.513029Z - 2025-02-17T04:21:19.513029Z,,,,,,,,,2025-02-17T04:20:30.640000Z,
FN.RNF.00.BHZ | 2025-02-17T04:19:41.636792Z - 2025-02-17T04:20:41.636792Z,,,,,,,,,2025-02-17T04:20:23.200000Z,
HE.KEV.00.BHZ | 2025-02-17T04:19:05.738548Z - 2025-02-17T04:20:05.738548Z,,,,,,,2025-02-17T04:19:43.660000Z,,,
HE.KU6.00.BHZ | 2025-02-17T04:19:20.752887Z - 2025-02-17T04:20:20.752887Z,,,,,,,2025-02-17T04:19:32.040000Z,,2025-02-17T04:20:00.880000Z,
HE.VRF.00.BHZ | 2025-02-17T04:18:49.917553Z - 2025-02-17T04:19:49.917553Z,,,,,,,2025-02-17T04:19:20.180000Z,,2025-02-17T04:19:40.380000Z,
HE.ALAJF.00.?HZ | 2025-02-17T11:42:13.241974Z - 2025-02-17T11:43:13.241974Z,,,,,,,2025-02-17T11:42:40.884110Z,,2025-02-17T11:42:56.097690Z,
HE.FIA0.00.?HZ | 2025-02-17T11:42:39.073081Z - 2025-02-17T11:43:39.073081Z,,,,,,,,,2025-02-17T11:43:07.748710Z,
HE.FIA1.00.?HZ | 2025-02-17T11:42:28.118449Z - 2025-02-17T11:43:28.118449Z,,,,,,,,,2025-02-17T11:43:07.748710Z,
HE.KAF.00.?HZ | 2025-02-17T11:41:59.700710Z - 2025-02-17T11:42:59.700710Z,,,,,,,2025-02-17T11:42:35.770810Z,,2025-02-17T11:42:46.824290Z,
HE.KEF.00.?HZ | 2025-02-17T11:42:15.495235Z - 2025-02-17T11:43:15.495235Z,,,,,,,2025-02-17T11:42:40.599060Z,,2025-02-17T11:42:54.778650Z,
HE.NIF.00.BHZ | 2025-02-17T11:41:47.816051Z - 2025-02-17T11:42:47.816051Z,,,,,,,2025-02-17T11:42:32.307810Z,,2025-02-17T11:42:41.222510Z,
HE.OBF0.00.BHZ | 2025-02-17T11:43:11.187047Z - 2025-02-17T11:44:11.187047Z,,,,,,,,,2025-02-17T11:43:16.579180Z,
HE.OBF8.00.BHZ | 2025-02-17T11:42:34.047763Z - 2025-02-17T11:43:34.047763Z,,,,,,,,,2025-02-17T11:43:20.552690Z,
HE.OUF.00.BHZ | 2025-02-17T11:42:23.692794Z - 2025-02-17T11:43:23.692794Z,,,,,,,2025-02-17T11:42:48.675650Z,,2025-02-17T11:43:10.043410Z,
HE.RUF.00.BHZ | 2025-02-17T11:43:10.168958Z - 2025-02-17T11:44:10.168958Z,,,,,,,,,2025-02-17T11:43:17.622230Z,
HE.SUF.00.BHZ | 2025-02-17T11:41:59.331235Z - 2025-02-17T11:42:59.331235Z,,,,,,,2025-02-17T11:42:25.950630Z,,2025-02-17T11:42:30.126700Z,
HE.VAF.00.BHZ | 2025-02-17T11:42:39.169012Z - 2025-02-17T11:43:39.169012Z,,,,,,,2025-02-17T11:42:51.868710Z,,2025-02-17T11:43:14.812700Z,
FN.MSF.00.BHZ | 2025-02-17T12:05:50.763456Z - 2025-02-17T12:06:50.763456Z,,,,,,,,,2025-02-17T12:06:28.080000Z,
FN.OLKF.00.BHZ | 2025-02-17T12:05:30.323902Z - 2025-02-17T12:06:30.323902Z,,,,,,,2025-02-17T12:05:46.880000Z,,2025-02-17T12:06:14.640000Z,
FN.RAJF.00.BHZ | 2025-02-17T12:05:25.714528Z - 2025-02-17T12:06:25.714528Z,,,,,,,2025-02-17T12:05:46.680000Z,,2025-02-17T12:06:14.360000Z,
FN.RNF.00.BHZ | 2025-02-17T12:05:58.672994Z - 2025-02-17T12:06:58.672994Z,,,,,,,,,2025-02-17T12:06:46.200000Z,
HE.KEV.00.BHZ | 2025-02-17T12:05:52.474995Z - 2025-02-17T12:06:52.474995Z,,,,,,,2025-02-17T12:06:00.020000Z,,2025-02-17T12:06:44.680000Z,
HE.KU6.00.BHZ | 2025-02-17T12:05:34.305127Z - 2025-02-17T12:06:34.305127Z,,,,,,,2025-02-17T12:05:47.700000Z,,2025-02-17T12:06:17.000000Z,
HE.VRF.00.BHZ | 2025-02-17T12:05:16.420671Z - 2025-02-17T12:06:16.420671Z,,,,,,,2025-02-17T12:05:36.680000Z,,2025-02-17T12:05:56.360000Z,
FN.KLF.00.BHZ | 2025-02-17T12:14:18.248967Z - 2025-02-17T12:15:18.248967Z,,,,,,,2025-02-17T12:15:07.960000Z,,,
FN.MSF.00.BHZ | 2025-02-17T12:14:39.121772Z - 2025-02-17T12:15:39.121772Z,,,,,,,2025-02-17T12:14:44.360000Z,,2025-02-17T12:15:19.080000Z,
FN.OLKF.00.BHZ | 2025-02-17T12:14:15.409733Z - 2025-02-17T12:15:15.409733Z,,,,,,,2025-02-17T12:14:37.920000Z,,2025-02-17T12:15:06.840000Z,
FN.RAJF.00.BHZ | 2025-02-17T12:14:30.158329Z - 2025-02-17T12:15:30.158329Z,,,,,,,2025-02-17T12:14:37.740000Z,,2025-02-17T12:15:06.100000Z,
FN.RANF.00.BHZ | 2025-02-17T12:14:49.545773Z - 2025-02-17T12:15:49.545773Z,,,,,,,2025-02-17T12:14:54.560000Z,,2025-02-17T12:15:36.560000Z,
FN.RNF.00.BHZ | 2025-02-17T12:14:44.362104Z - 2025-02-17T12:15:44.362104Z,,,,,,,2025-02-17T12:14:50.560000Z,,2025-02-17T12:15:35.640000Z,
HE.HEF.00.BHZ | 2025-02-17T12:15:26.040885Z - 2025-02-17T12:16:26.040885Z,,,,,,,,,2025-02-17T12:15:45.340000Z,
HE.KEV.00.BHZ | 2025-02-17T12:14:42.123722Z - 2025-02-17T12:15:42.123722Z,,,,,,,2025-02-17T12:14:51.520000Z,,2025-02-17T12:15:30.100000Z,
HE.KU6.00.BHZ | 2025-02-17T12:14:21.108275Z - 2025-02-17T12:15:21.108275Z,,,,,,,2025-02-17T12:14:38.240000Z,,2025-02-17T12:15:07.640000Z,
HE.TOF.00.BHZ | 2025-02-17T12:15:02.328541Z - 2025-02-17T12:16:02.328541Z,,,,,,,2025-02-17T12:15:12.200000Z,,,
HE.TOF.00.BHZ | 2025-02-17T12:15:59.662645Z - 2025-02-17T12:16:59.662645Z,,,,,,,,,2025-02-17T12:16:07.600000Z,
HE.VRF.00.BHZ | 2025-02-17T12:14:11.555426Z - 2025-02-17T12:15:11.555426Z,,,,,,,2025-02-17T12:14:27.940000Z,,2025-02-17T12:14:48.800000Z,
FN.KLF.00.BHZ | 2025-02-17T20:05:57.176925Z - 2025-02-17T20:06:57.176925Z,,,,,,,2025-02-17T20:06:14.440000Z,,2025-02-17T20:06:50.560000Z,
FN.MSF.00.BHZ | 2025-02-17T20:05:32.782488Z - 2025-02-17T20:06:32.782488Z,,,,,,,2025-02-17T20:05:50.580000Z,,2025-02-17T20:06:25.920000Z,
FN.OLKF.00.BHZ | 2025-02-17T20:04:57.593187Z - 2025-02-17T20:05:57.593187Z,,,,,,,2025-02-17T20:05:45.140000Z,,,
FN.OUL.00.BHZ | 2025-02-17T20:05:35.321768Z - 2025-02-17T20:06:35.321768Z,,,,,,,2025-02-17T20:06:15.800000Z,,,
FN.RAJF.00.BHZ | 2025-02-17T20:05:26.909716Z - 2025-02-17T20:06:26.909716Z,,,,,,,2025-02-17T20:05:44.380000Z,,2025-02-17T20:06:12.000000Z,
FN.RANF.00.BHZ | 2025-02-17T20:05:50.619029Z - 2025-02-17T20:06:50.619029Z,,,,,,,2025-02-17T20:05:58.880000Z,,2025-02-17T20:06:43.720000Z,
FN.RNF.00.BHZ | 2025-02-17T20:05:52.098798Z - 2025-02-17T20:06:52.098798Z,,,,,,,2025-02-17T20:05:57.840000Z,,2025-02-17T20:06:36.760000Z,
HE.HEF.00.BHZ | 2025-02-17T20:06:09.886526Z - 2025-02-17T20:07:09.886526Z,,,,,,,2025-02-17T20:06:16.040000Z,,2025-02-17T20:06:51.880000Z,
HE.KEV.00.BHZ | 2025-02-17T20:05:48.307704Z - 2025-02-17T20:06:48.307704Z,,,,,,,2025-02-17T20:05:59.140000Z,,2025-02-17T20:06:37.640000Z,
HE.KU1.00.BHZ | 2025-02-17T20:05:01.190818Z - 2025-02-17T20:06:01.190818Z,,,,,,,2025-02-17T20:05:53.320000Z,,,
HE.KU2.00.BHZ | 2025-02-17T20:05:04.791021Z - 2025-02-17T20:06:04.791021Z,,,,,,,2025-02-17T20:05:57.780000Z,,,
HE.KU6.00.BHZ | 2025-02-17T20:05:31.150061Z - 2025-02-17T20:06:31.150061Z,,,,,,,2025-02-17T20:05:45.680000Z,,2025-02-17T20:06:15.680000Z,
HE.RMF.00.BHZ | 2025-02-17T20:05:41.011920Z - 2025-02-17T20:06:41.011920Z,,,,,,,2025-02-17T20:06:05.660000Z,,,
HE.TOF.00.BHZ | 2025-02-17T20:06:06.430524Z - 2025-02-17T20:07:06.430524Z,,,,,,,2025-02-17T20:06:19.520000Z,,2025-02-17T20:06:56.760000Z,
HE.VRF.00.BHZ | 2025-02-17T20:05:28.603323Z - 2025-02-17T20:06:28.603323Z,,,,,,,2025-02-17T20:05:34.840000Z,,2025-02-17T20:05:55.000000Z,
HE.HEL1.00.BHZ | 2025-02-17T15:27:56.209539Z - 2025-02-17T15:28:56.209539Z,,,,,,,2025-02-17T15:28:24.230080Z,,2025-02-17T15:28:26.819590Z,
HE.HEL5.00.BHZ | 2025-02-17T15:27:39.893277Z - 2025-02-17T15:28:39.893277Z,,,,,,,2025-02-17T15:28:23.933150Z,,2025-02-17T15:28:26.251120Z,
HE.KUNI.00.BHZ | 2025-02-17T15:27:51.583656Z - 2025-02-17T15:28:51.583656Z,,,,,,,2025-02-17T15:28:24.428040Z,,2025-02-17T15:28:26.828610Z,
HE.LAUT.00.BHZ | 2025-02-17T15:27:40.823199Z - 2025-02-17T15:28:40.823199Z,,,,,,,2025-02-17T15:28:24.263080Z,,2025-02-17T15:28:26.802300Z,
HE.MEF.00.BHZ | 2025-02-17T15:27:54.714297Z - 2025-02-17T15:28:54.714297Z,,,,,,,2025-02-17T15:28:22.712410Z,,2025-02-17T15:28:23.831360Z,
HE.NUR.00.SHZ | 2025-02-17T15:28:20.208617Z - 2025-02-17T15:29:20.208617Z,,,,,,,2025-02-17T15:28:26.044700Z,,2025-02-17T15:28:29.409070Z,
HE.RSUO.00.BHZ | 2025-02-17T15:28:08.375474Z - 2025-02-17T15:29:08.375474Z,,,,,,,2025-02-17T15:28:24.395050Z,,2025-02-17T15:28:26.945100Z,
HE.VUOS.00.BHZ | 2025-02-17T15:28:11.232361Z - 2025-02-17T15:29:11.232361Z,,,,,,,2025-02-17T15:28:26.638570Z,,2025-02-17T15:28:30.366780Z,
FN.MSF.00.BHZ | 2025-02-17T18:13:33.699050Z - 2025-02-17T18:14:33.699050Z,,,,,,,,,2025-02-17T18:14:14.920000Z,
FN.OLKF.00.BHZ | 2025-02-17T18:13:19.703265Z - 2025-02-17T18:14:19.703265Z,,,,,,,2025-02-17T18:13:34.720000Z,,2025-02-17T18:14:04.400000Z,
FN.RAJF.00.BHZ | 2025-02-17T18:13:22.866837Z - 2025-02-17T18:14:22.866837Z,,,,,,,2025-02-17T18:13:34.680000Z,,2025-02-17T18:14:03.240000Z,
FN.RANF.00.BHZ | 2025-02-17T18:14:27.176084Z - 2025-02-17T18:15:27.176084Z,,,,,,,,,2025-02-17T18:14:34.560000Z,
FN.RNF.00.BHZ | 2025-02-17T18:14:15.024421Z - 2025-02-17T18:15:15.024421Z,,,,,,,,,2025-02-17T18:14:26.880000Z,
HE.HEF.00.BHZ | 2025-02-17T18:14:18.555468Z - 2025-02-17T18:15:18.555468Z,,,,,,,,,2025-02-17T18:14:52.780000Z,
HE.KEV.00.BHZ | 2025-02-17T18:13:42.009913Z - 2025-02-17T18:14:42.009913Z,,,,,,,,,2025-02-17T18:14:27.040000Z,
HE.KU6.00.BHZ | 2025-02-17T18:13:12.100207Z - 2025-02-17T18:14:12.100207Z,,,,,,,2025-02-17T18:13:35.080000Z,,2025-02-17T18:14:05.320000Z,
HE.VRF.00.BHZ | 2025-02-17T18:13:14.796475Z - 2025-02-17T18:14:14.796475Z,,,,,,,2025-02-17T18:13:25.480000Z,,2025-02-17T18:13:46.640000Z,
FN.KLF.00.BHZ | 2025-02-17T23:13:06.242256Z - 2025-02-17T23:14:06.242256Z,,,,,,,2025-02-17T23:13:15.120000Z,,2025-02-17T23:13:32.720000Z,
FN.RNF.00.BHZ | 2025-02-17T23:13:11.536930Z - 2025-02-17T23:14:11.536930Z,,,,,,,2025-02-17T23:13:30.580000Z,,2025-02-17T23:13:59.840000Z,
HE.HEF.00.BHZ | 2025-02-17T23:13:05.572803Z - 2025-02-17T23:14:05.572803Z,,,,,,,2025-02-17T23:13:21.980000Z,,2025-02-17T23:13:44.640000Z,
HE.KIF.00.BHZ | 2025-02-17T23:13:30.703839Z - 2025-02-17T23:14:30.703839Z,,,,,,,,,2025-02-17T23:13:50.520000Z,
HE.TOF.00.BHZ | 2025-02-17T23:12:54.487028Z - 2025-02-17T23:13:54.487028Z,,,,,,,2025-02-17T23:13:24.960000Z,,,
FN.KLF.00.BHZ | 2025-02-17T15:27:23.561444Z - 2025-02-17T15:28:23.561444Z,,,,,,,,,2025-02-17T15:27:32.280000Z,
FN.OLKF.00.BHZ | 2025-02-17T15:26:59.852491Z - 2025-02-17T15:27:59.852491Z,,,,,,,,,2025-02-17T15:27:49.640000Z,
FN.RAJF.00.BHZ | 2025-02-17T15:25:53.291979Z - 2025-02-17T15:26:53.291979Z,,,,,,,2025-02-17T15:26:16.120000Z,,2025-02-17T15:26:41.320000Z,
HE.HEF.00.BHZ | 2025-02-17T15:26:17.849149Z - 2025-02-17T15:27:17.849149Z,,,,,,,2025-02-17T15:26:26.630000Z,,2025-02-17T15:27:01.640000Z,
HE.KEV.00.BHZ | 2025-02-17T15:25:25.031198Z - 2025-02-17T15:26:25.031198Z,,,,,,,2025-02-17T15:25:56.520000Z,,2025-02-17T15:26:08.280000Z,
HE.VRF.00.BHZ | 2025-02-17T15:26:24.316610Z - 2025-02-17T15:27:24.316610Z,,,,,,,2025-02-17T15:26:29.400000Z,,2025-02-17T15:27:03.840000Z,
FN.KLF.00.BHZ | 2025-02-18T09:05:56.032525Z - 2025-02-18T09:06:56.032525Z,,,,,,,2025-02-18T09:06:13.624520Z,,2025-02-18T09:06:38.974410Z,
FN.KMNF.00.?HZ | 2025-02-18T09:05:38.362760Z - 2025-02-18T09:06:38.362760Z,,,,,,,2025-02-18T09:05:50.145350Z,,2025-02-18T09:05:58.347800Z,
FN.RAJF.00.?HZ | 2025-02-18T09:05:01.094890Z - 2025-02-18T09:06:01.094890Z,,,,,,,2025-02-18T09:05:45.014720Z,,2025-02-18T09:05:48.686910Z,
FN.RNF.00.BHZ | 2025-02-18T09:06:01.663562Z - 2025-02-18T09:07:01.663562Z,,,,,,,,,2025-02-18T09:06:42.567430Z,
FN.SGF.00.BHZ | 2025-02-18T09:05:41.451725Z - 2025-02-18T09:06:41.451725Z,,,,,,,2025-02-18T09:06:01.950360Z,,2025-02-18T09:06:17.663460Z,
HE.HEF.00.BHZ | 2025-02-18T09:05:55.368522Z - 2025-02-18T09:06:55.368522Z,,,,,,,2025-02-18T09:06:06.152700Z,,2025-02-18T09:06:24.880530Z,
HE.KEV.00.?HZ | 2025-02-18T09:05:45.014870Z - 2025-02-18T09:06:45.014870Z,,,,,,,2025-02-18T09:06:00.698080Z,,2025-02-18T09:06:16.191580Z,
HE.VRF.00.BHZ | 2025-02-18T09:05:53.469313Z - 2025-02-18T09:06:53.469313Z,,,,,,,2025-02-18T09:06:00.078340Z,,2025-02-18T09:06:14.597960Z,
HE.ALAJF.00.?HZ | 2025-02-18T11:59:04.091539Z - 2025-02-18T12:00:04.091539Z,,,,,,,2025-02-18T11:59:37.044400Z,,2025-02-18T11:59:57.902220Z,
HE.FIA0.00.?HZ | 2025-02-18T11:59:16.892340Z - 2025-02-18T12:00:16.892340Z,,,,,,,2025-02-18T11:59:29.575090Z,,2025-02-18T11:59:46.370920Z,
HE.FIA1.00.?HZ | 2025-02-18T11:59:10.053912Z - 2025-02-18T12:00:10.053912Z,,,,,,,2025-02-18T11:59:29.778400Z,,2025-02-18T11:59:45.871530Z,
HE.KAF.00.?HZ | 2025-02-18T11:59:11.037284Z - 2025-02-18T12:00:11.037284Z,,,,,,,2025-02-18T11:59:32.989060Z,,2025-02-18T11:59:52.746190Z,
HE.KEF.00.?HZ | 2025-02-18T11:58:48.787886Z - 2025-02-18T11:59:48.787886Z,,,,,,,2025-02-18T11:59:24.011300Z,,2025-02-18T11:59:35.850870Z,
HE.KORF.00.CZ | 2025-02-18T11:59:11.638481Z - 2025-02-18T12:00:11.638481Z,,,,,,,2025-02-18T11:59:37.893850Z,,2025-02-18T12:00:00.037010Z,
HE.KPF.00.BHZ | 2025-02-18T11:59:10.773233Z - 2025-02-18T12:00:10.773233Z,,,,,,,2025-02-18T11:59:20.628690Z,,2025-02-18T11:59:30.174840Z,
HE.KY17.00.CZ | 2025-02-18T11:59:17.840744Z - 2025-02-18T12:00:17.840744Z,,,,,,,2025-02-18T11:59:39.484150Z,,2025-02-18T12:00:03.283540Z,
HE.LOVF.00.CZ | 2025-02-18T11:59:31.972128Z - 2025-02-18T12:00:31.972128Z,,,,,,,2025-02-18T11:59:38.610170Z,,2025-02-18T12:00:00.393620Z,
HE.NUR.00.SHZ | 2025-02-18T11:59:12.936517Z - 2025-02-18T12:00:12.936517Z,,,,,,,2025-02-18T11:59:28.704570Z,,2025-02-18T11:59:42.972090Z,
HE.RAF.00.BHZ | 2025-02-18T11:58:44.988101Z - 2025-02-18T11:59:44.988101Z,,,,,,,2025-02-18T11:59:24.762230Z,,2025-02-18T11:59:37.809500Z,
HE.SUF.00.BHZ | 2025-02-18T11:59:33.017387Z - 2025-02-18T12:00:33.017387Z,,,,,,,2025-02-18T11:59:38.109260Z,,2025-02-18T12:00:00.733610Z,
HE.TRE03.00.CZ | 2025-02-18T11:58:45.977939Z - 2025-02-18T11:59:45.977939Z,,,,,,,2025-02-18T11:59:13.749060Z,,2025-02-18T11:59:18.459840Z,
HE.TVF.00.BHZ | 2025-02-18T11:59:16.053243Z - 2025-02-18T12:00:16.053243Z,,,,,,,2025-02-18T11:59:37.458260Z,,2025-02-18T11:59:59.310120Z,
HE.VAF.00.BHZ | 2025-02-18T11:59:22.463158Z - 2025-02-18T12:00:22.463158Z,,,,,,,2025-02-18T11:59:35.587670Z,,2025-02-18T11:59:55.983570Z,
HE.ECKF.00.BHZ | 2025-02-18T12:04:02.017678Z - 2025-02-18T12:05:02.017678Z,,,,,,,2025-02-18T12:04:30.310000Z,,2025-02-18T12:04:50.780000Z,
HE.KEF.00.BHZ | 2025-02-18T12:04:45.205295Z - 2025-02-18T12:05:45.205295Z,,,,,,,,,2025-02-18T12:05:15.020000Z,
HE.KORF.00.BHZ | 2025-02-18T12:03:36.188304Z - 2025-02-18T12:04:36.188304Z,,,,,,,2025-02-18T12:04:11.810000Z,,2025-02-18T12:04:17.460000Z,
HE.RAF.00.BHZ | 2025-02-18T12:03:47.786672Z - 2025-02-18T12:04:47.786672Z,,,,,,,2025-02-18T12:04:18.380000Z,,2025-02-18T12:04:28.280000Z,
UP.AAL.00.BHZ | 2025-02-18T12:04:21.165475Z - 2025-02-18T12:05:21.165475Z,,,,,,,,,2025-02-18T12:04:40.480000Z,
FN.KLF.00.BHZ | 2025-02-18T20:26:29.445659Z - 2025-02-18T20:27:29.445659Z,,,,,,,,,2025-02-18T20:26:47.080000Z,
FN.MSF.00.BHZ | 2025-02-18T20:25:24.463941Z - 2025-02-18T20:26:24.463941Z,,,,,,,,,2025-02-18T20:26:09.280000Z,
FN.OLKF.00.BHZ | 2025-02-18T20:25:09.661745Z - 2025-02-18T20:26:09.661745Z,,,,,,,2025-02-18T20:25:28.530000Z,,2025-02-18T20:25:56.360000Z,
FN.RAJF.00.BHZ | 2025-02-18T20:25:08.633817Z - 2025-02-18T20:26:08.633817Z,,,,,,,,,2025-02-18T20:25:55.480000Z,
FN.RANF.00.BHZ | 2025-02-18T20:25:38.960959Z - 2025-02-18T20:26:38.960959Z,,,,,,,,,2025-02-18T20:26:25.680000Z,
FN.RNF.00.BHZ | 2025-02-18T20:25:35.030752Z - 2025-02-18T20:26:35.030752Z,,,,,,,,,2025-02-18T20:26:20.400000Z,
HE.HEF.00.BHZ | 2025-02-18T20:25:44.411267Z - 2025-02-18T20:26:44.411267Z,,,,,,,,,2025-02-18T20:26:36.700000Z,
HE.KEV.00.BHZ | 2025-02-18T20:25:35.158977Z - 2025-02-18T20:26:35.158977Z,,,,,,,2025-02-18T20:25:41.630000Z,,2025-02-18T20:26:27.040000Z,
HE.KU6.00.BHZ | 2025-02-18T20:25:03.754827Z - 2025-02-18T20:26:03.754827Z,,,,,,,2025-02-18T20:25:29.560000Z,,2025-02-18T20:25:58.120000Z,
HE.VRF.00.BHZ | 2025-02-18T20:24:52.428958Z - 2025-02-18T20:25:52.428958Z,,,,,,,2025-02-18T20:25:18.360000Z,,2025-02-18T20:25:37.760000Z,
FN.MSF.00.BHZ | 2025-02-18T20:06:15.421571Z - 2025-02-18T20:07:15.421571Z,,,,,,,,,2025-02-18T20:06:23.960000Z,
FN.OLKF.00.BHZ | 2025-02-18T20:05:20.093155Z - 2025-02-18T20:06:20.093155Z,,,,,,,2025-02-18T20:05:44.480000Z,,2025-02-18T20:06:12.760000Z,
FN.RAJF.00.BHZ | 2025-02-18T20:05:38.745258Z - 2025-02-18T20:06:38.745258Z,,,,,,,2025-02-18T20:05:43.880000Z,,2025-02-18T20:06:12.440000Z,
FN.RANF.00.BHZ | 2025-02-18T20:06:28.639208Z - 2025-02-18T20:07:28.639208Z,,,,,,,,,2025-02-18T20:06:42.440000Z,
HE.KEV.00.BHZ | 2025-02-18T20:05:49.638488Z - 2025-02-18T20:06:49.638488Z,,,,,,,2025-02-18T20:05:57.740000Z,,2025-02-18T20:06:37.080000Z,
HE.KU6.00.BHZ | 2025-02-18T20:05:35.624098Z - 2025-02-18T20:06:35.624098Z,,,,,,,2025-02-18T20:05:44.920000Z,,2025-02-18T20:06:13.480000Z,
HE.VRF.00.BHZ | 2025-02-18T20:05:09.260692Z - 2025-02-18T20:06:09.260692Z,,,,,,,2025-02-18T20:05:34.330000Z,,2025-02-18T20:05:55.280000Z,
HE.HEL1.00.BHZ | 2025-02-18T14:29:25.799820Z - 2025-02-18T14:30:25.799820Z,,,,,,,2025-02-18T14:29:51.315320Z,,2025-02-18T14:29:53.659950Z,
HE.HEL5.00.BHZ | 2025-02-18T14:29:11.360509Z - 2025-02-18T14:30:11.360509Z,,,,,,,2025-02-18T14:29:50.033290Z,,2025-02-18T14:29:51.450230Z,
HE.KUNI.00.BHZ | 2025-02-18T14:29:41.867062Z - 2025-02-18T14:30:41.867062Z,,,,,,,2025-02-18T14:29:52.140240Z,,2025-02-18T14:29:55.150790Z,
HE.LAUT.00.BHZ | 2025-02-18T14:29:36.946584Z - 2025-02-18T14:30:36.946584Z,,,,,,,2025-02-18T14:29:51.050010Z,,2025-02-18T14:29:52.845660Z,
HE.MEF.00.BHZ | 2025-02-18T14:29:37.726202Z - 2025-02-18T14:30:37.726202Z,,,,,,,2025-02-18T14:29:50.120750Z,,2025-02-18T14:29:51.537700Z,
HE.NUR.00.SHZ | 2025-02-18T14:29:42.678590Z - 2025-02-18T14:30:42.678590Z,,,,,,,2025-02-18T14:29:54.851240Z,,2025-02-18T14:29:59.906550Z,
HE.VUOS.00.BHZ | 2025-02-18T14:29:32.366121Z - 2025-02-18T14:30:32.366121Z,,,,,,,2025-02-18T14:29:53.813100Z,,2025-02-18T14:29:57.694850Z,
HE.HEL1.00.BHZ | 2025-02-18T15:56:20.113410Z - 2025-02-18T15:57:20.113410Z,,,,,,,,,2025-02-18T15:56:44.696810Z,
HE.HEL5.00.BHZ | 2025-02-18T15:56:33.053992Z - 2025-02-18T15:57:33.053992Z,,,,,,,2025-02-18T15:56:39.768500Z,,2025-02-18T15:56:43.499930Z,
HE.KUNI.00.BHZ | 2025-02-18T15:56:19.108352Z - 2025-02-18T15:57:19.108352Z,,,,,,,2025-02-18T15:56:40.261330Z,,2025-02-18T15:56:44.063170Z,
HE.LAUT.00.BHZ | 2025-02-18T15:56:21.654226Z - 2025-02-18T15:57:21.654226Z,,,,,,,2025-02-18T15:56:40.261330Z,,2025-02-18T15:56:44.226650Z,
HE.MEF.00.BHZ | 2025-02-18T15:55:43.042152Z - 2025-02-18T15:56:43.042152Z,,,,,,,2025-02-18T15:56:36.474820Z,,2025-02-18T15:56:37.590920Z,
HE.NUR.00.SHZ | 2025-02-18T15:56:27.421984Z - 2025-02-18T15:57:27.421984Z,,,,,,,2025-02-18T15:56:39.486880Z,,2025-02-18T15:56:43.147910Z,
HE.VUOS.00.BHZ | 2025-02-18T15:56:07.506210Z - 2025-02-18T15:57:07.506210Z,,,,,,,2025-02-18T15:56:42.795890Z,,2025-02-18T15:56:48.146630Z,
FN.KLF.00.BHZ | 2025-02-18T00:23:15.205095Z - 2025-02-18T00:24:15.205095Z,,,,,,,2025-02-18T00:23:42.800000Z,,2025-02-18T00:24:04.400000Z,
FN.RAJF.00.BHZ | 2025-02-18T00:23:54.398781Z - 2025-02-18T00:24:54.398781Z,,,,,,,2025-02-18T00:24:04.080000Z,,2025-02-18T00:24:47.480000Z,
FN.RANF.00.BHZ | 2025-02-18T00:24:20.806421Z - 2025-02-18T00:25:20.806421Z,,,,,,,,,2025-02-18T00:24:52.480000Z,
FN.RNF.00.BHZ | 2025-02-18T00:23:51.417163Z - 2025-02-18T00:24:51.417163Z,,,,,,,2025-02-18T00:23:59.200000Z,,2025-02-18T00:24:32.520000Z,
HE.HEF.00.BHZ | 2025-02-18T00:23:07.211774Z - 2025-02-18T00:24:07.211774Z,,,,,,,2025-02-18T00:23:40.000000Z,,2025-02-18T00:23:58.480000Z,
HE.KEV.00.BHZ | 2025-02-18T00:24:31.304844Z - 2025-02-18T00:25:31.304844Z,,,,,,,,,2025-02-18T00:24:43.600000Z,
HE.KIF.00.BHZ | 2025-02-18T00:23:06.160347Z - 2025-02-18T00:24:06.160347Z,,,,,,,2025-02-18T00:23:37.130000Z,,2025-02-18T00:23:52.400000Z,
HE.OBF0.00.BHZ | 2025-02-18T00:23:51.738413Z - 2025-02-18T00:24:51.738413Z,,,,,,,2025-02-18T00:24:13.420000Z,,,
HE.TOF.00.BHZ | 2025-02-18T00:23:44.035824Z - 2025-02-18T00:24:44.035824Z,,,,,,,2025-02-18T00:23:56.080000Z,,2025-02-18T00:24:27.960000Z,
FN.KLF.00.BHZ | 2025-02-18T01:55:06.484085Z - 2025-02-18T01:56:06.484085Z,,,,,,,2025-02-18T01:55:26.260000Z,,2025-02-18T01:55:44.520000Z,
FN.RNF.00.BHZ | 2025-02-18T01:55:30.877389Z - 2025-02-18T01:56:30.877389Z,,,,,,,2025-02-18T01:55:43.280000Z,,2025-02-18T01:56:11.840000Z,
HE.HEF.00.BHZ | 2025-02-18T01:55:41.690666Z - 2025-02-18T01:56:41.690666Z,,,,,,,,,2025-02-18T01:55:57.360000Z,
HE.TOF.00.BHZ | 2025-02-18T01:55:15.560502Z - 2025-02-18T01:56:15.560502Z,,,,,,,2025-02-18T01:55:36.520000Z,,2025-02-18T01:56:02.000000Z,
HE.VRF.00.BHZ | 2025-02-18T01:56:17.126986Z - 2025-02-18T01:57:17.126986Z,,,,,,,,,2025-02-18T01:56:53.840000Z,
FN.MSF.00.BHZ | 2025-02-18T04:04:22.611210Z - 2025-02-18T04:05:22.611210Z,,,,,,,,,2025-02-18T04:05:10.480000Z,
FN.OLKF.00.BHZ | 2025-02-18T04:04:03.005136Z - 2025-02-18T04:05:03.005136Z,,,,,,,2025-02-18T04:04:29.800000Z,,2025-02-18T04:04:57.560000Z,
FN.RAJF.00.BHZ | 2025-02-18T04:04:03.903655Z - 2025-02-18T04:05:03.903655Z,,,,,,,2025-02-18T04:04:29.320000Z,,2025-02-18T04:04:56.200000Z,
FN.RNF.00.BHZ | 2025-02-18T04:04:39.480882Z - 2025-02-18T04:05:39.480882Z,,,,,,,,,2025-02-18T04:05:21.600000Z,
HE.HEF.00.BHZ | 2025-02-18T04:04:55.697491Z - 2025-02-18T04:05:55.697491Z,,,,,,,,,2025-02-18T04:05:36.780000Z,
HE.KEV.00.BHZ | 2025-02-18T04:04:35.206680Z - 2025-02-18T04:05:35.206680Z,,,,,,,2025-02-18T04:04:42.430000Z,,2025-02-18T04:05:28.800000Z,
HE.KU6.00.BHZ | 2025-02-18T04:04:12.498688Z - 2025-02-18T04:05:12.498688Z,,,,,,,2025-02-18T04:04:30.060000Z,,2025-02-18T04:04:59.320000Z,
HE.VRF.00.BHZ | 2025-02-18T04:04:06.736075Z - 2025-02-18T04:05:06.736075Z,,,,,,,2025-02-18T04:04:19.440000Z,,2025-02-18T04:04:38.480000Z,
FN.OUL.00.BHZ | 2025-02-18T08:04:13.512338Z - 2025-02-18T08:05:13.512338Z,,,,,,,2025-02-18T08:04:41.873620Z,,2025-02-18T08:05:00.683270Z,
HE.ALAJF.00.?HZ | 2025-02-18T08:04:18.236304Z - 2025-02-18T08:05:18.236304Z,,,,,,,2025-02-18T08:04:38.401070Z,,2025-02-18T08:04:54.244580Z,
HE.KAF.00.?HZ | 2025-02-18T08:04:22.160169Z - 2025-02-18T08:05:22.160169Z,,,,,,,2025-02-18T08:04:44.405690Z,,2025-02-18T08:05:05.313340Z,
HE.KEF.00.?HZ | 2025-02-18T08:04:22.422719Z - 2025-02-18T08:05:22.422719Z,,,,,,,2025-02-18T08:04:46.291620Z,,2025-02-18T08:05:08.146670Z,
HE.KU2.00.SHZ | 2025-02-18T08:04:36.612695Z - 2025-02-18T08:05:36.612695Z,,,,,,,2025-02-18T08:04:53.513140Z,,2025-02-18T08:05:20.937220Z,
HE.NIF.00.BHZ | 2025-02-18T08:04:07.980274Z - 2025-02-18T08:05:07.980274Z,,,,,,,2025-02-18T08:04:27.800730Z,,2025-02-18T08:04:36.604550Z,
HE.OBF0.00.BHZ | 2025-02-18T08:04:24.726499Z - 2025-02-18T08:05:24.726499Z,,,,,,,2025-02-18T08:04:39.341560Z,,2025-02-18T08:04:56.053200Z,
HE.OBF3.00.BHZ | 2025-02-18T08:04:13.689435Z - 2025-02-18T08:05:13.689435Z,,,,,,,2025-02-18T08:04:40.860800Z,,2025-02-18T08:04:59.021960Z,
HE.OUF.00.BHZ | 2025-02-18T08:03:56.702433Z - 2025-02-18T08:04:56.702433Z,,,,,,,2025-02-18T08:04:35.290250Z,,2025-02-18T08:04:48.095280Z,
HE.RMF.00.BHZ | 2025-02-18T08:04:17.146876Z - 2025-02-18T08:05:17.146876Z,,,,,,,2025-02-18T08:04:44.946870Z,,2025-02-18T08:05:06.049090Z,
HE.SUF.00.BHZ | 2025-02-18T08:03:55.952618Z - 2025-02-18T08:04:55.952618Z,,,,,,,2025-02-18T08:04:33.915700Z,,2025-02-18T08:04:46.481330Z,
HE.VAF.00.BHZ | 2025-02-18T08:04:37.908666Z - 2025-02-18T08:05:37.908666Z,,,,,,,2025-02-18T08:04:49.084560Z,,2025-02-18T08:05:12.825180Z,
HE.HEL1.00.BHZ | 2025-02-18T09:29:48.786447Z - 2025-02-18T09:30:48.786447Z,,,,,,,2025-02-18T09:30:40.607160Z,,2025-02-18T09:30:43.090160Z,
HE.HEL5.00.BHZ | 2025-02-18T09:29:52.508514Z - 2025-02-18T09:30:52.508514Z,,,,,,,2025-02-18T09:30:39.412160Z,,2025-02-18T09:30:41.005720Z,
HE.KUNI.00.BHZ | 2025-02-18T09:30:14.958407Z - 2025-02-18T09:31:14.958407Z,,,,,,,2025-02-18T09:30:41.742250Z,,2025-02-18T09:30:44.509020Z,
HE.LAUT.00.BHZ | 2025-02-18T09:30:35.192800Z - 2025-02-18T09:31:35.192800Z,,,,,,,2025-02-18T09:30:40.394330Z,,2025-02-18T09:30:42.451680Z,
HE.MEF.00.BHZ | 2025-02-18T09:30:05.236034Z - 2025-02-18T09:31:05.236034Z,,,,,,,2025-02-18T09:30:39.537610Z,,2025-02-18T09:30:41.042980Z,
HE.NUR.00.SHZ | 2025-02-18T09:30:13.209871Z - 2025-02-18T09:31:13.209871Z,,,,,,,2025-02-18T09:30:44.367140Z,,2025-02-18T09:30:49.262200Z,
HE.RSUO.00.BHZ | 2025-02-18T09:30:28.687532Z - 2025-02-18T09:31:28.687532Z,,,,,,,2025-02-18T09:30:41.103760Z,,2025-02-18T09:30:43.232050Z,
HE.VUOS.00.BHZ | 2025-02-18T09:29:58.439156Z - 2025-02-18T09:30:58.439156Z,,,,,,,2025-02-18T09:30:43.232050Z,,2025-02-18T09:30:47.346740Z,
FN.KLF.00.BHZ | 2025-02-18T11:23:43.367575Z - 2025-02-18T11:24:43.367575Z,,,,,,,2025-02-18T11:24:02.200000Z,,2025-02-18T11:24:20.680000Z,
FN.RANF.00.BHZ | 2025-02-18T11:24:35.004856Z - 2025-02-18T11:25:35.004856Z,,,,,,,,,2025-02-18T11:25:01.840000Z,
FN.RNF.00.BHZ | 2025-02-18T11:24:02.798401Z - 2025-02-18T11:25:02.798401Z,,,,,,,,,2025-02-18T11:24:46.480000Z,
HE.HEF.00.BHZ | 2025-02-18T11:23:45.998881Z - 2025-02-18T11:24:45.998881Z,,,,,,,2025-02-18T11:24:08.800000Z,,2025-02-18T11:24:30.130000Z,
HE.KIF.00.BHZ | 2025-02-18T11:23:27.967064Z - 2025-02-18T11:24:27.967064Z,,,,,,,2025-02-18T11:24:12.280000Z,,,
HE.TOF.00.BHZ | 2025-02-18T11:23:51.495958Z - 2025-02-18T11:24:51.495958Z,,,,,,,2025-02-18T11:24:11.360000Z,,2025-02-18T11:24:36.280000Z,
HE.HEL1.00.BHZ | 2025-02-18T11:40:47.080291Z - 2025-02-18T11:41:47.080291Z,,,,,,,2025-02-18T11:41:13.677870Z,,2025-02-18T11:41:16.535300Z,
HE.HEL5.00.BHZ | 2025-02-18T11:41:03.762877Z - 2025-02-18T11:42:03.762877Z,,,,,,,2025-02-18T11:41:15.045560Z,,2025-02-18T11:41:18.667850Z,
HE.KUNI.00.BHZ | 2025-02-18T11:40:34.183713Z - 2025-02-18T11:41:34.183713Z,,,,,,,2025-02-18T11:41:11.923800Z,,2025-02-18T11:41:13.762740Z,
HE.LAUT.00.BHZ | 2025-02-18T11:40:37.666549Z - 2025-02-18T11:41:37.666549Z,,,,,,,2025-02-18T11:41:14.114330Z,,2025-02-18T11:41:17.366110Z,
HE.MEF.00.BHZ | 2025-02-18T11:41:00.413810Z - 2025-02-18T11:42:00.413810Z,,,,,,,2025-02-18T11:41:15.602840Z,,2025-02-18T11:41:19.875280Z,
HE.NUR.00.SHZ | 2025-02-18T11:40:42.079008Z - 2025-02-18T11:41:42.079008Z,,,,,,,2025-02-18T11:41:13.451540Z,,2025-02-18T11:41:16.082630Z,
HE.VUOS.00.BHZ | 2025-02-18T11:40:25.854511Z - 2025-02-18T11:41:25.854511Z,,,,,,,2025-02-18T11:41:14.045650Z,,2025-02-18T11:41:17.072830Z,
FN.MSF.00.BHZ | 2025-02-18T12:06:30.458559Z - 2025-02-18T12:07:30.458559Z,,,,,,,,,2025-02-18T12:06:59.920000Z,
FN.OLKF.00.BHZ | 2025-02-18T12:06:00.757910Z - 2025-02-18T12:07:00.757910Z,,,,,,,2025-02-18T12:06:20.080000Z,,2025-02-18T12:06:48.040000Z,
FN.RAJF.00.BHZ | 2025-02-18T12:06:04.748286Z - 2025-02-18T12:07:04.748286Z,,,,,,,2025-02-18T12:06:18.130000Z,,2025-02-18T12:06:46.920000Z,
FN.RANF.00.BHZ | 2025-02-18T12:06:28.781708Z - 2025-02-18T12:07:28.781708Z,,,,,,,2025-02-18T12:06:36.340000Z,,2025-02-18T12:07:18.680000Z,
HE.KEV.00.BHZ | 2025-02-18T12:06:19.855506Z - 2025-02-18T12:07:19.855506Z,,,,,,,2025-02-18T12:06:33.040000Z,,2025-02-18T12:07:11.960000Z,
HE.KU2.00.BHZ | 2025-02-18T12:06:00.534389Z - 2025-02-18T12:07:00.534389Z,,,,,,,2025-02-18T12:06:32.640000Z,,,
HE.KU6.00.BHZ | 2025-02-18T12:06:10.897212Z - 2025-02-18T12:07:10.897212Z,,,,,,,2025-02-18T12:06:20.980000Z,,2025-02-18T12:06:50.880000Z,
HE.VRF.00.BHZ | 2025-02-18T12:05:44.958868Z - 2025-02-18T12:06:44.958868Z,,,,,,,2025-02-18T12:06:08.980000Z,,2025-02-18T12:06:29.280000Z,
HE.FIA0.00.?HZ | 2025-02-18T13:36:29.791180Z - 2025-02-18T13:37:29.791180Z,,,,,,,2025-02-18T13:37:10.681280Z,,2025-02-18T13:37:24.350550Z,
HE.FIA1.00.?HZ | 2025-02-18T13:36:45.545715Z - 2025-02-18T13:37:45.545715Z,,,,,,,2025-02-18T13:37:10.880840Z,,2025-02-18T13:37:24.450330Z,
HE.HEL1.00.BHZ | 2025-02-18T13:36:46.463937Z - 2025-02-18T13:37:46.463937Z,,,,,,,2025-02-18T13:36:58.412980Z,,2025-02-18T13:37:03.164200Z,
HE.HEL5.00.BHZ | 2025-02-18T13:36:45.462361Z - 2025-02-18T13:37:45.462361Z,,,,,,,2025-02-18T13:36:59.905510Z,,2025-02-18T13:37:06.091600Z,
HE.KAF.00.?HZ | 2025-02-18T13:37:07.831045Z - 2025-02-18T13:38:07.831045Z,,,,,,,2025-02-18T13:37:22.285710Z,,2025-02-18T13:37:44.553390Z,
HE.KEF.00.?HZ | 2025-02-18T13:37:04.986068Z - 2025-02-18T13:38:04.986068Z,,,,,,,2025-02-18T13:37:22.613970Z,,2025-02-18T13:37:44.532780Z,
HE.KORF.00.CZ | 2025-02-18T13:37:04.581347Z - 2025-02-18T13:38:04.581347Z,,,,,,,2025-02-18T13:37:25.936350Z,,2025-02-18T13:37:50.594230Z,
HE.KUNI.00.BHZ | 2025-02-18T13:36:32.865293Z - 2025-02-18T13:37:32.865293Z,,,,,,,2025-02-18T13:36:56.685260Z,,2025-02-18T13:37:00.572620Z,
HE.KY02.00.CZ | 2025-02-18T13:36:53.410666Z - 2025-02-18T13:37:53.410666Z,,,,,,,2025-02-18T13:37:07.987340Z,,2025-02-18T13:37:19.098350Z,
HE.KY17.00.CZ | 2025-02-18T13:36:28.129834Z - 2025-02-18T13:37:28.129834Z,,,,,,,2025-02-18T13:37:09.583750Z,,2025-02-18T13:37:22.355040Z,
HE.LAUT.00.BHZ | 2025-02-18T13:36:12.151030Z - 2025-02-18T13:37:12.151030Z,,,,,,,2025-02-18T13:36:58.931290Z,,2025-02-18T13:37:04.028060Z,
HE.LOVF.00.CZ | 2025-02-18T13:36:19.773994Z - 2025-02-18T13:37:19.773994Z,,,,,,,2025-02-18T13:37:01.003040Z,,2025-02-18T13:37:07.588240Z,
HE.MEF.00.BHZ | 2025-02-18T13:36:44.527756Z - 2025-02-18T13:37:44.527756Z,,,,,,,2025-02-18T13:37:01.003040Z,,2025-02-18T13:37:07.599180Z,
HE.NUR.00.SHZ | 2025-02-18T13:36:26.811516Z - 2025-02-18T13:37:26.811516Z,,,,,,,2025-02-18T13:36:57.333150Z,,2025-02-18T13:37:01.782030Z,
HE.PVF.00.CZ | 2025-02-18T13:36:37.630585Z - 2025-02-18T13:37:37.630585Z,,,,,,,2025-02-18T13:36:57.030800Z,,2025-02-18T13:37:00.831780Z,
HE.RAF.00.BHZ | 2025-02-18T13:37:05.454290Z - 2025-02-18T13:38:05.454290Z,,,,,,,2025-02-18T13:37:24.159240Z,,2025-02-18T13:37:47.512030Z,
HE.RUF.00.BHZ | 2025-02-18T13:37:29.588956Z - 2025-02-18T13:38:29.588956Z,,,,,,,,,2025-02-18T13:37:52.820160Z,
HE.TRE03.00.CZ | 2025-02-18T13:36:56.800238Z - 2025-02-18T13:37:56.800238Z,,,,,,,2025-02-18T13:37:14.772090Z,,2025-02-18T13:37:30.761240Z,
HE.TVF.00.BHZ | 2025-02-18T13:36:52.412804Z - 2025-02-18T13:37:52.412804Z,,,,,,,2025-02-18T13:37:13.774330Z,,2025-02-18T13:37:28.817450Z,
HE.VJF.00.?HZ | 2025-02-18T13:36:36.863658Z - 2025-02-18T13:37:36.863658Z,,,,,,,2025-02-18T13:37:11.878590Z,,2025-02-18T13:37:26.844950Z,
HE.VUOS.00.BHZ | 2025-02-18T13:36:47.534045Z - 2025-02-18T13:37:47.534045Z,,,,,,,2025-02-18T13:36:57.117190Z,,2025-02-18T13:37:00.874970Z,
FN.MSF.00.BHZ | 2025-02-18T20:08:14.221077Z - 2025-02-18T20:09:14.221077Z,,,,,,,2025-02-18T20:08:23.920000Z,,2025-02-18T20:08:58.280000Z,
FN.OLKF.00.BHZ | 2025-02-18T20:07:59.803830Z - 2025-02-18T20:08:59.803830Z,,,,,,,2025-02-18T20:08:17.160000Z,,2025-02-18T20:08:45.360000Z,
FN.RAJF.00.BHZ | 2025-02-18T20:08:09.165718Z - 2025-02-18T20:09:09.165718Z,,,,,,,2025-02-18T20:08:16.560000Z,,2025-02-18T20:08:44.180000Z,
FN.RANF.00.BHZ | 2025-02-18T20:08:28.586631Z - 2025-02-18T20:09:28.586631Z,,,,,,,2025-02-18T20:08:33.600000Z,,2025-02-18T20:09:15.360000Z,
FN.RNF.00.BHZ | 2025-02-18T20:08:24.733039Z - 2025-02-18T20:09:24.733039Z,,,,,,,,,2025-02-18T20:09:09.800000Z,
HE.KEV.00.BHZ | 2025-02-18T20:08:22.189823Z - 2025-02-18T20:09:22.189823Z,,,,,,,2025-02-18T20:08:30.510000Z,,2025-02-18T20:09:08.960000Z,
HE.KU6.00.BHZ | 2025-02-18T20:08:00.478974Z - 2025-02-18T20:09:00.478974Z,,,,,,,2025-02-18T20:08:17.980000Z,,2025-02-18T20:08:47.240000Z,
HE.VRF.00.BHZ | 2025-02-18T20:07:40.887071Z - 2025-02-18T20:08:40.887071Z,,,,,,,2025-02-18T20:08:06.820000Z,,2025-02-18T20:08:26.840000Z,
HE.ECKF.00.BHZ | 2025-02-19T12:24:29.538487Z - 2025-02-19T12:25:29.538487Z,,,,,,,2025-02-19T12:24:45.220000Z,,2025-02-19T12:25:09.340000Z,
HE.FIA0.00.SHZ | 2025-02-19T12:24:29.666783Z - 2025-02-19T12:25:29.666783Z,,,,,,,2025-02-19T12:24:42.300000Z,,2025-02-19T12:25:04.300000Z,
HE.KAF.00.BHZ | 2025-02-19T12:24:25.500521Z - 2025-02-19T12:25:25.500521Z,,,,,,,2025-02-19T12:24:51.280000Z,,2025-02-19T12:25:18.040000Z,
HE.KEF.00.BHZ | 2025-02-19T12:24:19.173566Z - 2025-02-19T12:25:19.173566Z,,,,,,,2025-02-19T12:24:44.580000Z,,2025-02-19T12:25:06.660000Z,
HE.KORF.00.BHZ | 2025-02-19T12:23:52.937702Z - 2025-02-19T12:24:52.937702Z,,,,,,,2025-02-19T12:24:31.480000Z,,,
HE.KPF.00.BHZ | 2025-02-19T12:24:18.777672Z - 2025-02-19T12:25:18.777672Z,,,,,,,2025-02-19T12:24:35.340000Z,,,
HE.KY17.00.BHZ | 2025-02-19T12:24:35.113128Z - 2025-02-19T12:25:35.113128Z,,,,,,,2025-02-19T12:24:47.980000Z,,2025-02-19T12:25:13.980000Z,
HE.NIF.00.BHZ | 2025-02-19T12:24:57.057989Z - 2025-02-19T12:25:57.057989Z,,,,,,,,,2025-02-19T12:25:47.600000Z,
HE.PVF.00.BHZ | 2025-02-19T12:24:24.128287Z - 2025-02-19T12:25:24.128287Z,,,,,,,2025-02-19T12:24:38.580000Z,,,
HE.RAF.00.BHZ | 2025-02-19T12:23:59.147801Z - 2025-02-19T12:24:59.147801Z,,,,,,,2025-02-19T12:24:26.080000Z,,2025-02-19T12:24:35.620000Z,
HE.SUF.00.BHZ | 2025-02-19T12:25:08.310307Z - 2025-02-19T12:26:08.310307Z,,,,,,,,,2025-02-19T12:25:28.760000Z,
HE.TRE03.00.BHZ | 2025-02-19T12:24:03.404715Z - 2025-02-19T12:25:03.404715Z,,,,,,,2025-02-19T12:24:32.980000Z,,2025-02-19T12:24:47.380000Z,
HE.TVF.00.BHZ | 2025-02-19T12:24:01.823604Z - 2025-02-19T12:25:01.823604Z,,,,,,,2025-02-19T12:24:29.280000Z,,,
HE.VAF.00.BHZ | 2025-02-19T12:24:34.231374Z - 2025-02-19T12:25:34.231374Z,,,,,,,,,2025-02-19T12:25:25.880000Z,
HE.VJF.00.BHZ | 2025-02-19T12:24:34.801641Z - 2025-02-19T12:25:34.801641Z,,,,,,,,,2025-02-19T12:25:18.430000Z,
HE.VUOS.00.BHZ | 2025-02-19T12:24:27.472549Z - 2025-02-19T12:25:27.472549Z,,,,,,,2025-02-19T12:24:34.580000Z,,,
HE.FIA0.00.SHZ | 2025-02-19T11:02:26.377801Z - 2025-02-19T11:03:26.377801Z,,,,,,,2025-02-19T11:02:45.900000Z,,,
HE.HEL5.00.BHZ | 2025-02-19T11:02:41.751429Z - 2025-02-19T11:03:41.751429Z,,,,,,,2025-02-19T11:02:58.060000Z,,,
HE.JOF.00.BHZ | 2025-02-19T11:02:48.355748Z - 2025-02-19T11:03:48.355748Z,,,,,,,2025-02-19T11:03:04.180000Z,,2025-02-19T11:03:36.320000Z,
HE.KAF.00.BHZ | 2025-02-19T11:02:34.110979Z - 2025-02-19T11:03:34.110979Z,,,,,,,2025-02-19T11:02:52.280000Z,,2025-02-19T11:03:14.680000Z,
HE.KEF.00.BHZ | 2025-02-19T11:02:45.221782Z - 2025-02-19T11:03:45.221782Z,,,,,,,2025-02-19T11:03:01.040000Z,,2025-02-19T11:03:31.040000Z,
HE.KUNI.00.BHZ | 2025-02-19T11:02:13.553758Z - 2025-02-19T11:03:13.553758Z,,,,,,,2025-02-19T11:02:56.230000Z,,,
HE.KY17.00.BHZ | 2025-02-19T11:02:12.339224Z - 2025-02-19T11:03:12.339224Z,,,,,,,2025-02-19T11:02:35.200000Z,,2025-02-19T11:02:46.240000Z,
HE.MEF.00.BHZ | 2025-02-19T11:02:55.259422Z - 2025-02-19T11:03:55.259422Z,,,,,,,2025-02-19T11:03:00.380000Z,,,
HE.NIF.00.BHZ | 2025-02-19T11:02:58.733343Z - 2025-02-19T11:03:58.733343Z,,,,,,,2025-02-19T11:03:06.980000Z,,2025-02-19T11:03:41.020000Z,
HE.NUR.00.BHZ | 2025-02-19T11:03:00.534366Z - 2025-02-19T11:04:00.534366Z,,,,,,,,,2025-02-19T11:03:23.080000Z,
HE.PVF.00.BHZ | 2025-02-19T11:02:20.800094Z - 2025-02-19T11:03:20.800094Z,,,,,,,2025-02-19T11:02:45.580000Z,,2025-02-19T11:03:07.240000Z,
HE.RUF.00.BHZ | 2025-02-19T11:02:06.042608Z - 2025-02-19T11:03:06.042608Z,,,,,,,2025-02-19T11:02:32.780000Z,,2025-02-19T11:02:41.220000Z,
HE.SUF.00.BHZ | 2025-02-19T11:02:40.861016Z - 2025-02-19T11:03:40.861016Z,,,,,,,2025-02-19T11:03:01.280000Z,,2025-02-19T11:03:31.200000Z,
HE.VJF.00.BHZ | 2025-02-19T11:02:22.370572Z - 2025-02-19T11:03:22.370572Z,,,,,,,2025-02-19T11:02:32.040000Z,,2025-02-19T11:02:40.420000Z,
HE.VUOS.00.BHZ | 2025-02-19T11:02:05.539275Z - 2025-02-19T11:03:05.539275Z,,,,,,,2025-02-19T11:02:54.140000Z,,,
FN.KLF.00.BHZ | 2025-02-19T04:11:06.296384Z - 2025-02-19T04:12:06.296384Z,,,,,,,,,2025-02-19T04:11:24.720000Z,
FN.MSF.00.BHZ | 2025-02-19T04:09:54.689529Z - 2025-02-19T04:10:54.689529Z,,,,,,,2025-02-19T04:10:13.640000Z,,2025-02-19T04:10:47.800000Z,
FN.OLKF.00.BHZ | 2025-02-19T04:10:01.373172Z - 2025-02-19T04:11:01.373172Z,,,,,,,2025-02-19T04:10:06.580000Z,,2025-02-19T04:10:34.720000Z,
FN.RAJF.00.BHZ | 2025-02-19T04:09:41.453028Z - 2025-02-19T04:10:41.453028Z,,,,,,,2025-02-19T04:10:05.730000Z,,2025-02-19T04:10:33.280000Z,
FN.RANF.00.BHZ | 2025-02-19T04:10:42.542311Z - 2025-02-19T04:11:42.542311Z,,,,,,,,,2025-02-19T04:11:04.320000Z,
FN.RNF.00.BHZ | 2025-02-19T04:10:37.312523Z - 2025-02-19T04:11:37.312523Z,,,,,,,,,2025-02-19T04:10:58.840000Z,
HE.HEF.00.BHZ | 2025-02-19T04:10:37.895929Z - 2025-02-19T04:11:37.895929Z,,,,,,,,,2025-02-19T04:11:24.480000Z,
HE.KEV.00.BHZ | 2025-02-19T04:09:33.572672Z - 2025-02-19T04:10:33.572672Z,,,,,,,2025-02-19T04:10:19.630000Z,,,
HE.KU6.00.BHZ | 2025-02-19T04:09:43.305147Z - 2025-02-19T04:10:43.305147Z,,,,,,,2025-02-19T04:10:07.260000Z,,2025-02-19T04:10:37.080000Z,
HE.VRF.00.BHZ | 2025-02-19T04:09:28.398396Z - 2025-02-19T04:10:28.398396Z,,,,,,,2025-02-19T04:09:56.180000Z,,2025-02-19T04:10:15.600000Z,
FN.RAJF.00.BHZ | 2025-02-19T16:04:33.776159Z - 2025-02-19T16:05:33.776159Z,,,,,,,2025-02-19T16:04:42.880000Z,,2025-02-19T16:05:03.240000Z,
HE.HEF.00.BHZ | 2025-02-19T16:05:12.119337Z - 2025-02-19T16:06:12.119337Z,,,,,,,,,2025-02-19T16:05:42.760000Z,
HE.KEV.00.BHZ | 2025-02-19T16:04:26.979979Z - 2025-02-19T16:05:26.979979Z,,,,,,,2025-02-19T16:04:44.960000Z,,2025-02-19T16:05:02.800000Z,
HE.VRF.00.BHZ | 2025-02-19T16:04:38.857193Z - 2025-02-19T16:05:38.857193Z,,,,,,,2025-02-19T16:04:51.380000Z,,2025-02-19T16:05:14.760000Z,
FN.KLF.00.BHZ | 2025-02-19T00:41:19.189544Z - 2025-02-19T00:42:19.189544Z,,,,,,,,,2025-02-19T00:41:57.400000Z,
FN.MSF.00.BHZ | 2025-02-19T00:40:33.534379Z - 2025-02-19T00:41:33.534379Z,,,,,,,2025-02-19T00:40:49.440000Z,,2025-02-19T00:41:18.930000Z,
FN.OLKF.00.BHZ | 2025-02-19T00:40:32.721312Z - 2025-02-19T00:41:32.721312Z,,,,,,,2025-02-19T00:40:42.400000Z,,2025-02-19T00:41:11.240000Z,
FN.RAJF.00.BHZ | 2025-02-19T00:40:23.081611Z - 2025-02-19T00:41:23.081611Z,,,,,,,2025-02-19T00:40:42.920000Z,,2025-02-19T00:41:08.680000Z,
FN.RANF.00.BHZ | 2025-02-19T00:41:07.510751Z - 2025-02-19T00:42:07.510751Z,,,,,,,,,2025-02-19T00:41:40.920000Z,
FN.RNF.00.BHZ | 2025-02-19T00:40:47.012563Z - 2025-02-19T00:41:47.012563Z,,,,,,,2025-02-19T00:40:55.640000Z,,2025-02-19T00:41:34.760000Z,
HE.HEF.00.BHZ | 2025-02-19T00:41:08.205763Z - 2025-02-19T00:42:08.205763Z,,,,,,,2025-02-19T00:41:13.360000Z,,2025-02-19T00:42:03.200000Z,
HE.KEV.00.BHZ | 2025-02-19T00:40:48.771123Z - 2025-02-19T00:41:48.771123Z,,,,,,,2025-02-19T00:40:55.880000Z,,2025-02-19T00:41:33.400000Z,
HE.KJNF.00.BHZ | 2025-02-19T00:41:24.933013Z - 2025-02-19T00:42:24.933013Z,,,,,,,,,2025-02-19T00:42:07.760000Z,
HE.KU6.00.BHZ | 2025-02-19T00:40:23.764583Z - 2025-02-19T00:41:23.764583Z,,,,,,,2025-02-19T00:40:43.400000Z,,2025-02-19T00:41:12.720000Z,
HE.VRF.00.BHZ | 2025-02-19T00:40:06.982032Z - 2025-02-19T00:41:06.982032Z,,,,,,,2025-02-19T00:40:31.800000Z,,2025-02-19T00:40:51.400000Z,
FN.KLF.00.BHZ | 2025-02-19T00:05:27.018766Z - 2025-02-19T00:06:27.018766Z,,,,,,,2025-02-19T00:06:03.060000Z,,,
FN.KLF.00.BHZ | 2025-02-19T00:06:25.111699Z - 2025-02-19T00:07:25.111699Z,,,,,,,,,2025-02-19T00:06:59.360000Z,
FN.MSF.00.BHZ | 2025-02-19T00:05:39.001841Z - 2025-02-19T00:06:39.001841Z,,,,,,,2025-02-19T00:05:48.120000Z,,2025-02-19T00:06:22.560000Z,
FN.OLKF.00.BHZ | 2025-02-19T00:05:25.648085Z - 2025-02-19T00:06:25.648085Z,,,,,,,2025-02-19T00:05:42.200000Z,,2025-02-19T00:06:11.320000Z,
FN.OUL.00.BHZ | 2025-02-19T00:05:38.189226Z - 2025-02-19T00:06:38.189226Z,,,,,,,2025-02-19T00:06:13.120000Z,,,
FN.OUL.00.BHZ | 2025-02-19T00:06:26.839979Z - 2025-02-19T00:07:26.839979Z,,,,,,,,,2025-02-19T00:07:05.080000Z,
FN.RAJF.00.BHZ | 2025-02-19T00:05:16.538038Z - 2025-02-19T00:06:16.538038Z,,,,,,,2025-02-19T00:05:41.600000Z,,2025-02-19T00:06:10.440000Z,
FN.RANF.00.BHZ | 2025-02-19T00:05:48.383642Z - 2025-02-19T00:06:48.383642Z,,,,,,,2025-02-19T00:05:55.680000Z,,2025-02-19T00:06:41.040000Z,
FN.RNF.00.BHZ | 2025-02-19T00:05:41.463048Z - 2025-02-19T00:06:41.463048Z,,,,,,,2025-02-19T00:05:55.160000Z,,2025-02-19T00:06:35.200000Z,
HE.HEF.00.BHZ | 2025-02-19T00:05:55.872625Z - 2025-02-19T00:06:55.872625Z,,,,,,,2025-02-19T00:06:04.160000Z,,2025-02-19T00:06:50.220000Z,
HE.KEV.00.BHZ | 2025-02-19T00:05:47.321876Z - 2025-02-19T00:06:47.321876Z,,,,,,,2025-02-19T00:05:55.800000Z,,2025-02-19T00:06:35.420000Z,
HE.KU1.00.BHZ | 2025-02-19T00:05:07.485767Z - 2025-02-19T00:06:07.485767Z,,,,,,,2025-02-19T00:05:50.020000Z,,,
HE.KU2.00.BHZ | 2025-02-19T00:05:36.452604Z - 2025-02-19T00:06:36.452604Z,,,,,,,2025-02-19T00:05:53.560000Z,,,
HE.KU6.00.BHZ | 2025-02-19T00:05:22.219084Z - 2025-02-19T00:06:22.219084Z,,,,,,,2025-02-19T00:05:42.800000Z,,2025-02-19T00:06:12.760000Z,
HE.RMF.00.BHZ | 2025-02-19T00:05:57.745294Z - 2025-02-19T00:06:57.745294Z,,,,,,,2025-02-19T00:06:03.300000Z,,,
HE.TOF.00.BHZ | 2025-02-19T00:05:25.025388Z - 2025-02-19T00:06:25.025388Z,,,,,,,2025-02-19T00:06:06.720000Z,,,
HE.VRF.00.BHZ | 2025-02-19T00:05:24.361506Z - 2025-02-19T00:06:24.361506Z,,,,,,,2025-02-19T00:05:32.120000Z,,2025-02-19T00:05:53.400000Z,
HE.HEL1.00.BHZ | 2025-02-19T13:59:45.063476Z - 2025-02-19T14:00:45.063476Z,,,,,,,2025-02-19T14:00:10.498020Z,,2025-02-19T14:00:12.064330Z,
HE.HEL5.00.BHZ | 2025-02-19T13:59:23.020864Z - 2025-02-19T14:00:23.020864Z,,,,,,,2025-02-19T14:00:10.424050Z,,2025-02-19T14:00:12.064330Z,
HE.KUNI.00.BHZ | 2025-02-19T13:59:42.242704Z - 2025-02-19T14:00:42.242704Z,,,,,,,2025-02-19T14:00:10.584110Z,,2025-02-19T14:00:12.297120Z,
HE.LAUT.00.BHZ | 2025-02-19T13:59:53.843031Z - 2025-02-19T14:00:53.843031Z,,,,,,,2025-02-19T14:00:10.424050Z,,2025-02-19T14:00:12.150040Z,
HE.MEF.00.BHZ | 2025-02-19T14:00:02.875954Z - 2025-02-19T14:01:02.875954Z,,,,,,,2025-02-19T14:00:11.025340Z,,2025-02-19T14:00:13.078950Z,
HE.NUR.00.SHZ | 2025-02-19T13:59:58.841598Z - 2025-02-19T14:00:58.841598Z,,,,,,,2025-02-19T14:00:13.466170Z,,2025-02-19T14:00:17.355050Z,
HE.LAUT.00.BHZ | 2025-02-19T11:29:21.298456Z - 2025-02-19T11:30:21.298456Z,,,,,,,2025-02-19T11:30:07.445150Z,,2025-02-19T11:30:11.536600Z,
HE.MEF.00.BHZ | 2025-02-19T11:29:42.294776Z - 2025-02-19T11:30:42.294776Z,,,,,,,2025-02-19T11:30:03.503790Z,,2025-02-19T11:30:04.750340Z,
HE.VUOS.00.BHZ | 2025-02-19T11:29:49.618966Z - 2025-02-19T11:30:49.618966Z,,,,,,,2025-02-19T11:30:09.570460Z,,2025-02-19T11:30:15.329370Z,
HE.KUNI.00.BHZ | 2025-02-19T11:30:28.100474Z - 2025-02-19T11:31:28.100474Z,,,,,,,2025-02-19T11:30:53.470820Z,,2025-02-19T11:30:57.476690Z,
HE.NUR.00.SHZ | 2025-02-19T11:30:13.756256Z - 2025-02-19T11:31:13.756256Z,,,,,,,2025-02-19T11:30:52.802310Z,,2025-02-19T11:30:56.169980Z,
HE.VUOS.00.BHZ | 2025-02-19T11:30:19.608923Z - 2025-02-19T11:31:19.608923Z,,,,,,,2025-02-19T11:30:55.945470Z,,2025-02-19T11:31:02.156960Z,
HE.HEL1.00.BHZ | 2025-02-19T15:28:13.992364Z - 2025-02-19T15:29:13.992364Z,,,,,,,,,2025-02-19T15:28:28.064290Z,
HE.HEL5.00.BHZ | 2025-02-19T15:27:35.112091Z - 2025-02-19T15:28:35.112091Z,,,,,,,2025-02-19T15:28:23.324720Z,,2025-02-19T15:28:26.949380Z,
HE.KUNI.00.BHZ | 2025-02-19T15:27:49.777663Z - 2025-02-19T15:28:49.777663Z,,,,,,,2025-02-19T15:28:23.736400Z,,2025-02-19T15:28:28.067740Z,
HE.LAUT.00.BHZ | 2025-02-19T15:28:10.249629Z - 2025-02-19T15:29:10.249629Z,,,,,,,2025-02-19T15:28:23.736400Z,,2025-02-19T15:28:27.815430Z,
HE.MEF.00.BHZ | 2025-02-19T15:27:35.586387Z - 2025-02-19T15:28:35.586387Z,,,,,,,2025-02-19T15:28:19.883800Z,,2025-02-19T15:28:21.155280Z,
HE.NUR.00.SHZ | 2025-02-19T15:28:05.165664Z - 2025-02-19T15:29:05.165664Z,,,,,,,2025-02-19T15:28:22.976230Z,,2025-02-19T15:28:26.374020Z,
HE.VUOS.00.BHZ | 2025-02-19T15:28:01.286152Z - 2025-02-19T15:29:01.286152Z,,,,,,,,,2025-02-19T15:28:30.903550Z,
FN.MSF.00.BHZ | 2025-02-19T11:02:35.311668Z - 2025-02-19T11:03:35.311668Z,,,,,,,2025-02-19T11:02:57.526710Z,,2025-02-19T11:03:07.913120Z,
FN.OLKF.00.BHZ | 2025-02-19T11:02:49.018682Z - 2025-02-19T11:03:49.018682Z,,,,,,,2025-02-19T11:03:05.056080Z,,2025-02-19T11:03:19.682920Z,
FN.OUL.00.BHZ | 2025-02-19T11:02:49.612029Z - 2025-02-19T11:03:49.612029Z,,,,,,,2025-02-19T11:02:56.762250Z,,2025-02-19T11:03:06.285710Z,
FN.RANF.00.?HZ | 2025-02-19T11:02:33.366700Z - 2025-02-19T11:03:33.366700Z,,,,,,,2025-02-19T11:02:55.015200Z,,2025-02-19T11:03:03.519370Z,
FN.RNF.00.BHZ | 2025-02-19T11:02:59.965378Z - 2025-02-19T11:03:59.965378Z,,,,,,,2025-02-19T11:03:07.612300Z,,2025-02-19T11:03:24.972220Z,
HE.KU1.00.SHZ | 2025-02-19T11:02:24.268680Z - 2025-02-19T11:03:24.268680Z,,,,,,,2025-02-19T11:02:59.093660Z,,2025-02-19T11:03:09.920160Z,
HE.KU2.00.SHZ | 2025-02-19T11:02:18.191364Z - 2025-02-19T11:03:18.191364Z,,,,,,,2025-02-19T11:02:50.834370Z,,2025-02-19T11:02:56.297950Z,
HE.KU6.00.BHZ | 2025-02-19T11:02:29.204048Z - 2025-02-19T11:03:29.204048Z,,,,,,,2025-02-19T11:03:04.408010Z,,2025-02-19T11:03:18.986260Z,
HE.OBF3.00.BHZ | 2025-02-19T11:02:30.402521Z - 2025-02-19T11:03:30.402521Z,,,,,,,2025-02-19T11:03:07.046080Z,,2025-02-19T11:03:24.099770Z,
HE.RMF.00.BHZ | 2025-02-19T11:03:01.629771Z - 2025-02-19T11:04:01.629771Z,,,,,,,2025-02-19T11:03:11.797870Z,,2025-02-19T11:03:32.527500Z,
HE.TOF.00.BHZ | 2025-02-19T11:02:58.378749Z - 2025-02-19T11:03:58.378749Z,,,,,,,2025-02-19T11:03:09.541180Z,,2025-02-19T11:03:28.416650Z,
HE.HEL5.00.BHZ | 2025-02-19T11:40:13.270330Z - 2025-02-19T11:41:13.270330Z,,,,,,,2025-02-19T11:40:48.323480Z,,2025-02-19T11:40:56.860660Z,
HE.KORF.00.CZ | 2025-02-19T11:40:45.323300Z - 2025-02-19T11:41:45.323300Z,,,,,,,2025-02-19T11:40:53.050110Z,,2025-02-19T11:41:06.211060Z,
HE.KUNI.00.BHZ | 2025-02-19T11:40:06.666306Z - 2025-02-19T11:41:06.666306Z,,,,,,,2025-02-19T11:40:50.950970Z,,2025-02-19T11:41:00.946810Z,
HE.LAUT.00.BHZ | 2025-02-19T11:40:34.428517Z - 2025-02-19T11:41:34.428517Z,,,,,,,2025-02-19T11:40:49.864090Z,,2025-02-19T11:40:59.543780Z,
HE.LOVF.00.CZ | 2025-02-19T11:41:16.110059Z - 2025-02-19T11:42:16.110059Z,,,,,,,,,2025-02-19T11:41:22.779070Z,
HE.MEF.00.BHZ | 2025-02-19T11:40:24.347086Z - 2025-02-19T11:41:24.347086Z,,,,,,,2025-02-19T11:40:46.206650Z,,2025-02-19T11:40:53.131630Z,
HE.NUR.00.SHZ | 2025-02-19T11:40:23.198503Z - 2025-02-19T11:41:23.198503Z,,,,,,,2025-02-19T11:40:50.908700Z,,2025-02-19T11:41:02.006080Z,
HE.PVF.00.CZ | 2025-02-19T11:40:49.837104Z - 2025-02-19T11:41:49.837104Z,,,,,,,2025-02-19T11:41:00.514430Z,,2025-02-19T11:41:18.221510Z,
HE.RAF.00.BHZ | 2025-02-19T11:40:39.284793Z - 2025-02-19T11:41:39.284793Z,,,,,,,2025-02-19T11:40:59.872870Z,,2025-02-19T11:41:16.938390Z,
HE.TRE03.00.CZ | 2025-02-19T11:40:56.108448Z - 2025-02-19T11:41:56.108448Z,,,,,,,2025-02-19T11:41:06.132780Z,,2025-02-19T11:41:28.276650Z,
HE.TVF.00.BHZ | 2025-02-19T11:40:18.514363Z - 2025-02-19T11:41:18.514363Z,,,,,,,2025-02-19T11:40:37.900000Z,,2025-02-19T11:40:40.089500Z,
FN.KLF.00.BHZ | 2025-02-19T12:45:15.479417Z - 2025-02-19T12:46:15.479417Z,,,,,,,2025-02-19T12:45:46.046780Z,,2025-02-19T12:46:09.573270Z,
FN.MSF.00.BHZ | 2025-02-19T12:45:29.312159Z - 2025-02-19T12:46:29.312159Z,,,,,,,2025-02-19T12:45:42.203980Z,,2025-02-19T12:46:01.755900Z,
FN.OLKF.00.BHZ | 2025-02-19T12:45:36.442215Z - 2025-02-19T12:46:36.442215Z,,,,,,,2025-02-19T12:45:46.805660Z,,2025-02-19T12:46:10.139100Z,
FN.OUL.00.BHZ | 2025-02-19T12:45:05.218156Z - 2025-02-19T12:46:05.218156Z,,,,,,,2025-02-19T12:45:22.809870Z,,2025-02-19T12:45:29.306610Z,
FN.RANF.00.?HZ | 2025-02-19T12:45:12.713244Z - 2025-02-19T12:46:12.713244Z,,,,,,,2025-02-19T12:45:27.877840Z,,2025-02-19T12:45:37.855130Z,
FN.RNF.00.BHZ | 2025-02-19T12:44:55.968074Z - 2025-02-19T12:45:55.968074Z,,,,,,,2025-02-19T12:45:34.723060Z,,2025-02-19T12:45:49.147240Z,
HE.KU1.00.SHZ | 2025-02-19T12:45:26.357044Z - 2025-02-19T12:46:26.357044Z,,,,,,,2025-02-19T12:45:45.082590Z,,2025-02-19T12:46:07.557820Z,
HE.KU2.00.SHZ | 2025-02-19T12:45:23.222716Z - 2025-02-19T12:46:23.222716Z,,,,,,,2025-02-19T12:45:35.736700Z,,2025-02-19T12:45:51.131520Z,
HE.KU6.00.BHZ | 2025-02-19T12:45:29.081572Z - 2025-02-19T12:46:29.081572Z,,,,,,,2025-02-19T12:45:48.096840Z,,2025-02-19T12:46:12.998130Z,
HE.OBF0.00.BHZ | 2025-02-19T12:45:08.473456Z - 2025-02-19T12:46:08.473456Z,,,,,,,2025-02-19T12:45:34.720270Z,,2025-02-19T12:45:49.195390Z,
HE.OBF3.00.BHZ | 2025-02-19T12:44:44.693543Z - 2025-02-19T12:45:44.693543Z,,,,,,,2025-02-19T12:45:27.964690Z,,2025-02-19T12:45:37.706570Z,
HE.OUF.00.BHZ | 2025-02-19T12:45:15.811679Z - 2025-02-19T12:46:15.811679Z,,,,,,,2025-02-19T12:45:35.262880Z,,2025-02-19T12:45:50.633410Z,
HE.TOF.00.BHZ | 2025-02-19T12:44:52.789695Z - 2025-02-19T12:45:52.789695Z,,,,,,,2025-02-19T12:45:26.483900Z,,2025-02-19T12:45:35.907820Z,
FN.OUL.00.BHZ | 2025-02-19T13:41:27.640005Z - 2025-02-19T13:42:27.640005Z,,,,,,,2025-02-19T13:41:41.277220Z,,2025-02-19T13:42:02.656640Z,
HE.ALAJF.00.?HZ | 2025-02-19T13:41:11.196359Z - 2025-02-19T13:42:11.196359Z,,,,,,,2025-02-19T13:41:20.451710Z,,2025-02-19T13:41:27.128070Z,
HE.KAF.00.?HZ | 2025-02-19T13:41:26.980185Z - 2025-02-19T13:42:26.980185Z,,,,,,,2025-02-19T13:41:45.006700Z,,2025-02-19T13:42:09.635980Z,
HE.KEF.00.?HZ | 2025-02-19T13:41:19.782363Z - 2025-02-19T13:42:19.782363Z,,,,,,,2025-02-19T13:41:39.121370Z,,2025-02-19T13:41:59.814070Z,
HE.KPF.00.BHZ | 2025-02-19T13:41:39.139813Z - 2025-02-19T13:42:39.139813Z,,,,,,,2025-02-19T13:41:46.135050Z,,2025-02-19T13:42:11.467250Z,
HE.NIF.00.BHZ | 2025-02-19T13:41:32.659921Z - 2025-02-19T13:42:32.659921Z,,,,,,,2025-02-19T13:41:43.057740Z,,2025-02-19T13:42:06.179460Z,
HE.OBF0.00.BHZ | 2025-02-19T13:40:58.369219Z - 2025-02-19T13:41:58.369219Z,,,,,,,2025-02-19T13:41:26.675430Z,,2025-02-19T13:41:37.768220Z,
HE.OBF3.00.BHZ | 2025-02-19T13:41:22.346394Z - 2025-02-19T13:42:22.346394Z,,,,,,,2025-02-19T13:41:33.380080Z,,2025-02-19T13:41:49.146060Z,
HE.OBF8.00.BHZ | 2025-02-19T13:41:14.352569Z - 2025-02-19T13:42:14.352569Z,,,,,,,2025-02-19T13:41:23.393830Z,,2025-02-19T13:41:32.786000Z,
HE.OUF.00.BHZ | 2025-02-19T13:41:07.400851Z - 2025-02-19T13:42:07.400851Z,,,,,,,2025-02-19T13:41:25.770160Z,,2025-02-19T13:41:36.237340Z,
HE.SUF.00.BHZ | 2025-02-19T13:41:30.895744Z - 2025-02-19T13:42:30.895744Z,,,,,,,2025-02-19T13:41:36.561480Z,,2025-02-19T13:41:54.772250Z,
HE.VAF.00.BHZ | 2025-02-19T13:41:13.300549Z - 2025-02-19T13:42:13.300549Z,,,,,,,2025-02-19T13:41:25.374110Z,,2025-02-19T13:41:35.903910Z,
FN.KLF.00.BHZ | 2025-02-20T23:56:54.929218Z - 2025-02-20T23:57:54.929218Z,,,,,,,2025-02-20T23:57:26.600000Z,,,
FN.MSF.00.BHZ | 2025-02-20T23:56:43.399429Z - 2025-02-20T23:57:43.399429Z,,,,,,,2025-02-20T23:57:01.960000Z,,2025-02-20T23:57:35.280000Z,
FN.OLKF.00.BHZ | 2025-02-20T23:56:46.029650Z - 2025-02-20T23:57:46.029650Z,,,,,,,2025-02-20T23:56:55.320000Z,,2025-02-20T23:57:24.200000Z,
FN.RAJF.00.BHZ | 2025-02-20T23:56:35.601475Z - 2025-02-20T23:57:35.601475Z,,,,,,,2025-02-20T23:56:55.160000Z,,2025-02-20T23:57:23.320000Z,
FN.RANF.00.BHZ | 2025-02-20T23:57:01.131644Z - 2025-02-20T23:58:01.131644Z,,,,,,,2025-02-20T23:57:12.320000Z,,2025-02-20T23:57:54.640000Z,
FN.RNF.00.BHZ | 2025-02-20T23:56:56.929439Z - 2025-02-20T23:57:56.929439Z,,,,,,,2025-02-20T23:57:08.040000Z,,2025-02-20T23:57:48.080000Z,
HE.HEF.00.BHZ | 2025-02-20T23:57:48.405546Z - 2025-02-20T23:58:48.405546Z,,,,,,,,,2025-02-20T23:58:03.560000Z,
HE.KEV.00.BHZ | 2025-02-20T23:56:55.083138Z - 2025-02-20T23:57:55.083138Z,,,,,,,2025-02-20T23:57:08.840000Z,,2025-02-20T23:57:48.320000Z,
HE.KU6.00.BHZ | 2025-02-20T23:56:35.136287Z - 2025-02-20T23:57:35.136287Z,,,,,,,2025-02-20T23:56:55.840000Z,,2025-02-20T23:57:25.520000Z,
HE.VRF.00.BHZ | 2025-02-20T23:56:33.687090Z - 2025-02-20T23:57:33.687090Z,,,,,,,2025-02-20T23:56:45.560000Z,,2025-02-20T23:57:06.000000Z,
HE.HEL1.00.BHZ | 2025-02-20T08:20:54.849438Z - 2025-02-20T08:21:54.849438Z,,,,,,,2025-02-20T08:21:16.661320Z,,2025-02-20T08:21:17.796200Z,
HE.HEL5.00.BHZ | 2025-02-20T08:21:05.783880Z - 2025-02-20T08:22:05.783880Z,,,,,,,2025-02-20T08:21:18.482270Z,,2025-02-20T08:21:20.771470Z,
HE.KUNI.00.BHZ | 2025-02-20T08:20:39.502333Z - 2025-02-20T08:21:39.502333Z,,,,,,,2025-02-20T08:21:16.506890Z,,2025-02-20T08:21:17.348560Z,
HE.LAUT.00.BHZ | 2025-02-20T08:20:34.185757Z - 2025-02-20T08:21:34.185757Z,,,,,,,2025-02-20T08:21:17.142570Z,,2025-02-20T08:21:18.520760Z,
HE.MEF.00.BHZ | 2025-02-20T08:21:01.758358Z - 2025-02-20T08:22:01.758358Z,,,,,,,,,2025-02-20T08:21:24.766340Z,
HE.NUR.00.SHZ | 2025-02-20T08:20:38.280799Z - 2025-02-20T08:21:38.280799Z,,,,,,,,,2025-02-20T08:21:25.420480Z,
HE.VUOS.00.BHZ | 2025-02-20T08:20:43.874543Z - 2025-02-20T08:21:43.874543Z,,,,,,,2025-02-20T08:21:16.968240Z,,2025-02-20T08:21:17.817000Z,
HE.FIA0.00.?HZ | 2025-02-20T13:55:45.689749Z - 2025-02-20T13:56:45.689749Z,,,,,,,2025-02-20T13:55:55.095950Z,,2025-02-20T13:56:03.118600Z,
HE.FIA1.00.?HZ | 2025-02-20T13:55:21.396496Z - 2025-02-20T13:56:21.396496Z,,,,,,,2025-02-20T13:55:55.095950Z,,2025-02-20T13:56:03.310380Z,
HE.KAF.00.?HZ | 2025-02-20T13:56:16.709577Z - 2025-02-20T13:57:16.709577Z,,,,,,,,,2025-02-20T13:56:22.186560Z,
HE.KEF.00.?HZ | 2025-02-20T13:56:00.706941Z - 2025-02-20T13:57:00.706941Z,,,,,,,2025-02-20T13:56:11.087920Z,,2025-02-20T13:56:31.517530Z,
HE.KY02.00.CZ | 2025-02-20T13:54:59.626069Z - 2025-02-20T13:55:59.626069Z,,,,,,,2025-02-20T13:55:46.114410Z,,2025-02-20T13:55:48.160020Z,
HE.KY17.00.CZ | 2025-02-20T13:55:19.422908Z - 2025-02-20T13:56:19.422908Z,,,,,,,2025-02-20T13:55:48.032170Z,,2025-02-20T13:55:50.972750Z,
HE.LOVF.00.CZ | 2025-02-20T13:55:32.043732Z - 2025-02-20T13:56:32.043732Z,,,,,,,2025-02-20T13:55:51.771820Z,,2025-02-20T13:55:57.360940Z,
HE.NUR.00.SHZ | 2025-02-20T13:55:28.094728Z - 2025-02-20T13:56:28.094728Z,,,,,,,,,2025-02-20T13:56:14.645940Z,
HE.PVF.00.CZ | 2025-02-20T13:55:22.207418Z - 2025-02-20T13:56:22.207418Z,,,,,,,2025-02-20T13:55:52.123410Z,,2025-02-20T13:55:58.324190Z,
HE.RUF.00.BHZ | 2025-02-20T13:56:08.407696Z - 2025-02-20T13:57:08.407696Z,,,,,,,,,2025-02-20T13:56:23.211530Z,
HE.SUF.00.BHZ | 2025-02-20T13:56:24.686535Z - 2025-02-20T13:57:24.686535Z,,,,,,,,,2025-02-20T13:56:40.643340Z,
HE.TRE03.00.CZ | 2025-02-20T13:56:01.502850Z - 2025-02-20T13:57:01.502850Z,,,,,,,2025-02-20T13:56:08.325080Z,,2025-02-20T13:56:26.174130Z,
HE.VJF.00.?HZ | 2025-02-20T13:55:17.021594Z - 2025-02-20T13:56:17.021594Z,,,,,,,2025-02-20T13:55:54.137060Z,,2025-02-20T13:56:01.696230Z,
HE.VUOS.00.BHZ | 2025-02-20T13:55:19.112321Z - 2025-02-20T13:56:19.112321Z,,,,,,,2025-02-20T13:56:01.458920Z,,2025-02-20T13:56:13.897190Z,
HE.HEL1.00.BHZ | 2025-02-20T09:14:16.366755Z - 2025-02-20T09:15:16.366755Z,,,,,,,2025-02-20T09:14:45.975990Z,,2025-02-20T09:14:46.468050Z,
HE.HEL5.00.BHZ | 2025-02-20T09:14:28.615994Z - 2025-02-20T09:15:28.615994Z,,,,,,,2025-02-20T09:14:47.685760Z,,2025-02-20T09:14:49.414820Z,
HE.KUNI.00.BHZ | 2025-02-20T09:14:02.864100Z - 2025-02-20T09:15:02.864100Z,,,,,,,2025-02-20T09:14:46.594580Z,,2025-02-20T09:14:47.536520Z,
HE.LAUT.00.BHZ | 2025-02-20T09:13:59.704320Z - 2025-02-20T09:14:59.704320Z,,,,,,,2025-02-20T09:14:46.482110Z,,2025-02-20T09:14:47.410000Z,
HE.MEF.00.BHZ | 2025-02-20T09:14:06.795739Z - 2025-02-20T09:15:06.795739Z,,,,,,,,,2025-02-20T09:14:53.501320Z,
HE.VUOS.00.BHZ | 2025-02-20T09:14:35.961502Z - 2025-02-20T09:15:35.961502Z,,,,,,,2025-02-20T09:14:47.508410Z,,2025-02-20T09:14:48.872110Z,
HE.ALAJF.00.?HZ | 2025-02-20T09:32:54.362246Z - 2025-02-20T09:33:54.362246Z,,,,,,,2025-02-20T09:33:27.060990Z,,2025-02-20T09:33:46.390270Z,
HE.FIA0.00.?HZ | 2025-02-20T09:33:04.760339Z - 2025-02-20T09:34:04.760339Z,,,,,,,2025-02-20T09:33:17.262000Z,,2025-02-20T09:33:30.207830Z,
HE.FIA1.00.?HZ | 2025-02-20T09:33:08.795672Z - 2025-02-20T09:34:08.795672Z,,,,,,,2025-02-20T09:33:17.262000Z,,2025-02-20T09:33:30.642120Z,
HE.HEL5.00.BHZ | 2025-02-20T09:33:14.571488Z - 2025-02-20T09:34:14.571488Z,,,,,,,2025-02-20T09:33:26.786250Z,,2025-02-20T09:33:46.329280Z,
HE.KAF.00.?HZ | 2025-02-20T09:33:09.020233Z - 2025-02-20T09:34:09.020233Z,,,,,,,2025-02-20T09:33:20.613190Z,,2025-02-20T09:33:36.498310Z,
HE.KEF.00.?HZ | 2025-02-20T09:32:40.243934Z - 2025-02-20T09:33:40.243934Z,,,,,,,2025-02-20T09:33:11.579590Z,,2025-02-20T09:33:20.529670Z,
HE.KORF.00.CZ | 2025-02-20T09:33:15.291968Z - 2025-02-20T09:34:15.291968Z,,,,,,,2025-02-20T09:33:33.118470Z,,2025-02-20T09:33:57.969670Z,
HE.KPF.00.BHZ | 2025-02-20T09:33:09.956805Z - 2025-02-20T09:34:09.956805Z,,,,,,,2025-02-20T09:33:15.920710Z,,2025-02-20T09:33:27.917380Z,
HE.KY17.00.CZ | 2025-02-20T09:33:04.234882Z - 2025-02-20T09:34:04.234882Z,,,,,,,2025-02-20T09:33:28.290420Z,,2025-02-20T09:33:48.866150Z,
HE.LAUT.00.BHZ | 2025-02-20T09:33:12.318258Z - 2025-02-20T09:34:12.318258Z,,,,,,,,,2025-02-20T09:33:45.852190Z,
HE.LOVF.00.CZ | 2025-02-20T09:33:02.971085Z - 2025-02-20T09:34:02.971085Z,,,,,,,2025-02-20T09:33:28.017840Z,,2025-02-20T09:33:48.817290Z,
HE.MEF.00.BHZ | 2025-02-20T09:33:00.002738Z - 2025-02-20T09:34:00.002738Z,,,,,,,2025-02-20T09:33:24.374040Z,,2025-02-20T09:33:42.760410Z,
HE.NUR.00.SHZ | 2025-02-20T09:32:39.959123Z - 2025-02-20T09:33:39.959123Z,,,,,,,2025-02-20T09:33:19.693870Z,,2025-02-20T09:33:34.653690Z,
HE.PVF.00.CZ | 2025-02-20T09:33:11.980675Z - 2025-02-20T09:34:11.980675Z,,,,,,,2025-02-20T09:33:23.789010Z,,2025-02-20T09:33:41.757520Z,
HE.RAF.00.BHZ | 2025-02-20T09:32:47.829477Z - 2025-02-20T09:33:47.829477Z,,,,,,,2025-02-20T09:33:21.031060Z,,2025-02-20T09:33:37.057620Z,
HE.SUF.00.BHZ | 2025-02-20T09:32:55.759337Z - 2025-02-20T09:33:55.759337Z,,,,,,,2025-02-20T09:33:26.454540Z,,2025-02-20T09:33:45.690760Z,
HE.TRE03.00.CZ | 2025-02-20T09:32:35.801531Z - 2025-02-20T09:33:35.801531Z,,,,,,,2025-02-20T09:33:00.548380Z,,2025-02-20T09:33:02.072400Z,
HE.TVF.00.BHZ | 2025-02-20T09:33:07.222719Z - 2025-02-20T09:34:07.222719Z,,,,,,,2025-02-20T09:33:30.858500Z,,2025-02-20T09:33:54.324320Z,
HE.VAF.00.BHZ | 2025-02-20T09:33:11.804814Z - 2025-02-20T09:34:11.804814Z,,,,,,,2025-02-20T09:33:27.655830Z,,2025-02-20T09:33:48.022390Z,
HE.VJF.00.?HZ | 2025-02-20T09:33:12.119159Z - 2025-02-20T09:34:12.119159Z,,,,,,,2025-02-20T09:33:35.135920Z,,2025-02-20T09:34:00.466090Z,
HE.VUOS.00.BHZ | 2025-02-20T09:32:54.496508Z - 2025-02-20T09:33:54.496508Z,,,,,,,,,2025-02-20T09:33:46.157100Z,
HE.HEL1.00.BHZ | 2025-02-20T13:59:26.343792Z - 2025-02-20T14:00:26.343792Z,,,,,,,2025-02-20T14:00:06.226040Z,,2025-02-20T14:00:07.476240Z,
HE.HEL5.00.BHZ | 2025-02-20T13:59:35.433147Z - 2025-02-20T14:00:35.433147Z,,,,,,,2025-02-20T14:00:06.359990Z,,2025-02-20T14:00:07.714370Z,
HE.KUNI.00.BHZ | 2025-02-20T13:59:49.531069Z - 2025-02-20T14:00:49.531069Z,,,,,,,2025-02-20T14:00:06.330220Z,,2025-02-20T14:00:07.803670Z,
HE.LAUT.00.BHZ | 2025-02-20T13:59:58.456789Z - 2025-02-20T14:00:58.456789Z,,,,,,,2025-02-20T14:00:06.359990Z,,2025-02-20T14:00:07.610190Z,
HE.NUR.00.SHZ | 2025-02-20T13:59:23.526365Z - 2025-02-20T14:00:23.526365Z,,,,,,,,,2025-02-20T14:00:12.600420Z,
HE.VUOS.00.BHZ | 2025-02-20T13:59:48.097129Z - 2025-02-20T14:00:48.097129Z,,,,,,,2025-02-20T14:00:08.352060Z,,2025-02-20T14:00:11.584510Z,
FN.KLF.00.BHZ | 2025-02-20T20:14:57.391618Z - 2025-02-20T20:15:57.391618Z,,,,,,,2025-02-20T20:15:08.120000Z,,,
FN.MSF.00.BHZ | 2025-02-20T20:14:33.937180Z - 2025-02-20T20:15:33.937180Z,,,,,,,2025-02-20T20:14:44.040000Z,,2025-02-20T20:15:17.560000Z,
FN.OLKF.00.BHZ | 2025-02-20T20:14:12.115696Z - 2025-02-20T20:15:12.115696Z,,,,,,,2025-02-20T20:14:36.560000Z,,2025-02-20T20:15:06.160000Z,
FN.RAJF.00.BHZ | 2025-02-20T20:14:23.252037Z - 2025-02-20T20:15:23.252037Z,,,,,,,2025-02-20T20:14:36.660000Z,,2025-02-20T20:15:05.630000Z,
FN.RANF.00.BHZ | 2025-02-20T20:14:49.137671Z - 2025-02-20T20:15:49.137671Z,,,,,,,2025-02-20T20:14:54.320000Z,,2025-02-20T20:15:36.200000Z,
FN.RNF.00.BHZ | 2025-02-20T20:14:37.290959Z - 2025-02-20T20:15:37.290959Z,,,,,,,2025-02-20T20:14:49.880000Z,,2025-02-20T20:15:30.760000Z,
HE.HEF.00.BHZ | 2025-02-20T20:14:52.631204Z - 2025-02-20T20:15:52.631204Z,,,,,,,2025-02-20T20:15:03.440000Z,,2025-02-20T20:15:43.530000Z,
HE.KEV.00.BHZ | 2025-02-20T20:14:43.750708Z - 2025-02-20T20:15:43.750708Z,,,,,,,2025-02-20T20:14:50.880000Z,,2025-02-20T20:15:37.640000Z,
HE.KU2.00.BHZ | 2025-02-20T20:14:10.893107Z - 2025-02-20T20:15:10.893107Z,,,,,,,2025-02-20T20:14:50.940000Z,,,
HE.KU6.00.BHZ | 2025-02-20T20:14:13.603525Z - 2025-02-20T20:15:13.603525Z,,,,,,,2025-02-20T20:14:37.600000Z,,2025-02-20T20:15:07.280000Z,
HE.TOF.00.BHZ | 2025-02-20T20:14:56.185715Z - 2025-02-20T20:15:56.185715Z,,,,,,,2025-02-20T20:15:11.520000Z,,,
HE.VRF.00.BHZ | 2025-02-20T20:13:55.163656Z - 2025-02-20T20:14:55.163656Z,,,,,,,2025-02-20T20:14:27.720000Z,,2025-02-20T20:14:48.160000Z,
FN.OLKF.00.BHZ | 2025-02-20T19:04:12.968841Z - 2025-02-20T19:05:12.968841Z,,,,,,,2025-02-20T19:04:33.960000Z,,2025-02-20T19:05:03.080000Z,
FN.OUL.00.BHZ | 2025-02-20T19:05:43.114239Z - 2025-02-20T19:06:43.114239Z,,,,,,,,,2025-02-20T19:06:01.720000Z,
FN.RAJF.00.BHZ | 2025-02-20T19:04:21.347912Z - 2025-02-20T19:05:21.347912Z,,,,,,,2025-02-20T19:04:36.160000Z,,2025-02-20T19:05:01.640000Z,
FN.RNF.00.BHZ | 2025-02-20T19:04:39.933708Z - 2025-02-20T19:05:39.933708Z,,,,,,,2025-02-20T19:04:47.640000Z,,2025-02-20T19:05:32.000000Z,
HE.HEF.00.BHZ | 2025-02-20T19:05:28.365491Z - 2025-02-20T19:06:28.365491Z,,,,,,,,,2025-02-20T19:05:56.360000Z,
HE.KEV.00.BHZ | 2025-02-20T19:04:35.137182Z - 2025-02-20T19:05:35.137182Z,,,,,,,2025-02-20T19:04:47.360000Z,,2025-02-20T19:05:26.560000Z,
HE.KU6.00.BHZ | 2025-02-20T19:04:25.169441Z - 2025-02-20T19:05:25.169441Z,,,,,,,2025-02-20T19:04:34.240000Z,,2025-02-20T19:05:03.640000Z,
HE.VRF.00.BHZ | 2025-02-20T19:04:07.286035Z - 2025-02-20T19:05:07.286035Z,,,,,,,2025-02-20T19:04:24.000000Z,,2025-02-20T19:04:44.440000Z,
HE.ECKF.00.BHZ | 2025-02-20T12:04:13.426592Z - 2025-02-20T12:05:13.426592Z,,,,,,,2025-02-20T12:04:29.650000Z,,2025-02-20T12:04:51.380000Z,
HE.FIA0.00.SHZ | 2025-02-20T12:04:05.718929Z - 2025-02-20T12:05:05.718929Z,,,,,,,2025-02-20T12:04:42.300000Z,,,
HE.KEF.00.BHZ | 2025-02-20T12:05:01.545688Z - 2025-02-20T12:06:01.545688Z,,,,,,,,,2025-02-20T12:05:14.000000Z,
HE.KORF.00.BHZ | 2025-02-20T12:03:50.726086Z - 2025-02-20T12:04:50.726086Z,,,,,,,2025-02-20T12:04:12.120000Z,,2025-02-20T12:04:17.860000Z,
HE.KPF.00.BHZ | 2025-02-20T12:04:19.080990Z - 2025-02-20T12:05:19.080990Z,,,,,,,2025-02-20T12:04:32.030000Z,,2025-02-20T12:04:52.780000Z,
HE.MEF.00.BHZ | 2025-02-20T12:03:41.509675Z - 2025-02-20T12:04:41.509675Z,,,,,,,2025-02-20T12:04:24.180000Z,,,
HE.RAF.00.BHZ | 2025-02-20T12:04:04.769546Z - 2025-02-20T12:05:04.769546Z,,,,,,,2025-02-20T12:04:18.230000Z,,2025-02-20T12:04:28.240000Z,
HE.TRE03.00.BHZ | 2025-02-20T12:03:42.787630Z - 2025-02-20T12:04:42.787630Z,,,,,,,2025-02-20T12:04:34.180000Z,,,
HE.TVF.00.BHZ | 2025-02-20T12:04:10.008709Z - 2025-02-20T12:05:10.008709Z,,,,,,,2025-02-20T12:04:16.620000Z,,2025-02-20T12:04:24.920000Z,
HE.VUOS.00.BHZ | 2025-02-20T12:03:57.647006Z - 2025-02-20T12:04:57.647006Z,,,,,,,2025-02-20T12:04:31.730000Z,,,
UP.AAL.00.BHZ | 2025-02-20T12:04:39.151020Z - 2025-02-20T12:05:39.151020Z,,,,,,,,,2025-02-20T12:04:46.160000Z,
HE.ALAJF.00.?HZ | 2025-02-20T07:29:45.269762Z - 2025-02-20T07:30:45.269762Z,,,,,,,2025-02-20T07:30:16.303140Z,,2025-02-20T07:30:39.995470Z,
HE.FIA0.00.?HZ | 2025-02-20T07:29:37.425281Z - 2025-02-20T07:30:37.425281Z,,,,,,,2025-02-20T07:30:04.148450Z,,2025-02-20T07:30:19.609620Z,
HE.FIA1.00.?HZ | 2025-02-20T07:29:25.723755Z - 2025-02-20T07:30:25.723755Z,,,,,,,2025-02-20T07:30:04.148450Z,,2025-02-20T07:30:19.445900Z,
HE.HEL5.00.BHZ | 2025-02-20T07:29:42.642864Z - 2025-02-20T07:30:42.642864Z,,,,,,,2025-02-20T07:30:05.978170Z,,2025-02-20T07:30:23.177580Z,
HE.KAF.00.?HZ | 2025-02-20T07:29:39.170381Z - 2025-02-20T07:30:39.170381Z,,,,,,,2025-02-20T07:30:09.820160Z,,2025-02-20T07:30:30.094200Z,
HE.KEF.00.?HZ | 2025-02-20T07:29:49.689080Z - 2025-02-20T07:30:49.689080Z,,,,,,,2025-02-20T07:30:02.318730Z,,2025-02-20T07:30:15.548760Z,
HE.KORF.00.CZ | 2025-02-20T07:29:42.664054Z - 2025-02-20T07:30:42.664054Z,,,,,,,2025-02-20T07:30:11.234630Z,,2025-02-20T07:30:30.844690Z,
HE.KPF.00.BHZ | 2025-02-20T07:29:28.828215Z - 2025-02-20T07:30:28.828215Z,,,,,,,2025-02-20T07:29:59.299680Z,,2025-02-20T07:30:11.741810Z,
HE.KY17.00.CZ | 2025-02-20T07:29:46.091281Z - 2025-02-20T07:30:46.091281Z,,,,,,,2025-02-20T07:30:13.385750Z,,2025-02-20T07:30:35.165950Z,
HE.LAUT.00.BHZ | 2025-02-20T07:29:46.369737Z - 2025-02-20T07:30:46.369737Z,,,,,,,,,2025-02-20T07:30:22.720150Z,
HE.LOVF.00.CZ | 2025-02-20T07:29:36.639004Z - 2025-02-20T07:30:36.639004Z,,,,,,,2025-02-20T07:30:10.589040Z,,2025-02-20T07:30:31.015770Z,
HE.MEF.00.BHZ | 2025-02-20T07:29:50.776197Z - 2025-02-20T07:30:50.776197Z,,,,,,,2025-02-20T07:30:03.050620Z,,2025-02-20T07:30:17.596920Z,
HE.NUR.00.SHZ | 2025-02-20T07:29:50.825401Z - 2025-02-20T07:30:50.825401Z,,,,,,,,,2025-02-20T07:30:11.650320Z,
HE.PVF.00.CZ | 2025-02-20T07:29:31.250848Z - 2025-02-20T07:30:31.250848Z,,,,,,,2025-02-20T07:30:07.076010Z,,2025-02-20T07:30:23.177580Z,
HE.RAF.00.BHZ | 2025-02-20T07:29:27.028293Z - 2025-02-20T07:30:27.028293Z,,,,,,,2025-02-20T07:29:59.395490Z,,2025-02-20T07:30:11.741810Z,
HE.SUF.00.BHZ | 2025-02-20T07:30:08.197192Z - 2025-02-20T07:31:08.197192Z,,,,,,,2025-02-20T07:30:16.303140Z,,2025-02-20T07:30:40.272960Z,
HE.TRE03.00.CZ | 2025-02-20T07:29:07.668284Z - 2025-02-20T07:30:07.668284Z,,,,,,,2025-02-20T07:29:50.334030Z,,2025-02-20T07:29:56.418620Z,
HE.VAF.00.BHZ | 2025-02-20T07:29:53.481416Z - 2025-02-20T07:30:53.481416Z,,,,,,,2025-02-20T07:30:15.124420Z,,2025-02-20T07:30:38.581010Z,
HE.VJF.00.?HZ | 2025-02-20T07:30:17.244057Z - 2025-02-20T07:31:17.244057Z,,,,,,,,,2025-02-20T07:30:44.828240Z,
HE.ECKF.00.CZ | 2025-02-20T09:20:59.663475Z - 2025-02-20T09:21:59.663475Z,,,,,,,2025-02-20T09:21:18.230790Z,,2025-02-20T09:21:35.524130Z,
HE.HEL5.00.BHZ | 2025-02-20T09:20:49.135136Z - 2025-02-20T09:21:49.135136Z,,,,,,,2025-02-20T09:21:21.254570Z,,2025-02-20T09:21:40.367410Z,
HE.KEF.00.?HZ | 2025-02-20T09:21:25.647090Z - 2025-02-20T09:22:25.647090Z,,,,,,,2025-02-20T09:21:31.256370Z,,2025-02-20T09:21:57.649540Z,
HE.KORF.00.CZ | 2025-02-20T09:20:53.238011Z - 2025-02-20T09:21:53.238011Z,,,,,,,2025-02-20T09:21:05.874730Z,,2025-02-20T09:21:12.879700Z,
HE.KPF.00.BHZ | 2025-02-20T09:20:56.009072Z - 2025-02-20T09:21:56.009072Z,,,,,,,2025-02-20T09:21:16.612690Z,,2025-02-20T09:21:31.883430Z,
HE.LOVF.00.CZ | 2025-02-20T09:21:05.383091Z - 2025-02-20T09:22:05.383091Z,,,,,,,,,2025-02-20T09:21:58.581070Z,
HE.MEF.00.BHZ | 2025-02-20T09:21:04.841838Z - 2025-02-20T09:22:04.841838Z,,,,,,,2025-02-20T09:21:17.927390Z,,2025-02-20T09:21:33.906040Z,
HE.NUR.00.SHZ | 2025-02-20T09:21:10.257614Z - 2025-02-20T09:22:10.257614Z,,,,,,,2025-02-20T09:21:18.837570Z,,2025-02-20T09:21:36.232050Z,
HE.PVF.00.CZ | 2025-02-20T09:21:07.976312Z - 2025-02-20T09:22:07.976312Z,,,,,,,2025-02-20T09:21:28.987080Z,,2025-02-20T09:21:53.667280Z,
HE.RAF.00.BHZ | 2025-02-20T09:20:32.927245Z - 2025-02-20T09:21:32.927245Z,,,,,,,2025-02-20T09:21:02.173430Z,,2025-02-20T09:21:07.415190Z,
HE.TRE03.00.CZ | 2025-02-20T09:20:49.425798Z - 2025-02-20T09:21:49.425798Z,,,,,,,2025-02-20T09:21:21.254570Z,,2025-02-20T09:21:39.987680Z,
HE.TVF.00.BHZ | 2025-02-20T09:20:57.995081Z - 2025-02-20T09:21:57.995081Z,,,,,,,2025-02-20T09:21:13.353010Z,,2025-02-20T09:21:26.331380Z,
HE.VUOS.00.BHZ | 2025-02-20T09:21:33.177842Z - 2025-02-20T09:22:33.177842Z,,,,,,,,,2025-02-20T09:21:45.539740Z,
UP.AAL.00.BHZ | 2025-02-20T09:21:07.349742Z - 2025-02-20T09:22:07.349742Z,,,,,,,2025-02-20T09:21:15.246240Z,,2025-02-20T09:21:28.932740Z,
HE.ALAJF.00.?HZ | 2025-02-20T11:12:07.844903Z - 2025-02-20T11:13:07.844903Z,,,,,,,2025-02-20T11:12:36.503620Z,,2025-02-20T11:12:46.244120Z,
HE.FIA0.00.?HZ | 2025-02-20T11:12:41.426835Z - 2025-02-20T11:13:41.426835Z,,,,,,,,,2025-02-20T11:13:12.280980Z,
HE.FIA1.00.?HZ | 2025-02-20T11:12:46.674939Z - 2025-02-20T11:13:46.674939Z,,,,,,,,,2025-02-20T11:13:12.757670Z,
HE.KAF.00.?HZ | 2025-02-20T11:12:27.757651Z - 2025-02-20T11:13:27.757651Z,,,,,,,2025-02-20T11:12:48.147430Z,,2025-02-20T11:13:05.448430Z,
HE.KEF.00.?HZ | 2025-02-20T11:11:54.279715Z - 2025-02-20T11:12:54.279715Z,,,,,,,2025-02-20T11:12:36.391670Z,,2025-02-20T11:12:45.631780Z,
HE.KPF.00.BHZ | 2025-02-20T11:12:22.976852Z - 2025-02-20T11:13:22.976852Z,,,,,,,2025-02-20T11:12:39.414320Z,,2025-02-20T11:12:50.802600Z,
HE.OBF0.00.BHZ | 2025-02-20T11:12:50.088958Z - 2025-02-20T11:13:50.088958Z,,,,,,,2025-02-20T11:12:59.314550Z,,2025-02-20T11:13:25.516340Z,
HE.OUF.00.BHZ | 2025-02-20T11:12:40.078595Z - 2025-02-20T11:13:40.078595Z,,,,,,,,,2025-02-20T11:13:23.526690Z,
HE.RAF.00.BHZ | 2025-02-20T11:12:47.245913Z - 2025-02-20T11:13:47.245913Z,,,,,,,2025-02-20T11:12:52.737780Z,,2025-02-20T11:13:13.848630Z,
HE.SUF.00.BHZ | 2025-02-20T11:12:08.410434Z - 2025-02-20T11:13:08.410434Z,,,,,,,2025-02-20T11:12:46.244120Z,,2025-02-20T11:13:02.702190Z,
HE.TRE03.00.CZ | 2025-02-20T11:12:18.417400Z - 2025-02-20T11:13:18.417400Z,,,,,,,2025-02-20T11:12:39.638500Z,,2025-02-20T11:12:51.562200Z,
HE.VAF.00.BHZ | 2025-02-20T11:11:51.363581Z - 2025-02-20T11:12:51.363581Z,,,,,,,2025-02-20T11:12:35.719910Z,,2025-02-20T11:12:44.676680Z,
HE.HEL1.00.BHZ | 2025-02-20T11:26:47.835423Z - 2025-02-20T11:27:47.835423Z,,,,,,,2025-02-20T11:27:37.152500Z,,2025-02-20T11:27:39.614380Z,
HE.HEL5.00.BHZ | 2025-02-20T11:27:17.922866Z - 2025-02-20T11:28:17.922866Z,,,,,,,2025-02-20T11:27:36.684740Z,,2025-02-20T11:27:38.974290Z,
HE.KUNI.00.BHZ | 2025-02-20T11:27:05.964207Z - 2025-02-20T11:28:05.964207Z,,,,,,,2025-02-20T11:27:37.226350Z,,2025-02-20T11:27:39.762090Z,
HE.LAUT.00.BHZ | 2025-02-20T11:26:54.475571Z - 2025-02-20T11:27:54.475571Z,,,,,,,2025-02-20T11:27:37.152500Z,,2025-02-20T11:27:39.540520Z,
HE.MEF.00.BHZ | 2025-02-20T11:27:12.694151Z - 2025-02-20T11:28:12.694151Z,,,,,,,2025-02-20T11:27:35.477120Z,,2025-02-20T11:27:36.715410Z,
HE.NUR.00.SHZ | 2025-02-20T11:27:24.519830Z - 2025-02-20T11:28:24.519830Z,,,,,,,2025-02-20T11:27:38.851200Z,,2025-02-20T11:27:42.494780Z,
HE.VUOS.00.BHZ | 2025-02-20T11:27:02.046174Z - 2025-02-20T11:28:02.046174Z,,,,,,,2025-02-20T11:27:39.491930Z,,2025-02-20T11:27:43.644960Z,
HE.FIA0.00.?HZ | 2025-02-20T11:36:59.519144Z - 2025-02-20T11:37:59.519144Z,,,,,,,2025-02-20T11:37:18.722340Z,,2025-02-20T11:37:39.817770Z,
HE.FIA1.00.?HZ | 2025-02-20T11:37:02.795002Z - 2025-02-20T11:38:02.795002Z,,,,,,,2025-02-20T11:37:18.882150Z,,2025-02-20T11:37:39.338330Z,
HE.HEL1.00.BHZ | 2025-02-20T11:36:43.182637Z - 2025-02-20T11:37:43.182637Z,,,,,,,2025-02-20T11:36:55.235960Z,,2025-02-20T11:37:00.031240Z,
HE.HEL5.00.BHZ | 2025-02-20T11:36:06.784305Z - 2025-02-20T11:37:06.784305Z,,,,,,,2025-02-20T11:36:54.042110Z,,2025-02-20T11:36:57.597100Z,
HE.KEF.00.?HZ | 2025-02-20T11:37:11.189675Z - 2025-02-20T11:38:11.189675Z,,,,,,,2025-02-20T11:37:26.008770Z,,2025-02-20T11:37:52.783400Z,
HE.KORF.00.CZ | 2025-02-20T11:37:01.793630Z - 2025-02-20T11:38:01.793630Z,,,,,,,2025-02-20T11:37:14.197660Z,,2025-02-20T11:37:32.548620Z,
HE.KPF.00.BHZ | 2025-02-20T11:37:09.260103Z - 2025-02-20T11:38:09.260103Z,,,,,,,2025-02-20T11:37:25.280110Z,,2025-02-20T11:37:51.127340Z,
HE.KUNI.00.BHZ | 2025-02-20T11:36:22.788594Z - 2025-02-20T11:37:22.788594Z,,,,,,,2025-02-20T11:36:56.572350Z,,2025-02-20T11:37:01.603470Z,
HE.KY17.00.CZ | 2025-02-20T11:37:31.216228Z - 2025-02-20T11:38:31.216228Z,,,,,,,,,2025-02-20T11:37:39.932710Z,
HE.LAUT.00.BHZ | 2025-02-20T11:36:15.531590Z - 2025-02-20T11:37:15.531590Z,,,,,,,2025-02-20T11:36:55.157350Z,,2025-02-20T11:36:59.323740Z,
HE.LOVF.00.CZ | 2025-02-20T11:36:52.957424Z - 2025-02-20T11:37:52.957424Z,,,,,,,2025-02-20T11:37:09.170000Z,,2025-02-20T11:37:23.466440Z,
HE.MEF.00.BHZ | 2025-02-20T11:36:15.327613Z - 2025-02-20T11:37:15.327613Z,,,,,,,2025-02-20T11:36:51.971220Z,,2025-02-20T11:36:53.738680Z,
HE.NUR.00.SHZ | 2025-02-20T11:36:28.942487Z - 2025-02-20T11:37:28.942487Z,,,,,,,2025-02-20T11:36:57.672910Z,,2025-02-20T11:37:03.246090Z,
HE.PVF.00.CZ | 2025-02-20T11:36:41.458585Z - 2025-02-20T11:37:41.458585Z,,,,,,,2025-02-20T11:37:06.612330Z,,2025-02-20T11:37:17.339950Z,
HE.RAF.00.BHZ | 2025-02-20T11:36:46.997583Z - 2025-02-20T11:37:46.997583Z,,,,,,,2025-02-20T11:37:17.204110Z,,2025-02-20T11:37:37.340660Z,
HE.TRE03.00.CZ | 2025-02-20T11:36:48.055097Z - 2025-02-20T11:37:48.055097Z,,,,,,,2025-02-20T11:37:17.204110Z,,2025-02-20T11:37:36.359730Z,
HE.VJF.00.?HZ | 2025-02-20T11:36:56.609342Z - 2025-02-20T11:37:56.609342Z,,,,,,,2025-02-20T11:37:20.320480Z,,2025-02-20T11:37:42.341360Z,
FN.MSF.00.BHZ | 2025-02-20T20:05:57.650952Z - 2025-02-20T20:06:57.650952Z,,,,,,,2025-02-20T20:06:08.920000Z,,2025-02-20T20:06:43.760000Z,
FN.OLKF.00.BHZ | 2025-02-20T20:05:57.042004Z - 2025-02-20T20:06:57.042004Z,,,,,,,2025-02-20T20:06:02.160000Z,,2025-02-20T20:06:30.980000Z,
FN.OUL.00.BHZ | 2025-02-20T20:06:48.407189Z - 2025-02-20T20:07:48.407189Z,,,,,,,,,2025-02-20T20:07:23.760000Z,
FN.RAJF.00.BHZ | 2025-02-20T20:05:25.058848Z - 2025-02-20T20:06:25.058848Z,,,,,,,2025-02-20T20:06:01.840000Z,,,
FN.RANF.00.BHZ | 2025-02-20T20:06:09.794480Z - 2025-02-20T20:07:09.794480Z,,,,,,,2025-02-20T20:06:18.600000Z,,2025-02-20T20:07:00.560000Z,
FN.RNF.00.BHZ | 2025-02-20T20:06:00.232387Z - 2025-02-20T20:07:00.232387Z,,,,,,,2025-02-20T20:06:15.230000Z,,2025-02-20T20:06:54.580000Z,
HE.HEF.00.BHZ | 2025-02-20T20:06:33.382147Z - 2025-02-20T20:07:33.382147Z,,,,,,,,,2025-02-20T20:07:10.180000Z,
HE.KEV.00.BHZ | 2025-02-20T20:06:07.131211Z - 2025-02-20T20:07:07.131211Z,,,,,,,2025-02-20T20:06:15.680000Z,,2025-02-20T20:06:53.760000Z,
HE.KU1.00.BHZ | 2025-02-20T20:06:07.573491Z - 2025-02-20T20:07:07.573491Z,,,,,,,,,2025-02-20T20:06:46.500000Z,
HE.KU2.00.BHZ | 2025-02-20T20:05:28.316924Z - 2025-02-20T20:06:28.316924Z,,,,,,,2025-02-20T20:06:14.680000Z,,,
HE.KU6.00.BHZ | 2025-02-20T20:05:45.734939Z - 2025-02-20T20:06:45.734939Z,,,,,,,,,2025-02-20T20:06:33.300000Z,
HE.VRF.00.BHZ | 2025-02-20T20:05:44.826214Z - 2025-02-20T20:06:44.826214Z,,,,,,,2025-02-20T20:05:51.520000Z,,2025-02-20T20:06:11.720000Z,
HE.ALAJF.00.?HZ | 2025-02-20T11:46:46.660246Z - 2025-02-20T11:47:46.660246Z,,,,,,,2025-02-20T11:47:22.516750Z,,2025-02-20T11:47:37.687640Z,
HE.FIA0.00.?HZ | 2025-02-20T11:46:55.447898Z - 2025-02-20T11:47:55.447898Z,,,,,,,2025-02-20T11:47:19.643470Z,,2025-02-20T11:47:32.860540Z,
HE.FIA1.00.?HZ | 2025-02-20T11:47:12.538372Z - 2025-02-20T11:48:12.538372Z,,,,,,,2025-02-20T11:47:19.643470Z,,2025-02-20T11:47:33.320260Z,
HE.HEL5.00.BHZ | 2025-02-20T11:47:18.855486Z - 2025-02-20T11:48:18.855486Z,,,,,,,,,2025-02-20T11:47:57.898260Z,
HE.KAF.00.?HZ | 2025-02-20T11:46:58.318648Z - 2025-02-20T11:47:58.318648Z,,,,,,,2025-02-20T11:47:19.298680Z,,2025-02-20T11:47:32.712190Z,
HE.KEF.00.?HZ | 2025-02-20T11:46:48.671995Z - 2025-02-20T11:47:48.671995Z,,,,,,,2025-02-20T11:47:07.810750Z,,2025-02-20T11:47:13.205390Z,
HE.KORF.00.CZ | 2025-02-20T11:47:16.709183Z - 2025-02-20T11:48:16.709183Z,,,,,,,2025-02-20T11:47:39.783140Z,,2025-02-20T11:48:07.482170Z,
HE.KPF.00.BHZ | 2025-02-20T11:46:43.441722Z - 2025-02-20T11:47:43.441722Z,,,,,,,2025-02-20T11:47:18.691460Z,,2025-02-20T11:47:31.941090Z,
HE.LAUT.00.BHZ | 2025-02-20T11:47:37.195931Z - 2025-02-20T11:48:37.195931Z,,,,,,,,,2025-02-20T11:47:57.157570Z,
HE.LOVF.00.CZ | 2025-02-20T11:47:23.053507Z - 2025-02-20T11:48:23.053507Z,,,,,,,2025-02-20T11:47:33.372020Z,,2025-02-20T11:47:56.722850Z,
HE.MEF.00.BHZ | 2025-02-20T11:47:30.802977Z - 2025-02-20T11:48:30.802977Z,,,,,,,,,2025-02-20T11:47:54.390810Z,
HE.NUR.00.SHZ | 2025-02-20T11:47:16.879341Z - 2025-02-20T11:48:16.879341Z,,,,,,,,,2025-02-20T11:47:46.767200Z,
HE.PVF.00.CZ | 2025-02-20T11:47:05.564893Z - 2025-02-20T11:48:05.564893Z,,,,,,,2025-02-20T11:47:30.264350Z,,2025-02-20T11:47:50.656950Z,
HE.RAF.00.BHZ | 2025-02-20T11:47:16.721587Z - 2025-02-20T11:48:16.721587Z,,,,,,,2025-02-20T11:47:26.999060Z,,2025-02-20T11:47:46.652260Z,
HE.SUF.00.BHZ | 2025-02-20T11:47:13.916525Z - 2025-02-20T11:48:13.916525Z,,,,,,,2025-02-20T11:47:22.861540Z,,2025-02-20T11:47:38.559440Z,
HE.TRE03.00.CZ | 2025-02-20T11:46:21.443487Z - 2025-02-20T11:47:21.443487Z,,,,,,,2025-02-20T11:47:06.344410Z,,2025-02-20T11:47:11.288390Z,
HE.VAF.00.BHZ | 2025-02-20T11:46:53.108441Z - 2025-02-20T11:47:53.108441Z,,,,,,,2025-02-20T11:47:24.700440Z,,2025-02-20T11:47:41.337620Z,
HE.VJF.00.?HZ | 2025-02-20T11:47:24.937241Z - 2025-02-20T11:48:24.937241Z,,,,,,,,,2025-02-20T11:48:05.278420Z,
HE.VUOS.00.BHZ | 2025-02-20T11:47:25.739987Z - 2025-02-20T11:48:25.739987Z,,,,,,,,,2025-02-20T11:47:56.929640Z,
HE.ALAJF.00.?HZ | 2025-02-20T12:14:13.271183Z - 2025-02-20T12:15:13.271183Z,,,,,,,2025-02-20T12:14:34.365410Z,,2025-02-20T12:15:00.417140Z,
HE.FIA0.00.?HZ | 2025-02-20T12:13:58.616478Z - 2025-02-20T12:14:58.616478Z,,,,,,,2025-02-20T12:14:09.249740Z,,2025-02-20T12:14:17.697620Z,
HE.FIA1.00.?HZ | 2025-02-20T12:13:27.086790Z - 2025-02-20T12:14:27.086790Z,,,,,,,2025-02-20T12:14:09.431420Z,,2025-02-20T12:14:17.697620Z,
HE.HEL5.00.BHZ | 2025-02-20T12:13:35.721421Z - 2025-02-20T12:14:35.721421Z,,,,,,,2025-02-20T12:14:16.153380Z,,2025-02-20T12:14:29.313560Z,
HE.KAF.00.?HZ | 2025-02-20T12:13:47.863797Z - 2025-02-20T12:14:47.863797Z,,,,,,,2025-02-20T12:14:19.151020Z,,2025-02-20T12:14:34.798400Z,
HE.KEF.00.?HZ | 2025-02-20T12:13:51.605975Z - 2025-02-20T12:14:51.605975Z,,,,,,,2025-02-20T12:14:16.920090Z,,2025-02-20T12:14:30.703580Z,
HE.KORF.00.CZ | 2025-02-20T12:14:16.299150Z - 2025-02-20T12:15:16.299150Z,,,,,,,2025-02-20T12:14:32.957870Z,,2025-02-20T12:14:58.276840Z,
HE.KPF.00.BHZ | 2025-02-20T12:13:53.208358Z - 2025-02-20T12:14:53.208358Z,,,,,,,2025-02-20T12:14:25.600470Z,,2025-02-20T12:14:45.990430Z,
HE.KY02.00.CZ | 2025-02-20T12:14:02.358031Z - 2025-02-20T12:15:02.358031Z,,,,,,,2025-02-20T12:14:14.064120Z,,2025-02-20T12:14:26.064820Z,
HE.LOVF.00.CZ | 2025-02-20T12:13:40.933389Z - 2025-02-20T12:14:40.933389Z,,,,,,,2025-02-20T12:14:14.972500Z,,2025-02-20T12:14:26.797790Z,
HE.MEF.00.BHZ | 2025-02-20T12:13:58.255104Z - 2025-02-20T12:14:58.255104Z,,,,,,,2025-02-20T12:14:14.790820Z,,2025-02-20T12:14:27.417220Z,
HE.NUR.00.SHZ | 2025-02-20T12:13:38.520400Z - 2025-02-20T12:14:38.520400Z,,,,,,,2025-02-20T12:14:09.154580Z,,2025-02-20T12:14:17.152590Z,
HE.PVF.00.CZ | 2025-02-20T12:13:56.083893Z - 2025-02-20T12:14:56.083893Z,,,,,,,2025-02-20T12:14:11.339000Z,,2025-02-20T12:14:20.354830Z,
HE.RAF.00.BHZ | 2025-02-20T12:14:01.959224Z - 2025-02-20T12:15:01.959224Z,,,,,,,2025-02-20T12:14:25.866930Z,,2025-02-20T12:14:45.798380Z,
HE.RUF.00.BHZ | 2025-02-20T12:14:09.468487Z - 2025-02-20T12:15:09.468487Z,,,,,,,2025-02-20T12:14:32.415870Z,,2025-02-20T12:14:57.406530Z,
HE.SUF.00.BHZ | 2025-02-20T12:14:12.213111Z - 2025-02-20T12:15:12.213111Z,,,,,,,2025-02-20T12:14:28.399560Z,,2025-02-20T12:14:50.419840Z,
HE.TRE03.00.CZ | 2025-02-20T12:13:55.584565Z - 2025-02-20T12:14:55.584565Z,,,,,,,2025-02-20T12:14:08.758790Z,,2025-02-20T12:14:16.832930Z,
HE.TVF.00.BHZ | 2025-02-20T12:14:02.920689Z - 2025-02-20T12:15:02.920689Z,,,,,,,2025-02-20T12:14:25.600470Z,,2025-02-20T12:14:45.560900Z,
HE.VJF.00.?HZ | 2025-02-20T12:13:52.661982Z - 2025-02-20T12:14:52.661982Z,,,,,,,2025-02-20T12:14:22.966190Z,,2025-02-20T12:14:41.315340Z,
HE.HEL1.00.BHZ | 2025-02-20T12:40:58.989427Z - 2025-02-20T12:41:58.989427Z,,,,,,,2025-02-20T12:41:46.785470Z,,2025-02-20T12:41:48.423000Z,
HE.HEL5.00.BHZ | 2025-02-20T12:41:28.882193Z - 2025-02-20T12:42:28.882193Z,,,,,,,2025-02-20T12:41:46.394420Z,,2025-02-20T12:41:47.469810Z,
HE.KUNI.00.BHZ | 2025-02-20T12:41:17.511259Z - 2025-02-20T12:42:17.511259Z,,,,,,,2025-02-20T12:41:47.298730Z,,2025-02-20T12:41:49.253990Z,
HE.LAUT.00.BHZ | 2025-02-20T12:41:01.633406Z - 2025-02-20T12:42:01.633406Z,,,,,,,2025-02-20T12:41:46.687710Z,,2025-02-20T12:41:48.325240Z,
HE.MEF.00.BHZ | 2025-02-20T12:41:30.308989Z - 2025-02-20T12:42:30.308989Z,,,,,,,2025-02-20T12:41:46.932120Z,,2025-02-20T12:41:48.642970Z,
HE.NUR.00.SHZ | 2025-02-20T12:41:10.107572Z - 2025-02-20T12:42:10.107572Z,,,,,,,,,2025-02-20T12:41:54.152080Z,
HE.VUOS.00.BHZ | 2025-02-20T12:41:33.324819Z - 2025-02-20T12:42:33.324819Z,,,,,,,2025-02-20T12:41:49.107340Z,,2025-02-20T12:41:52.309080Z,
HE.ALAJF.00.?HZ | 2025-02-20T13:16:41.287499Z - 2025-02-20T13:17:41.287499Z,,,,,,,2025-02-20T13:17:12.093570Z,,2025-02-20T13:17:12.384250Z,
HE.FIA0.00.?HZ | 2025-02-20T13:17:52.648570Z - 2025-02-20T13:18:52.648570Z,,,,,,,,,2025-02-20T13:18:11.590310Z,
HE.FIA1.00.?HZ | 2025-02-20T13:17:55.987386Z - 2025-02-20T13:18:55.987386Z,,,,,,,,,2025-02-20T13:18:11.835730Z,
HE.KAF.00.?HZ | 2025-02-20T13:17:16.615880Z - 2025-02-20T13:18:16.615880Z,,,,,,,,,2025-02-20T13:17:57.367080Z,
HE.KEF.00.?HZ | 2025-02-20T13:17:18.393020Z - 2025-02-20T13:18:18.393020Z,,,,,,,2025-02-20T13:17:31.072710Z,,2025-02-20T13:17:44.620480Z,
HE.KPF.00.BHZ | 2025-02-20T13:17:54.873569Z - 2025-02-20T13:18:54.873569Z,,,,,,,,,2025-02-20T13:18:01.202060Z,
HE.NIF.00.BHZ | 2025-02-20T13:17:41.785252Z - 2025-02-20T13:18:41.785252Z,,,,,,,,,2025-02-20T13:18:04.885760Z,
HE.OBF0.00.BHZ | 2025-02-20T13:17:01.434083Z - 2025-02-20T13:18:01.434083Z,,,,,,,2025-02-20T13:17:37.211570Z,,2025-02-20T13:17:54.576450Z,
HE.OBF3.00.BHZ | 2025-02-20T13:17:48.132801Z - 2025-02-20T13:18:48.132801Z,,,,,,,,,2025-02-20T13:18:04.648860Z,
HE.OBF8.00.BHZ | 2025-02-20T13:17:09.802900Z - 2025-02-20T13:18:09.802900Z,,,,,,,2025-02-20T13:17:34.851220Z,,2025-02-20T13:17:49.641090Z,
HE.OUF.00.BHZ | 2025-02-20T13:16:57.523234Z - 2025-02-20T13:17:57.523234Z,,,,,,,2025-02-20T13:17:34.981010Z,,2025-02-20T13:17:51.741290Z,
HE.SUF.00.BHZ | 2025-02-20T13:17:06.218720Z - 2025-02-20T13:18:06.218720Z,,,,,,,2025-02-20T13:17:31.120440Z,,2025-02-20T13:17:44.555510Z,
HE.TRE03.00.CZ | 2025-02-20T13:17:09.105327Z - 2025-02-20T13:18:09.105327Z,,,,,,,,,2025-02-20T13:17:59.291190Z,
HE.VAF.00.BHZ | 2025-02-20T13:16:40.105178Z - 2025-02-20T13:17:40.105178Z,,,,,,,2025-02-20T13:17:23.525630Z,,2025-02-20T13:17:31.520160Z,
FN.KLF.00.BHZ | 2025-02-20T15:07:11.678807Z - 2025-02-20T15:08:11.678807Z,,,,,,,2025-02-20T15:07:39.880000Z,,2025-02-20T15:08:02.560000Z,
FN.MSF.00.BHZ | 2025-02-20T15:08:19.081554Z - 2025-02-20T15:09:19.081554Z,,,,,,,,,2025-02-20T15:08:34.680000Z,
FN.OLKF.00.BHZ | 2025-02-20T15:07:45.020744Z - 2025-02-20T15:08:45.020744Z,,,,,,,2025-02-20T15:08:00.080000Z,,2025-02-20T15:08:38.840000Z,
FN.OUL.00.BHZ | 2025-02-20T15:07:35.351140Z - 2025-02-20T15:08:35.351140Z,,,,,,,2025-02-20T15:07:42.800000Z,,,
FN.RAJF.00.BHZ | 2025-02-20T15:07:21.196720Z - 2025-02-20T15:08:21.196720Z,,,,,,,2025-02-20T15:08:08.130000Z,,,
FN.RANF.00.BHZ | 2025-02-20T15:07:26.147145Z - 2025-02-20T15:08:26.147145Z,,,,,,,2025-02-20T15:07:45.580000Z,,2025-02-20T15:08:12.560000Z,
FN.RNF.00.BHZ | 2025-02-20T15:07:28.569011Z - 2025-02-20T15:08:28.569011Z,,,,,,,2025-02-20T15:07:43.320000Z,,2025-02-20T15:08:08.280000Z,
HE.HEF.00.BHZ | 2025-02-20T15:08:01.181281Z - 2025-02-20T15:09:01.181281Z,,,,,,,,,2025-02-20T15:08:32.680000Z,
HE.KAF.00.BHZ | 2025-02-20T15:07:49.903293Z - 2025-02-20T15:08:49.903293Z,,,,,,,2025-02-20T15:08:17.280000Z,,,
HE.KIF.00.BHZ | 2025-02-20T15:08:40.136046Z - 2025-02-20T15:09:40.136046Z,,,,,,,,,2025-02-20T15:08:51.080000Z,
HE.KU1.00.BHZ | 2025-02-20T15:08:05.839549Z - 2025-02-20T15:09:05.839549Z,,,,,,,,,2025-02-20T15:08:41.440000Z,
HE.KU2.00.BHZ | 2025-02-20T15:07:36.379634Z - 2025-02-20T15:08:36.379634Z,,,,,,,2025-02-20T15:07:55.480000Z,,,
HE.KU6.00.BHZ | 2025-02-20T15:07:52.567556Z - 2025-02-20T15:08:52.567556Z,,,,,,,2025-02-20T15:08:04.280000Z,,2025-02-20T15:08:44.140000Z,
HE.OBF0.00.BHZ | 2025-02-20T15:06:46.242931Z - 2025-02-20T15:07:46.242931Z,,,,,,,2025-02-20T15:07:39.680000Z,,,
HE.OBF3.00.BHZ | 2025-02-20T15:07:05.484889Z - 2025-02-20T15:08:05.484889Z,,,,,,,2025-02-20T15:07:37.420000Z,,2025-02-20T15:08:00.020000Z,
HE.OBF8.00.BHZ | 2025-02-20T15:06:53.899048Z - 2025-02-20T15:07:53.899048Z,,,,,,,2025-02-20T15:07:39.180000Z,,,
HE.OUF.00.BHZ | 2025-02-20T15:06:55.801620Z - 2025-02-20T15:07:55.801620Z,,,,,,,2025-02-20T15:07:43.380000Z,,,
HE.SUF.00.BHZ | 2025-02-20T15:07:24.907086Z - 2025-02-20T15:08:24.907086Z,,,,,,,2025-02-20T15:08:10.180000Z,,,
HE.TOF.00.BHZ | 2025-02-20T15:07:13.335351Z - 2025-02-20T15:08:13.335351Z,,,,,,,2025-02-20T15:07:28.880000Z,,2025-02-20T15:07:43.680000Z,
HE.VAF.00.BHZ | 2025-02-20T15:07:40.821093Z - 2025-02-20T15:08:40.821093Z,,,,,,,2025-02-20T15:07:56.280000Z,,2025-02-20T15:08:34.760000Z,
HE.VRF.00.BHZ | 2025-02-20T15:08:01.167278Z - 2025-02-20T15:09:01.167278Z,,,,,,,2025-02-20T15:08:06.580000Z,,2025-02-20T15:08:55.340000Z,
HE.HEL1.00.BHZ | 2025-02-19T14:26:54.794408Z - 2025-02-19T14:27:54.794408Z,,,,,,,2025-02-19T14:27:29.405040Z,,2025-02-19T14:27:31.723310Z,
HE.HEL5.00.BHZ | 2025-02-19T14:26:52.490980Z - 2025-02-19T14:27:52.490980Z,,,,,,,2025-02-19T14:27:28.039120Z,,2025-02-19T14:27:29.407410Z,
HE.KUNI.00.BHZ | 2025-02-19T14:26:45.819025Z - 2025-02-19T14:27:45.819025Z,,,,,,,2025-02-19T14:27:30.196730Z,,2025-02-19T14:27:33.147100Z,
HE.LAUT.00.BHZ | 2025-02-19T14:27:19.762186Z - 2025-02-19T14:28:19.762186Z,,,,,,,2025-02-19T14:27:29.080910Z,,2025-02-19T14:27:31.201780Z,
HE.MEF.00.BHZ | 2025-02-19T14:27:03.122763Z - 2025-02-19T14:28:03.122763Z,,,,,,,2025-02-19T14:27:28.163520Z,,2025-02-19T14:27:29.625100Z,
HE.NUR.00.SHZ | 2025-02-19T14:27:25.538377Z - 2025-02-19T14:28:25.538377Z,,,,,,,2025-02-19T14:27:33.012130Z,,2025-02-19T14:27:37.810210Z,
HE.VUOS.00.BHZ | 2025-02-19T14:27:22.052001Z - 2025-02-19T14:28:22.052001Z,,,,,,,2025-02-19T14:27:31.776220Z,,2025-02-19T14:27:35.263020Z,
HE.HEL1.00.BHZ | 2025-02-19T13:55:23.631745Z - 2025-02-19T13:56:23.631745Z,,,,,,,2025-02-19T13:55:38.109160Z,,2025-02-19T13:55:40.403670Z,
HE.HEL5.00.BHZ | 2025-02-19T13:55:22.262962Z - 2025-02-19T13:56:22.262962Z,,,,,,,2025-02-19T13:55:37.746210Z,,2025-02-19T13:55:39.850800Z,
HE.KUNI.00.BHZ | 2025-02-19T13:55:04.682598Z - 2025-02-19T13:56:04.682598Z,,,,,,,2025-02-19T13:55:38.237860Z,,2025-02-19T13:55:40.552480Z,
HE.LAUT.00.BHZ | 2025-02-19T13:54:57.801851Z - 2025-02-19T13:55:57.801851Z,,,,,,,2025-02-19T13:55:38.109160Z,,2025-02-19T13:55:40.218080Z,
HE.MEF.00.BHZ | 2025-02-19T13:55:06.034257Z - 2025-02-19T13:56:06.034257Z,,,,,,,2025-02-19T13:55:36.534930Z,,2025-02-19T13:55:37.746210Z,
HE.NUR.00.SHZ | 2025-02-19T13:55:29.609691Z - 2025-02-19T13:56:29.609691Z,,,,,,,2025-02-19T13:55:39.928020Z,,2025-02-19T13:55:43.457390Z,
HE.VUOS.00.BHZ | 2025-02-19T13:55:07.369191Z - 2025-02-19T13:56:07.369191Z,,,,,,,,,2025-02-19T13:55:44.188690Z,
HE.HEL1.00.BHZ | 2025-02-20T15:55:12.314601Z - 2025-02-20T15:56:12.314601Z,,,,,,,2025-02-20T15:56:02.678360Z,,2025-02-20T15:56:06.783410Z,
HE.HEL5.00.BHZ | 2025-02-20T15:55:42.209267Z - 2025-02-20T15:56:42.209267Z,,,,,,,2025-02-20T15:56:02.165220Z,,2025-02-20T15:56:05.842670Z,
HE.KUNI.00.BHZ | 2025-02-20T15:55:45.290367Z - 2025-02-20T15:56:45.290367Z,,,,,,,2025-02-20T15:56:02.421790Z,,2025-02-20T15:56:06.327300Z,
HE.LAUT.00.BHZ | 2025-02-20T15:55:30.576985Z - 2025-02-20T15:56:30.576985Z,,,,,,,2025-02-20T15:56:02.678360Z,,2025-02-20T15:56:06.583860Z,
HE.MEF.00.BHZ | 2025-02-20T15:55:51.374084Z - 2025-02-20T15:56:51.374084Z,,,,,,,2025-02-20T15:55:58.703090Z,,2025-02-20T15:55:59.723530Z,
HE.NUR.00.SHZ | 2025-02-20T15:55:38.400498Z - 2025-02-20T15:56:38.400498Z,,,,,,,2025-02-20T15:56:01.823130Z,,2025-02-20T15:56:05.928190Z,
HE.VUOS.00.BHZ | 2025-02-20T15:55:58.057771Z - 2025-02-20T15:56:58.057771Z,,,,,,,2025-02-20T15:56:04.927410Z,,2025-02-20T15:56:10.425010Z,
HE.HEL1.00.BHZ | 2025-02-20T15:29:10.519913Z - 2025-02-20T15:30:10.519913Z,,,,,,,2025-02-20T15:29:57.921420Z,,2025-02-20T15:30:00.424880Z,
HE.HEL5.00.BHZ | 2025-02-20T15:29:48.481748Z - 2025-02-20T15:30:48.481748Z,,,,,,,2025-02-20T15:29:56.588050Z,,2025-02-20T15:29:58.247960Z,
HE.KUNI.00.BHZ | 2025-02-20T15:29:18.129663Z - 2025-02-20T15:30:18.129663Z,,,,,,,2025-02-20T15:29:58.819400Z,,2025-02-20T15:30:01.839880Z,
HE.LAUT.00.BHZ | 2025-02-20T15:29:24.988331Z - 2025-02-20T15:30:24.988331Z,,,,,,,2025-02-20T15:29:57.703730Z,,2025-02-20T15:29:59.880650Z,
HE.MEF.00.BHZ | 2025-02-20T15:29:40.079594Z - 2025-02-20T15:30:40.079594Z,,,,,,,2025-02-20T15:29:56.696900Z,,2025-02-20T15:29:58.329590Z,
HE.NUR.00.SHZ | 2025-02-20T15:29:51.253238Z - 2025-02-20T15:30:51.253238Z,,,,,,,2025-02-20T15:30:01.676610Z,,2025-02-20T15:30:06.629120Z,
HE.VUOS.00.BHZ | 2025-02-20T15:29:26.444136Z - 2025-02-20T15:30:26.444136Z,,,,,,,2025-02-20T15:30:00.560940Z,,2025-02-20T15:30:04.506610Z,
HE.FIA0.00.SHZ | 2025-02-21T11:54:09.864959Z - 2025-02-21T11:55:09.864959Z,,,,,,,2025-02-21T11:54:21.300000Z,,2025-02-21T11:54:39.200000Z,
HE.JOF.00.BHZ | 2025-02-21T11:54:36.283121Z - 2025-02-21T11:55:36.283121Z,,,,,,,2025-02-21T11:54:43.880000Z,,2025-02-21T11:55:14.960000Z,
HE.KAF.00.BHZ | 2025-02-21T11:54:01.766583Z - 2025-02-21T11:55:01.766583Z,,,,,,,2025-02-21T11:54:27.780000Z,,2025-02-21T11:54:46.240000Z,
HE.KEF.00.BHZ | 2025-02-21T11:54:25.866146Z - 2025-02-21T11:55:25.866146Z,,,,,,,2025-02-21T11:54:36.880000Z,,2025-02-21T11:55:03.280000Z,
HE.KY17.00.BHZ | 2025-02-21T11:53:56.428691Z - 2025-02-21T11:54:56.428691Z,,,,,,,2025-02-21T11:54:11.680000Z,,2025-02-21T11:54:19.580000Z,
HE.MEF.00.BHZ | 2025-02-21T11:54:44.857981Z - 2025-02-21T11:55:44.857981Z,,,,,,,,,2025-02-21T11:55:04.380000Z,
HE.NIF.00.BHZ | 2025-02-21T11:54:36.896771Z - 2025-02-21T11:55:36.896771Z,,,,,,,,,2025-02-21T11:55:14.020000Z,
HE.NUR.00.BHZ | 2025-02-21T11:54:15.130229Z - 2025-02-21T11:55:15.130229Z,,,,,,,2025-02-21T11:54:33.580000Z,,2025-02-21T11:54:58.620000Z,
HE.PVF.00.BHZ | 2025-02-21T11:53:49.972954Z - 2025-02-21T11:54:49.972954Z,,,,,,,2025-02-21T11:54:23.080000Z,,2025-02-21T11:54:40.320000Z,
HE.RUF.00.BHZ | 2025-02-21T11:53:29.697280Z - 2025-02-21T11:54:29.697280Z,,,,,,,2025-02-21T11:54:11.380000Z,,2025-02-21T11:54:18.680000Z,
HE.SUF.00.BHZ | 2025-02-21T11:54:14.593089Z - 2025-02-21T11:55:14.593089Z,,,,,,,2025-02-21T11:54:36.840000Z,,2025-02-21T11:55:03.140000Z,
HE.TRE03.00.BHZ | 2025-02-21T11:54:29.574394Z - 2025-02-21T11:55:29.574394Z,,,,,,,2025-02-21T11:54:37.180000Z,,2025-02-21T11:55:05.280000Z,
HE.VJF.00.BHZ | 2025-02-21T11:53:56.533816Z - 2025-02-21T11:54:56.533816Z,,,,,,,2025-02-21T11:54:11.880000Z,,2025-02-21T11:54:20.140000Z,
HE.VUOS.00.BHZ | 2025-02-21T11:53:46.592295Z - 2025-02-21T11:54:46.592295Z,,,,,,,2025-02-21T11:54:33.330000Z,,,
FN.KLF.00.BHZ | 2025-02-21T13:12:36.106745Z - 2025-02-21T13:13:36.106745Z,,,,,,,2025-02-21T13:12:55.030000Z,,2025-02-21T13:13:29.520000Z,
FN.MSF.00.BHZ | 2025-02-21T13:12:37.480976Z - 2025-02-21T13:13:37.480976Z,,,,,,,2025-02-21T13:12:44.180000Z,,2025-02-21T13:13:06.900000Z,
FN.OLKF.00.BHZ | 2025-02-21T13:12:07.605321Z - 2025-02-21T13:13:07.605321Z,,,,,,,2025-02-21T13:12:36.480000Z,,2025-02-21T13:12:53.820000Z,
FN.RAJF.00.BHZ | 2025-02-21T13:12:04.387622Z - 2025-02-21T13:13:04.387622Z,,,,,,,2025-02-21T13:12:34.580000Z,,2025-02-21T13:12:49.880000Z,
FN.RANF.00.BHZ | 2025-02-21T13:12:34.600858Z - 2025-02-21T13:13:34.600858Z,,,,,,,2025-02-21T13:12:50.520000Z,,2025-02-21T13:13:17.220000Z,
FN.RNF.00.BHZ | 2025-02-21T13:12:34.660855Z - 2025-02-21T13:13:34.660855Z,,,,,,,2025-02-21T13:12:47.880000Z,,2025-02-21T13:13:14.040000Z,
HE.HEF.00.BHZ | 2025-02-21T13:12:39.671035Z - 2025-02-21T13:13:39.671035Z,,,,,,,2025-02-21T13:13:00.080000Z,,2025-02-21T13:13:33.480000Z,
HE.KEV.00.BHZ | 2025-02-21T13:12:44.596397Z - 2025-02-21T13:13:44.596397Z,,,,,,,2025-02-21T13:12:55.410000Z,,2025-02-21T13:13:27.020000Z,
HE.KIF.00.BHZ | 2025-02-21T13:14:04.234262Z - 2025-02-21T13:15:04.234262Z,,,,,,,,,2025-02-21T13:14:13.760000Z,
HE.KU1.00.BHZ | 2025-02-21T13:12:27.065366Z - 2025-02-21T13:13:27.065366Z,,,,,,,2025-02-21T13:12:49.180000Z,,2025-02-21T13:13:15.820000Z,
HE.KU2.00.BHZ | 2025-02-21T13:12:35.241495Z - 2025-02-21T13:13:35.241495Z,,,,,,,2025-02-21T13:12:50.180000Z,,2025-02-21T13:13:16.860000Z,
HE.KU6.00.BHZ | 2025-02-21T13:12:19.678337Z - 2025-02-21T13:13:19.678337Z,,,,,,,2025-02-21T13:12:40.830000Z,,2025-02-21T13:13:02.520000Z,
HE.TOF.00.BHZ | 2025-02-21T13:12:54.723958Z - 2025-02-21T13:13:54.723958Z,,,,,,,,,2025-02-21T13:13:38.960000Z,
HE.VRF.00.BHZ | 2025-02-21T13:11:53.623439Z - 2025-02-21T13:12:53.623439Z,,,,,,,2025-02-21T13:12:19.160000Z,,2025-02-21T13:12:24.200000Z,
HE.FIA0.00.SHZ | 2025-02-21T10:00:58.336951Z - 2025-02-21T10:01:58.336951Z,,,,,,,2025-02-21T10:01:12.800000Z,,2025-02-21T10:01:33.500000Z,
HE.HEL1.00.BHZ | 2025-02-21T10:00:25.492765Z - 2025-02-21T10:01:25.492765Z,,,,,,,2025-02-21T10:00:47.030000Z,,2025-02-21T10:00:49.320000Z,
HE.HEL5.00.BHZ | 2025-02-21T10:00:16.434192Z - 2025-02-21T10:01:16.434192Z,,,,,,,2025-02-21T10:00:45.680000Z,,2025-02-21T10:00:46.920000Z,
HE.KORF.00.BHZ | 2025-02-21T10:00:58.460831Z - 2025-02-21T10:01:58.460831Z,,,,,,,2025-02-21T10:01:13.220000Z,,2025-02-21T10:01:36.460000Z,
HE.KPF.00.BHZ | 2025-02-21T10:00:55.787666Z - 2025-02-21T10:01:55.787666Z,,,,,,,2025-02-21T10:01:21.820000Z,,2025-02-21T10:01:50.580000Z,
HE.KUNI.00.BHZ | 2025-02-21T10:00:13.612317Z - 2025-02-21T10:01:13.612317Z,,,,,,,2025-02-21T10:00:47.880000Z,,2025-02-21T10:00:50.740000Z,
HE.KY17.00.BHZ | 2025-02-21T10:00:40.070815Z - 2025-02-21T10:01:40.070815Z,,,,,,,2025-02-21T10:01:11.320000Z,,,
HE.LAUT.00.BHZ | 2025-02-21T10:00:34.217327Z - 2025-02-21T10:01:34.217327Z,,,,,,,2025-02-21T10:00:46.700000Z,,2025-02-21T10:00:48.580000Z,
HE.MEF.00.BHZ | 2025-02-21T10:00:13.651579Z - 2025-02-21T10:01:13.651579Z,,,,,,,2025-02-21T10:00:45.320000Z,,2025-02-21T10:00:47.380000Z,
HE.NUR.00.BHZ | 2025-02-21T10:00:09.648939Z - 2025-02-21T10:01:09.648939Z,,,,,,,2025-02-21T10:00:50.600000Z,,2025-02-21T10:00:56.580000Z,
HE.PVF.00.BHZ | 2025-02-21T10:00:40.922323Z - 2025-02-21T10:01:40.922323Z,,,,,,,2025-02-21T10:00:58.120000Z,,2025-02-21T10:01:08.320000Z,
HE.RAF.00.BHZ | 2025-02-21T10:00:45.640466Z - 2025-02-21T10:01:45.640466Z,,,,,,,2025-02-21T10:01:13.780000Z,,2025-02-21T10:01:35.640000Z,
HE.TVF.00.BHZ | 2025-02-21T10:00:31.750632Z - 2025-02-21T10:01:31.750632Z,,,,,,,2025-02-21T10:00:57.250000Z,,,
HE.VJF.00.BHZ | 2025-02-21T10:00:56.576351Z - 2025-02-21T10:01:56.576351Z,,,,,,,,,2025-02-21T10:01:35.040000Z,
HE.VUOS.00.BHZ | 2025-02-21T10:00:38.421252Z - 2025-02-21T10:01:38.421252Z,,,,,,,2025-02-21T10:00:49.590000Z,,2025-02-21T10:00:53.850000Z,
UP.AAL.00.BHZ | 2025-02-21T10:01:40.007368Z - 2025-02-21T10:02:40.007368Z,,,,,,,,,2025-02-21T10:01:54.200000Z,
HE.ECKF.00.BHZ | 2025-02-21T16:27:34.882985Z - 2025-02-21T16:28:34.882985Z,,,,,,,,,2025-02-21T16:27:42.660000Z,
HE.FIA0.00.SHZ | 2025-02-21T16:25:54.322186Z - 2025-02-21T16:26:54.322186Z,,,,,,,2025-02-21T16:26:35.100000Z,,2025-02-21T16:26:48.300000Z,
HE.KAF.00.BHZ | 2025-02-21T16:25:51.099777Z - 2025-02-21T16:26:51.099777Z,,,,,,,2025-02-21T16:26:40.980000Z,,,
HE.KEF.00.BHZ | 2025-02-21T16:26:14.487906Z - 2025-02-21T16:27:14.487906Z,,,,,,,2025-02-21T16:26:34.630000Z,,2025-02-21T16:26:45.920000Z,
HE.KORF.00.BHZ | 2025-02-21T16:26:48.627871Z - 2025-02-21T16:27:48.627871Z,,,,,,,2025-02-21T16:26:56.120000Z,,2025-02-21T16:27:23.080000Z,
HE.KPF.00.BHZ | 2025-02-21T16:26:18.768405Z - 2025-02-21T16:27:18.768405Z,,,,,,,2025-02-21T16:26:42.630000Z,,,
HE.KY17.00.BHZ | 2025-02-21T16:26:34.602304Z - 2025-02-21T16:27:34.602304Z,,,,,,,2025-02-21T16:26:45.170000Z,,2025-02-21T16:27:03.980000Z,
HE.NIF.00.BHZ | 2025-02-21T16:26:44.161383Z - 2025-02-21T16:27:44.161383Z,,,,,,,2025-02-21T16:27:04.980000Z,,2025-02-21T16:27:37.680000Z,
HE.PVF.00.BHZ | 2025-02-21T16:25:58.191298Z - 2025-02-21T16:26:58.191298Z,,,,,,,2025-02-21T16:26:41.180000Z,,,
HE.RAF.00.BHZ | 2025-02-21T16:26:33.675421Z - 2025-02-21T16:27:33.675421Z,,,,,,,2025-02-21T16:26:45.080000Z,,2025-02-21T16:27:03.660000Z,
HE.RUF.00.BHZ | 2025-02-21T16:26:42.695826Z - 2025-02-21T16:27:42.695826Z,,,,,,,2025-02-21T16:26:59.580000Z,,2025-02-21T16:27:28.120000Z,
HE.SUF.00.BHZ | 2025-02-21T16:26:19.177219Z - 2025-02-21T16:27:19.177219Z,,,,,,,2025-02-21T16:26:48.280000Z,,2025-02-21T16:27:08.440000Z,
HE.TRE03.00.BHZ | 2025-02-21T16:25:33.140057Z - 2025-02-21T16:26:33.140057Z,,,,,,,2025-02-21T16:26:24.280000Z,,2025-02-21T16:26:27.120000Z,
HE.VAF.00.BHZ | 2025-02-21T16:26:38.391350Z - 2025-02-21T16:27:38.391350Z,,,,,,,2025-02-21T16:26:53.780000Z,,2025-02-21T16:27:17.900000Z,
HE.VJF.00.BHZ | 2025-02-21T16:26:22.194010Z - 2025-02-21T16:27:22.194010Z,,,,,,,2025-02-21T16:26:52.890000Z,,2025-02-21T16:27:16.280000Z,
UP.AAL.00.BHZ | 2025-02-21T16:27:25.888465Z - 2025-02-21T16:28:25.888465Z,,,,,,,,,2025-02-21T16:27:38.720000Z,
HE.HEL1.00.BHZ | 2025-02-20T14:02:35.435184Z - 2025-02-20T14:03:35.435184Z,,,,,,,2025-02-20T14:03:02.293550Z,,2025-02-20T14:03:06.392440Z,
HE.HEL5.00.BHZ | 2025-02-20T14:02:26.024095Z - 2025-02-20T14:03:26.024095Z,,,,,,,2025-02-20T14:03:01.921780Z,,2025-02-20T14:03:05.452030Z,
HE.KUNI.00.BHZ | 2025-02-20T14:02:34.679279Z - 2025-02-20T14:03:34.679279Z,,,,,,,2025-02-20T14:03:02.244810Z,,2025-02-20T14:03:06.236540Z,
HE.LAUT.00.BHZ | 2025-02-20T14:02:20.410909Z - 2025-02-20T14:03:20.410909Z,,,,,,,2025-02-20T14:03:02.355650Z,,2025-02-20T14:03:06.361390Z,
HE.MEF.00.BHZ | 2025-02-20T14:02:14.297203Z - 2025-02-20T14:03:14.297203Z,,,,,,,2025-02-20T14:02:58.425630Z,,2025-02-20T14:02:59.467410Z,
HE.NUR.00.SHZ | 2025-02-20T14:02:29.952702Z - 2025-02-20T14:03:29.952702Z,,,,,,,2025-02-20T14:03:01.567920Z,,2025-02-20T14:03:05.102270Z,
HE.VUOS.00.BHZ | 2025-02-20T14:02:17.026366Z - 2025-02-20T14:03:17.026366Z,,,,,,,2025-02-20T14:03:04.907970Z,,2025-02-20T14:03:10.179090Z,
HE.ECKF.00.CZ | 2025-02-21T12:44:41.474429Z - 2025-02-21T12:45:41.474429Z,,,,,,,2025-02-21T12:45:14.830670Z,,2025-02-21T12:45:33.997140Z,
HE.FIA0.00.?HZ | 2025-02-21T12:45:07.363552Z - 2025-02-21T12:46:07.363552Z,,,,,,,2025-02-21T12:45:24.642790Z,,2025-02-21T12:45:51.634470Z,
HE.FIA1.00.?HZ | 2025-02-21T12:45:14.085900Z - 2025-02-21T12:46:14.085900Z,,,,,,,2025-02-21T12:45:24.642790Z,,2025-02-21T12:45:51.634470Z,
HE.KEF.00.?HZ | 2025-02-21T12:45:01.190489Z - 2025-02-21T12:46:01.190489Z,,,,,,,2025-02-21T12:45:25.384120Z,,2025-02-21T12:45:53.130300Z,
HE.KORF.00.CZ | 2025-02-21T12:44:49.811779Z - 2025-02-21T12:45:49.811779Z,,,,,,,2025-02-21T12:44:59.533510Z,,2025-02-21T12:45:06.890250Z,
HE.KPF.00.BHZ | 2025-02-21T12:44:59.761927Z - 2025-02-21T12:45:59.761927Z,,,,,,,2025-02-21T12:45:13.829220Z,,2025-02-21T12:45:31.693350Z,
HE.PVF.00.CZ | 2025-02-21T12:44:52.848553Z - 2025-02-21T12:45:52.848553Z,,,,,,,2025-02-21T12:45:19.604130Z,,2025-02-21T12:45:41.676140Z,
HE.RAF.00.BHZ | 2025-02-21T12:44:37.771254Z - 2025-02-21T12:45:37.771254Z,,,,,,,2025-02-21T12:45:00.487090Z,,2025-02-21T12:45:08.819150Z,
HE.TRE03.00.CZ | 2025-02-21T12:44:48.555424Z - 2025-02-21T12:45:48.555424Z,,,,,,,2025-02-21T12:45:14.990390Z,,2025-02-21T12:45:33.952670Z,
HE.TVF.00.BHZ | 2025-02-21T12:44:39.678940Z - 2025-02-21T12:45:39.678940Z,,,,,,,2025-02-21T12:45:02.278240Z,,2025-02-21T12:45:11.771430Z,
UP.AAL.00.BHZ | 2025-02-21T12:44:34.426687Z - 2025-02-21T12:45:34.426687Z,,,,,,,2025-02-21T12:45:11.255870Z,,2025-02-21T12:45:26.870030Z,
HE.ALAJF.00.?HZ | 2025-02-21T14:15:32.922522Z - 2025-02-21T14:16:32.922522Z,,,,,,,,,2025-02-21T14:16:10.417120Z,
HE.FIA0.00.?HZ | 2025-02-21T14:15:00.108348Z - 2025-02-21T14:16:00.108348Z,,,,,,,2025-02-21T14:15:22.874410Z,,2025-02-21T14:15:26.878110Z,
HE.FIA1.00.?HZ | 2025-02-21T14:14:36.359956Z - 2025-02-21T14:15:36.359956Z,,,,,,,2025-02-21T14:15:22.874410Z,,2025-02-21T14:15:26.878110Z,
HE.KAF.00.?HZ | 2025-02-21T14:14:35.815181Z - 2025-02-21T14:15:35.815181Z,,,,,,,2025-02-21T14:15:24.093570Z,,2025-02-21T14:15:28.966750Z,
HE.KEF.00.?HZ | 2025-02-21T14:14:55.056323Z - 2025-02-21T14:15:55.056323Z,,,,,,,2025-02-21T14:15:30.920190Z,,2025-02-21T14:15:40.886550Z,
HE.KPF.00.BHZ | 2025-02-21T14:15:23.162849Z - 2025-02-21T14:16:23.162849Z,,,,,,,,,2025-02-21T14:16:17.568580Z,
HE.KY02.00.CZ | 2025-02-21T14:15:17.193902Z - 2025-02-21T14:16:17.193902Z,,,,,,,2025-02-21T14:15:32.864770Z,,2025-02-21T14:15:43.180160Z,
HE.KY17.00.CZ | 2025-02-21T14:14:58.485010Z - 2025-02-21T14:15:58.485010Z,,,,,,,2025-02-21T14:15:34.268800Z,,2025-02-21T14:15:45.461090Z,
HE.LOVF.00.CZ | 2025-02-21T14:15:31.216291Z - 2025-02-21T14:16:31.216291Z,,,,,,,2025-02-21T14:15:41.041800Z,,2025-02-21T14:15:57.689040Z,
HE.NIF.00.BHZ | 2025-02-21T14:15:41.286161Z - 2025-02-21T14:16:41.286161Z,,,,,,,2025-02-21T14:15:50.319630Z,,2025-02-21T14:16:13.688470Z,
HE.NUR.00.SHZ | 2025-02-21T14:15:13.870811Z - 2025-02-21T14:16:13.870811Z,,,,,,,,,2025-02-21T14:16:01.984120Z,
HE.PVF.00.CZ | 2025-02-21T14:15:20.089475Z - 2025-02-21T14:16:20.089475Z,,,,,,,2025-02-21T14:15:39.331100Z,,2025-02-21T14:15:54.905660Z,
HE.RAF.00.BHZ | 2025-02-21T14:15:42.594393Z - 2025-02-21T14:16:42.594393Z,,,,,,,,,2025-02-21T14:16:26.773870Z,
HE.RUF.00.BHZ | 2025-02-21T14:15:24.944892Z - 2025-02-21T14:16:24.944892Z,,,,,,,2025-02-21T14:15:43.811910Z,,2025-02-21T14:15:59.276840Z,
HE.SUF.00.BHZ | 2025-02-21T14:14:53.232880Z - 2025-02-21T14:15:53.232880Z,,,,,,,2025-02-21T14:15:35.479180Z,,2025-02-21T14:15:47.670740Z,
HE.TRE03.00.CZ | 2025-02-21T14:15:07.607710Z - 2025-02-21T14:16:07.607710Z,,,,,,,2025-02-21T14:15:34.607710Z,,2025-02-21T14:15:47.054790Z,
HE.VAF.00.BHZ | 2025-02-21T14:15:33.537961Z - 2025-02-21T14:16:33.537961Z,,,,,,,,,2025-02-21T14:16:21.807420Z,
HE.VJF.00.?HZ | 2025-02-21T14:15:18.322567Z - 2025-02-21T14:16:18.322567Z,,,,,,,2025-02-21T14:15:42.378620Z,,2025-02-21T14:16:00.514650Z,
FN.OUL.00.BHZ | 2025-02-21T13:03:00.831434Z - 2025-02-21T13:04:00.831434Z,,,,,,,2025-02-21T13:03:28.331090Z,,2025-02-21T13:03:51.252840Z,
HE.ALAJF.00.?HZ | 2025-02-21T13:02:24.270637Z - 2025-02-21T13:03:24.270637Z,,,,,,,2025-02-21T13:03:03.865450Z,,2025-02-21T13:03:08.705830Z,
HE.FIA0.00.?HZ | 2025-02-21T13:03:18.981958Z - 2025-02-21T13:04:18.981958Z,,,,,,,2025-02-21T13:03:34.273810Z,,2025-02-21T13:04:02.624770Z,
HE.FIA1.00.?HZ | 2025-02-21T13:03:09.990462Z - 2025-02-21T13:04:09.990462Z,,,,,,,2025-02-21T13:03:34.273810Z,,2025-02-21T13:04:02.624770Z,
HE.KAF.00.?HZ | 2025-02-21T13:03:12.562030Z - 2025-02-21T13:04:12.562030Z,,,,,,,2025-02-21T13:03:25.251700Z,,2025-02-21T13:03:45.463780Z,
HE.KEF.00.?HZ | 2025-02-21T13:03:13.319792Z - 2025-02-21T13:04:13.319792Z,,,,,,,2025-02-21T13:03:20.448550Z,,2025-02-21T13:03:36.944780Z,
HE.KJNF.00.CZ | 2025-02-21T13:03:09.353676Z - 2025-02-21T13:04:09.353676Z,,,,,,,2025-02-21T13:03:25.503570Z,,2025-02-21T13:03:46.454150Z,
HE.KPF.00.BHZ | 2025-02-21T13:03:20.860019Z - 2025-02-21T13:04:20.860019Z,,,,,,,2025-02-21T13:03:32.696890Z,,2025-02-21T13:03:57.933870Z,
HE.NIF.00.BHZ | 2025-02-21T13:02:58.860153Z - 2025-02-21T13:03:58.860153Z,,,,,,,2025-02-21T13:03:23.740480Z,,2025-02-21T13:03:43.034720Z,
HE.OBF0.00.BHZ | 2025-02-21T13:02:46.727534Z - 2025-02-21T13:03:46.727534Z,,,,,,,2025-02-21T13:03:16.587390Z,,2025-02-21T13:03:30.320180Z,
HE.OBF3.00.BHZ | 2025-02-21T13:02:56.064879Z - 2025-02-21T13:03:56.064879Z,,,,,,,2025-02-21T13:03:22.027770Z,,2025-02-21T13:03:39.940880Z,
HE.OBF8.00.BHZ | 2025-02-21T13:03:00.990987Z - 2025-02-21T13:04:00.990987Z,,,,,,,2025-02-21T13:03:15.378420Z,,,
HE.OUF.00.BHZ | 2025-02-21T13:02:38.295797Z - 2025-02-21T13:03:38.295797Z,,,,,,,2025-02-21T13:03:14.045070Z,,2025-02-21T13:03:25.959580Z,
HE.SUF.00.BHZ | 2025-02-21T13:02:52.367176Z - 2025-02-21T13:03:52.367176Z,,,,,,,2025-02-21T13:03:15.831780Z,,2025-02-21T13:03:29.226790Z,
HE.TRE03.00.CZ | 2025-02-21T13:03:00.515712Z - 2025-02-21T13:04:00.515712Z,,,,,,,2025-02-21T13:03:30.236010Z,,2025-02-21T13:03:53.672940Z,
HE.VAF.00.BHZ | 2025-02-21T13:02:38.032874Z - 2025-02-21T13:03:38.032874Z,,,,,,,2025-02-21T13:03:13.867200Z,,2025-02-21T13:03:25.890190Z,
HE.FIA0.00.?HZ | 2025-02-21T15:04:52.781222Z - 2025-02-21T15:05:52.781222Z,,,,,,,2025-02-21T15:05:15.679970Z,,2025-02-21T15:05:41.338170Z,
HE.FIA1.00.?HZ | 2025-02-21T15:04:49.353493Z - 2025-02-21T15:05:49.353493Z,,,,,,,2025-02-21T15:05:15.679970Z,,2025-02-21T15:05:41.338170Z,
HE.JOF.00.BHZ | 2025-02-21T15:04:53.430282Z - 2025-02-21T15:05:53.430282Z,,,,,,,2025-02-21T15:05:08.347990Z,,2025-02-21T15:05:28.355950Z,
HE.KAF.00.?HZ | 2025-02-21T15:05:07.153374Z - 2025-02-21T15:06:07.153374Z,,,,,,,2025-02-21T15:05:15.567720Z,,2025-02-21T15:05:39.728810Z,
HE.KY17.00.CZ | 2025-02-21T15:04:46.784274Z - 2025-02-21T15:05:46.784274Z,,,,,,,2025-02-21T15:05:09.428110Z,,2025-02-21T15:05:30.422390Z,
HE.LOVF.00.CZ | 2025-02-21T15:04:56.734315Z - 2025-02-21T15:05:56.734315Z,,,,,,,2025-02-21T15:05:18.987630Z,,2025-02-21T15:05:46.712270Z,
HE.NIF.00.BHZ | 2025-02-21T15:05:04.534355Z - 2025-02-21T15:06:04.534355Z,,,,,,,2025-02-21T15:05:19.490250Z,,2025-02-21T15:05:46.112630Z,
HE.RUF.00.BHZ | 2025-02-21T15:04:14.964097Z - 2025-02-21T15:05:14.964097Z,,,,,,,2025-02-21T15:04:51.574090Z,,2025-02-21T15:04:58.838190Z,
HE.SUF.00.BHZ | 2025-02-21T15:04:57.973863Z - 2025-02-21T15:05:57.973863Z,,,,,,,2025-02-21T15:05:20.399820Z,,2025-02-21T15:05:48.961590Z,
HE.VJF.00.?HZ | 2025-02-21T15:04:54.595214Z - 2025-02-21T15:05:54.595214Z,,,,,,,2025-02-21T15:05:09.428110Z,,2025-02-21T15:05:30.287190Z,
FN.KLF.00.BHZ | 2025-02-21T17:01:18.669427Z - 2025-02-21T17:02:18.669427Z,,,,,,,2025-02-21T17:01:46.151670Z,,2025-02-21T17:02:05.317830Z,
FN.OUL.00.BHZ | 2025-02-21T17:00:53.914475Z - 2025-02-21T17:01:53.914475Z,,,,,,,2025-02-21T17:01:34.796680Z,,2025-02-21T17:01:46.045600Z,
FN.RANF.00.?HZ | 2025-02-21T17:01:29.732471Z - 2025-02-21T17:02:29.732471Z,,,,,,,2025-02-21T17:01:35.573090Z,,2025-02-21T17:01:47.092870Z,
HE.KU1.00.SHZ | 2025-02-21T17:01:42.726085Z - 2025-02-21T17:02:42.726085Z,,,,,,,2025-02-21T17:01:54.983320Z,,2025-02-21T17:02:20.714900Z,
HE.KU2.00.SHZ | 2025-02-21T17:01:34.510906Z - 2025-02-21T17:02:34.510906Z,,,,,,,2025-02-21T17:01:45.278210Z,,,
HE.KU6.00.BHZ | 2025-02-21T17:01:41.774943Z - 2025-02-21T17:02:41.774943Z,,,,,,,2025-02-21T17:01:56.827300Z,,2025-02-21T17:02:24.236440Z,
HE.OBF0.00.BHZ | 2025-02-21T17:01:32.244076Z - 2025-02-21T17:02:32.244076Z,,,,,,,2025-02-21T17:01:42.851930Z,,,
HE.TOF.00.BHZ | 2025-02-21T17:00:51.919807Z - 2025-02-21T17:01:51.919807Z,,,,,,,2025-02-21T17:01:25.511510Z,,2025-02-21T17:01:29.529570Z,
FN.MSF.00.BHZ | 2025-02-24T20:16:04.368411Z - 2025-02-24T20:17:04.368411Z,,,,,,,,,2025-02-24T20:16:47.480000Z,
FN.OLKF.00.BHZ | 2025-02-24T20:15:48.361402Z - 2025-02-24T20:16:48.361402Z,,,,,,,2025-02-24T20:16:07.720000Z,,2025-02-24T20:16:36.560000Z,
FN.RAJF.00.BHZ | 2025-02-24T20:15:57.207100Z - 2025-02-24T20:16:57.207100Z,,,,,,,2025-02-24T20:16:06.580000Z,,2025-02-24T20:16:35.400000Z,
FN.RANF.00.BHZ | 2025-02-24T20:16:49.554868Z - 2025-02-24T20:17:49.554868Z,,,,,,,,,2025-02-24T20:17:07.600000Z,
FN.RNF.00.BHZ | 2025-02-24T20:16:22.849977Z - 2025-02-24T20:17:22.849977Z,,,,,,,,,2025-02-24T20:16:59.840000Z,
HE.KEV.00.BHZ | 2025-02-24T20:15:37.477877Z - 2025-02-24T20:16:37.477877Z,,,,,,,2025-02-24T20:16:20.880000Z,,,
HE.KEV.00.BHZ | 2025-02-24T20:16:35.313716Z - 2025-02-24T20:17:35.313716Z,,,,,,,,,2025-02-24T20:17:11.280000Z,
HE.KU6.00.BHZ | 2025-02-24T20:16:01.459628Z - 2025-02-24T20:17:01.459628Z,,,,,,,2025-02-24T20:16:09.440000Z,,2025-02-24T20:16:38.280000Z,
HE.VRF.00.BHZ | 2025-02-24T20:15:42.376333Z - 2025-02-24T20:16:42.376333Z,,,,,,,2025-02-24T20:15:57.940000Z,,2025-02-24T20:16:17.120000Z,
FN.OUL.00.BHZ | 2025-02-24T13:37:13.026897Z - 2025-02-24T13:38:13.026897Z,,,,,,,2025-02-24T13:37:20.620870Z,,2025-02-24T13:37:38.947390Z,
HE.ALAJF.00.?HZ | 2025-02-24T13:36:58.600939Z - 2025-02-24T13:37:58.600939Z,,,,,,,2025-02-24T13:37:07.809540Z,,2025-02-24T13:37:17.221790Z,
HE.FIA0.00.?HZ | 2025-02-24T13:37:22.748826Z - 2025-02-24T13:38:22.748826Z,,,,,,,2025-02-24T13:37:34.290390Z,,2025-02-24T13:38:04.378610Z,
HE.FIA1.00.?HZ | 2025-02-24T13:37:11.139214Z - 2025-02-24T13:38:11.139214Z,,,,,,,2025-02-24T13:37:34.290390Z,,2025-02-24T13:38:01.929070Z,
HE.KAF.00.?HZ | 2025-02-24T13:36:59.072053Z - 2025-02-24T13:37:59.072053Z,,,,,,,2025-02-24T13:37:23.948900Z,,2025-02-24T13:37:44.753690Z,
HE.KEF.00.?HZ | 2025-02-24T13:37:03.713667Z - 2025-02-24T13:38:03.713667Z,,,,,,,2025-02-24T13:37:21.621380Z,,2025-02-24T13:37:41.254830Z,
HE.KPF.00.BHZ | 2025-02-24T13:37:29.472039Z - 2025-02-24T13:38:29.472039Z,,,,,,,,,2025-02-24T13:38:05.290240Z,
HE.NIF.00.BHZ | 2025-02-24T13:36:49.678502Z - 2025-02-24T13:37:49.678502Z,,,,,,,2025-02-24T13:37:16.062130Z,,2025-02-24T13:37:32.065870Z,
HE.OBF0.00.BHZ | 2025-02-24T13:36:29.576199Z - 2025-02-24T13:37:29.576199Z,,,,,,,2025-02-24T13:37:11.210350Z,,2025-02-24T13:37:23.373170Z,
HE.OBF3.00.BHZ | 2025-02-24T13:36:51.828821Z - 2025-02-24T13:37:51.828821Z,,,,,,,2025-02-24T13:37:15.649670Z,,2025-02-24T13:37:30.513400Z,
HE.OUF.00.BHZ | 2025-02-24T13:36:52.060701Z - 2025-02-24T13:37:52.060701Z,,,,,,,2025-02-24T13:37:07.554720Z,,2025-02-24T13:37:17.087040Z,
HE.RMF.00.BHZ | 2025-02-24T13:37:10.823970Z - 2025-02-24T13:38:10.823970Z,,,,,,,2025-02-24T13:37:31.951060Z,,2025-02-24T13:38:00.048510Z,
HE.SUF.00.BHZ | 2025-02-24T13:36:38.911816Z - 2025-02-24T13:37:38.911816Z,,,,,,,2025-02-24T13:37:13.514120Z,,2025-02-24T13:37:26.972660Z,
HE.TRE03.00.CZ | 2025-02-24T13:37:09.241407Z - 2025-02-24T13:38:09.241407Z,,,,,,,2025-02-24T13:37:31.051650Z,,2025-02-24T13:37:57.563990Z,
HE.VAF.00.BHZ | 2025-02-24T13:36:45.647676Z - 2025-02-24T13:37:45.647676Z,,,,,,,2025-02-24T13:37:17.768580Z,,2025-02-24T13:37:34.395780Z,
FN.RAJF.00.BHZ | 2025-02-24T16:21:07.104968Z - 2025-02-24T16:22:07.104968Z,,,,,,,2025-02-24T16:21:32.080000Z,,2025-02-24T16:21:57.320000Z,
HE.KEV.00.BHZ | 2025-02-24T16:20:33.410120Z - 2025-02-24T16:21:33.410120Z,,,,,,,2025-02-24T16:21:12.060000Z,,2025-02-24T16:21:25.080000Z,
HE.KIF.00.BHZ | 2025-02-24T16:21:23.063589Z - 2025-02-24T16:22:23.063589Z,,,,,,,,,2025-02-24T16:22:17.430000Z,
FN.RAJF.00.BHZ | 2025-02-24T16:03:35.175803Z - 2025-02-24T16:04:35.175803Z,,,,,,,,,2025-02-24T16:04:00.160000Z,
HE.HEF.00.BHZ | 2025-02-24T16:03:56.424797Z - 2025-02-24T16:04:56.424797Z,,,,,,,2025-02-24T16:04:05.280000Z,,2025-02-24T16:04:42.980000Z,
HE.KEV.00.BHZ | 2025-02-24T16:03:38.243728Z - 2025-02-24T16:04:38.243728Z,,,,,,,2025-02-24T16:03:46.320000Z,,2025-02-24T16:04:03.960000Z,
HE.KIF.00.BHZ | 2025-02-24T16:04:12.872380Z - 2025-02-24T16:05:12.872380Z,,,,,,,,,2025-02-24T16:05:06.780000Z,
HE.KU6.00.BHZ | 2025-02-24T16:04:28.779381Z - 2025-02-24T16:05:28.779381Z,,,,,,,,,2025-02-24T16:04:54.120000Z,
HE.VRF.00.BHZ | 2025-02-24T16:04:05.933999Z - 2025-02-24T16:05:05.933999Z,,,,,,,,,2025-02-24T16:04:11.900000Z,
HE.FIA0.00.SHZ | 2025-02-24T14:13:25.243702Z - 2025-02-24T14:14:25.243702Z,,,,,,,2025-02-24T14:14:00.800000Z,,2025-02-24T14:14:15.900000Z,
HE.HEL1.00.BHZ | 2025-02-24T14:13:36.673933Z - 2025-02-24T14:14:36.673933Z,,,,,,,2025-02-24T14:13:45.760000Z,,2025-02-24T14:13:49.980000Z,
HE.HEL5.00.BHZ | 2025-02-24T14:13:06.392865Z - 2025-02-24T14:14:06.392865Z,,,,,,,2025-02-24T14:13:47.460000Z,,2025-02-24T14:13:52.780000Z,
HE.KAF.00.BHZ | 2025-02-24T14:13:53.431655Z - 2025-02-24T14:14:53.431655Z,,,,,,,2025-02-24T14:14:12.980000Z,,2025-02-24T14:14:36.780000Z,
HE.KEF.00.BHZ | 2025-02-24T14:13:55.734803Z - 2025-02-24T14:14:55.734803Z,,,,,,,2025-02-24T14:14:13.280000Z,,2025-02-24T14:14:37.660000Z,
HE.KJNF.00.BHZ | 2025-02-24T14:14:06.365653Z - 2025-02-24T14:15:06.365653Z,,,,,,,2025-02-24T14:14:40.820000Z,,,
HE.KORF.00.BHZ | 2025-02-24T14:14:02.646811Z - 2025-02-24T14:15:02.646811Z,,,,,,,2025-02-24T14:14:15.180000Z,,2025-02-24T14:14:40.500000Z,
HE.KPF.00.BHZ | 2025-02-24T14:13:54.443838Z - 2025-02-24T14:14:54.443838Z,,,,,,,,,2025-02-24T14:14:48.100000Z,
HE.KUNI.00.BHZ | 2025-02-24T14:12:54.693677Z - 2025-02-24T14:13:54.693677Z,,,,,,,2025-02-24T14:13:44.380000Z,,2025-02-24T14:13:47.780000Z,
HE.KY17.00.BHZ | 2025-02-24T14:13:23.433409Z - 2025-02-24T14:14:23.433409Z,,,,,,,2025-02-24T14:13:58.240000Z,,2025-02-24T14:14:12.060000Z,
HE.LAUT.00.BHZ | 2025-02-24T14:13:17.134228Z - 2025-02-24T14:14:17.134228Z,,,,,,,2025-02-24T14:13:46.120000Z,,2025-02-24T14:13:50.540000Z,
HE.MEF.00.BHZ | 2025-02-24T14:13:15.488584Z - 2025-02-24T14:14:15.488584Z,,,,,,,2025-02-24T14:13:49.330000Z,,2025-02-24T14:13:55.980000Z,
HE.NUR.00.BHZ | 2025-02-24T14:13:12.743818Z - 2025-02-24T14:14:12.743818Z,,,,,,,2025-02-24T14:13:46.870000Z,,2025-02-24T14:13:51.900000Z,
HE.OBF8.00.BHZ | 2025-02-24T14:15:20.095926Z - 2025-02-24T14:16:20.095926Z,,,,,,,,,2025-02-24T14:15:38.640000Z,
HE.PVF.00.BHZ | 2025-02-24T14:13:00.608148Z - 2025-02-24T14:14:00.608148Z,,,,,,,2025-02-24T14:13:45.480000Z,,2025-02-24T14:13:49.680000Z,
HE.RAF.00.BHZ | 2025-02-24T14:13:57.067947Z - 2025-02-24T14:14:57.067947Z,,,,,,,2025-02-24T14:14:14.280000Z,,2025-02-24T14:14:39.500000Z,
HE.RUF.00.BHZ | 2025-02-24T14:13:59.073690Z - 2025-02-24T14:14:59.073690Z,,,,,,,2025-02-24T14:14:16.630000Z,,,
HE.SUF.00.BHZ | 2025-02-24T14:14:15.638132Z - 2025-02-24T14:15:15.638132Z,,,,,,,,,2025-02-24T14:14:53.760000Z,
HE.TRE03.00.BHZ | 2025-02-24T14:13:28.902554Z - 2025-02-24T14:14:28.902554Z,,,,,,,2025-02-24T14:14:05.380000Z,,2025-02-24T14:14:23.500000Z,
HE.TVF.00.BHZ | 2025-02-24T14:13:41.430873Z - 2025-02-24T14:14:41.430873Z,,,,,,,2025-02-24T14:14:01.780000Z,,2025-02-24T14:14:17.380000Z,
HE.VJF.00.BHZ | 2025-02-24T14:13:51.150820Z - 2025-02-24T14:14:51.150820Z,,,,,,,2025-02-24T14:13:59.870000Z,,2025-02-24T14:14:19.680000Z,
HE.VUOS.00.BHZ | 2025-02-24T14:13:15.653793Z - 2025-02-24T14:14:15.653793Z,,,,,,,2025-02-24T14:13:43.680000Z,,2025-02-24T14:13:46.420000Z,
FN.MSF.00.BHZ | 2025-02-24T11:46:26.957338Z - 2025-02-24T11:47:26.957338Z,,,,,,,2025-02-24T11:46:36.020000Z,,2025-02-24T11:47:16.760000Z,
FN.OLKF.00.BHZ | 2025-02-24T11:46:35.135537Z - 2025-02-24T11:47:35.135537Z,,,,,,,2025-02-24T11:46:44.080000Z,,2025-02-24T11:47:26.360000Z,
FN.OUL.00.BHZ | 2025-02-24T11:46:07.550427Z - 2025-02-24T11:47:07.550427Z,,,,,,,2025-02-24T11:46:26.160000Z,,2025-02-24T11:46:54.720000Z,
FN.RANF.00.BHZ | 2025-02-24T11:46:27.038133Z - 2025-02-24T11:47:27.038133Z,,,,,,,2025-02-24T11:46:38.580000Z,,2025-02-24T11:47:15.920000Z,
FN.RNF.00.BHZ | 2025-02-24T11:46:25.936156Z - 2025-02-24T11:47:25.936156Z,,,,,,,2025-02-24T11:46:48.280000Z,,,
HE.FIA0.00.SHZ | 2025-02-24T11:46:11.004262Z - 2025-02-24T11:47:11.004262Z,,,,,,,2025-02-24T11:46:21.400000Z,,2025-02-24T11:46:45.400000Z,
HE.JOF.00.BHZ | 2025-02-24T11:45:57.390898Z - 2025-02-24T11:46:57.390898Z,,,,,,,2025-02-24T11:46:17.780000Z,,2025-02-24T11:46:39.120000Z,
HE.KAF.00.BHZ | 2025-02-24T11:45:47.992698Z - 2025-02-24T11:46:47.992698Z,,,,,,,2025-02-24T11:46:09.980000Z,,2025-02-24T11:46:26.920000Z,
HE.KEF.00.BHZ | 2025-02-24T11:45:55.573589Z - 2025-02-24T11:46:55.573589Z,,,,,,,2025-02-24T11:46:17.680000Z,,2025-02-24T11:46:40.320000Z,
HE.KJNF.00.BHZ | 2025-02-24T11:45:44.724390Z - 2025-02-24T11:46:44.724390Z,,,,,,,2025-02-24T11:46:09.580000Z,,,
HE.KPF.00.BHZ | 2025-02-24T11:46:13.846149Z - 2025-02-24T11:47:13.846149Z,,,,,,,2025-02-24T11:46:38.280000Z,,,
HE.KU1.00.BHZ | 2025-02-24T11:46:21.474635Z - 2025-02-24T11:47:21.474635Z,,,,,,,2025-02-24T11:46:32.880000Z,,2025-02-24T11:47:06.340000Z,
HE.KU2.00.BHZ | 2025-02-24T11:46:22.444057Z - 2025-02-24T11:47:22.444057Z,,,,,,,2025-02-24T11:46:33.580000Z,,2025-02-24T11:47:07.640000Z,
HE.KU6.00.BHZ | 2025-02-24T11:46:27.314875Z - 2025-02-24T11:47:27.314875Z,,,,,,,2025-02-24T11:46:39.480000Z,,2025-02-24T11:47:19.840000Z,
HE.KY17.00.BHZ | 2025-02-24T11:46:14.129370Z - 2025-02-24T11:47:14.129370Z,,,,,,,2025-02-24T11:46:27.580000Z,,2025-02-24T11:46:57.480000Z,
HE.NIF.00.BHZ | 2025-02-24T11:45:37.156287Z - 2025-02-24T11:46:37.156287Z,,,,,,,2025-02-24T11:45:52.980000Z,,2025-02-24T11:45:57.080000Z,
HE.OBF0.00.BHZ | 2025-02-24T11:45:54.267344Z - 2025-02-24T11:46:54.267344Z,,,,,,,2025-02-24T11:46:25.080000Z,,,
HE.OBF3.00.BHZ | 2025-02-24T11:46:01.780837Z - 2025-02-24T11:47:01.780837Z,,,,,,,2025-02-24T11:46:26.780000Z,,,
HE.OBF8.00.BHZ | 2025-02-24T11:45:51.946235Z - 2025-02-24T11:46:51.946235Z,,,,,,,2025-02-24T11:46:28.880000Z,,,
HE.OUF.00.BHZ | 2025-02-24T11:46:12.854958Z - 2025-02-24T11:47:12.854958Z,,,,,,,2025-02-24T11:46:21.180000Z,,2025-02-24T11:46:46.720000Z,
HE.PVF.00.BHZ | 2025-02-24T11:46:25.255129Z - 2025-02-24T11:47:25.255129Z,,,,,,,2025-02-24T11:46:37.520000Z,,2025-02-24T11:47:12.160000Z,
HE.RMF.00.BHZ | 2025-02-24T11:45:45.129943Z - 2025-02-24T11:46:45.129943Z,,,,,,,2025-02-24T11:46:15.020000Z,,,
HE.RUF.00.BHZ | 2025-02-24T11:45:59.804864Z - 2025-02-24T11:46:59.804864Z,,,,,,,2025-02-24T11:46:20.080000Z,,2025-02-24T11:46:43.980000Z,
HE.SUF.00.BHZ | 2025-02-24T11:45:34.587762Z - 2025-02-24T11:46:34.587762Z,,,,,,,2025-02-24T11:46:03.280000Z,,2025-02-24T11:46:14.880000Z,
HE.TOF.00.BHZ | 2025-02-24T11:46:26.175075Z - 2025-02-24T11:47:26.175075Z,,,,,,,2025-02-24T11:46:43.180000Z,,,
HE.TRE03.00.BHZ | 2025-02-24T11:46:09.783100Z - 2025-02-24T11:47:09.783100Z,,,,,,,2025-02-24T11:46:27.980000Z,,2025-02-24T11:46:57.200000Z,
HE.VAF.00.BHZ | 2025-02-24T11:46:07.659158Z - 2025-02-24T11:47:07.659158Z,,,,,,,2025-02-24T11:46:28.960000Z,,2025-02-24T11:46:59.760000Z,
HE.VJF.00.BHZ | 2025-02-24T11:46:16.810970Z - 2025-02-24T11:47:16.810970Z,,,,,,,2025-02-24T11:46:32.500000Z,,2025-02-24T11:47:08.020000Z,
HE.FIA0.00.?HZ | 2025-02-24T20:22:29.586157Z - 2025-02-24T20:23:29.586157Z,,,,,,,2025-02-24T20:22:37.171940Z,,2025-02-24T20:22:56.194780Z,
HE.FIA1.00.?HZ | 2025-02-24T20:22:08.966671Z - 2025-02-24T20:23:08.966671Z,,,,,,,2025-02-24T20:22:37.137490Z,,2025-02-24T20:22:56.194780Z,
HE.HEL1.00.BHZ | 2025-02-24T20:22:53.881749Z - 2025-02-24T20:23:53.881749Z,,,,,,,,,2025-02-24T20:23:07.622310Z,
HE.HEL5.00.BHZ | 2025-02-24T20:22:53.295762Z - 2025-02-24T20:23:53.295762Z,,,,,,,,,2025-02-24T20:23:10.129460Z,
HE.KAF.00.?HZ | 2025-02-24T20:22:35.579466Z - 2025-02-24T20:23:35.579466Z,,,,,,,2025-02-24T20:22:43.534350Z,,2025-02-24T20:23:07.657620Z,
HE.KUNI.00.BHZ | 2025-02-24T20:22:44.765268Z - 2025-02-24T20:23:44.765268Z,,,,,,,,,2025-02-24T20:23:06.808840Z,
HE.KY02.00.CZ | 2025-02-24T20:22:05.346642Z - 2025-02-24T20:23:05.346642Z,,,,,,,2025-02-24T20:22:27.405370Z,,2025-02-24T20:22:39.771250Z,
HE.KY17.00.CZ | 2025-02-24T20:21:59.289350Z - 2025-02-24T20:22:59.289350Z,,,,,,,2025-02-24T20:22:25.183300Z,,2025-02-24T20:22:35.829870Z,
HE.LAUT.00.BHZ | 2025-02-24T20:22:28.255130Z - 2025-02-24T20:23:28.255130Z,,,,,,,,,2025-02-24T20:23:08.192470Z,
HE.LOVF.00.CZ | 2025-02-24T20:22:22.183714Z - 2025-02-24T20:23:22.183714Z,,,,,,,,,2025-02-24T20:22:45.504280Z,
HE.MEF.00.BHZ | 2025-02-24T20:22:29.109261Z - 2025-02-24T20:23:29.109261Z,,,,,,,,,2025-02-24T20:23:13.995470Z,
HE.NUR.00.SHZ | 2025-02-24T20:22:25.970104Z - 2025-02-24T20:23:25.970104Z,,,,,,,2025-02-24T20:22:44.850150Z,,2025-02-24T20:23:09.349890Z,
HE.PVF.00.CZ | 2025-02-24T20:22:22.025547Z - 2025-02-24T20:23:22.025547Z,,,,,,,2025-02-24T20:22:34.804740Z,,2025-02-24T20:22:51.525840Z,
HE.RUF.00.BHZ | 2025-02-24T20:21:56.686258Z - 2025-02-24T20:22:56.686258Z,,,,,,,2025-02-24T20:22:26.374430Z,,2025-02-24T20:22:36.993010Z,
HE.VJF.00.?HZ | 2025-02-24T20:21:34.671912Z - 2025-02-24T20:22:34.671912Z,,,,,,,2025-02-24T20:22:19.856440Z,,2025-02-24T20:22:26.145330Z,
FN.OLKF.00.BHZ | 2025-02-24T06:05:55.546483Z - 2025-02-24T06:06:55.546483Z,,,,,,,2025-02-24T06:06:13.980000Z,,2025-02-24T06:06:43.560000Z,
FN.RAJF.00.BHZ | 2025-02-24T06:05:55.211366Z - 2025-02-24T06:06:55.211366Z,,,,,,,2025-02-24T06:06:13.680000Z,,2025-02-24T06:06:42.800000Z,
HE.HEF.00.BHZ | 2025-02-24T06:07:06.278551Z - 2025-02-24T06:08:06.278551Z,,,,,,,,,2025-02-24T06:07:34.030000Z,
HE.KEV.00.BHZ | 2025-02-24T06:05:38.873409Z - 2025-02-24T06:06:38.873409Z,,,,,,,2025-02-24T06:06:26.240000Z,,,
HE.KU2.00.BHZ | 2025-02-24T06:06:45.324649Z - 2025-02-24T06:07:45.324649Z,,,,,,,,,2025-02-24T06:06:58.440000Z,
HE.KU6.00.BHZ | 2025-02-24T06:06:06.234338Z - 2025-02-24T06:07:06.234338Z,,,,,,,,,2025-02-24T06:06:44.640000Z,
HE.VRF.00.BHZ | 2025-02-24T06:05:51.632955Z - 2025-02-24T06:06:51.632955Z,,,,,,,2025-02-24T06:06:03.140000Z,,2025-02-24T06:06:25.960000Z,
HE.HEL1.00.BHZ | 2025-02-24T15:42:02.371599Z - 2025-02-24T15:43:02.371599Z,,,,,,,2025-02-24T15:42:25.176710Z,,2025-02-24T15:42:27.357420Z,
HE.HEL5.00.BHZ | 2025-02-24T15:42:02.388864Z - 2025-02-24T15:43:02.388864Z,,,,,,,2025-02-24T15:42:23.835200Z,,2025-02-24T15:42:25.414690Z,
HE.KUNI.00.BHZ | 2025-02-24T15:42:17.784760Z - 2025-02-24T15:43:17.784760Z,,,,,,,2025-02-24T15:42:26.011810Z,,2025-02-24T15:42:28.659630Z,
HE.LAUT.00.BHZ | 2025-02-24T15:41:58.626044Z - 2025-02-24T15:42:58.626044Z,,,,,,,2025-02-24T15:42:24.901580Z,,2025-02-24T15:42:26.837400Z,
HE.MEF.00.BHZ | 2025-02-24T15:41:55.347728Z - 2025-02-24T15:42:55.347728Z,,,,,,,2025-02-24T15:42:23.954410Z,,2025-02-24T15:42:25.414690Z,
HE.NUR.00.SHZ | 2025-02-24T15:42:07.744648Z - 2025-02-24T15:43:07.744648Z,,,,,,,2025-02-24T15:42:28.659190Z,,2025-02-24T15:42:33.467210Z,
HE.VUOS.00.BHZ | 2025-02-24T15:42:06.402862Z - 2025-02-24T15:43:06.402862Z,,,,,,,2025-02-24T15:42:27.553070Z,,2025-02-24T15:42:31.781680Z,
HE.HEL1.00.BHZ | 2025-02-24T12:09:38.502750Z - 2025-02-24T12:10:38.502750Z,,,,,,,2025-02-24T12:10:18.035430Z,,2025-02-24T12:10:21.045410Z,
HE.HEL5.00.BHZ | 2025-02-24T12:10:00.419997Z - 2025-02-24T12:11:00.419997Z,,,,,,,2025-02-24T12:10:19.196620Z,,2025-02-24T12:10:23.602090Z,
HE.KUNI.00.BHZ | 2025-02-24T12:10:03.787109Z - 2025-02-24T12:11:03.787109Z,,,,,,,2025-02-24T12:10:16.486600Z,,2025-02-24T12:10:18.548110Z,
HE.LAUT.00.BHZ | 2025-02-24T12:09:48.895214Z - 2025-02-24T12:10:48.895214Z,,,,,,,2025-02-24T12:10:18.531480Z,,2025-02-24T12:10:22.245900Z,
HE.NUR.00.SHZ | 2025-02-24T12:10:02.919452Z - 2025-02-24T12:11:02.919452Z,,,,,,,2025-02-24T12:10:15.902450Z,,2025-02-24T12:10:17.589490Z,
HE.VUOS.00.BHZ | 2025-02-24T12:10:09.803608Z - 2025-02-24T12:11:09.803608Z,,,,,,,2025-02-24T12:10:18.698630Z,,2025-02-24T12:10:22.198820Z,
HE.HEL1.00.BHZ | 2025-02-24T12:00:24.148941Z - 2025-02-24T12:01:24.148941Z,,,,,,,2025-02-24T12:01:02.840080Z,,2025-02-24T12:01:05.232360Z,
HE.HEL5.00.BHZ | 2025-02-24T12:00:49.506421Z - 2025-02-24T12:01:49.506421Z,,,,,,,2025-02-24T12:01:02.492110Z,,2025-02-24T12:01:04.601670Z,
HE.KUNI.00.BHZ | 2025-02-24T12:00:40.194558Z - 2025-02-24T12:01:40.194558Z,,,,,,,2025-02-24T12:01:02.970570Z,,2025-02-24T12:01:05.232360Z,
HE.LAUT.00.BHZ | 2025-02-24T12:00:16.151732Z - 2025-02-24T12:01:16.151732Z,,,,,,,2025-02-24T12:01:02.840080Z,,2025-02-24T12:01:05.232360Z,
HE.MEF.00.BHZ | 2025-02-24T12:00:47.353062Z - 2025-02-24T12:01:47.353062Z,,,,,,,2025-02-24T12:01:01.282830Z,,2025-02-24T12:01:02.523120Z,
HE.NUR.00.SHZ | 2025-02-24T12:00:57.725405Z - 2025-02-24T12:01:57.725405Z,,,,,,,2025-02-24T12:01:04.681340Z,,2025-02-24T12:01:08.129590Z,
HE.VUOS.00.BHZ | 2025-02-24T12:00:37.605045Z - 2025-02-24T12:01:37.605045Z,,,,,,,2025-02-24T12:01:05.053210Z,,2025-02-24T12:01:08.873330Z,
HE.FIA0.00.?HZ | 2025-02-24T12:58:57.794541Z - 2025-02-24T12:59:57.794541Z,,,,,,,2025-02-24T12:59:09.825910Z,,2025-02-24T12:59:18.533610Z,
HE.FIA1.00.?HZ | 2025-02-24T12:58:37.364141Z - 2025-02-24T12:59:37.364141Z,,,,,,,2025-02-24T12:59:09.826770Z,,2025-02-24T12:59:18.360830Z,
HE.KAF.00.?HZ | 2025-02-24T12:59:16.576141Z - 2025-02-24T13:00:16.576141Z,,,,,,,,,2025-02-24T12:59:37.121910Z,
HE.KEF.00.?HZ | 2025-02-24T12:58:53.881953Z - 2025-02-24T12:59:53.881953Z,,,,,,,2025-02-24T12:59:26.111160Z,,2025-02-24T12:59:46.742920Z,
HE.KY02.00.CZ | 2025-02-24T12:58:28.103057Z - 2025-02-24T12:59:28.103057Z,,,,,,,2025-02-24T12:58:59.434740Z,,2025-02-24T12:59:00.892010Z,
HE.KY17.00.CZ | 2025-02-24T12:58:51.329951Z - 2025-02-24T12:59:51.329951Z,,,,,,,2025-02-24T12:59:00.978480Z,,2025-02-24T12:59:03.071180Z,
HE.MEF.00.BHZ | 2025-02-24T12:59:29.291781Z - 2025-02-24T13:00:29.291781Z,,,,,,,,,2025-02-24T12:59:38.929960Z,
HE.PVF.00.CZ | 2025-02-24T12:58:58.347931Z - 2025-02-24T12:59:58.347931Z,,,,,,,2025-02-24T12:59:07.526750Z,,2025-02-24T12:59:14.328340Z,
HE.RUF.00.BHZ | 2025-02-24T12:58:42.539178Z - 2025-02-24T12:59:42.539178Z,,,,,,,2025-02-24T12:59:19.425110Z,,2025-02-24T12:59:34.697270Z,
HE.SUF.00.BHZ | 2025-02-24T12:59:10.094393Z - 2025-02-24T13:00:10.094393Z,,,,,,,,,2025-02-24T12:59:55.291880Z,
HE.TRE03.00.CZ | 2025-02-24T12:58:58.702119Z - 2025-02-24T12:59:58.702119Z,,,,,,,2025-02-24T12:59:23.855620Z,,2025-02-24T12:59:42.117600Z,
HE.VJF.00.?HZ | 2025-02-24T12:58:55.745514Z - 2025-02-24T12:59:55.745514Z,,,,,,,2025-02-24T12:59:07.239610Z,,2025-02-24T12:59:13.826650Z,
HE.ALAJF.00.?HZ | 2025-02-24T11:08:51.439268Z - 2025-02-24T11:09:51.439268Z,,,,,,,2025-02-24T11:09:20.543320Z,,2025-02-24T11:09:40.523650Z,
HE.FIA0.00.?HZ | 2025-02-24T11:09:06.001415Z - 2025-02-24T11:10:06.001415Z,,,,,,,2025-02-24T11:09:24.487300Z,,2025-02-24T11:09:47.449320Z,
HE.FIA1.00.?HZ | 2025-02-24T11:08:54.789633Z - 2025-02-24T11:09:54.789633Z,,,,,,,2025-02-24T11:09:24.487300Z,,2025-02-24T11:09:47.898940Z,
HE.KAF.00.?HZ | 2025-02-24T11:09:19.077784Z - 2025-02-24T11:10:19.077784Z,,,,,,,2025-02-24T11:09:25.782810Z,,2025-02-24T11:09:50.001250Z,
HE.KEF.00.?HZ | 2025-02-24T11:08:57.331956Z - 2025-02-24T11:09:57.331956Z,,,,,,,2025-02-24T11:09:14.841690Z,,2025-02-24T11:09:30.502710Z,
HE.KORF.00.CZ | 2025-02-24T11:09:00.695399Z - 2025-02-24T11:10:00.695399Z,,,,,,,2025-02-24T11:09:23.585040Z,,2025-02-24T11:09:46.394600Z,
HE.KPF.00.BHZ | 2025-02-24T11:08:22.894212Z - 2025-02-24T11:09:22.894212Z,,,,,,,2025-02-24T11:08:55.866830Z,,2025-02-24T11:08:58.225060Z,
HE.MEF.00.BHZ | 2025-02-24T11:09:39.213343Z - 2025-02-24T11:10:39.213343Z,,,,,,,,,2025-02-24T11:09:49.379300Z,
HE.NUR.00.SHZ | 2025-02-24T11:08:58.001903Z - 2025-02-24T11:09:58.001903Z,,,,,,,2025-02-24T11:09:22.889020Z,,2025-02-24T11:09:43.985840Z,
HE.RAF.00.BHZ | 2025-02-24T11:08:50.912974Z - 2025-02-24T11:09:50.912974Z,,,,,,,2025-02-24T11:09:07.682360Z,,2025-02-24T11:09:18.471230Z,
HE.SUF.00.BHZ | 2025-02-24T11:09:07.908410Z - 2025-02-24T11:10:07.908410Z,,,,,,,2025-02-24T11:09:28.090930Z,,2025-02-24T11:09:53.386560Z,
HE.TRE03.00.CZ | 2025-02-24T11:08:44.890232Z - 2025-02-24T11:09:44.890232Z,,,,,,,2025-02-24T11:09:08.683520Z,,2025-02-24T11:09:19.938860Z,
HE.TVF.00.BHZ | 2025-02-24T11:09:14.845017Z - 2025-02-24T11:10:14.845017Z,,,,,,,2025-02-24T11:09:27.675650Z,,2025-02-24T11:09:53.191770Z,
HE.VAF.00.BHZ | 2025-02-24T11:09:08.967985Z - 2025-02-24T11:10:08.967985Z,,,,,,,2025-02-24T11:09:15.928370Z,,2025-02-24T11:09:32.342210Z,
FN.MSF.00.BHZ | 2025-02-25T23:54:50.305350Z - 2025-02-25T23:55:50.305350Z,,,,,,,,,2025-02-25T23:55:31.120000Z,
FN.OLKF.00.BHZ | 2025-02-25T23:54:38.968095Z - 2025-02-25T23:55:38.968095Z,,,,,,,2025-02-25T23:54:50.720000Z,,2025-02-25T23:55:20.440000Z,
FN.RAJF.00.BHZ | 2025-02-25T23:54:34.798082Z - 2025-02-25T23:55:34.798082Z,,,,,,,2025-02-25T23:54:50.240000Z,,2025-02-25T23:55:19.560000Z,
FN.RANF.00.BHZ | 2025-02-25T23:55:00.546662Z - 2025-02-25T23:56:00.546662Z,,,,,,,2025-02-25T23:55:08.160000Z,,2025-02-25T23:55:50.440000Z,
FN.RNF.00.BHZ | 2025-02-25T23:54:48.774298Z - 2025-02-25T23:55:48.774298Z,,,,,,,2025-02-25T23:55:02.880000Z,,2025-02-25T23:55:43.480000Z,
HE.HEF.00.BHZ | 2025-02-25T23:55:08.440792Z - 2025-02-25T23:56:08.440792Z,,,,,,,2025-02-25T23:55:21.040000Z,,2025-02-25T23:55:58.840000Z,
HE.KEV.00.BHZ | 2025-02-25T23:54:48.650096Z - 2025-02-25T23:55:48.650096Z,,,,,,,2025-02-25T23:55:04.000000Z,,2025-02-25T23:55:42.920000Z,
HE.KU6.00.BHZ | 2025-02-25T23:54:35.839630Z - 2025-02-25T23:55:35.839630Z,,,,,,,2025-02-25T23:54:51.040000Z,,2025-02-25T23:55:21.800000Z,
HE.TOF.00.BHZ | 2025-02-25T23:55:33.015510Z - 2025-02-25T23:56:33.015510Z,,,,,,,,,2025-02-25T23:56:02.200000Z,
HE.VRF.00.BHZ | 2025-02-25T23:54:33.425138Z - 2025-02-25T23:55:33.425138Z,,,,,,,2025-02-25T23:54:41.000000Z,,2025-02-25T23:55:03.120000Z,
HE.ALAJF.00.?HZ | 2025-02-25T10:17:58.215545Z - 2025-02-25T10:18:58.215545Z,,,,,,,2025-02-25T10:18:19.976820Z,,2025-02-25T10:18:45.656020Z,
HE.FIA0.00.?HZ | 2025-02-25T10:17:29.132229Z - 2025-02-25T10:18:29.132229Z,,,,,,,2025-02-25T10:17:57.503550Z,,2025-02-25T10:18:08.304090Z,
HE.FIA1.00.?HZ | 2025-02-25T10:17:30.068958Z - 2025-02-25T10:18:30.068958Z,,,,,,,2025-02-25T10:17:57.503550Z,,2025-02-25T10:18:08.634500Z,
HE.HEL5.00.BHZ | 2025-02-25T10:17:17.315235Z - 2025-02-25T10:18:17.315235Z,,,,,,,2025-02-25T10:17:58.972900Z,,2025-02-25T10:18:09.889410Z,
HE.KAF.00.?HZ | 2025-02-25T10:17:32.524335Z - 2025-02-25T10:18:32.524335Z,,,,,,,2025-02-25T10:18:07.299250Z,,2025-02-25T10:18:24.996940Z,
HE.KEF.00.?HZ | 2025-02-25T10:17:32.412172Z - 2025-02-25T10:18:32.412172Z,,,,,,,2025-02-25T10:18:04.115650Z,,2025-02-25T10:18:18.645940Z,
HE.KORF.00.CZ | 2025-02-25T10:17:47.662223Z - 2025-02-25T10:18:47.662223Z,,,,,,,2025-02-25T10:18:14.029480Z,,2025-02-25T10:18:37.213270Z,
HE.KPF.00.BHZ | 2025-02-25T10:17:34.801946Z - 2025-02-25T10:18:34.801946Z,,,,,,,2025-02-25T10:18:09.258390Z,,2025-02-25T10:18:28.196740Z,
HE.KUNI.00.BHZ | 2025-02-25T10:17:18.628885Z - 2025-02-25T10:18:18.628885Z,,,,,,,2025-02-25T10:17:56.467180Z,,2025-02-25T10:18:05.874810Z,
HE.KY02.00.CZ | 2025-02-25T10:17:43.086523Z - 2025-02-25T10:18:43.086523Z,,,,,,,2025-02-25T10:18:01.585090Z,,2025-02-25T10:18:15.625590Z,
HE.KY17.00.CZ | 2025-02-25T10:17:57.707366Z - 2025-02-25T10:18:57.707366Z,,,,,,,2025-02-25T10:18:04.115650Z,,2025-02-25T10:18:19.391840Z,
HE.LAUT.00.BHZ | 2025-02-25T10:17:33.597150Z - 2025-02-25T10:18:33.597150Z,,,,,,,2025-02-25T10:17:58.319860Z,,2025-02-25T10:18:08.677470Z,
HE.LOVF.00.CZ | 2025-02-25T10:17:40.694345Z - 2025-02-25T10:18:40.694345Z,,,,,,,,,2025-02-25T10:18:13.911350Z,
HE.MEF.00.BHZ | 2025-02-25T10:17:34.412445Z - 2025-02-25T10:18:34.412445Z,,,,,,,2025-02-25T10:17:56.850500Z,,2025-02-25T10:18:07.009870Z,
HE.NUR.00.SHZ | 2025-02-25T10:17:03.644882Z - 2025-02-25T10:18:03.644882Z,,,,,,,2025-02-25T10:17:51.637790Z,,2025-02-25T10:17:57.876720Z,
HE.PVF.00.CZ | 2025-02-25T10:17:34.709173Z - 2025-02-25T10:18:34.709173Z,,,,,,,2025-02-25T10:17:56.285350Z,,2025-02-25T10:18:06.423770Z,
HE.RAF.00.BHZ | 2025-02-25T10:17:40.597217Z - 2025-02-25T10:18:40.597217Z,,,,,,,2025-02-25T10:18:07.625770Z,,2025-02-25T10:18:25.651070Z,
HE.RUF.00.BHZ | 2025-02-25T10:17:53.030292Z - 2025-02-25T10:18:53.030292Z,,,,,,,2025-02-25T10:18:19.965200Z,,2025-02-25T10:18:47.748510Z,
HE.SUF.00.BHZ | 2025-02-25T10:17:51.751420Z - 2025-02-25T10:18:51.751420Z,,,,,,,2025-02-25T10:18:15.546770Z,,2025-02-25T10:18:39.363320Z,
HE.TRE03.00.CZ | 2025-02-25T10:17:47.369672Z - 2025-02-25T10:18:47.369672Z,,,,,,,2025-02-25T10:17:54.179570Z,,2025-02-25T10:18:02.613680Z,
HE.TVF.00.BHZ | 2025-02-25T10:17:57.060650Z - 2025-02-25T10:18:57.060650Z,,,,,,,2025-02-25T10:18:06.727830Z,,2025-02-25T10:18:24.107740Z,
HE.VJF.00.?HZ | 2025-02-25T10:17:42.239508Z - 2025-02-25T10:18:42.239508Z,,,,,,,2025-02-25T10:18:09.503280Z,,2025-02-25T10:18:29.228140Z,
HE.VUOS.00.BHZ | 2025-02-25T10:17:25.470318Z - 2025-02-25T10:18:25.470318Z,,,,,,,,,2025-02-25T10:18:09.019970Z,
HE.FIA0.00.?HZ | 2025-02-25T10:33:18.635625Z - 2025-02-25T10:34:18.635625Z,,,,,,,2025-02-25T10:33:41.810930Z,,2025-02-25T10:34:00.216740Z,
HE.FIA1.00.?HZ | 2025-02-25T10:33:18.327388Z - 2025-02-25T10:34:18.327388Z,,,,,,,2025-02-25T10:33:41.815250Z,,2025-02-25T10:34:00.064050Z,
HE.JOF.00.BHZ | 2025-02-25T10:33:15.483689Z - 2025-02-25T10:34:15.483689Z,,,,,,,2025-02-25T10:33:43.349890Z,,2025-02-25T10:34:03.533090Z,
HE.KAF.00.?HZ | 2025-02-25T10:33:12.129026Z - 2025-02-25T10:34:12.129026Z,,,,,,,2025-02-25T10:33:39.416740Z,,2025-02-25T10:33:56.192450Z,
HE.KEF.00.?HZ | 2025-02-25T10:33:21.986916Z - 2025-02-25T10:34:21.986916Z,,,,,,,2025-02-25T10:33:50.942350Z,,2025-02-25T10:34:16.528550Z,
HE.KY17.00.CZ | 2025-02-25T10:33:17.491681Z - 2025-02-25T10:34:17.491681Z,,,,,,,2025-02-25T10:33:38.665180Z,,2025-02-25T10:33:55.142430Z,
HE.NIF.00.BHZ | 2025-02-25T10:33:23.034118Z - 2025-02-25T10:34:23.034118Z,,,,,,,2025-02-25T10:33:45.732410Z,,2025-02-25T10:34:07.282020Z,
HE.PVF.00.CZ | 2025-02-25T10:33:26.103440Z - 2025-02-25T10:34:26.103440Z,,,,,,,2025-02-25T10:33:50.299420Z,,2025-02-25T10:34:16.528550Z,
HE.RUF.00.BHZ | 2025-02-25T10:33:15.139991Z - 2025-02-25T10:34:15.139991Z,,,,,,,2025-02-25T10:33:22.735200Z,,2025-02-25T10:33:27.933900Z,
HE.SUF.00.BHZ | 2025-02-25T10:33:14.458962Z - 2025-02-25T10:34:14.458962Z,,,,,,,2025-02-25T10:33:44.561450Z,,2025-02-25T10:34:06.046490Z,
HE.VJF.00.?HZ | 2025-02-25T10:33:31.467295Z - 2025-02-25T10:34:31.467295Z,,,,,,,2025-02-25T10:33:41.653700Z,,2025-02-25T10:34:00.580200Z,
FN.KLF.00.BHZ | 2025-02-25T12:32:50.314446Z - 2025-02-25T12:33:50.314446Z,,,,,,,2025-02-25T12:32:57.780000Z,,2025-02-25T12:33:32.680000Z,
FN.MSF.00.BHZ | 2025-02-25T12:32:17.154057Z - 2025-02-25T12:33:17.154057Z,,,,,,,2025-02-25T12:32:46.580000Z,,2025-02-25T12:33:10.880000Z,
FN.OLKF.00.BHZ | 2025-02-25T12:32:24.707355Z - 2025-02-25T12:33:24.707355Z,,,,,,,2025-02-25T12:32:39.480000Z,,2025-02-25T12:32:57.680000Z,
FN.RAJF.00.BHZ | 2025-02-25T12:32:16.711629Z - 2025-02-25T12:33:16.711629Z,,,,,,,2025-02-25T12:32:37.380000Z,,2025-02-25T12:32:53.160000Z,
FN.RANF.00.BHZ | 2025-02-25T12:32:32.642690Z - 2025-02-25T12:33:32.642690Z,,,,,,,2025-02-25T12:32:53.240000Z,,2025-02-25T12:33:20.960000Z,
FN.RNF.00.BHZ | 2025-02-25T12:32:33.458391Z - 2025-02-25T12:33:33.458391Z,,,,,,,2025-02-25T12:32:50.780000Z,,2025-02-25T12:33:17.080000Z,
HE.HEF.00.BHZ | 2025-02-25T12:32:44.999375Z - 2025-02-25T12:33:44.999375Z,,,,,,,2025-02-25T12:33:00.780000Z,,2025-02-25T12:33:37.240000Z,
HE.KEV.00.BHZ | 2025-02-25T12:32:42.564851Z - 2025-02-25T12:33:42.564851Z,,,,,,,2025-02-25T12:32:58.380000Z,,2025-02-25T12:33:32.040000Z,
HE.KIF.00.BHZ | 2025-02-25T12:32:58.491030Z - 2025-02-25T12:33:58.491030Z,,,,,,,2025-02-25T12:33:17.100000Z,,,
HE.KU1.00.BHZ | 2025-02-25T12:32:11.452520Z - 2025-02-25T12:33:11.452520Z,,,,,,,2025-02-25T12:32:52.380000Z,,,
HE.KU2.00.BHZ | 2025-02-25T12:32:04.548459Z - 2025-02-25T12:33:04.548459Z,,,,,,,2025-02-25T12:32:53.080000Z,,,
HE.KU6.00.BHZ | 2025-02-25T12:32:04.757078Z - 2025-02-25T12:33:04.757078Z,,,,,,,2025-02-25T12:32:45.500000Z,,,
HE.RMF.00.BHZ | 2025-02-25T12:32:58.831390Z - 2025-02-25T12:33:58.831390Z,,,,,,,2025-02-25T12:33:10.750000Z,,,
HE.VRF.00.BHZ | 2025-02-25T12:32:07.539277Z - 2025-02-25T12:33:07.539277Z,,,,,,,2025-02-25T12:32:22.240000Z,,2025-02-25T12:32:27.140000Z,
FN.KLF.00.BHZ | 2025-02-25T16:44:24.183092Z - 2025-02-25T16:45:24.183092Z,,,,,,,2025-02-25T16:44:41.980000Z,,2025-02-25T16:44:54.280000Z,
FN.OLKF.00.BHZ | 2025-02-25T16:45:26.442180Z - 2025-02-25T16:46:26.442180Z,,,,,,,,,2025-02-25T16:45:35.900000Z,
FN.RAJF.00.BHZ | 2025-02-25T16:44:31.502332Z - 2025-02-25T16:45:31.502332Z,,,,,,,2025-02-25T16:44:49.740000Z,,,
FN.RANF.00.BHZ | 2025-02-25T16:44:36.654901Z - 2025-02-25T16:45:36.654901Z,,,,,,,2025-02-25T16:45:01.720000Z,,2025-02-25T16:45:28.600000Z,
FN.RNF.00.BHZ | 2025-02-25T16:44:23.267134Z - 2025-02-25T16:45:23.267134Z,,,,,,,,,2025-02-25T16:45:08.640000Z,
HE.HEF.00.BHZ | 2025-02-25T16:44:07.250460Z - 2025-02-25T16:45:07.250460Z,,,,,,,2025-02-25T16:44:40.280000Z,,2025-02-25T16:44:51.480000Z,
HE.KEV.00.BHZ | 2025-02-25T16:44:39.524695Z - 2025-02-25T16:45:39.524695Z,,,,,,,2025-02-25T16:45:00.060000Z,,2025-02-25T16:45:25.400000Z,
HE.KIF.00.BHZ | 2025-02-25T16:45:07.297884Z - 2025-02-25T16:46:07.297884Z,,,,,,,,,2025-02-25T16:45:29.480000Z,
HE.KJNF.00.BHZ | 2025-02-25T16:45:15.672711Z - 2025-02-25T16:46:15.672711Z,,,,,,,,,2025-02-25T16:46:07.610000Z,
HE.VRF.00.BHZ | 2025-02-25T16:44:22.177823Z - 2025-02-25T16:45:22.177823Z,,,,,,,,,2025-02-25T16:45:16.680000Z,
HE.ALAJF.00.?HZ | 2025-02-25T12:02:38.814695Z - 2025-02-25T12:03:38.814695Z,,,,,,,,,2025-02-25T12:03:07.334550Z,
HE.JOF.00.BHZ | 2025-02-25T12:01:51.257618Z - 2025-02-25T12:02:51.257618Z,,,,,,,2025-02-25T12:02:12.412970Z,,2025-02-25T12:02:24.772700Z,
HE.KAF.00.?HZ | 2025-02-25T12:02:17.559675Z - 2025-02-25T12:03:17.559675Z,,,,,,,2025-02-25T12:02:22.760650Z,,2025-02-25T12:02:42.125740Z,
HE.KEF.00.?HZ | 2025-02-25T12:02:15.091761Z - 2025-02-25T12:03:15.091761Z,,,,,,,2025-02-25T12:02:32.139350Z,,2025-02-25T12:02:59.124820Z,
HE.NIF.00.BHZ | 2025-02-25T12:01:57.547107Z - 2025-02-25T12:02:57.547107Z,,,,,,,2025-02-25T12:02:10.270920Z,,2025-02-25T12:02:21.898350Z,
HE.RMF.00.BHZ | 2025-02-25T12:02:01.054410Z - 2025-02-25T12:03:01.054410Z,,,,,,,2025-02-25T12:02:20.597440Z,,2025-02-25T12:02:38.844090Z,
FN.KLF.00.BHZ | 2025-02-25T04:32:50.675845Z - 2025-02-25T04:33:50.675845Z,,,,,,,2025-02-25T04:32:59.760000Z,,2025-02-25T04:33:36.720000Z,
FN.MSF.00.BHZ | 2025-02-25T04:32:33.792024Z - 2025-02-25T04:33:33.792024Z,,,,,,,,,2025-02-25T04:33:09.600000Z,
FN.OLKF.00.BHZ | 2025-02-25T04:32:09.088902Z - 2025-02-25T04:33:09.088902Z,,,,,,,2025-02-25T04:32:29.080000Z,,2025-02-25T04:32:59.320000Z,
FN.RAJF.00.BHZ | 2025-02-25T04:32:18.628929Z - 2025-02-25T04:33:18.628929Z,,,,,,,2025-02-25T04:32:29.360000Z,,2025-02-25T04:32:58.160000Z,
FN.RANF.00.BHZ | 2025-02-25T04:32:40.974915Z - 2025-02-25T04:33:40.974915Z,,,,,,,2025-02-25T04:32:46.920000Z,,2025-02-25T04:33:29.200000Z,
FN.RNF.00.BHZ | 2025-02-25T04:32:29.959440Z - 2025-02-25T04:33:29.959440Z,,,,,,,2025-02-25T04:32:41.640000Z,,2025-02-25T04:33:22.240000Z,
HE.HEF.00.BHZ | 2025-02-25T04:32:42.369096Z - 2025-02-25T04:33:42.369096Z,,,,,,,2025-02-25T04:33:00.040000Z,,2025-02-25T04:33:37.000000Z,
HE.KEV.00.BHZ | 2025-02-25T04:32:27.549712Z - 2025-02-25T04:33:27.549712Z,,,,,,,2025-02-25T04:32:42.000000Z,,2025-02-25T04:33:22.040000Z,
HE.KU6.00.BHZ | 2025-02-25T04:32:06.608234Z - 2025-02-25T04:33:06.608234Z,,,,,,,2025-02-25T04:32:30.280000Z,,2025-02-25T04:33:00.240000Z,
HE.VRF.00.BHZ | 2025-02-25T04:32:04.238497Z - 2025-02-25T04:33:04.238497Z,,,,,,,2025-02-25T04:32:19.720000Z,,2025-02-25T04:32:42.080000Z,
FN.KLF.00.BHZ | 2025-02-25T06:08:38.390852Z - 2025-02-25T06:09:38.390852Z,,,,,,,2025-02-25T06:09:00.720000Z,,2025-02-25T06:09:20.400000Z,
FN.RANF.00.BHZ | 2025-02-25T06:09:11.325889Z - 2025-02-25T06:10:11.325889Z,,,,,,,,,2025-02-25T06:10:01.040000Z,
FN.RNF.00.BHZ | 2025-02-25T06:08:55.776068Z - 2025-02-25T06:09:55.776068Z,,,,,,,2025-02-25T06:09:16.700000Z,,2025-02-25T06:09:46.520000Z,
HE.HEF.00.BHZ | 2025-02-25T06:09:05.758805Z - 2025-02-25T06:10:05.758805Z,,,,,,,,,2025-02-25T06:09:29.230000Z,
HE.KJNF.00.BHZ | 2025-02-25T06:10:07.126436Z - 2025-02-25T06:11:07.126436Z,,,,,,,,,2025-02-25T06:10:26.150000Z,
HE.TOF.00.BHZ | 2025-02-25T06:08:57.921240Z - 2025-02-25T06:09:57.921240Z,,,,,,,2025-02-25T06:09:10.640000Z,,2025-02-25T06:09:36.260000Z,
HE.FIA0.00.SHZ | 2025-02-25T10:10:21.601082Z - 2025-02-25T10:11:21.601082Z,,,,,,,2025-02-25T10:10:30.700000Z,,2025-02-25T10:10:56.300000Z,
HE.JOF.00.BHZ | 2025-02-25T10:10:07.283920Z - 2025-02-25T10:11:07.283920Z,,,,,,,,,2025-02-25T10:10:58.560000Z,
HE.KAF.00.BHZ | 2025-02-25T10:10:08.296413Z - 2025-02-25T10:11:08.296413Z,,,,,,,2025-02-25T10:10:33.720000Z,,2025-02-25T10:10:58.120000Z,
HE.KEF.00.BHZ | 2025-02-25T10:10:21.915359Z - 2025-02-25T10:11:21.915359Z,,,,,,,2025-02-25T10:10:43.060000Z,,2025-02-25T10:11:16.440000Z,
HE.KY17.00.BHZ | 2025-02-25T10:10:09.825954Z - 2025-02-25T10:11:09.825954Z,,,,,,,2025-02-25T10:10:22.940000Z,,,
HE.NIF.00.BHZ | 2025-02-25T10:10:52.749067Z - 2025-02-25T10:11:52.749067Z,,,,,,,,,2025-02-25T10:11:12.560000Z,
HE.PVF.00.BHZ | 2025-02-25T10:10:23.448423Z - 2025-02-25T10:11:23.448423Z,,,,,,,2025-02-25T10:10:34.600000Z,,,
HE.RMF.00.BHZ | 2025-02-25T10:10:50.773286Z - 2025-02-25T10:11:50.773286Z,,,,,,,,,2025-02-25T10:11:30.620000Z,
HE.RUF.00.BHZ | 2025-02-25T10:09:21.552745Z - 2025-02-25T10:10:21.552745Z,,,,,,,2025-02-25T10:10:07.280000Z,,2025-02-25T10:10:12.880000Z,
HE.SUF.00.BHZ | 2025-02-25T10:10:26.207739Z - 2025-02-25T10:11:26.207739Z,,,,,,,,,2025-02-25T10:11:10.140000Z,
HE.VJF.00.BHZ | 2025-02-25T10:09:49.210952Z - 2025-02-25T10:10:49.210952Z,,,,,,,2025-02-25T10:10:21.440000Z,,2025-02-25T10:10:42.160000Z,
FN.KLF.00.BHZ | 2025-02-25T16:46:38.192794Z - 2025-02-25T16:47:38.192794Z,,,,,,,2025-02-25T16:47:24.320000Z,,,
FN.RANF.00.BHZ | 2025-02-25T16:48:12.877840Z - 2025-02-25T16:49:12.877840Z,,,,,,,,,2025-02-25T16:48:23.640000Z,
FN.RNF.00.BHZ | 2025-02-25T16:47:58.858345Z - 2025-02-25T16:48:58.858345Z,,,,,,,,,2025-02-25T16:48:09.400000Z,
HE.HEF.00.BHZ | 2025-02-25T16:47:12.365999Z - 2025-02-25T16:48:12.365999Z,,,,,,,,,2025-02-25T16:47:54.960000Z,
HE.KIF.00.BHZ | 2025-02-25T16:47:11.686210Z - 2025-02-25T16:48:11.686210Z,,,,,,,2025-02-25T16:47:32.400000Z,,,
HE.TOF.00.BHZ | 2025-02-25T16:47:15.131772Z - 2025-02-25T16:48:15.131772Z,,,,,,,2025-02-25T16:47:34.160000Z,,2025-02-25T16:47:58.800000Z,
HE.VRF.00.BHZ | 2025-02-25T16:47:56.139951Z - 2025-02-25T16:48:56.139951Z,,,,,,,,,2025-02-25T16:48:48.260000Z,
FN.MSF.00.BHZ | 2025-02-25T12:05:35.550916Z - 2025-02-25T12:06:35.550916Z,,,,,,,,,2025-02-25T12:06:09.880000Z,
FN.OLKF.00.BHZ | 2025-02-25T12:05:09.839698Z - 2025-02-25T12:06:09.839698Z,,,,,,,2025-02-25T12:05:28.580000Z,,2025-02-25T12:05:56.400000Z,
FN.RAJF.00.BHZ | 2025-02-25T12:05:18.645889Z - 2025-02-25T12:06:18.645889Z,,,,,,,2025-02-25T12:05:27.580000Z,,2025-02-25T12:05:55.680000Z,
HE.HEF.00.BHZ | 2025-02-25T12:06:31.040962Z - 2025-02-25T12:07:31.040962Z,,,,,,,,,2025-02-25T12:06:47.320000Z,
HE.KEV.00.BHZ | 2025-02-25T12:04:49.680543Z - 2025-02-25T12:05:49.680543Z,,,,,,,2025-02-25T12:05:41.400000Z,,,
HE.KU2.00.BHZ | 2025-02-25T12:05:30.635579Z - 2025-02-25T12:06:30.635579Z,,,,,,,2025-02-25T12:05:37.630000Z,,2025-02-25T12:06:21.680000Z,
HE.TOF.00.BHZ | 2025-02-25T12:06:37.716874Z - 2025-02-25T12:07:37.716874Z,,,,,,,,,2025-02-25T12:06:50.720000Z,
HE.VRF.00.BHZ | 2025-02-25T12:04:52.785753Z - 2025-02-25T12:05:52.785753Z,,,,,,,2025-02-25T12:05:18.080000Z,,2025-02-25T12:05:37.720000Z,
HE.ALAJF.00.?HZ | 2025-02-25T12:01:44.463407Z - 2025-02-25T12:02:44.463407Z,,,,,,,2025-02-25T12:01:52.705740Z,,2025-02-25T12:02:18.349260Z,
HE.FIA0.00.?HZ | 2025-02-25T12:01:10.797789Z - 2025-02-25T12:02:10.797789Z,,,,,,,2025-02-25T12:01:22.821290Z,,2025-02-25T12:01:27.279890Z,
HE.FIA1.00.?HZ | 2025-02-25T12:00:43.248530Z - 2025-02-25T12:01:43.248530Z,,,,,,,2025-02-25T12:01:22.821290Z,,2025-02-25T12:01:27.567540Z,
HE.KEF.00.?HZ | 2025-02-25T12:01:24.215092Z - 2025-02-25T12:02:24.215092Z,,,,,,,2025-02-25T12:01:34.830740Z,,2025-02-25T12:01:47.271670Z,
HE.KORF.00.CZ | 2025-02-25T12:02:17.571811Z - 2025-02-25T12:03:17.571811Z,,,,,,,,,2025-02-25T12:02:25.830790Z,
HE.KPF.00.BHZ | 2025-02-25T12:01:29.024711Z - 2025-02-25T12:02:29.024711Z,,,,,,,2025-02-25T12:01:48.166800Z,,2025-02-25T12:02:11.074190Z,
HE.KY02.00.CZ | 2025-02-25T12:00:48.637215Z - 2025-02-25T12:01:48.637215Z,,,,,,,2025-02-25T12:01:29.365360Z,,2025-02-25T12:01:37.716330Z,
HE.KY17.00.CZ | 2025-02-25T12:01:00.800537Z - 2025-02-25T12:02:00.800537Z,,,,,,,2025-02-25T12:01:31.666570Z,,2025-02-25T12:01:41.535920Z,
HE.LOVF.00.CZ | 2025-02-25T12:01:08.375303Z - 2025-02-25T12:02:08.375303Z,,,,,,,2025-02-25T12:01:33.176740Z,,2025-02-25T12:01:44.473550Z,
HE.MEF.00.BHZ | 2025-02-25T12:01:08.925093Z - 2025-02-25T12:02:08.925093Z,,,,,,,2025-02-25T12:01:37.980870Z,,2025-02-25T12:01:53.201780Z,
HE.PVF.00.CZ | 2025-02-25T12:01:20.607867Z - 2025-02-25T12:02:20.607867Z,,,,,,,2025-02-25T12:01:30.372140Z,,2025-02-25T12:01:39.198640Z,
HE.RAF.00.BHZ | 2025-02-25T12:01:18.499837Z - 2025-02-25T12:02:18.499837Z,,,,,,,2025-02-25T12:01:50.046900Z,,2025-02-25T12:02:13.232870Z,
HE.RUF.00.BHZ | 2025-02-25T12:01:23.630848Z - 2025-02-25T12:02:23.630848Z,,,,,,,2025-02-25T12:01:46.323410Z,,2025-02-25T12:02:07.856250Z,
HE.SUF.00.BHZ | 2025-02-25T12:01:17.370327Z - 2025-02-25T12:02:17.370327Z,,,,,,,2025-02-25T12:01:44.175310Z,,2025-02-25T12:02:03.659820Z,
HE.TRE03.00.CZ | 2025-02-25T12:00:47.296384Z - 2025-02-25T12:01:47.296384Z,,,,,,,2025-02-25T12:01:30.115590Z,,2025-02-25T12:01:39.622990Z,
HE.TVF.00.BHZ | 2025-02-25T12:01:27.940587Z - 2025-02-25T12:02:27.940587Z,,,,,,,,,2025-02-25T12:02:12.111200Z,
HE.VAF.00.BHZ | 2025-02-25T12:01:55.347438Z - 2025-02-25T12:02:55.347438Z,,,,,,,,,2025-02-25T12:02:23.872300Z,
HE.VJF.00.?HZ | 2025-02-25T12:01:02.213996Z - 2025-02-25T12:02:02.213996Z,,,,,,,2025-02-25T12:01:38.784220Z,,2025-02-25T12:01:54.464900Z,
HE.ALAJF.00.?HZ | 2025-02-25T12:19:08.113832Z - 2025-02-25T12:20:08.113832Z,,,,,,,2025-02-25T12:19:29.721340Z,,2025-02-25T12:19:53.400080Z,
HE.ECKF.00.CZ | 2025-02-25T12:18:59.866743Z - 2025-02-25T12:19:59.866743Z,,,,,,,2025-02-25T12:19:27.071950Z,,2025-02-25T12:19:49.750700Z,
HE.KEF.00.?HZ | 2025-02-25T12:19:03.749817Z - 2025-02-25T12:20:03.749817Z,,,,,,,2025-02-25T12:19:25.058420Z,,2025-02-25T12:19:46.147540Z,
HE.KORF.00.CZ | 2025-02-25T12:18:59.853881Z - 2025-02-25T12:19:59.853881Z,,,,,,,2025-02-25T12:19:23.468790Z,,2025-02-25T12:19:43.392180Z,
HE.KPF.00.BHZ | 2025-02-25T12:18:27.128507Z - 2025-02-25T12:19:27.128507Z,,,,,,,2025-02-25T12:19:00.940350Z,,2025-02-25T12:19:04.547190Z,
HE.MEF.00.BHZ | 2025-02-25T12:19:25.128631Z - 2025-02-25T12:20:25.128631Z,,,,,,,,,2025-02-25T12:19:55.643790Z,
HE.NUR.00.SHZ | 2025-02-25T12:18:59.683238Z - 2025-02-25T12:19:59.683238Z,,,,,,,2025-02-25T12:19:28.977280Z,,2025-02-25T12:19:52.506070Z,
HE.RAF.00.BHZ | 2025-02-25T12:18:49.446734Z - 2025-02-25T12:19:49.446734Z,,,,,,,2025-02-25T12:19:07.363330Z,,2025-02-25T12:19:16.067810Z,
HE.TRE03.00.CZ | 2025-02-25T12:19:08.759441Z - 2025-02-25T12:20:08.759441Z,,,,,,,2025-02-25T12:19:18.051710Z,,2025-02-25T12:19:34.177930Z,
HE.TVF.00.BHZ | 2025-02-25T12:19:39.492102Z - 2025-02-25T12:20:39.492102Z,,,,,,,,,2025-02-25T12:19:55.821640Z,
HE.VAF.00.BHZ | 2025-02-25T12:18:58.439748Z - 2025-02-25T12:19:58.439748Z,,,,,,,2025-02-25T12:19:22.832940Z,,2025-02-25T12:19:42.544370Z,
UP.AAL.00.BHZ | 2025-02-25T12:19:00.124773Z - 2025-02-25T12:20:00.124773Z,,,,,,,2025-02-25T12:19:26.118180Z,,2025-02-25T12:19:47.883780Z,
FN.KLF.00.BHZ | 2025-02-22T10:34:17.272318Z - 2025-02-22T10:35:17.272318Z,,,,,,,2025-02-22T10:34:30.080000Z,,2025-02-22T10:34:34.760000Z,
FN.MSF.00.BHZ | 2025-02-22T10:35:02.012318Z - 2025-02-22T10:36:02.012318Z,,,,,,,2025-02-22T10:35:10.280000Z,,2025-02-22T10:35:47.160000Z,
FN.OLKF.00.BHZ | 2025-02-22T10:34:53.909316Z - 2025-02-22T10:35:53.909316Z,,,,,,,2025-02-22T10:35:10.880000Z,,2025-02-22T10:35:44.880000Z,
FN.OUL.00.BHZ | 2025-02-22T10:34:53.352035Z - 2025-02-22T10:35:53.352035Z,,,,,,,2025-02-22T10:35:08.500000Z,,2025-02-22T10:35:42.200000Z,
FN.RAJF.00.BHZ | 2025-02-22T10:34:38.301520Z - 2025-02-22T10:35:38.301520Z,,,,,,,2025-02-22T10:35:01.530000Z,,2025-02-22T10:35:30.980000Z,
FN.RANF.00.BHZ | 2025-02-22T10:34:35.667333Z - 2025-02-22T10:35:35.667333Z,,,,,,,2025-02-22T10:34:59.440000Z,,2025-02-22T10:35:24.920000Z,
FN.RNF.00.BHZ | 2025-02-22T10:34:14.604728Z - 2025-02-22T10:35:14.604728Z,,,,,,,2025-02-22T10:34:48.160000Z,,2025-02-22T10:35:07.340000Z,
HE.HEF.00.BHZ | 2025-02-22T10:34:21.436217Z - 2025-02-22T10:35:21.436217Z,,,,,,,2025-02-22T10:34:42.840000Z,,2025-02-22T10:34:57.120000Z,
HE.KEV.00.BHZ | 2025-02-22T10:35:02.934538Z - 2025-02-22T10:36:02.934538Z,,,,,,,2025-02-22T10:35:09.690000Z,,2025-02-22T10:35:44.040000Z,
HE.KIF.00.BHZ | 2025-02-22T10:34:43.917199Z - 2025-02-22T10:35:43.917199Z,,,,,,,2025-02-22T10:34:57.720000Z,,2025-02-22T10:35:22.360000Z,
HE.KU1.00.BHZ | 2025-02-22T10:34:52.725833Z - 2025-02-22T10:35:52.725833Z,,,,,,,2025-02-22T10:35:15.480000Z,,,
HE.KU2.00.BHZ | 2025-02-22T10:34:59.582005Z - 2025-02-22T10:35:59.582005Z,,,,,,,2025-02-22T10:35:10.500000Z,,,
HE.KU6.00.BHZ | 2025-02-22T10:35:30.530602Z - 2025-02-22T10:36:30.530602Z,,,,,,,,,2025-02-22T10:35:53.800000Z,
HE.OBF3.00.BHZ | 2025-02-22T10:34:19.863487Z - 2025-02-22T10:35:19.863487Z,,,,,,,2025-02-22T10:35:11.150000Z,,,
HE.TOF.00.BHZ | 2025-02-22T10:34:14.790252Z - 2025-02-22T10:35:14.790252Z,,,,,,,2025-02-22T10:34:50.360000Z,,2025-02-22T10:35:08.280000Z,
HE.VRF.00.BHZ | 2025-02-22T10:34:49.270085Z - 2025-02-22T10:35:49.270085Z,,,,,,,2025-02-22T10:35:06.580000Z,,2025-02-22T10:35:38.200000Z,
FN.RAJF.00.BHZ | 2025-02-22T16:17:06.293810Z - 2025-02-22T16:18:06.293810Z,,,,,,,2025-02-22T16:17:22.680000Z,,2025-02-22T16:17:38.240000Z,
HE.HEF.00.BHZ | 2025-02-22T16:17:50.992591Z - 2025-02-22T16:18:50.992591Z,,,,,,,,,2025-02-22T16:18:21.720000Z,
HE.KEV.00.BHZ | 2025-02-22T16:17:09.749671Z - 2025-02-22T16:18:09.749671Z,,,,,,,2025-02-22T16:17:24.200000Z,,2025-02-22T16:17:41.700000Z,
HE.KIF.00.BHZ | 2025-02-22T16:17:15.895720Z - 2025-02-22T16:18:15.895720Z,,,,,,,2025-02-22T16:18:02.930000Z,,,
HE.VRF.00.BHZ | 2025-02-22T16:17:03.402814Z - 2025-02-22T16:18:03.402814Z,,,,,,,2025-02-22T16:17:30.960000Z,,2025-02-22T16:17:53.240000Z,
FN.MSF.00.BHZ | 2025-02-22T20:09:26.589605Z - 2025-02-22T20:10:26.589605Z,,,,,,,2025-02-22T20:09:34.520000Z,,2025-02-22T20:10:08.120000Z,
FN.OLKF.00.BHZ | 2025-02-22T20:09:14.345518Z - 2025-02-22T20:10:14.345518Z,,,,,,,2025-02-22T20:09:28.040000Z,,2025-02-22T20:09:56.880000Z,
FN.RAJF.00.BHZ | 2025-02-22T20:09:10.376676Z - 2025-02-22T20:10:10.376676Z,,,,,,,2025-02-22T20:09:27.180000Z,,2025-02-22T20:09:55.840000Z,
HE.HEF.00.BHZ | 2025-02-22T20:10:40.739514Z - 2025-02-22T20:11:40.739514Z,,,,,,,,,2025-02-22T20:10:48.800000Z,
HE.KEV.00.BHZ | 2025-02-22T20:09:35.254428Z - 2025-02-22T20:10:35.254428Z,,,,,,,2025-02-22T20:09:41.550000Z,,2025-02-22T20:10:21.000000Z,
HE.KU6.00.BHZ | 2025-02-22T20:09:17.560745Z - 2025-02-22T20:10:17.560745Z,,,,,,,2025-02-22T20:09:28.480000Z,,2025-02-22T20:09:57.880000Z,
HE.VRF.00.BHZ | 2025-02-22T20:09:01.851894Z - 2025-02-22T20:10:01.851894Z,,,,,,,2025-02-22T20:09:17.680000Z,,2025-02-22T20:09:38.680000Z,
FN.MSF.00.BHZ | 2025-02-22T21:02:00.017130Z - 2025-02-22T21:03:00.017130Z,,,,,,,2025-02-22T21:02:15.600000Z,,2025-02-22T21:02:49.480000Z,
FN.OLKF.00.BHZ | 2025-02-22T21:01:55.394958Z - 2025-02-22T21:02:55.394958Z,,,,,,,2025-02-22T21:02:08.600000Z,,2025-02-22T21:02:37.120000Z,
FN.RAJF.00.BHZ | 2025-02-22T21:01:54.232919Z - 2025-02-22T21:02:54.232919Z,,,,,,,2025-02-22T21:02:07.780000Z,,2025-02-22T21:02:35.240000Z,
FN.RANF.00.BHZ | 2025-02-22T21:02:13.539324Z - 2025-02-22T21:03:13.539324Z,,,,,,,2025-02-22T21:02:27.480000Z,,2025-02-22T21:03:07.200000Z,
FN.RNF.00.BHZ | 2025-02-22T21:02:05.174209Z - 2025-02-22T21:03:05.174209Z,,,,,,,2025-02-22T21:02:21.800000Z,,2025-02-22T21:03:00.160000Z,
HE.HEF.00.BHZ | 2025-02-22T21:02:37.785321Z - 2025-02-22T21:03:37.785321Z,,,,,,,,,2025-02-22T21:03:15.140000Z,
HE.KEV.00.BHZ | 2025-02-22T21:02:10.032140Z - 2025-02-22T21:03:10.032140Z,,,,,,,2025-02-22T21:02:21.720000Z,,2025-02-22T21:02:59.800000Z,
HE.KU6.00.BHZ | 2025-02-22T21:02:03.790964Z - 2025-02-22T21:03:03.790964Z,,,,,,,2025-02-22T21:02:09.400000Z,,2025-02-22T21:02:39.080000Z,
HE.VRF.00.BHZ | 2025-02-22T21:01:46.828342Z - 2025-02-22T21:02:46.828342Z,,,,,,,2025-02-22T21:01:58.440000Z,,2025-02-22T21:02:17.480000Z,
HE.HEL5.00.BHZ | 2025-02-25T18:39:57.205368Z - 2025-02-25T18:40:57.205368Z,,,,,,,,,2025-02-25T18:40:25.804390Z,
FN.KLF.00.BHZ | 2025-02-21T09:11:27.168847Z - 2025-02-21T09:12:27.168847Z,,,,,,,2025-02-21T09:11:38.209030Z,,2025-02-21T09:12:05.768830Z,
HE.TOF.00.BHZ | 2025-02-21T09:11:29.343012Z - 2025-02-21T09:12:29.343012Z,,,,,,,2025-02-21T09:11:37.565200Z,,2025-02-21T09:12:04.719100Z,
FN.KLF.00.BHZ | 2025-02-21T11:00:32.274045Z - 2025-02-21T11:01:32.274045Z,,,,,,,,,2025-02-21T11:01:02.040000Z,
FN.RAJF.00.BHZ | 2025-02-21T10:59:20.027952Z - 2025-02-21T11:00:20.027952Z,,,,,,,2025-02-21T10:59:45.360000Z,,2025-02-21T11:00:10.280000Z,
HE.HEF.00.BHZ | 2025-02-21T10:59:44.768203Z - 2025-02-21T11:00:44.768203Z,,,,,,,2025-02-21T10:59:57.400000Z,,2025-02-21T11:00:30.720000Z,
HE.KEV.00.BHZ | 2025-02-21T10:58:50.075270Z - 2025-02-21T10:59:50.075270Z,,,,,,,2025-02-21T10:59:25.800000Z,,2025-02-21T10:59:37.280000Z,
HE.VRF.00.BHZ | 2025-02-21T10:59:58.777318Z - 2025-02-21T11:00:58.777318Z,,,,,,,,,2025-02-21T11:00:33.040000Z,
FN.MSF.00.BHZ | 2025-02-21T11:36:11.377022Z - 2025-02-21T11:37:11.377022Z,,,,,,,2025-02-21T11:36:58.680000Z,,,
FN.OUL.00.BHZ | 2025-02-21T11:36:40.290670Z - 2025-02-21T11:37:40.290670Z,,,,,,,2025-02-21T11:36:47.580000Z,,,
FN.RANF.00.BHZ | 2025-02-21T11:36:49.043932Z - 2025-02-21T11:37:49.043932Z,,,,,,,2025-02-21T11:37:03.720000Z,,2025-02-21T11:37:40.680000Z,
HE.FIA0.00.SHZ | 2025-02-21T11:36:20.438686Z - 2025-02-21T11:37:20.438686Z,,,,,,,2025-02-21T11:36:44.900000Z,,2025-02-21T11:37:11.000000Z,
HE.HEL1.00.BHZ | 2025-02-21T11:37:15.726349Z - 2025-02-21T11:38:15.726349Z,,,,,,,,,2025-02-21T11:37:51.350000Z,
HE.JOF.00.BHZ | 2025-02-21T11:36:19.877819Z - 2025-02-21T11:37:19.877819Z,,,,,,,2025-02-21T11:36:39.930000Z,,2025-02-21T11:37:04.280000Z,
HE.KAF.00.BHZ | 2025-02-21T11:36:12.785715Z - 2025-02-21T11:37:12.785715Z,,,,,,,2025-02-21T11:36:32.530000Z,,2025-02-21T11:36:52.560000Z,
HE.KEF.00.BHZ | 2025-02-21T11:36:25.067148Z - 2025-02-21T11:37:25.067148Z,,,,,,,2025-02-21T11:36:40.230000Z,,2025-02-21T11:37:04.720000Z,
HE.KJNF.00.BHZ | 2025-02-21T11:35:39.504085Z - 2025-02-21T11:36:39.504085Z,,,,,,,2025-02-21T11:36:30.270000Z,,,
HE.KPF.00.BHZ | 2025-02-21T11:36:54.586316Z - 2025-02-21T11:37:54.586316Z,,,,,,,2025-02-21T11:37:01.780000Z,,2025-02-21T11:37:40.420000Z,
HE.KU1.00.BHZ | 2025-02-21T11:36:22.668490Z - 2025-02-21T11:37:22.668490Z,,,,,,,2025-02-21T11:36:55.080000Z,,,
HE.KU2.00.BHZ | 2025-02-21T11:36:17.516519Z - 2025-02-21T11:37:17.516519Z,,,,,,,2025-02-21T11:36:54.880000Z,,,
HE.KU6.00.BHZ | 2025-02-21T11:36:53.824377Z - 2025-02-21T11:37:53.824377Z,,,,,,,2025-02-21T11:37:03.180000Z,,,
HE.KY17.00.BHZ | 2025-02-21T11:36:28.599767Z - 2025-02-21T11:37:28.599767Z,,,,,,,2025-02-21T11:36:51.480000Z,,2025-02-21T11:37:22.000000Z,
HE.LAUT.00.BHZ | 2025-02-21T11:37:10.650737Z - 2025-02-21T11:38:10.650737Z,,,,,,,,,2025-02-21T11:37:50.660000Z,
HE.MEF.00.BHZ | 2025-02-21T11:37:41.616905Z - 2025-02-21T11:38:41.616905Z,,,,,,,,,2025-02-21T11:37:50.730000Z,
HE.NIF.00.BHZ | 2025-02-21T11:36:00.296884Z - 2025-02-21T11:37:00.296884Z,,,,,,,2025-02-21T11:36:13.980000Z,,2025-02-21T11:36:20.080000Z,
HE.OBF0.00.BHZ | 2025-02-21T11:36:17.340960Z - 2025-02-21T11:37:17.340960Z,,,,,,,2025-02-21T11:36:47.680000Z,,,
HE.OBF3.00.BHZ | 2025-02-21T11:36:26.884044Z - 2025-02-21T11:37:26.884044Z,,,,,,,2025-02-21T11:36:48.780000Z,,,
HE.OUF.00.BHZ | 2025-02-21T11:36:22.543379Z - 2025-02-21T11:37:22.543379Z,,,,,,,2025-02-21T11:36:42.930000Z,,,
HE.RMF.00.BHZ | 2025-02-21T11:35:57.288083Z - 2025-02-21T11:36:57.288083Z,,,,,,,2025-02-21T11:36:36.180000Z,,,
HE.RUF.00.BHZ | 2025-02-21T11:36:34.281627Z - 2025-02-21T11:37:34.281627Z,,,,,,,2025-02-21T11:36:43.040000Z,,,
HE.SUF.00.BHZ | 2025-02-21T11:36:05.070066Z - 2025-02-21T11:37:05.070066Z,,,,,,,2025-02-21T11:36:25.130000Z,,,
HE.TRE03.00.BHZ | 2025-02-21T11:36:00.092494Z - 2025-02-21T11:37:00.092494Z,,,,,,,2025-02-21T11:36:51.280000Z,,,
HE.VAF.00.BHZ | 2025-02-21T11:36:41.128471Z - 2025-02-21T11:37:41.128471Z,,,,,,,2025-02-21T11:36:51.680000Z,,2025-02-21T11:37:21.720000Z,
HE.VJF.00.BHZ | 2025-02-21T11:36:39.884759Z - 2025-02-21T11:37:39.884759Z,,,,,,,2025-02-21T11:36:56.560000Z,,2025-02-21T11:37:31.700000Z,
FN.KLF.00.BHZ | 2025-02-21T13:19:43.109718Z - 2025-02-21T13:20:43.109718Z,,,,,,,2025-02-21T13:19:50.980000Z,,2025-02-21T13:20:25.360000Z,
FN.MSF.00.BHZ | 2025-02-21T13:19:09.948432Z - 2025-02-21T13:20:09.948432Z,,,,,,,2025-02-21T13:19:40.440000Z,,2025-02-21T13:20:03.680000Z,
FN.OLKF.00.BHZ | 2025-02-21T13:19:00.006257Z - 2025-02-21T13:20:00.006257Z,,,,,,,2025-02-21T13:19:32.720000Z,,2025-02-21T13:19:49.640000Z,
FN.OUL.00.BHZ | 2025-02-21T13:19:48.709891Z - 2025-02-21T13:20:48.709891Z,,,,,,,,,2025-02-21T13:20:40.440000Z,
FN.RAJF.00.BHZ | 2025-02-21T13:19:02.107838Z - 2025-02-21T13:20:02.107838Z,,,,,,,2025-02-21T13:19:30.630000Z,,2025-02-21T13:19:47.360000Z,
FN.RANF.00.BHZ | 2025-02-21T13:19:26.712690Z - 2025-02-21T13:20:26.712690Z,,,,,,,2025-02-21T13:19:45.980000Z,,2025-02-21T13:20:13.920000Z,
FN.RNF.00.BHZ | 2025-02-21T13:19:38.873833Z - 2025-02-21T13:20:38.873833Z,,,,,,,2025-02-21T13:19:44.000000Z,,2025-02-21T13:20:11.160000Z,
HE.HEF.00.BHZ | 2025-02-21T13:19:45.043130Z - 2025-02-21T13:20:45.043130Z,,,,,,,2025-02-21T13:19:54.330000Z,,2025-02-21T13:20:30.680000Z,
HE.KEV.00.BHZ | 2025-02-21T13:19:31.947444Z - 2025-02-21T13:20:31.947444Z,,,,,,,2025-02-21T13:19:51.560000Z,,2025-02-21T13:20:24.560000Z,
HE.KIF.00.BHZ | 2025-02-21T13:19:39.956796Z - 2025-02-21T13:20:39.956796Z,,,,,,,2025-02-21T13:20:09.860000Z,,,
HE.KU1.00.BHZ | 2025-02-21T13:19:05.470300Z - 2025-02-21T13:20:05.470300Z,,,,,,,2025-02-21T13:19:45.180000Z,,,
HE.KU2.00.BHZ | 2025-02-21T13:19:33.931494Z - 2025-02-21T13:20:33.931494Z,,,,,,,2025-02-21T13:19:45.560000Z,,,
HE.KU6.00.BHZ | 2025-02-21T13:19:09.599940Z - 2025-02-21T13:20:09.599940Z,,,,,,,2025-02-21T13:19:37.030000Z,,2025-02-21T13:19:57.200000Z,
HE.OBF0.00.BHZ | 2025-02-21T13:19:47.224210Z - 2025-02-21T13:20:47.224210Z,,,,,,,2025-02-21T13:20:12.560000Z,,,
HE.OBF3.00.BHZ | 2025-02-21T13:19:38.142241Z - 2025-02-21T13:20:38.142241Z,,,,,,,2025-02-21T13:20:06.580000Z,,,
HE.RMF.00.BHZ | 2025-02-21T13:19:51.053759Z - 2025-02-21T13:20:51.053759Z,,,,,,,2025-02-21T13:20:03.760000Z,,2025-02-21T13:20:41.840000Z,
HE.TOF.00.BHZ | 2025-02-21T13:19:43.955610Z - 2025-02-21T13:20:43.955610Z,,,,,,,2025-02-21T13:19:54.800000Z,,2025-02-21T13:20:35.120000Z,
HE.VRF.00.BHZ | 2025-02-21T13:19:08.341735Z - 2025-02-21T13:20:08.341735Z,,,,,,,2025-02-21T13:19:15.160000Z,,2025-02-21T13:19:20.340000Z,
FN.MSF.00.BHZ | 2025-02-21T20:05:35.178442Z - 2025-02-21T20:06:35.178442Z,,,,,,,2025-02-21T20:05:41.880000Z,,2025-02-21T20:06:16.820000Z,
FN.OLKF.00.BHZ | 2025-02-21T20:05:28.218084Z - 2025-02-21T20:06:28.218084Z,,,,,,,2025-02-21T20:05:36.440000Z,,2025-02-21T20:06:04.760000Z,
FN.RAJF.00.BHZ | 2025-02-21T20:05:22.134580Z - 2025-02-21T20:06:22.134580Z,,,,,,,2025-02-21T20:05:35.280000Z,,2025-02-21T20:06:02.220000Z,
FN.RANF.00.BHZ | 2025-02-21T20:06:12.493981Z - 2025-02-21T20:07:12.493981Z,,,,,,,,,2025-02-21T20:06:34.920000Z,
FN.RNF.00.BHZ | 2025-02-21T20:05:36.173786Z - 2025-02-21T20:06:36.173786Z,,,,,,,2025-02-21T20:05:49.230000Z,,2025-02-21T20:06:29.020000Z,
HE.KEV.00.BHZ | 2025-02-21T20:05:36.609641Z - 2025-02-21T20:06:36.609641Z,,,,,,,2025-02-21T20:05:49.740000Z,,2025-02-21T20:06:28.100000Z,
HE.KU1.00.BHZ | 2025-02-21T20:05:04.304763Z - 2025-02-21T20:06:04.304763Z,,,,,,,2025-02-21T20:05:45.240000Z,,,
HE.KU2.00.BHZ | 2025-02-21T20:06:22.025093Z - 2025-02-21T20:07:22.025093Z,,,,,,,,,2025-02-21T20:06:28.380000Z,
HE.KU6.00.BHZ | 2025-02-21T20:05:14.525797Z - 2025-02-21T20:06:14.525797Z,,,,,,,2025-02-21T20:05:37.220000Z,,2025-02-21T20:06:06.760000Z,
HE.VRF.00.BHZ | 2025-02-21T20:04:59.099752Z - 2025-02-21T20:05:59.099752Z,,,,,,,2025-02-21T20:05:26.280000Z,,2025-02-21T20:05:45.800000Z,
FN.KLF.00.BHZ | 2025-02-21T20:16:17.356971Z - 2025-02-21T20:17:17.356971Z,,,,,,,,,2025-02-21T20:16:51.520000Z,
FN.MSF.00.BHZ | 2025-02-21T20:15:21.064823Z - 2025-02-21T20:16:21.064823Z,,,,,,,,,2025-02-21T20:16:12.840000Z,
FN.OLKF.00.BHZ | 2025-02-21T20:15:13.185522Z - 2025-02-21T20:16:13.185522Z,,,,,,,2025-02-21T20:15:32.360000Z,,2025-02-21T20:16:00.640000Z,
FN.RAJF.00.BHZ | 2025-02-21T20:15:12.455985Z - 2025-02-21T20:16:12.455985Z,,,,,,,2025-02-21T20:15:31.180000Z,,2025-02-21T20:15:59.920000Z,
FN.RANF.00.BHZ | 2025-02-21T20:15:35.251157Z - 2025-02-21T20:16:35.251157Z,,,,,,,,,2025-02-21T20:16:30.240000Z,
FN.RNF.00.BHZ | 2025-02-21T20:14:55.425138Z - 2025-02-21T20:15:55.425138Z,,,,,,,2025-02-21T20:15:45.040000Z,,,
HE.KEV.00.BHZ | 2025-02-21T20:15:33.899601Z - 2025-02-21T20:16:33.899601Z,,,,,,,2025-02-21T20:15:45.900000Z,,2025-02-21T20:16:24.120000Z,
HE.KU6.00.BHZ | 2025-02-21T20:15:13.325534Z - 2025-02-21T20:16:13.325534Z,,,,,,,2025-02-21T20:15:33.360000Z,,2025-02-21T20:16:02.600000Z,
HE.VRF.00.BHZ | 2025-02-21T20:14:49.030923Z - 2025-02-21T20:15:49.030923Z,,,,,,,2025-02-21T20:15:21.960000Z,,2025-02-21T20:15:42.120000Z,
HE.HEL5.00.BHZ | 2025-02-21T08:59:31.426072Z - 2025-02-21T09:00:31.426072Z,,,,,,,2025-02-21T09:00:09.351040Z,,2025-02-21T09:00:10.867530Z,
HE.KUNI.00.BHZ | 2025-02-21T08:59:29.955108Z - 2025-02-21T09:00:29.955108Z,,,,,,,2025-02-21T09:00:09.327140Z,,2025-02-21T09:00:11.039330Z,
HE.LAUT.00.BHZ | 2025-02-21T08:59:21.440656Z - 2025-02-21T09:00:21.440656Z,,,,,,,2025-02-21T09:00:09.315960Z,,2025-02-21T09:00:11.054480Z,
HE.MEF.00.BHZ | 2025-02-21T08:59:26.611628Z - 2025-02-21T09:00:26.611628Z,,,,,,,2025-02-21T09:00:09.862160Z,,2025-02-21T09:00:12.015090Z,
HE.NUR.00.SHZ | 2025-02-21T08:59:31.892975Z - 2025-02-21T09:00:31.892975Z,,,,,,,2025-02-21T09:00:12.226620Z,,2025-02-21T09:00:16.005870Z,
HE.PVF.00.CZ | 2025-02-21T08:59:41.032887Z - 2025-02-21T09:00:41.032887Z,,,,,,,2025-02-21T09:00:19.398450Z,,,
HE.VUOS.00.BHZ | 2025-02-21T08:59:48.392065Z - 2025-02-21T09:00:48.392065Z,,,,,,,2025-02-21T09:00:11.602670Z,,2025-02-21T09:00:14.688740Z,
FN.MSF.00.BHZ | 2025-02-23T20:09:55.475561Z - 2025-02-23T20:10:55.475561Z,,,,,,,,,2025-02-23T20:10:12.800000Z,
FN.OLKF.00.BHZ | 2025-02-23T20:09:11.957534Z - 2025-02-23T20:10:11.957534Z,,,,,,,2025-02-23T20:09:33.840000Z,,2025-02-23T20:10:01.840000Z,
FN.RAJF.00.BHZ | 2025-02-23T20:09:06.653240Z - 2025-02-23T20:10:06.653240Z,,,,,,,2025-02-23T20:09:32.980000Z,,2025-02-23T20:10:01.520000Z,
FN.RANF.00.BHZ | 2025-02-23T20:09:55.626022Z - 2025-02-23T20:10:55.626022Z,,,,,,,,,2025-02-23T20:10:32.000000Z,
FN.RNF.00.BHZ | 2025-02-23T20:10:01.687575Z - 2025-02-23T20:11:01.687575Z,,,,,,,,,2025-02-23T20:10:29.680000Z,
HE.KEV.00.BHZ | 2025-02-23T20:09:37.168913Z - 2025-02-23T20:10:37.168913Z,,,,,,,2025-02-23T20:09:46.880000Z,,2025-02-23T20:10:26.640000Z,
HE.KU6.00.BHZ | 2025-02-23T20:09:08.991089Z - 2025-02-23T20:10:08.991089Z,,,,,,,2025-02-23T20:09:34.040000Z,,2025-02-23T20:10:02.600000Z,
HE.VRF.00.BHZ | 2025-02-23T20:09:17.732752Z - 2025-02-23T20:10:17.732752Z,,,,,,,2025-02-23T20:09:22.980000Z,,2025-02-23T20:09:44.200000Z,
HE.FIA0.00.SHZ | 2025-02-23T07:20:41.168778Z - 2025-02-23T07:21:41.168778Z,,,,,,,2025-02-23T07:20:51.800000Z,,2025-02-23T07:21:19.400000Z,
HE.JOF.00.BHZ | 2025-02-23T07:20:19.189954Z - 2025-02-23T07:21:19.189954Z,,,,,,,2025-02-23T07:20:32.480000Z,,2025-02-23T07:20:48.000000Z,
HE.KAF.00.BHZ | 2025-02-23T07:20:29.684047Z - 2025-02-23T07:21:29.684047Z,,,,,,,2025-02-23T07:20:49.980000Z,,2025-02-23T07:21:16.080000Z,
HE.KEF.00.BHZ | 2025-02-23T07:20:49.941591Z - 2025-02-23T07:21:49.941591Z,,,,,,,2025-02-23T07:20:59.800000Z,,2025-02-23T07:21:33.640000Z,
HE.KJNF.00.BHZ | 2025-02-23T07:21:15.208295Z - 2025-02-23T07:22:15.208295Z,,,,,,,,,2025-02-23T07:21:34.300000Z,
HE.KY17.00.BHZ | 2025-02-23T07:20:34.532141Z - 2025-02-23T07:21:34.532141Z,,,,,,,2025-02-23T07:20:48.500000Z,,2025-02-23T07:21:12.380000Z,
HE.NIF.00.BHZ | 2025-02-23T07:20:24.963993Z - 2025-02-23T07:21:24.963993Z,,,,,,,2025-02-23T07:20:47.880000Z,,2025-02-23T07:21:13.720000Z,
HE.RMF.00.BHZ | 2025-02-23T07:20:34.910072Z - 2025-02-23T07:21:34.910072Z,,,,,,,,,2025-02-23T07:21:25.520000Z,
HE.RUF.00.BHZ | 2025-02-23T07:19:45.505755Z - 2025-02-23T07:20:45.505755Z,,,,,,,2025-02-23T07:20:29.090000Z,,2025-02-23T07:20:40.380000Z,
HE.SUF.00.BHZ | 2025-02-23T07:20:43.266642Z - 2025-02-23T07:21:43.266642Z,,,,,,,2025-02-23T07:20:53.060000Z,,2025-02-23T07:21:22.460000Z,
HE.VJF.00.BHZ | 2025-02-23T07:20:27.735333Z - 2025-02-23T07:21:27.735333Z,,,,,,,2025-02-23T07:20:47.780000Z,,2025-02-23T07:21:14.460000Z,
FN.OLKF.00.BHZ | 2025-02-23T16:01:00.300348Z - 2025-02-23T16:02:00.300348Z,,,,,,,2025-02-23T16:01:47.600000Z,,,
FN.RAJF.00.BHZ | 2025-02-23T16:00:48.777359Z - 2025-02-23T16:01:48.777359Z,,,,,,,2025-02-23T16:01:13.940000Z,,2025-02-23T16:01:29.480000Z,
HE.HEF.00.BHZ | 2025-02-23T16:01:54.737262Z - 2025-02-23T16:02:54.737262Z,,,,,,,,,2025-02-23T16:02:11.360000Z,
HE.KEV.00.BHZ | 2025-02-23T16:00:41.039413Z - 2025-02-23T16:01:41.039413Z,,,,,,,2025-02-23T16:01:15.600000Z,,2025-02-23T16:01:33.100000Z,
HE.KIF.00.BHZ | 2025-02-23T16:01:32.973936Z - 2025-02-23T16:02:32.973936Z,,,,,,,2025-02-23T16:01:46.780000Z,,,
HE.VRF.00.BHZ | 2025-02-23T16:01:04.608740Z - 2025-02-23T16:02:04.608740Z,,,,,,,2025-02-23T16:01:22.240000Z,,2025-02-23T16:01:40.440000Z,
FN.KLF.00.BHZ | 2025-02-23T20:06:51.425399Z - 2025-02-23T20:07:51.425399Z,,,,,,,,,2025-02-23T20:07:07.320000Z,
FN.MSF.00.BHZ | 2025-02-23T20:05:52.671886Z - 2025-02-23T20:06:52.671886Z,,,,,,,2025-02-23T20:05:59.080000Z,,2025-02-23T20:06:33.520000Z,
FN.OLKF.00.BHZ | 2025-02-23T20:05:46.702514Z - 2025-02-23T20:06:46.702514Z,,,,,,,2025-02-23T20:05:52.560000Z,,2025-02-23T20:06:21.080000Z,
FN.RAJF.00.BHZ | 2025-02-23T20:05:23.388417Z - 2025-02-23T20:06:23.388417Z,,,,,,,2025-02-23T20:05:51.820000Z,,2025-02-23T20:06:17.980000Z,
FN.RANF.00.BHZ | 2025-02-23T20:06:05.327850Z - 2025-02-23T20:07:05.327850Z,,,,,,,2025-02-23T20:06:10.640000Z,,2025-02-23T20:06:51.800000Z,
FN.RNF.00.BHZ | 2025-02-23T20:06:29.874711Z - 2025-02-23T20:07:29.874711Z,,,,,,,,,2025-02-23T20:06:44.520000Z,
HE.HEF.00.BHZ | 2025-02-23T20:06:53.700745Z - 2025-02-23T20:07:53.700745Z,,,,,,,,,2025-02-23T20:06:59.720000Z,
HE.KEV.00.BHZ | 2025-02-23T20:05:59.918120Z - 2025-02-23T20:06:59.918120Z,,,,,,,2025-02-23T20:06:05.650000Z,,2025-02-23T20:06:43.380000Z,
HE.KU6.00.BHZ | 2025-02-23T20:05:42.339384Z - 2025-02-23T20:06:42.339384Z,,,,,,,2025-02-23T20:05:53.140000Z,,2025-02-23T20:06:22.400000Z,
HE.VRF.00.BHZ | 2025-02-23T20:05:32.650592Z - 2025-02-23T20:06:32.650592Z,,,,,,,2025-02-23T20:05:41.860000Z,,2025-02-23T20:06:01.320000Z,
HE.FIA0.00.?HZ | 2025-02-26T13:42:42.777130Z - 2025-02-26T13:43:42.777130Z,,,,,,,2025-02-26T13:43:07.157340Z,,2025-02-26T13:43:15.942170Z,
HE.FIA1.00.?HZ | 2025-02-26T13:42:37.686196Z - 2025-02-26T13:43:37.686196Z,,,,,,,2025-02-26T13:43:07.157340Z,,2025-02-26T13:43:15.942170Z,
HE.KAF.00.?HZ | 2025-02-26T13:42:50.837622Z - 2025-02-26T13:43:50.837622Z,,,,,,,2025-02-26T13:43:18.080150Z,,2025-02-26T13:43:34.274170Z,
HE.KEF.00.?HZ | 2025-02-26T13:43:06.063875Z - 2025-02-26T13:44:06.063875Z,,,,,,,2025-02-26T13:43:23.632390Z,,2025-02-26T13:43:44.221930Z,
HE.KY02.00.CZ | 2025-02-26T13:42:45.951910Z - 2025-02-26T13:43:45.951910Z,,,,,,,2025-02-26T13:42:56.899830Z,,2025-02-26T13:42:58.187930Z,
HE.KY17.00.CZ | 2025-02-26T13:42:29.953271Z - 2025-02-26T13:43:29.953271Z,,,,,,,2025-02-26T13:42:58.087960Z,,2025-02-26T13:43:00.658000Z,
HE.LOVF.00.CZ | 2025-02-26T13:42:32.317975Z - 2025-02-26T13:43:32.317975Z,,,,,,,2025-02-26T13:43:03.937170Z,,2025-02-26T13:43:10.298190Z,
HE.MEF.00.BHZ | 2025-02-26T13:43:15.185216Z - 2025-02-26T13:44:15.185216Z,,,,,,,,,2025-02-26T13:43:36.124920Z,
HE.PVF.00.CZ | 2025-02-26T13:42:52.927892Z - 2025-02-26T13:43:52.927892Z,,,,,,,2025-02-26T13:43:05.143570Z,,2025-02-26T13:43:11.979840Z,
HE.RUF.00.BHZ | 2025-02-26T13:42:41.001713Z - 2025-02-26T13:43:41.001713Z,,,,,,,2025-02-26T13:43:17.013490Z,,2025-02-26T13:43:32.511930Z,
HE.SUF.00.BHZ | 2025-02-26T13:43:30.849171Z - 2025-02-26T13:44:30.849171Z,,,,,,,,,2025-02-26T13:43:52.781620Z,
HE.VJF.00.?HZ | 2025-02-26T13:42:38.131297Z - 2025-02-26T13:43:38.131297Z,,,,,,,2025-02-26T13:43:04.448980Z,,2025-02-26T13:43:11.299780Z,
HE.ECKF.00.BHZ | 2025-02-26T09:43:57.591766Z - 2025-02-26T09:44:57.591766Z,,,,,,,,,2025-02-26T09:44:05.180000Z,
HE.FIA0.00.SHZ | 2025-02-26T09:42:52.697020Z - 2025-02-26T09:43:52.697020Z,,,,,,,2025-02-26T09:43:16.600000Z,,2025-02-26T09:43:37.900000Z,
HE.HEL1.00.BHZ | 2025-02-26T09:42:30.788647Z - 2025-02-26T09:43:30.788647Z,,,,,,,2025-02-26T09:42:50.700000Z,,2025-02-26T09:42:52.980000Z,
HE.HEL5.00.BHZ | 2025-02-26T09:42:35.958583Z - 2025-02-26T09:43:35.958583Z,,,,,,,2025-02-26T09:42:49.260000Z,,,
HE.KAF.00.BHZ | 2025-02-26T09:43:39.659125Z - 2025-02-26T09:44:39.659125Z,,,,,,,,,2025-02-26T09:43:54.960000Z,
HE.KEF.00.BHZ | 2025-02-26T09:43:28.513809Z - 2025-02-26T09:44:28.513809Z,,,,,,,,,2025-02-26T09:43:51.000000Z,
HE.KORF.00.BHZ | 2025-02-26T09:42:55.653318Z - 2025-02-26T09:43:55.653318Z,,,,,,,2025-02-26T09:43:15.630000Z,,,
HE.KUNI.00.BHZ | 2025-02-26T09:42:23.589112Z - 2025-02-26T09:43:23.589112Z,,,,,,,2025-02-26T09:42:51.600000Z,,2025-02-26T09:42:54.480000Z,
HE.KY17.00.BHZ | 2025-02-26T09:42:40.528158Z - 2025-02-26T09:43:40.528158Z,,,,,,,2025-02-26T09:43:15.660000Z,,2025-02-26T09:43:33.680000Z,
HE.LAUT.00.BHZ | 2025-02-26T09:42:12.141920Z - 2025-02-26T09:43:12.141920Z,,,,,,,2025-02-26T09:42:50.380000Z,,2025-02-26T09:42:52.250000Z,
HE.MEF.00.BHZ | 2025-02-26T09:42:20.422041Z - 2025-02-26T09:43:20.422041Z,,,,,,,2025-02-26T09:42:48.960000Z,,2025-02-26T09:42:50.880000Z,
HE.NUR.00.BHZ | 2025-02-26T09:42:05.405862Z - 2025-02-26T09:43:05.405862Z,,,,,,,2025-02-26T09:42:54.320000Z,,,
HE.PVF.00.BHZ | 2025-02-26T09:42:21.805098Z - 2025-02-26T09:43:21.805098Z,,,,,,,2025-02-26T09:43:02.080000Z,,2025-02-26T09:43:11.940000Z,
HE.RAF.00.BHZ | 2025-02-26T09:43:07.035402Z - 2025-02-26T09:44:07.035402Z,,,,,,,2025-02-26T09:43:17.430000Z,,,
HE.TVF.00.BHZ | 2025-02-26T09:42:51.575718Z - 2025-02-26T09:43:51.575718Z,,,,,,,2025-02-26T09:43:00.880000Z,,,
HE.VJF.00.BHZ | 2025-02-26T09:43:05.822413Z - 2025-02-26T09:44:05.822413Z,,,,,,,,,2025-02-26T09:43:36.260000Z,
HE.VUOS.00.BHZ | 2025-02-26T09:42:21.118299Z - 2025-02-26T09:43:21.118299Z,,,,,,,2025-02-26T09:42:53.620000Z,,2025-02-26T09:42:57.080000Z,
UP.AAL.00.BHZ | 2025-02-26T09:42:54.676105Z - 2025-02-26T09:43:54.676105Z,,,,,,,2025-02-26T09:43:25.400000Z,,,
HE.ECKF.00.BHZ | 2025-02-26T10:49:35.391184Z - 2025-02-26T10:50:35.391184Z,,,,,,,2025-02-26T10:50:03.250000Z,,2025-02-26T10:50:22.340000Z,
HE.KAF.00.BHZ | 2025-02-26T10:50:36.872813Z - 2025-02-26T10:51:36.872813Z,,,,,,,,,2025-02-26T10:50:54.180000Z,
HE.KEF.00.BHZ | 2025-02-26T10:49:23.309507Z - 2025-02-26T10:50:23.309507Z,,,,,,,2025-02-26T10:50:14.530000Z,,,
HE.KORF.00.BHZ | 2025-02-26T10:49:19.011614Z - 2025-02-26T10:50:19.011614Z,,,,,,,2025-02-26T10:49:46.890000Z,,2025-02-26T10:49:54.980000Z,
HE.KPF.00.BHZ | 2025-02-26T10:49:29.670286Z - 2025-02-26T10:50:29.670286Z,,,,,,,2025-02-26T10:50:02.280000Z,,2025-02-26T10:50:20.980000Z,
HE.MEF.00.BHZ | 2025-02-26T10:49:21.361797Z - 2025-02-26T10:50:21.361797Z,,,,,,,2025-02-26T10:49:54.930000Z,,,
HE.NUR.00.BHZ | 2025-02-26T10:49:15.713842Z - 2025-02-26T10:50:15.713842Z,,,,,,,,,2025-02-26T10:50:10.580000Z,
HE.OBF8.00.BHZ | 2025-02-26T10:50:36.060278Z - 2025-02-26T10:51:36.060278Z,,,,,,,2025-02-26T10:50:45.430000Z,,2025-02-26T10:51:30.040000Z,
HE.PVF.00.BHZ | 2025-02-26T10:49:54.391247Z - 2025-02-26T10:50:54.391247Z,,,,,,,2025-02-26T10:50:08.050000Z,,2025-02-26T10:50:30.180000Z,
HE.RAF.00.BHZ | 2025-02-26T10:49:30.641116Z - 2025-02-26T10:50:30.641116Z,,,,,,,2025-02-26T10:49:48.380000Z,,2025-02-26T10:49:58.360000Z,
HE.TRE03.00.BHZ | 2025-02-26T10:49:34.159601Z - 2025-02-26T10:50:34.159601Z,,,,,,,2025-02-26T10:50:03.380000Z,,2025-02-26T10:50:23.060000Z,
UP.AAL.00.BHZ | 2025-02-26T10:49:49.880899Z - 2025-02-26T10:50:49.880899Z,,,,,,,2025-02-26T10:49:59.300000Z,,2025-02-26T10:50:21.230000Z,
FN.OUL.00.BHZ | 2025-02-26T10:56:35.664219Z - 2025-02-26T10:57:35.664219Z,,,,,,,,,2025-02-26T10:57:24.740000Z,
FN.RANF.00.BHZ | 2025-02-26T10:57:04.127705Z - 2025-02-26T10:58:04.127705Z,,,,,,,,,2025-02-26T10:57:46.080000Z,
HE.FIA0.00.SHZ | 2025-02-26T10:56:31.323925Z - 2025-02-26T10:57:31.323925Z,,,,,,,2025-02-26T10:56:48.000000Z,,2025-02-26T10:57:13.100000Z,
HE.JOF.00.BHZ | 2025-02-26T10:56:34.987725Z - 2025-02-26T10:57:34.987725Z,,,,,,,2025-02-26T10:56:46.400000Z,,2025-02-26T10:57:07.680000Z,
HE.KAF.00.BHZ | 2025-02-26T10:56:20.243925Z - 2025-02-26T10:57:20.243925Z,,,,,,,2025-02-26T10:56:36.780000Z,,2025-02-26T10:56:52.980000Z,
HE.KEF.00.BHZ | 2025-02-26T10:56:16.397099Z - 2025-02-26T10:57:16.397099Z,,,,,,,2025-02-26T10:56:44.960000Z,,2025-02-26T10:57:05.400000Z,
HE.KU1.00.BHZ | 2025-02-26T10:56:48.292355Z - 2025-02-26T10:57:48.292355Z,,,,,,,2025-02-26T10:57:02.880000Z,,2025-02-26T10:57:37.760000Z,
HE.KU2.00.BHZ | 2025-02-26T10:56:42.810206Z - 2025-02-26T10:57:42.810206Z,,,,,,,2025-02-26T10:57:03.820000Z,,2025-02-26T10:57:37.540000Z,
HE.KY17.00.BHZ | 2025-02-26T10:56:56.396923Z - 2025-02-26T10:57:56.396923Z,,,,,,,,,2025-02-26T10:57:23.540000Z,
HE.NIF.00.BHZ | 2025-02-26T10:55:38.214549Z - 2025-02-26T10:56:38.214549Z,,,,,,,2025-02-26T10:56:23.080000Z,,2025-02-26T10:56:28.020000Z,
HE.OBF0.00.BHZ | 2025-02-26T10:56:38.805097Z - 2025-02-26T10:57:38.805097Z,,,,,,,2025-02-26T10:56:55.260000Z,,2025-02-26T10:57:23.480000Z,
HE.OBF3.00.BHZ | 2025-02-26T10:56:38.595870Z - 2025-02-26T10:57:38.595870Z,,,,,,,2025-02-26T10:56:56.940000Z,,2025-02-26T10:57:26.460000Z,
HE.OBF8.00.BHZ | 2025-02-26T10:56:44.480357Z - 2025-02-26T10:57:44.480357Z,,,,,,,2025-02-26T10:56:57.180000Z,,2025-02-26T10:57:27.640000Z,
HE.OUF.00.BHZ | 2025-02-26T10:56:31.310253Z - 2025-02-26T10:57:31.310253Z,,,,,,,2025-02-26T10:56:50.480000Z,,2025-02-26T10:57:15.280000Z,
HE.RMF.00.BHZ | 2025-02-26T10:56:17.254841Z - 2025-02-26T10:57:17.254841Z,,,,,,,2025-02-26T10:56:44.870000Z,,2025-02-26T10:57:06.280000Z,
HE.RUF.00.BHZ | 2025-02-26T10:56:19.280831Z - 2025-02-26T10:57:19.280831Z,,,,,,,2025-02-26T10:56:47.140000Z,,2025-02-26T10:57:10.680000Z,
HE.SUF.00.BHZ | 2025-02-26T10:56:02.248386Z - 2025-02-26T10:57:02.248386Z,,,,,,,2025-02-26T10:56:30.560000Z,,2025-02-26T10:56:40.220000Z,
HE.TRE03.00.BHZ | 2025-02-26T10:57:15.128514Z - 2025-02-26T10:58:15.128514Z,,,,,,,,,2025-02-26T10:57:23.540000Z,
HE.VAF.00.BHZ | 2025-02-26T10:56:46.501627Z - 2025-02-26T10:57:46.501627Z,,,,,,,2025-02-26T10:56:56.960000Z,,2025-02-26T10:57:26.640000Z,
HE.ECKF.00.BHZ | 2025-02-26T12:14:54.668409Z - 2025-02-26T12:15:54.668409Z,,,,,,,2025-02-26T12:15:02.680000Z,,2025-02-26T12:15:28.380000Z,
HE.HEL5.00.BHZ | 2025-02-26T12:14:23.769194Z - 2025-02-26T12:15:23.769194Z,,,,,,,2025-02-26T12:14:44.440000Z,,,
HE.KORF.00.BHZ | 2025-02-26T12:14:36.486380Z - 2025-02-26T12:15:36.486380Z,,,,,,,2025-02-26T12:14:46.130000Z,,,
HE.MEF.00.BHZ | 2025-02-26T12:14:09.535583Z - 2025-02-26T12:15:09.535583Z,,,,,,,2025-02-26T12:14:40.380000Z,,2025-02-26T12:14:48.800000Z,
HE.OBF8.00.BHZ | 2025-02-26T12:15:45.349735Z - 2025-02-26T12:16:45.349735Z,,,,,,,,,2025-02-26T12:16:13.780000Z,
HE.PVF.00.BHZ | 2025-02-26T12:14:31.216837Z - 2025-02-26T12:15:31.216837Z,,,,,,,2025-02-26T12:14:54.900000Z,,,
HE.RAF.00.BHZ | 2025-02-26T12:14:26.595064Z - 2025-02-26T12:15:26.595064Z,,,,,,,2025-02-26T12:14:46.880000Z,,2025-02-26T12:15:01.720000Z,
HE.SUF.00.BHZ | 2025-02-26T12:15:04.906707Z - 2025-02-26T12:16:04.906707Z,,,,,,,,,2025-02-26T12:15:52.660000Z,
HE.TRE03.00.BHZ | 2025-02-26T12:14:48.829883Z - 2025-02-26T12:15:48.829883Z,,,,,,,2025-02-26T12:14:55.040000Z,,,
HE.TVF.00.BHZ | 2025-02-26T12:14:31.711601Z - 2025-02-26T12:15:31.711601Z,,,,,,,2025-02-26T12:14:39.180000Z,,2025-02-26T12:14:46.100000Z,
UP.AAL.00.BHZ | 2025-02-26T12:14:41.949579Z - 2025-02-26T12:15:41.949579Z,,,,,,,,,2025-02-26T12:15:20.280000Z,
FN.KLF.00.BHZ | 2025-02-26T12:20:16.232053Z - 2025-02-26T12:21:16.232053Z,,,,,,,2025-02-26T12:20:32.360000Z,,2025-02-26T12:20:56.400000Z,
FN.MSF.00.BHZ | 2025-02-26T12:20:36.314761Z - 2025-02-26T12:21:36.314761Z,,,,,,,2025-02-26T12:20:49.080000Z,,2025-02-26T12:21:25.000000Z,
FN.OLKF.00.BHZ | 2025-02-26T12:20:40.801965Z - 2025-02-26T12:21:40.801965Z,,,,,,,2025-02-26T12:20:51.680000Z,,2025-02-26T12:21:30.000000Z,
FN.OUL.00.BHZ | 2025-02-26T12:20:21.814285Z - 2025-02-26T12:21:21.814285Z,,,,,,,2025-02-26T12:20:32.880000Z,,2025-02-26T12:20:55.560000Z,
FN.RAJF.00.BHZ | 2025-02-26T12:20:20.187059Z - 2025-02-26T12:21:20.187059Z,,,,,,,2025-02-26T12:20:59.830000Z,,,
FN.RAJF.00.BHZ | 2025-02-26T12:21:15.337489Z - 2025-02-26T12:22:15.337489Z,,,,,,,,,2025-02-26T12:21:56.680000Z,
FN.RANF.00.BHZ | 2025-02-26T12:20:27.554375Z - 2025-02-26T12:21:27.554375Z,,,,,,,2025-02-26T12:20:36.600000Z,,2025-02-26T12:21:02.880000Z,
FN.RNF.00.BHZ | 2025-02-26T12:20:22.920999Z - 2025-02-26T12:21:22.920999Z,,,,,,,2025-02-26T12:20:34.680000Z,,2025-02-26T12:21:00.680000Z,
HE.HEF.00.BHZ | 2025-02-26T12:20:34.419225Z - 2025-02-26T12:21:34.419225Z,,,,,,,2025-02-26T12:20:49.760000Z,,2025-02-26T12:21:27.280000Z,
HE.KIF.00.BHZ | 2025-02-26T12:20:55.741251Z - 2025-02-26T12:21:55.741251Z,,,,,,,2025-02-26T12:21:03.120000Z,,2025-02-26T12:21:45.960000Z,
HE.KU1.00.BHZ | 2025-02-26T12:20:43.659476Z - 2025-02-26T12:21:43.659476Z,,,,,,,2025-02-26T12:20:52.660000Z,,,
HE.KU2.00.BHZ | 2025-02-26T12:19:56.780678Z - 2025-02-26T12:20:56.780678Z,,,,,,,2025-02-26T12:20:46.560000Z,,,
HE.KU6.00.BHZ | 2025-02-26T12:20:45.380315Z - 2025-02-26T12:21:45.380315Z,,,,,,,2025-02-26T12:20:54.930000Z,,2025-02-26T12:21:34.480000Z,
HE.OBF0.00.BHZ | 2025-02-26T12:20:18.676403Z - 2025-02-26T12:21:18.676403Z,,,,,,,2025-02-26T12:20:29.060000Z,,,
HE.OBF3.00.BHZ | 2025-02-26T12:19:43.325073Z - 2025-02-26T12:20:43.325073Z,,,,,,,2025-02-26T12:20:27.220000Z,,,
HE.TOF.00.BHZ | 2025-02-26T12:19:57.378078Z - 2025-02-26T12:20:57.378078Z,,,,,,,2025-02-26T12:20:19.840000Z,,2025-02-26T12:20:34.400000Z,
HE.VAF.00.BHZ | 2025-02-26T12:20:39.952793Z - 2025-02-26T12:21:39.952793Z,,,,,,,2025-02-26T12:20:46.330000Z,,,
HE.VRF.00.BHZ | 2025-02-26T12:20:49.690946Z - 2025-02-26T12:21:49.690946Z,,,,,,,2025-02-26T12:20:59.130000Z,,2025-02-26T12:21:38.600000Z,
FN.KLF.00.BHZ | 2025-02-26T12:48:51.802604Z - 2025-02-26T12:49:51.802604Z,,,,,,,,,2025-02-26T12:49:35.640000Z,
FN.MSF.00.BHZ | 2025-02-26T12:48:20.060673Z - 2025-02-26T12:49:20.060673Z,,,,,,,2025-02-26T12:48:44.880000Z,,2025-02-26T12:49:09.080000Z,
FN.OLKF.00.BHZ | 2025-02-26T12:48:39.213946Z - 2025-02-26T12:49:39.213946Z,,,,,,,2025-02-26T12:48:52.240000Z,,2025-02-26T12:49:17.720000Z,
FN.OUL.00.BHZ | 2025-02-26T12:47:28.139610Z - 2025-02-26T12:48:28.139610Z,,,,,,,2025-02-26T12:48:21.180000Z,,2025-02-26T12:48:21.680000Z,
FN.RANF.00.BHZ | 2025-02-26T12:48:22.673949Z - 2025-02-26T12:49:22.673949Z,,,,,,,2025-02-26T12:48:38.540000Z,,2025-02-26T12:48:54.800000Z,
FN.RNF.00.BHZ | 2025-02-26T12:48:40.794912Z - 2025-02-26T12:49:40.794912Z,,,,,,,2025-02-26T12:48:48.280000Z,,2025-02-26T12:49:12.080000Z,
HE.KEF.00.BHZ | 2025-02-26T12:49:21.471415Z - 2025-02-26T12:50:21.471415Z,,,,,,,,,2025-02-26T12:49:37.120000Z,
HE.KU1.00.BHZ | 2025-02-26T12:48:38.086310Z - 2025-02-26T12:49:38.086310Z,,,,,,,,,2025-02-26T12:49:09.120000Z,
HE.KU2.00.BHZ | 2025-02-26T12:48:33.279376Z - 2025-02-26T12:49:33.279376Z,,,,,,,2025-02-26T12:48:38.840000Z,,,
HE.KU6.00.BHZ | 2025-02-26T12:48:51.863320Z - 2025-02-26T12:49:51.863320Z,,,,,,,,,2025-02-26T12:49:18.260000Z,
HE.NIF.00.BHZ | 2025-02-26T12:48:36.877880Z - 2025-02-26T12:49:36.877880Z,,,,,,,2025-02-26T12:48:45.860000Z,,,
HE.OBF0.00.BHZ | 2025-02-26T12:48:24.838183Z - 2025-02-26T12:49:24.838183Z,,,,,,,2025-02-26T12:48:31.900000Z,,2025-02-26T12:48:44.240000Z,
HE.OBF3.00.BHZ | 2025-02-26T12:48:16.152208Z - 2025-02-26T12:49:16.152208Z,,,,,,,2025-02-26T12:48:27.180000Z,,2025-02-26T12:48:36.320000Z,
HE.OBF8.00.BHZ | 2025-02-26T12:48:24.171526Z - 2025-02-26T12:49:24.171526Z,,,,,,,,,2025-02-26T12:49:00.600000Z,
HE.OUF.00.BHZ | 2025-02-26T12:47:51.676130Z - 2025-02-26T12:48:51.676130Z,,,,,,,2025-02-26T12:48:29.430000Z,,2025-02-26T12:48:40.500000Z,
HE.RMF.00.BHZ | 2025-02-26T12:48:38.635525Z - 2025-02-26T12:49:38.635525Z,,,,,,,2025-02-26T12:48:46.380000Z,,2025-02-26T12:49:08.080000Z,
HE.SUF.00.BHZ | 2025-02-26T12:49:15.229430Z - 2025-02-26T12:50:15.229430Z,,,,,,,,,2025-02-26T12:49:22.500000Z,
HE.TOF.00.BHZ | 2025-02-26T12:48:17.426782Z - 2025-02-26T12:49:17.426782Z,,,,,,,2025-02-26T12:48:43.240000Z,,2025-02-26T12:49:03.680000Z,
HE.VAF.00.BHZ | 2025-02-26T12:49:11.593369Z - 2025-02-26T12:50:11.593369Z,,,,,,,,,2025-02-26T12:49:28.000000Z,
HE.ECKF.00.BHZ | 2025-02-26T13:01:02.208584Z - 2025-02-26T13:02:02.208584Z,,,,,,,,,2025-02-26T13:01:50.100000Z,
HE.FIA0.00.SHZ | 2025-02-26T13:00:54.261369Z - 2025-02-26T13:01:54.261369Z,,,,,,,2025-02-26T13:01:01.100000Z,,2025-02-26T13:01:21.800000Z,
HE.HEL1.00.BHZ | 2025-02-26T13:00:24.575956Z - 2025-02-26T13:01:24.575956Z,,,,,,,2025-02-26T13:00:36.480000Z,,2025-02-26T13:00:39.060000Z,
HE.HEL5.00.BHZ | 2025-02-26T13:00:16.741912Z - 2025-02-26T13:01:16.741912Z,,,,,,,2025-02-26T13:00:35.910000Z,,2025-02-26T13:00:38.350000Z,
HE.KAF.00.BHZ | 2025-02-26T13:01:00.500770Z - 2025-02-26T13:02:00.500770Z,,,,,,,2025-02-26T13:01:10.780000Z,,2025-02-26T13:01:37.800000Z,
HE.KEF.00.BHZ | 2025-02-26T13:00:47.390540Z - 2025-02-26T13:01:47.390540Z,,,,,,,,,2025-02-26T13:01:34.280000Z,
HE.KORF.00.BHZ | 2025-02-26T13:00:36.504961Z - 2025-02-26T13:01:36.504961Z,,,,,,,2025-02-26T13:01:01.060000Z,,2025-02-26T13:01:21.220000Z,
HE.KPF.00.BHZ | 2025-02-26T13:00:53.621672Z - 2025-02-26T13:01:53.621672Z,,,,,,,2025-02-26T13:01:09.640000Z,,2025-02-26T13:01:37.080000Z,
HE.KUNI.00.BHZ | 2025-02-26T13:00:30.756306Z - 2025-02-26T13:01:30.756306Z,,,,,,,2025-02-26T13:00:36.380000Z,,2025-02-26T13:00:39.180000Z,
HE.KY17.00.BHZ | 2025-02-26T13:00:53.897682Z - 2025-02-26T13:01:53.897682Z,,,,,,,2025-02-26T13:00:59.680000Z,,2025-02-26T13:01:18.380000Z,
HE.LAUT.00.BHZ | 2025-02-26T12:59:56.481776Z - 2025-02-26T13:00:56.481776Z,,,,,,,2025-02-26T13:00:36.180000Z,,2025-02-26T13:00:38.580000Z,
HE.MEF.00.BHZ | 2025-02-26T13:00:25.668640Z - 2025-02-26T13:01:25.668640Z,,,,,,,2025-02-26T13:00:34.560000Z,,,
HE.NUR.00.BHZ | 2025-02-26T13:00:21.955383Z - 2025-02-26T13:01:21.955383Z,,,,,,,2025-02-26T13:00:38.060000Z,,2025-02-26T13:00:41.680000Z,
HE.PVF.00.BHZ | 2025-02-26T13:00:06.385136Z - 2025-02-26T13:01:06.385136Z,,,,,,,2025-02-26T13:00:46.720000Z,,,
HE.RAF.00.BHZ | 2025-02-26T13:00:39.732064Z - 2025-02-26T13:01:39.732064Z,,,,,,,2025-02-26T13:01:02.180000Z,,2025-02-26T13:01:23.480000Z,
HE.SUF.00.BHZ | 2025-02-26T13:01:13.045774Z - 2025-02-26T13:02:13.045774Z,,,,,,,,,2025-02-26T13:01:53.180000Z,
HE.TRE03.00.BHZ | 2025-02-26T13:00:26.261369Z - 2025-02-26T13:01:26.261369Z,,,,,,,2025-02-26T13:00:59.180000Z,,2025-02-26T13:01:17.240000Z,
HE.TVF.00.BHZ | 2025-02-26T13:00:40.355004Z - 2025-02-26T13:01:40.355004Z,,,,,,,2025-02-26T13:00:47.580000Z,,2025-02-26T13:00:57.520000Z,
HE.VAF.00.BHZ | 2025-02-26T13:01:56.605409Z - 2025-02-26T13:02:56.605409Z,,,,,,,,,2025-02-26T13:02:02.100000Z,
HE.VJF.00.BHZ | 2025-02-26T13:00:48.747796Z - 2025-02-26T13:01:48.747796Z,,,,,,,2025-02-26T13:01:01.080000Z,,2025-02-26T13:01:21.520000Z,
HE.VUOS.00.BHZ | 2025-02-26T12:59:54.909012Z - 2025-02-26T13:00:54.909012Z,,,,,,,2025-02-26T13:00:38.620000Z,,2025-02-26T13:00:42.400000Z,
UP.AAL.00.BHZ | 2025-02-26T13:01:26.683901Z - 2025-02-26T13:02:26.683901Z,,,,,,,,,2025-02-26T13:01:43.230000Z,
FN.KLF.00.BHZ | 2025-02-26T13:18:45.205091Z - 2025-02-26T13:19:45.205091Z,,,,,,,2025-02-26T13:18:55.480000Z,,2025-02-26T13:19:16.960000Z,
FN.MSF.00.BHZ | 2025-02-26T13:19:08.161670Z - 2025-02-26T13:20:08.161670Z,,,,,,,2025-02-26T13:19:14.200000Z,,2025-02-26T13:19:50.880000Z,
FN.OLKF.00.BHZ | 2025-02-26T13:19:04.014075Z - 2025-02-26T13:20:04.014075Z,,,,,,,2025-02-26T13:19:16.400000Z,,2025-02-26T13:19:55.480000Z,
FN.OUL.00.BHZ | 2025-02-26T13:18:43.367846Z - 2025-02-26T13:19:43.367846Z,,,,,,,2025-02-26T13:18:59.160000Z,,2025-02-26T13:19:24.800000Z,
FN.RANF.00.BHZ | 2025-02-26T13:18:49.806991Z - 2025-02-26T13:19:49.806991Z,,,,,,,2025-02-26T13:19:01.600000Z,,2025-02-26T13:19:28.640000Z,
FN.RNF.00.BHZ | 2025-02-26T13:18:33.448348Z - 2025-02-26T13:19:33.448348Z,,,,,,,2025-02-26T13:18:59.030000Z,,2025-02-26T13:19:23.360000Z,
HE.HEF.00.BHZ | 2025-02-26T13:19:12.575668Z - 2025-02-26T13:20:12.575668Z,,,,,,,,,2025-02-26T13:19:46.480000Z,
HE.KPF.00.BHZ | 2025-02-26T13:20:01.982231Z - 2025-02-26T13:21:01.982231Z,,,,,,,,,2025-02-26T13:20:22.290000Z,
HE.KU1.00.BHZ | 2025-02-26T13:19:08.758339Z - 2025-02-26T13:20:08.758339Z,,,,,,,2025-02-26T13:19:18.230000Z,,2025-02-26T13:19:58.200000Z,
HE.KU2.00.BHZ | 2025-02-26T13:18:56.135323Z - 2025-02-26T13:19:56.135323Z,,,,,,,2025-02-26T13:19:10.210000Z,,2025-02-26T13:19:48.180000Z,
HE.OBF0.00.BHZ | 2025-02-26T13:18:29.674347Z - 2025-02-26T13:19:29.674347Z,,,,,,,2025-02-26T13:18:56.680000Z,,2025-02-26T13:19:20.360000Z,
HE.OBF3.00.BHZ | 2025-02-26T13:18:32.540835Z - 2025-02-26T13:19:32.540835Z,,,,,,,2025-02-26T13:18:54.380000Z,,2025-02-26T13:19:17.900000Z,
HE.OBF8.00.BHZ | 2025-02-26T13:18:30.254207Z - 2025-02-26T13:19:30.254207Z,,,,,,,,,2025-02-26T13:19:19.500000Z,
HE.OUF.00.BHZ | 2025-02-26T13:18:42.973322Z - 2025-02-26T13:19:42.973322Z,,,,,,,2025-02-26T13:19:00.460000Z,,,
HE.SUF.00.BHZ | 2025-02-26T13:19:11.176167Z - 2025-02-26T13:20:11.176167Z,,,,,,,2025-02-26T13:19:26.750000Z,,,
HE.TOF.00.BHZ | 2025-02-26T13:18:18.313361Z - 2025-02-26T13:19:18.313361Z,,,,,,,2025-02-26T13:18:44.930000Z,,2025-02-26T13:18:59.560000Z,
FN.KLF.00.BHZ | 2025-02-26T14:07:04.596865Z - 2025-02-26T14:08:04.596865Z,,,,,,,,,2025-02-26T14:07:14.480000Z,
FN.MSF.00.BHZ | 2025-02-26T14:06:52.531036Z - 2025-02-26T14:07:52.531036Z,,,,,,,,,2025-02-26T14:07:25.840000Z,
FN.OUL.00.BHZ | 2025-02-26T14:06:14.638478Z - 2025-02-26T14:07:14.638478Z,,,,,,,,,2025-02-26T14:06:53.880000Z,
FN.RANF.00.BHZ | 2025-02-26T14:06:14.921826Z - 2025-02-26T14:07:14.921826Z,,,,,,,,,2025-02-26T14:07:08.160000Z,
FN.RNF.00.BHZ | 2025-02-26T14:05:50.036510Z - 2025-02-26T14:06:50.036510Z,,,,,,,2025-02-26T14:06:29.680000Z,,,
HE.FIA0.00.SHZ | 2025-02-26T14:06:28.052001Z - 2025-02-26T14:07:28.052001Z,,,,,,,2025-02-26T14:06:36.200000Z,,2025-02-26T14:07:16.300000Z,
HE.KAF.00.BHZ | 2025-02-26T14:06:14.831754Z - 2025-02-26T14:07:14.831754Z,,,,,,,,,2025-02-26T14:07:07.860000Z,
HE.KEF.00.BHZ | 2025-02-26T14:06:02.688274Z - 2025-02-26T14:07:02.688274Z,,,,,,,2025-02-26T14:06:17.800000Z,,2025-02-26T14:06:51.160000Z,
HE.KPF.00.BHZ | 2025-02-26T14:06:01.812639Z - 2025-02-26T14:07:01.812639Z,,,,,,,2025-02-26T14:06:10.680000Z,,2025-02-26T14:06:37.920000Z,
HE.OBF0.00.BHZ | 2025-02-26T14:05:43.787484Z - 2025-02-26T14:06:43.787484Z,,,,,,,2025-02-26T14:06:03.840000Z,,2025-02-26T14:06:28.180000Z,
HE.OBF3.00.BHZ | 2025-02-26T14:05:48.661647Z - 2025-02-26T14:06:48.661647Z,,,,,,,2025-02-26T14:06:08.480000Z,,2025-02-26T14:06:36.580000Z,
HE.OBF8.00.BHZ | 2025-02-26T14:05:45.902157Z - 2025-02-26T14:06:45.902157Z,,,,,,,2025-02-26T14:05:57.880000Z,,,
HE.OUF.00.BHZ | 2025-02-26T14:05:49.061916Z - 2025-02-26T14:06:49.061916Z,,,,,,,2025-02-26T14:06:06.230000Z,,2025-02-26T14:06:32.320000Z,
HE.RAF.00.BHZ | 2025-02-26T14:06:16.478845Z - 2025-02-26T14:07:16.478845Z,,,,,,,2025-02-26T14:06:22.180000Z,,2025-02-26T14:06:59.280000Z,
HE.TOF.00.BHZ | 2025-02-26T14:06:33.567335Z - 2025-02-26T14:07:33.567335Z,,,,,,,,,2025-02-26T14:06:56.800000Z,
HE.TRE03.00.BHZ | 2025-02-26T14:06:28.768032Z - 2025-02-26T14:07:28.768032Z,,,,,,,,,2025-02-26T14:06:57.960000Z,
HE.VAF.00.BHZ | 2025-02-26T14:05:47.022170Z - 2025-02-26T14:06:47.022170Z,,,,,,,2025-02-26T14:05:55.520000Z,,2025-02-26T14:06:12.600000Z,
HE.ECKF.00.BHZ | 2025-02-26T15:46:57.145172Z - 2025-02-26T15:47:57.145172Z,,,,,,,,,2025-02-26T15:47:17.480000Z,
HE.FIA0.00.SHZ | 2025-02-26T15:46:05.692560Z - 2025-02-26T15:47:05.692560Z,,,,,,,2025-02-26T15:46:28.100000Z,,2025-02-26T15:46:50.500000Z,
HE.HEL1.00.BHZ | 2025-02-26T15:45:39.728730Z - 2025-02-26T15:46:39.728730Z,,,,,,,2025-02-26T15:46:03.330000Z,,2025-02-26T15:46:05.580000Z,
HE.HEL5.00.BHZ | 2025-02-26T15:45:48.429634Z - 2025-02-26T15:46:48.429634Z,,,,,,,2025-02-26T15:46:01.980000Z,,,
HE.KUNI.00.BHZ | 2025-02-26T15:45:30.431931Z - 2025-02-26T15:46:30.431931Z,,,,,,,2025-02-26T15:46:04.190000Z,,2025-02-26T15:46:07.240000Z,
HE.KY17.00.BHZ | 2025-02-26T15:46:02.954366Z - 2025-02-26T15:47:02.954366Z,,,,,,,2025-02-26T15:46:26.800000Z,,2025-02-26T15:46:49.580000Z,
HE.LAUT.00.BHZ | 2025-02-26T15:45:57.923831Z - 2025-02-26T15:46:57.923831Z,,,,,,,2025-02-26T15:46:02.980000Z,,2025-02-26T15:46:04.800000Z,
HE.MEF.00.BHZ | 2025-02-26T15:45:11.316809Z - 2025-02-26T15:46:11.316809Z,,,,,,,2025-02-26T15:46:02.000000Z,,,
HE.NUR.00.BHZ | 2025-02-26T15:45:54.005529Z - 2025-02-26T15:46:54.005529Z,,,,,,,2025-02-26T15:46:06.920000Z,,,
HE.PVF.00.BHZ | 2025-02-26T15:45:51.822983Z - 2025-02-26T15:46:51.822983Z,,,,,,,2025-02-26T15:46:14.460000Z,,2025-02-26T15:46:24.980000Z,
HE.RAF.00.BHZ | 2025-02-26T15:46:17.857103Z - 2025-02-26T15:47:17.857103Z,,,,,,,,,2025-02-26T15:46:52.320000Z,
HE.TRE03.00.BHZ | 2025-02-26T15:45:41.766374Z - 2025-02-26T15:46:41.766374Z,,,,,,,2025-02-26T15:46:27.740000Z,,,
HE.TVF.00.BHZ | 2025-02-26T15:46:03.177915Z - 2025-02-26T15:47:03.177915Z,,,,,,,2025-02-26T15:46:13.280000Z,,,
HE.VJF.00.BHZ | 2025-02-26T15:46:19.841390Z - 2025-02-26T15:47:19.841390Z,,,,,,,2025-02-26T15:46:28.540000Z,,2025-02-26T15:46:51.560000Z,
HE.VUOS.00.BHZ | 2025-02-26T15:45:56.847312Z - 2025-02-26T15:46:56.847312Z,,,,,,,2025-02-26T15:46:05.730000Z,,2025-02-26T15:46:09.940000Z,
UP.AAL.00.BHZ | 2025-02-26T15:46:46.842934Z - 2025-02-26T15:47:46.842934Z,,,,,,,,,2025-02-26T15:47:10.120000Z,
HE.FIA0.00.?HZ | 2025-02-26T13:34:04.849749Z - 2025-02-26T13:35:04.849749Z,,,,,,,2025-02-26T13:34:25.252330Z,,2025-02-26T13:34:42.953170Z,
HE.FIA1.00.?HZ | 2025-02-26T13:34:09.360770Z - 2025-02-26T13:35:09.360770Z,,,,,,,2025-02-26T13:34:25.252330Z,,2025-02-26T13:34:42.953170Z,
HE.KAF.00.?HZ | 2025-02-26T13:34:09.927455Z - 2025-02-26T13:35:09.927455Z,,,,,,,2025-02-26T13:34:29.224700Z,,2025-02-26T13:34:49.057900Z,
HE.KEF.00.?HZ | 2025-02-26T13:34:21.444678Z - 2025-02-26T13:35:21.444678Z,,,,,,,2025-02-26T13:34:38.902930Z,,2025-02-26T13:35:06.735050Z,
HE.KY02.00.CZ | 2025-02-26T13:33:51.574269Z - 2025-02-26T13:34:51.574269Z,,,,,,,2025-02-26T13:34:18.835970Z,,2025-02-26T13:34:31.668690Z,
HE.KY17.00.CZ | 2025-02-26T13:33:54.191823Z - 2025-02-26T13:34:54.191823Z,,,,,,,2025-02-26T13:34:16.671410Z,,2025-02-26T13:34:27.958020Z,
HE.LOVF.00.CZ | 2025-02-26T13:34:00.353494Z - 2025-02-26T13:35:00.353494Z,,,,,,,2025-02-26T13:34:26.721130Z,,2025-02-26T13:34:44.583400Z,
HE.PVF.00.CZ | 2025-02-26T13:33:55.194993Z - 2025-02-26T13:34:55.194993Z,,,,,,,2025-02-26T13:34:28.731080Z,,2025-02-26T13:34:48.675910Z,
HE.RUF.00.BHZ | 2025-02-26T13:33:58.006852Z - 2025-02-26T13:34:58.006852Z,,,,,,,2025-02-26T13:34:07.534750Z,,2025-02-26T13:34:11.260020Z,
HE.SUF.00.BHZ | 2025-02-26T13:34:28.731994Z - 2025-02-26T13:35:28.731994Z,,,,,,,2025-02-26T13:34:37.253550Z,,2025-02-26T13:35:03.595880Z,
HE.TRE03.00.CZ | 2025-02-26T13:34:35.244861Z - 2025-02-26T13:35:35.244861Z,,,,,,,,,2025-02-26T13:35:09.625710Z,
HE.VJF.00.?HZ | 2025-02-26T13:34:08.634392Z - 2025-02-26T13:35:08.634392Z,,,,,,,2025-02-26T13:34:16.362190Z,,2025-02-26T13:34:27.339580Z,
HE.ECKF.00.BHZ | 2025-02-26T15:55:12.109501Z - 2025-02-26T15:56:12.109501Z,,,,,,,,,2025-02-26T15:55:46.800000Z,
HE.FIA0.00.SHZ | 2025-02-26T15:54:39.246396Z - 2025-02-26T15:55:39.246396Z,,,,,,,2025-02-26T15:54:59.100000Z,,2025-02-26T15:55:21.700000Z,
HE.HEL1.00.BHZ | 2025-02-26T15:54:30.048690Z - 2025-02-26T15:55:30.048690Z,,,,,,,2025-02-26T15:54:38.720000Z,,2025-02-26T15:54:42.620000Z,
HE.HEL5.00.BHZ | 2025-02-26T15:54:22.661118Z - 2025-02-26T15:55:22.661118Z,,,,,,,2025-02-26T15:54:38.080000Z,,2025-02-26T15:54:41.700000Z,
HE.KAF.00.BHZ | 2025-02-26T15:54:56.064901Z - 2025-02-26T15:55:56.064901Z,,,,,,,,,2025-02-26T15:55:38.580000Z,
HE.KEF.00.BHZ | 2025-02-26T15:55:12.488565Z - 2025-02-26T15:56:12.488565Z,,,,,,,,,2025-02-26T15:55:32.360000Z,
HE.KORF.00.BHZ | 2025-02-26T15:54:34.679778Z - 2025-02-26T15:55:34.679778Z,,,,,,,2025-02-26T15:54:59.280000Z,,,
HE.KPF.00.BHZ | 2025-02-26T15:54:57.671714Z - 2025-02-26T15:55:57.671714Z,,,,,,,2025-02-26T15:55:07.890000Z,,2025-02-26T15:55:32.560000Z,
HE.KUNI.00.BHZ | 2025-02-26T15:54:32.614721Z - 2025-02-26T15:55:32.614721Z,,,,,,,2025-02-26T15:54:38.430000Z,,,
HE.KY17.00.BHZ | 2025-02-26T15:54:18.154498Z - 2025-02-26T15:55:18.154498Z,,,,,,,2025-02-26T15:55:00.470000Z,,,
HE.LAUT.00.BHZ | 2025-02-26T15:54:06.639959Z - 2025-02-26T15:55:06.639959Z,,,,,,,2025-02-26T15:54:38.610000Z,,2025-02-26T15:54:42.640000Z,
HE.MEF.00.BHZ | 2025-02-26T15:54:09.562806Z - 2025-02-26T15:55:09.562806Z,,,,,,,2025-02-26T15:54:34.200000Z,,2025-02-26T15:54:34.630000Z,
HE.NUR.00.BHZ | 2025-02-26T15:53:46.520138Z - 2025-02-26T15:54:46.520138Z,,,,,,,2025-02-26T15:54:37.740000Z,,,
HE.PVF.00.BHZ | 2025-02-26T15:53:57.613569Z - 2025-02-26T15:54:57.613569Z,,,,,,,2025-02-26T15:54:47.640000Z,,,
HE.RAF.00.BHZ | 2025-02-26T15:54:11.301535Z - 2025-02-26T15:55:11.301535Z,,,,,,,2025-02-26T15:54:59.830000Z,,,
HE.TRE03.00.BHZ | 2025-02-26T15:54:24.125474Z - 2025-02-26T15:55:24.125474Z,,,,,,,,,2025-02-26T15:55:15.500000Z,
HE.TVF.00.BHZ | 2025-02-26T15:54:36.386731Z - 2025-02-26T15:55:36.386731Z,,,,,,,2025-02-26T15:54:45.980000Z,,2025-02-26T15:54:55.480000Z,
HE.VJF.00.BHZ | 2025-02-26T15:54:35.515753Z - 2025-02-26T15:55:35.515753Z,,,,,,,2025-02-26T15:55:02.380000Z,,2025-02-26T15:55:26.300000Z,
HE.VUOS.00.BHZ | 2025-02-26T15:54:09.117666Z - 2025-02-26T15:55:09.117666Z,,,,,,,2025-02-26T15:54:40.980000Z,,,
UP.AAL.00.BHZ | 2025-02-26T15:55:02.506449Z - 2025-02-26T15:56:02.506449Z,,,,,,,,,2025-02-26T15:55:40.080000Z,
FN.OUL.00.BHZ | 2025-02-26T11:38:48.759064Z - 2025-02-26T11:39:48.759064Z,,,,,,,,,2025-02-26T11:39:04.280000Z,
FN.RANF.00.BHZ | 2025-02-26T11:38:50.850327Z - 2025-02-26T11:39:50.850327Z,,,,,,,,,2025-02-26T11:39:31.120000Z,
HE.FIA0.00.SHZ | 2025-02-26T11:38:10.243032Z - 2025-02-26T11:39:10.243032Z,,,,,,,,,2025-02-26T11:39:00.600000Z,
HE.JOF.00.BHZ | 2025-02-26T11:38:22.088265Z - 2025-02-26T11:39:22.088265Z,,,,,,,2025-02-26T11:38:33.280000Z,,2025-02-26T11:38:55.120000Z,
HE.KAF.00.BHZ | 2025-02-26T11:38:19.397519Z - 2025-02-26T11:39:19.397519Z,,,,,,,2025-02-26T11:38:25.630000Z,,2025-02-26T11:38:41.920000Z,
HE.KEF.00.BHZ | 2025-02-26T11:38:33.238255Z - 2025-02-26T11:39:33.238255Z,,,,,,,,,2025-02-26T11:38:54.640000Z,
HE.KY17.00.BHZ | 2025-02-26T11:38:51.655030Z - 2025-02-26T11:39:51.655030Z,,,,,,,,,2025-02-26T11:39:06.280000Z,
HE.NIF.00.BHZ | 2025-02-26T11:37:37.229162Z - 2025-02-26T11:38:37.229162Z,,,,,,,2025-02-26T11:38:08.580000Z,,2025-02-26T11:38:12.380000Z,
HE.OBF0.00.BHZ | 2025-02-26T11:38:45.869376Z - 2025-02-26T11:39:45.869376Z,,,,,,,,,2025-02-26T11:39:03.780000Z,
HE.OBF3.00.BHZ | 2025-02-26T11:38:43.089986Z - 2025-02-26T11:39:43.089986Z,,,,,,,,,2025-02-26T11:39:05.580000Z,
HE.OUF.00.BHZ | 2025-02-26T11:38:28.229491Z - 2025-02-26T11:39:28.229491Z,,,,,,,2025-02-26T11:38:36.940000Z,,2025-02-26T11:38:59.780000Z,
HE.RMF.00.BHZ | 2025-02-26T11:38:34.763945Z - 2025-02-26T11:39:34.763945Z,,,,,,,,,2025-02-26T11:38:53.380000Z,
HE.RUF.00.BHZ | 2025-02-26T11:38:38.953992Z - 2025-02-26T11:39:38.953992Z,,,,,,,,,2025-02-26T11:38:58.880000Z,
HE.SUF.00.BHZ | 2025-02-26T11:37:50.195170Z - 2025-02-26T11:38:50.195170Z,,,,,,,,,2025-02-26T11:38:29.180000Z,
HE.TRE03.00.BHZ | 2025-02-26T11:38:50.828143Z - 2025-02-26T11:39:50.828143Z,,,,,,,,,2025-02-26T11:39:06.880000Z,
HE.VAF.00.BHZ | 2025-02-26T11:39:06.574257Z - 2025-02-26T11:40:06.574257Z,,,,,,,,,2025-02-26T11:39:12.780000Z,
HE.HEL1.00.BHZ | 2025-02-26T15:29:18.226391Z - 2025-02-26T15:30:18.226391Z,,,,,,,2025-02-26T15:30:08.145300Z,,2025-02-26T15:30:09.410130Z,
HE.HEL5.00.BHZ | 2025-02-26T15:29:17.591396Z - 2025-02-26T15:30:17.591396Z,,,,,,,2025-02-26T15:30:08.247010Z,,2025-02-26T15:30:09.958220Z,
HE.KUNI.00.BHZ | 2025-02-26T15:29:40.613664Z - 2025-02-26T15:30:40.613664Z,,,,,,,2025-02-26T15:30:08.216790Z,,2025-02-26T15:30:09.822340Z,
HE.LAUT.00.BHZ | 2025-02-26T15:29:27.825078Z - 2025-02-26T15:30:27.825078Z,,,,,,,2025-02-26T15:30:07.953810Z,,2025-02-26T15:30:09.722620Z,
HE.MEF.00.BHZ | 2025-02-26T15:30:02.557995Z - 2025-02-26T15:31:02.557995Z,,,,,,,2025-02-26T15:30:08.751970Z,,2025-02-26T15:30:10.600780Z,
HE.NUR.00.SHZ | 2025-02-26T15:29:44.801541Z - 2025-02-26T15:30:44.801541Z,,,,,,,2025-02-26T15:30:10.859370Z,,2025-02-26T15:30:14.632870Z,
HE.VUOS.00.BHZ | 2025-02-26T15:29:54.052348Z - 2025-02-26T15:30:54.052348Z,,,,,,,2025-02-26T15:30:10.145460Z,,2025-02-26T15:30:13.103070Z,
HE.ALAJF.00.?HZ | 2025-02-26T12:44:03.093950Z - 2025-02-26T12:45:03.093950Z,,,,,,,2025-02-26T12:44:13.275400Z,,2025-02-26T12:44:33.499770Z,
HE.FIA0.00.?HZ | 2025-02-26T12:43:51.037455Z - 2025-02-26T12:44:51.037455Z,,,,,,,2025-02-26T12:44:04.123300Z,,2025-02-26T12:44:17.488250Z,
HE.FIA1.00.?HZ | 2025-02-26T12:43:22.892414Z - 2025-02-26T12:44:22.892414Z,,,,,,,2025-02-26T12:44:04.123300Z,,2025-02-26T12:44:17.488250Z,
HE.HEL5.00.BHZ | 2025-02-26T12:43:46.294365Z - 2025-02-26T12:44:46.294365Z,,,,,,,2025-02-26T12:44:12.257870Z,,2025-02-26T12:44:31.875420Z,
HE.KAF.00.?HZ | 2025-02-26T12:43:52.409791Z - 2025-02-26T12:44:52.409791Z,,,,,,,2025-02-26T12:44:07.658740Z,,2025-02-26T12:44:23.985680Z,
HE.KEF.00.?HZ | 2025-02-26T12:43:49.770426Z - 2025-02-26T12:44:49.770426Z,,,,,,,2025-02-26T12:43:58.451540Z,,2025-02-26T12:44:08.088620Z,
HE.KORF.00.CZ | 2025-02-26T12:43:59.805013Z - 2025-02-26T12:44:59.805013Z,,,,,,,2025-02-26T12:44:18.416460Z,,2025-02-26T12:44:42.781810Z,
HE.KPF.00.BHZ | 2025-02-26T12:43:23.510929Z - 2025-02-26T12:44:23.510929Z,,,,,,,2025-02-26T12:44:01.476730Z,,2025-02-26T12:44:13.543380Z,
HE.KY17.00.CZ | 2025-02-26T12:43:49.407767Z - 2025-02-26T12:44:49.407767Z,,,,,,,2025-02-26T12:44:14.471590Z,,2025-02-26T12:44:35.820280Z,
HE.LOVF.00.CZ | 2025-02-26T12:43:43.621061Z - 2025-02-26T12:44:43.621061Z,,,,,,,2025-02-26T12:44:14.007490Z,,2025-02-26T12:44:35.124130Z,
HE.MEF.00.BHZ | 2025-02-26T12:43:54.591764Z - 2025-02-26T12:44:54.591764Z,,,,,,,2025-02-26T12:44:09.830570Z,,2025-02-26T12:44:27.930550Z,
HE.NIF.00.BHZ | 2025-02-26T12:44:14.800754Z - 2025-02-26T12:45:14.800754Z,,,,,,,2025-02-26T12:44:29.786960Z,,2025-02-26T12:45:02.506150Z,
HE.PVF.00.CZ | 2025-02-26T12:44:04.887807Z - 2025-02-26T12:45:04.887807Z,,,,,,,2025-02-26T12:44:10.226360Z,,2025-02-26T12:44:28.520620Z,
HE.RAF.00.BHZ | 2025-02-26T12:43:43.980405Z - 2025-02-26T12:44:43.980405Z,,,,,,,2025-02-26T12:44:06.134220Z,,2025-02-26T12:44:21.433120Z,
HE.RUF.00.BHZ | 2025-02-26T12:44:52.404679Z - 2025-02-26T12:45:52.404679Z,,,,,,,,,2025-02-26T12:44:58.097180Z,
HE.SUF.00.BHZ | 2025-02-26T12:43:42.981934Z - 2025-02-26T12:44:42.981934Z,,,,,,,2025-02-26T12:44:12.874210Z,,2025-02-26T12:44:33.035670Z,
HE.TRE03.00.CZ | 2025-02-26T12:43:23.088030Z - 2025-02-26T12:44:23.088030Z,,,,,,,2025-02-26T12:43:47.405970Z,,2025-02-26T12:43:49.629910Z,
HE.TVF.00.BHZ | 2025-02-26T12:44:01.779280Z - 2025-02-26T12:45:01.779280Z,,,,,,,2025-02-26T12:44:16.328000Z,,2025-02-26T12:44:39.301050Z,
HE.VAF.00.BHZ | 2025-02-26T12:43:40.766826Z - 2025-02-26T12:44:40.766826Z,,,,,,,2025-02-26T12:44:13.543380Z,,2025-02-26T12:44:34.195930Z,
HE.VJF.00.?HZ | 2025-02-26T12:43:53.102404Z - 2025-02-26T12:44:53.102404Z,,,,,,,2025-02-26T12:44:20.969020Z,,2025-02-26T12:44:46.958730Z,
HE.FIA0.00.?HZ | 2025-02-26T12:40:19.166666Z - 2025-02-26T12:41:19.166666Z,,,,,,,2025-02-26T12:40:35.408710Z,,2025-02-26T12:41:05.112700Z,
HE.FIA1.00.?HZ | 2025-02-26T12:40:14.500078Z - 2025-02-26T12:41:14.500078Z,,,,,,,2025-02-26T12:40:35.408710Z,,2025-02-26T12:41:05.112700Z,
HE.HEL1.00.BHZ | 2025-02-26T12:39:59.962133Z - 2025-02-26T12:40:59.962133Z,,,,,,,2025-02-26T12:40:26.893750Z,,2025-02-26T12:40:49.930520Z,
HE.HEL5.00.BHZ | 2025-02-26T12:40:16.337551Z - 2025-02-26T12:41:16.337551Z,,,,,,,2025-02-26T12:40:27.403540Z,,2025-02-26T12:40:51.251380Z,
HE.KUNI.00.BHZ | 2025-02-26T12:40:04.285343Z - 2025-02-26T12:41:04.285343Z,,,,,,,2025-02-26T12:40:27.570350Z,,2025-02-26T12:40:51.048400Z,
HE.KY17.00.CZ | 2025-02-26T12:40:13.462967Z - 2025-02-26T12:41:13.462967Z,,,,,,,2025-02-26T12:40:25.749060Z,,2025-02-26T12:40:49.259880Z,
HE.LAUT.00.BHZ | 2025-02-26T12:39:59.616142Z - 2025-02-26T12:40:59.616142Z,,,,,,,2025-02-26T12:40:27.029070Z,,2025-02-26T12:40:49.898180Z,
HE.LOVF.00.CZ | 2025-02-26T12:40:11.158609Z - 2025-02-26T12:41:11.158609Z,,,,,,,2025-02-26T12:40:21.134990Z,,2025-02-26T12:40:40.076830Z,
HE.MEF.00.BHZ | 2025-02-26T12:40:08.285223Z - 2025-02-26T12:41:08.285223Z,,,,,,,2025-02-26T12:40:30.528670Z,,2025-02-26T12:40:56.178740Z,
HE.NUR.00.SHZ | 2025-02-26T12:40:21.838915Z - 2025-02-26T12:41:21.838915Z,,,,,,,2025-02-26T12:40:31.244850Z,,2025-02-26T12:40:57.685190Z,
HE.PVF.00.CZ | 2025-02-26T12:40:03.047931Z - 2025-02-26T12:41:03.047931Z,,,,,,,2025-02-26T12:40:24.794590Z,,2025-02-26T12:40:46.448370Z,
HE.RUF.00.BHZ | 2025-02-26T12:40:11.370322Z - 2025-02-26T12:41:11.370322Z,,,,,,,2025-02-26T12:40:33.321460Z,,2025-02-26T12:41:01.615290Z,
HE.TVF.00.BHZ | 2025-02-26T12:40:23.242465Z - 2025-02-26T12:41:23.242465Z,,,,,,,2025-02-26T12:40:36.314510Z,,2025-02-26T12:41:08.772400Z,
HE.VJF.00.?HZ | 2025-02-26T12:39:48.635782Z - 2025-02-26T12:40:48.635782Z,,,,,,,2025-02-26T12:40:18.446880Z,,2025-02-26T12:40:36.038930Z,
HE.VUOS.00.BHZ | 2025-02-26T12:40:15.425334Z - 2025-02-26T12:41:15.425334Z,,,,,,,2025-02-26T12:40:24.878840Z,,2025-02-26T12:40:46.936460Z,
FN.OUL.00.BHZ | 2025-02-24T07:58:39.654324Z - 2025-02-24T07:59:39.654324Z,,,,,,,2025-02-24T07:59:00.565960Z,,2025-02-24T07:59:24.384170Z,
HE.ALAJF.00.?HZ | 2025-02-24T07:58:36.504385Z - 2025-02-24T07:59:36.504385Z,,,,,,,2025-02-24T07:58:43.197600Z,,2025-02-24T07:58:53.816170Z,
HE.KEF.00.?HZ | 2025-02-24T07:58:48.145887Z - 2025-02-24T07:59:48.145887Z,,,,,,,2025-02-24T07:59:01.290470Z,,2025-02-24T07:59:25.652060Z,
HE.KPF.00.BHZ | 2025-02-24T07:58:46.559166Z - 2025-02-24T07:59:46.559166Z,,,,,,,2025-02-24T07:59:03.826250Z,,2025-02-24T07:59:29.999110Z,
HE.OBF0.00.BHZ | 2025-02-24T07:58:28.005045Z - 2025-02-24T07:59:28.005045Z,,,,,,,2025-02-24T07:58:45.075710Z,,2025-02-24T07:58:55.622050Z,
HE.OBF3.00.BHZ | 2025-02-24T07:58:44.856134Z - 2025-02-24T07:59:44.856134Z,,,,,,,2025-02-24T07:58:51.293550Z,,2025-02-24T07:59:08.483800Z,
HE.OUF.00.BHZ | 2025-02-24T07:58:30.294674Z - 2025-02-24T07:59:30.294674Z,,,,,,,2025-02-24T07:58:45.798070Z,,2025-02-24T07:58:59.017110Z,
HE.SUF.00.BHZ | 2025-02-24T07:58:52.577409Z - 2025-02-24T07:59:52.577409Z,,,,,,,2025-02-24T07:59:00.203710Z,,2025-02-24T07:59:24.112480Z,
HE.VAF.00.BHZ | 2025-02-24T07:58:16.326942Z - 2025-02-24T07:59:16.326942Z,,,,,,,2025-02-24T07:58:42.041840Z,,2025-02-24T07:58:52.660410Z,
FN.OLKF.00.BHZ | 2025-02-24T10:28:20.927326Z - 2025-02-24T10:29:20.927326Z,,,,,,,,,2025-02-24T10:28:56.286560Z,
FN.OUL.00.BHZ | 2025-02-24T10:28:06.454239Z - 2025-02-24T10:29:06.454239Z,,,,,,,2025-02-24T10:28:14.053700Z,,2025-02-24T10:28:30.269950Z,
FN.RANF.00.?HZ | 2025-02-24T10:28:01.144127Z - 2025-02-24T10:29:01.144127Z,,,,,,,2025-02-24T10:28:24.549930Z,,2025-02-24T10:28:48.458020Z,
HE.ALAJF.00.?HZ | 2025-02-24T10:28:11.552586Z - 2025-02-24T10:29:11.552586Z,,,,,,,,,2025-02-24T10:28:55.338880Z,
HE.JOF.00.BHZ | 2025-02-24T10:28:14.485228Z - 2025-02-24T10:29:14.485228Z,,,,,,,,,2025-02-24T10:28:52.423260Z,
HE.KJNF.00.CZ | 2025-02-24T10:27:35.257561Z - 2025-02-24T10:28:35.257561Z,,,,,,,2025-02-24T10:27:54.579520Z,,2025-02-24T10:27:56.913580Z,
HE.KU1.00.SHZ | 2025-02-24T10:27:59.422272Z - 2025-02-24T10:28:59.422272Z,,,,,,,2025-02-24T10:28:18.485440Z,,2025-02-24T10:28:37.845160Z,
HE.KU2.00.SHZ | 2025-02-24T10:27:49.827961Z - 2025-02-24T10:28:49.827961Z,,,,,,,2025-02-24T10:28:18.485440Z,,2025-02-24T10:28:37.625520Z,
HE.KU6.00.BHZ | 2025-02-24T10:28:07.746515Z - 2025-02-24T10:29:07.746515Z,,,,,,,2025-02-24T10:28:26.299300Z,,2025-02-24T10:28:51.401930Z,
HE.NIF.00.BHZ | 2025-02-24T10:27:46.869967Z - 2025-02-24T10:28:46.869967Z,,,,,,,2025-02-24T10:28:07.661580Z,,2025-02-24T10:28:18.684780Z,
HE.OBF0.00.BHZ | 2025-02-24T10:27:52.267417Z - 2025-02-24T10:28:52.267417Z,,,,,,,2025-02-24T10:28:21.167810Z,,2025-02-24T10:28:42.743400Z,
HE.OBF3.00.BHZ | 2025-02-24T10:28:05.392472Z - 2025-02-24T10:29:05.392472Z,,,,,,,2025-02-24T10:28:19.535070Z,,2025-02-24T10:28:38.778160Z,
HE.OUF.00.BHZ | 2025-02-24T10:28:06.416639Z - 2025-02-24T10:29:06.416639Z,,,,,,,2025-02-24T10:28:17.319190Z,,2025-02-24T10:28:35.979160Z,
HE.RMF.00.BHZ | 2025-02-24T10:27:41.294541Z - 2025-02-24T10:28:41.294541Z,,,,,,,2025-02-24T10:28:07.514500Z,,2025-02-24T10:28:18.271850Z,
HE.SUF.00.BHZ | 2025-02-24T10:28:09.470114Z - 2025-02-24T10:29:09.470114Z,,,,,,,2025-02-24T10:28:22.912000Z,,2025-02-24T10:28:45.315840Z,
FN.OLKF.00.BHZ | 2025-02-27T10:06:25.488788Z - 2025-02-27T10:07:25.488788Z,,,,,,,,,2025-02-27T10:06:34.253620Z,
FN.OUL.00.BHZ | 2025-02-27T10:05:37.417895Z - 2025-02-27T10:06:37.417895Z,,,,,,,2025-02-27T10:05:58.306540Z,,2025-02-27T10:06:26.368460Z,
FN.RANF.00.?HZ | 2025-02-27T10:06:24.296469Z - 2025-02-27T10:07:24.296469Z,,,,,,,,,2025-02-27T10:06:37.500460Z,
HE.JOF.00.BHZ | 2025-02-27T10:05:05.034862Z - 2025-02-27T10:06:05.034862Z,,,,,,,2025-02-27T10:05:43.000050Z,,2025-02-27T10:05:58.306540Z,
HE.KU1.00.SHZ | 2025-02-27T10:05:45.732244Z - 2025-02-27T10:06:45.732244Z,,,,,,,2025-02-27T10:05:51.117130Z,,2025-02-27T10:06:11.989630Z,
HE.KU2.00.SHZ | 2025-02-27T10:05:34.312355Z - 2025-02-27T10:06:34.312355Z,,,,,,,2025-02-27T10:05:55.755460Z,,2025-02-27T10:06:20.802460Z,
HE.NIF.00.BHZ | 2025-02-27T10:05:23.408074Z - 2025-02-27T10:06:23.408074Z,,,,,,,2025-02-27T10:05:42.304300Z,,2025-02-27T10:05:56.683130Z,
HE.OBF3.00.BHZ | 2025-02-27T10:06:01.169510Z - 2025-02-27T10:07:01.169510Z,,,,,,,,,2025-02-27T10:06:36.572790Z,
HE.OUF.00.BHZ | 2025-02-27T10:05:58.805231Z - 2025-02-27T10:06:58.805231Z,,,,,,,2025-02-27T10:06:04.104460Z,,2025-02-27T10:06:33.094040Z,
HE.RMF.00.BHZ | 2025-02-27T10:04:41.085044Z - 2025-02-27T10:05:41.085044Z,,,,,,,2025-02-27T10:05:26.770140Z,,2025-02-27T10:05:30.568750Z,
HE.SUF.00.BHZ | 2025-02-27T10:05:43.352884Z - 2025-02-27T10:06:43.352884Z,,,,,,,2025-02-27T10:05:59.234210Z,,2025-02-27T10:06:27.296120Z,
HE.FIA0.00.?HZ | 2025-02-27T13:57:10.729583Z - 2025-02-27T13:58:10.729583Z,,,,,,,2025-02-27T13:57:19.052270Z,,2025-02-27T13:57:27.411210Z,
HE.FIA1.00.?HZ | 2025-02-27T13:56:52.745883Z - 2025-02-27T13:57:52.745883Z,,,,,,,2025-02-27T13:57:19.052270Z,,2025-02-27T13:57:27.411210Z,
HE.KAF.00.?HZ | 2025-02-27T13:57:21.027493Z - 2025-02-27T13:58:21.027493Z,,,,,,,2025-02-27T13:57:29.962210Z,,2025-02-27T13:57:46.195850Z,
HE.KEF.00.?HZ | 2025-02-27T13:57:22.868963Z - 2025-02-27T13:58:22.868963Z,,,,,,,2025-02-27T13:57:35.296120Z,,2025-02-27T13:57:55.472210Z,
HE.KY02.00.CZ | 2025-02-27T13:56:40.173193Z - 2025-02-27T13:57:40.173193Z,,,,,,,2025-02-27T13:57:08.757580Z,,2025-02-27T13:57:10.019400Z,
HE.KY17.00.CZ | 2025-02-27T13:56:41.142624Z - 2025-02-27T13:57:41.142624Z,,,,,,,2025-02-27T13:57:10.259750Z,,2025-02-27T13:57:12.603130Z,
HE.LOVF.00.CZ | 2025-02-27T13:56:49.274987Z - 2025-02-27T13:57:49.274987Z,,,,,,,2025-02-27T13:57:15.763840Z,,2025-02-27T13:57:21.724120Z,
HE.PVF.00.CZ | 2025-02-27T13:56:59.447925Z - 2025-02-27T13:57:59.447925Z,,,,,,,2025-02-27T13:57:16.585950Z,,2025-02-27T13:57:23.573860Z,
HE.RUF.00.BHZ | 2025-02-27T13:57:18.655957Z - 2025-02-27T13:58:18.655957Z,,,,,,,2025-02-27T13:57:28.802660Z,,2025-02-27T13:57:44.340580Z,
HE.TRE03.00.CZ | 2025-02-27T13:57:07.181619Z - 2025-02-27T13:58:07.181619Z,,,,,,,2025-02-27T13:57:32.513210Z,,2025-02-27T13:57:51.065940Z,
HE.VJF.00.?HZ | 2025-02-27T13:56:45.913733Z - 2025-02-27T13:57:45.913733Z,,,,,,,2025-02-27T13:57:16.660410Z,,2025-02-27T13:57:23.477270Z,
FN.MSF.00.BHZ | 2025-02-25T13:20:53.923546Z - 2025-02-25T13:21:53.923546Z,,,,,,,2025-02-25T13:21:02.130070Z,,2025-02-25T13:21:24.052290Z,
FN.OLKF.00.BHZ | 2025-02-25T13:20:57.315552Z - 2025-02-25T13:21:57.315552Z,,,,,,,2025-02-25T13:21:08.408150Z,,2025-02-25T13:21:35.467480Z,
FN.OUL.00.BHZ | 2025-02-25T13:20:29.237751Z - 2025-02-25T13:21:29.237751Z,,,,,,,2025-02-25T13:20:38.550690Z,,2025-02-25T13:20:43.339220Z,
FN.RANF.00.?HZ | 2025-02-25T13:20:40.218868Z - 2025-02-25T13:21:40.218868Z,,,,,,,2025-02-25T13:20:55.885240Z,,2025-02-25T13:21:12.489370Z,
FN.RNF.00.BHZ | 2025-02-25T13:20:44.018813Z - 2025-02-25T13:21:44.018813Z,,,,,,,2025-02-25T13:21:05.723190Z,,2025-02-25T13:21:29.655900Z,
HE.ALAJF.00.?HZ | 2025-02-25T13:20:55.813530Z - 2025-02-25T13:21:55.813530Z,,,,,,,,,2025-02-25T13:21:30.191070Z,
HE.KU1.00.SHZ | 2025-02-25T13:20:40.735218Z - 2025-02-25T13:21:40.735218Z,,,,,,,2025-02-25T13:21:02.146700Z,,2025-02-25T13:21:23.605230Z,
HE.KU2.00.SHZ | 2025-02-25T13:20:48.284400Z - 2025-02-25T13:21:48.284400Z,,,,,,,2025-02-25T13:20:55.885240Z,,2025-02-25T13:21:12.488290Z,
HE.KU6.00.BHZ | 2025-02-25T13:21:01.876549Z - 2025-02-25T13:22:01.876549Z,,,,,,,,,2025-02-25T13:21:33.858060Z,
HE.NIF.00.BHZ | 2025-02-25T13:20:42.710742Z - 2025-02-25T13:21:42.710742Z,,,,,,,2025-02-25T13:21:00.646560Z,,2025-02-25T13:21:20.865840Z,
HE.OBF0.00.BHZ | 2025-02-25T13:20:33.950292Z - 2025-02-25T13:21:33.950292Z,,,,,,,2025-02-25T13:20:48.997900Z,,2025-02-25T13:20:59.679220Z,
HE.OBF3.00.BHZ | 2025-02-25T13:20:19.965499Z - 2025-02-25T13:21:19.965499Z,,,,,,,2025-02-25T13:20:44.551260Z,,2025-02-25T13:20:52.306590Z,
HE.OBF8.00.BHZ | 2025-02-25T13:20:17.718745Z - 2025-02-25T13:21:17.718745Z,,,,,,,2025-02-25T13:20:55.547030Z,,2025-02-25T13:21:11.660470Z,
HE.OUF.00.BHZ | 2025-02-25T13:20:07.255216Z - 2025-02-25T13:21:07.255216Z,,,,,,,2025-02-25T13:20:46.379240Z,,2025-02-25T13:20:55.800800Z,
HE.RMF.00.BHZ | 2025-02-25T13:20:51.953933Z - 2025-02-25T13:21:51.953933Z,,,,,,,2025-02-25T13:21:03.615310Z,,2025-02-25T13:21:25.866890Z,
HE.SUF.00.BHZ | 2025-02-25T13:21:05.011771Z - 2025-02-25T13:22:05.011771Z,,,,,,,,,2025-02-25T13:21:35.246330Z,
HE.TOF.00.BHZ | 2025-02-25T13:20:29.868725Z - 2025-02-25T13:21:29.868725Z,,,,,,,2025-02-25T13:20:59.733430Z,,2025-02-25T13:21:19.561370Z,
HE.ECKF.00.CZ | 2025-02-27T11:12:46.510755Z - 2025-02-27T11:13:46.510755Z,,,,,,,2025-02-27T11:13:11.878060Z,,2025-02-27T11:13:26.015870Z,
HE.KORF.00.CZ | 2025-02-27T11:12:51.235464Z - 2025-02-27T11:13:51.235464Z,,,,,,,2025-02-27T11:13:01.575470Z,,2025-02-27T11:13:08.080250Z,
HE.KPF.00.BHZ | 2025-02-27T11:13:02.202456Z - 2025-02-27T11:14:02.202456Z,,,,,,,2025-02-27T11:13:15.586340Z,,2025-02-27T11:13:31.578290Z,
HE.RAF.00.BHZ | 2025-02-27T11:12:54.202373Z - 2025-02-27T11:13:54.202373Z,,,,,,,2025-02-27T11:13:00.413230Z,,2025-02-27T11:13:05.901700Z,
UP.AAL.00.BHZ | 2025-02-27T11:12:25.702078Z - 2025-02-27T11:13:25.702078Z,,,,,,,2025-02-27T11:13:08.865090Z,,2025-02-27T11:13:20.221690Z,
HE.ALAJF.00.?HZ | 2025-02-25T13:48:49.165665Z - 2025-02-25T13:49:49.165665Z,,,,,,,2025-02-25T13:49:06.590090Z,,2025-02-25T13:49:29.730680Z,
HE.FIA0.00.?HZ | 2025-02-25T13:48:28.439075Z - 2025-02-25T13:49:28.439075Z,,,,,,,2025-02-25T13:48:55.438970Z,,2025-02-25T13:49:10.213110Z,
HE.FIA1.00.?HZ | 2025-02-25T13:48:30.990187Z - 2025-02-25T13:49:30.990187Z,,,,,,,2025-02-25T13:48:55.350780Z,,2025-02-25T13:49:11.148080Z,
HE.KAF.00.?HZ | 2025-02-25T13:48:36.812102Z - 2025-02-25T13:49:36.812102Z,,,,,,,2025-02-25T13:49:00.746500Z,,2025-02-25T13:49:19.652170Z,
HE.KEF.00.?HZ | 2025-02-25T13:48:15.247287Z - 2025-02-25T13:49:15.247287Z,,,,,,,2025-02-25T13:48:52.407420Z,,2025-02-25T13:49:05.304500Z,
HE.KORF.00.CZ | 2025-02-25T13:48:47.301650Z - 2025-02-25T13:49:47.301650Z,,,,,,,2025-02-25T13:49:04.018910Z,,2025-02-25T13:49:24.705200Z,
HE.KPF.00.BHZ | 2025-02-25T13:48:38.823898Z - 2025-02-25T13:49:38.823898Z,,,,,,,2025-02-25T13:48:50.769940Z,,2025-02-25T13:49:02.602410Z,
HE.KY17.00.CZ | 2025-02-25T13:48:40.202767Z - 2025-02-25T13:49:40.202767Z,,,,,,,2025-02-25T13:49:04.603270Z,,2025-02-25T13:49:26.692020Z,
HE.LOVF.00.CZ | 2025-02-25T13:48:55.783273Z - 2025-02-25T13:49:55.783273Z,,,,,,,2025-02-25T13:49:02.616450Z,,2025-02-25T13:49:22.718380Z,
HE.MEF.00.BHZ | 2025-02-25T13:48:16.593626Z - 2025-02-25T13:49:16.593626Z,,,,,,,2025-02-25T13:48:56.320900Z,,2025-02-25T13:49:11.148080Z,
HE.PVF.00.CZ | 2025-02-25T13:48:25.971951Z - 2025-02-25T13:49:25.971951Z,,,,,,,2025-02-25T13:48:58.992370Z,,2025-02-25T13:49:15.939820Z,
HE.RAF.00.BHZ | 2025-02-25T13:48:22.106396Z - 2025-02-25T13:49:22.106396Z,,,,,,,2025-02-25T13:48:52.238290Z,,2025-02-25T13:49:05.135010Z,
HE.SUF.00.BHZ | 2025-02-25T13:48:55.875045Z - 2025-02-25T13:49:55.875045Z,,,,,,,,,2025-02-25T13:49:30.275910Z,
HE.TRE03.00.CZ | 2025-02-25T13:48:05.086697Z - 2025-02-25T13:49:05.086697Z,,,,,,,2025-02-25T13:48:41.166630Z,,2025-02-25T13:48:46.277700Z,
HE.TVF.00.BHZ | 2025-02-25T13:48:51.360854Z - 2025-02-25T13:49:51.360854Z,,,,,,,,,2025-02-25T13:49:21.829550Z,
HE.VAF.00.BHZ | 2025-02-25T13:48:47.317656Z - 2025-02-25T13:49:47.317656Z,,,,,,,2025-02-25T13:49:06.343530Z,,2025-02-25T13:49:28.684630Z,
FN.OUL.00.BHZ | 2025-02-27T09:14:28.680496Z - 2025-02-27T09:15:28.680496Z,,,,,,,2025-02-27T09:14:39.580000Z,,2025-02-27T09:15:12.380000Z,
HE.FIA0.00.SHZ | 2025-02-27T09:13:45.650347Z - 2025-02-27T09:14:45.650347Z,,,,,,,2025-02-27T09:14:14.900000Z,,2025-02-27T09:14:33.800000Z,
HE.HEL5.00.BHZ | 2025-02-27T09:14:16.537778Z - 2025-02-27T09:15:16.537778Z,,,,,,,,,2025-02-27T09:15:10.900000Z,
HE.JOF.00.BHZ | 2025-02-27T09:14:23.395438Z - 2025-02-27T09:15:23.395438Z,,,,,,,2025-02-27T09:14:42.380000Z,,2025-02-27T09:15:15.000000Z,
HE.KAF.00.BHZ | 2025-02-27T09:13:50.613776Z - 2025-02-27T09:14:50.613776Z,,,,,,,2025-02-27T09:14:04.280000Z,,2025-02-27T09:14:11.840000Z,
HE.KEF.00.BHZ | 2025-02-27T09:13:43.396166Z - 2025-02-27T09:14:43.396166Z,,,,,,,2025-02-27T09:14:03.280000Z,,2025-02-27T09:14:09.720000Z,
HE.KORF.00.BHZ | 2025-02-27T09:14:46.168938Z - 2025-02-27T09:15:46.168938Z,,,,,,,,,2025-02-27T09:15:29.940000Z,
HE.KPF.00.BHZ | 2025-02-27T09:14:13.278974Z - 2025-02-27T09:15:13.278974Z,,,,,,,2025-02-27T09:14:26.380000Z,,2025-02-27T09:14:50.520000Z,
HE.KU1.00.BHZ | 2025-02-27T09:14:02.811382Z - 2025-02-27T09:15:02.811382Z,,,,,,,2025-02-27T09:14:51.980000Z,,,
HE.KU2.00.BHZ | 2025-02-27T09:14:19.358765Z - 2025-02-27T09:15:19.358765Z,,,,,,,2025-02-27T09:14:50.280000Z,,,
HE.KY17.00.BHZ | 2025-02-27T09:14:07.835742Z - 2025-02-27T09:15:07.835742Z,,,,,,,2025-02-27T09:14:26.380000Z,,,
HE.LAUT.00.BHZ | 2025-02-27T09:14:53.774875Z - 2025-02-27T09:15:53.774875Z,,,,,,,,,2025-02-27T09:15:09.760000Z,
HE.MEF.00.BHZ | 2025-02-27T09:14:15.593257Z - 2025-02-27T09:15:15.593257Z,,,,,,,,,2025-02-27T09:15:09.160000Z,
HE.NIF.00.BHZ | 2025-02-27T09:13:57.313689Z - 2025-02-27T09:14:57.313689Z,,,,,,,2025-02-27T09:14:18.780000Z,,2025-02-27T09:14:37.240000Z,
HE.NUR.00.BHZ | 2025-02-27T09:14:42.343515Z - 2025-02-27T09:15:42.343515Z,,,,,,,,,2025-02-27T09:14:59.920000Z,
HE.OBF0.00.BHZ | 2025-02-27T09:14:22.668227Z - 2025-02-27T09:15:22.668227Z,,,,,,,2025-02-27T09:14:31.580000Z,,2025-02-27T09:14:58.980000Z,
HE.OBF3.00.BHZ | 2025-02-27T09:14:47.213009Z - 2025-02-27T09:15:47.213009Z,,,,,,,,,2025-02-27T09:15:07.240000Z,
HE.OBF8.00.BHZ | 2025-02-27T09:14:09.851131Z - 2025-02-27T09:15:09.851131Z,,,,,,,2025-02-27T09:14:32.020000Z,,2025-02-27T09:14:58.740000Z,
HE.OUF.00.BHZ | 2025-02-27T09:14:22.367246Z - 2025-02-27T09:15:22.367246Z,,,,,,,2025-02-27T09:14:28.680000Z,,2025-02-27T09:14:53.880000Z,
HE.PVF.00.BHZ | 2025-02-27T09:13:44.693300Z - 2025-02-27T09:14:44.693300Z,,,,,,,2025-02-27T09:14:30.780000Z,,,
HE.RAF.00.BHZ | 2025-02-27T09:14:23.165617Z - 2025-02-27T09:15:23.165617Z,,,,,,,2025-02-27T09:14:36.180000Z,,2025-02-27T09:15:07.400000Z,
HE.RMF.00.BHZ | 2025-02-27T09:14:18.235531Z - 2025-02-27T09:15:18.235531Z,,,,,,,2025-02-27T09:14:39.480000Z,,2025-02-27T09:15:13.140000Z,
HE.RUF.00.BHZ | 2025-02-27T09:14:18.590960Z - 2025-02-27T09:15:18.590960Z,,,,,,,2025-02-27T09:14:29.480000Z,,2025-02-27T09:14:55.420000Z,
HE.SUF.00.BHZ | 2025-02-27T09:13:30.041612Z - 2025-02-27T09:14:30.041612Z,,,,,,,2025-02-27T09:13:59.880000Z,,2025-02-27T09:14:02.820000Z,
HE.TRE03.00.BHZ | 2025-02-27T09:13:40.247259Z - 2025-02-27T09:14:40.247259Z,,,,,,,2025-02-27T09:14:15.280000Z,,2025-02-27T09:14:34.080000Z,
HE.TVF.00.BHZ | 2025-02-27T09:14:47.655681Z - 2025-02-27T09:15:47.655681Z,,,,,,,,,2025-02-27T09:15:22.600000Z,
HE.VAF.00.BHZ | 2025-02-27T09:14:10.166369Z - 2025-02-27T09:15:10.166369Z,,,,,,,2025-02-27T09:14:20.320000Z,,2025-02-27T09:14:39.640000Z,
HE.VJF.00.BHZ | 2025-02-27T09:14:30.688762Z - 2025-02-27T09:15:30.688762Z,,,,,,,,,2025-02-27T09:15:03.880000Z,
HE.VUOS.00.BHZ | 2025-02-27T09:14:47.791538Z - 2025-02-27T09:15:47.791538Z,,,,,,,,,2025-02-27T09:15:08.080000Z,
HE.FIA0.00.SHZ | 2025-02-27T10:01:27.373556Z - 2025-02-27T10:02:27.373556Z,,,,,,,2025-02-27T10:02:05.100000Z,,2025-02-27T10:02:16.100000Z,
HE.JOF.00.BHZ | 2025-02-27T10:02:26.306794Z - 2025-02-27T10:03:26.306794Z,,,,,,,,,2025-02-27T10:03:19.930000Z,
HE.KAF.00.BHZ | 2025-02-27T10:01:52.628401Z - 2025-02-27T10:02:52.628401Z,,,,,,,2025-02-27T10:02:01.680000Z,,2025-02-27T10:02:09.960000Z,
HE.KEF.00.BHZ | 2025-02-27T10:01:29.301733Z - 2025-02-27T10:02:29.301733Z,,,,,,,2025-02-27T10:01:55.130000Z,,2025-02-27T10:01:56.780000Z,
HE.KY17.00.BHZ | 2025-02-27T10:01:44.933013Z - 2025-02-27T10:02:44.933013Z,,,,,,,2025-02-27T10:02:17.720000Z,,2025-02-27T10:02:37.080000Z,
HE.RAF.00.BHZ | 2025-02-27T10:02:31.511143Z - 2025-02-27T10:03:31.511143Z,,,,,,,,,2025-02-27T10:02:51.480000Z,
HE.SUF.00.BHZ | 2025-02-27T10:01:17.704650Z - 2025-02-27T10:02:17.704650Z,,,,,,,2025-02-27T10:02:04.180000Z,,,
HE.TRE03.00.BHZ | 2025-02-27T10:01:55.195805Z - 2025-02-27T10:02:55.195805Z,,,,,,,2025-02-27T10:02:02.480000Z,,,
HE.VAF.00.BHZ | 2025-02-27T10:02:02.380366Z - 2025-02-27T10:03:02.380366Z,,,,,,,,,2025-02-27T10:02:40.520000Z,
HE.HEL1.00.BHZ | 2025-02-25T15:53:31.634455Z - 2025-02-25T15:54:31.634455Z,,,,,,,2025-02-25T15:53:36.693120Z,,2025-02-25T15:53:38.802130Z,
HE.HEL5.00.BHZ | 2025-02-25T15:53:07.047029Z - 2025-02-25T15:54:07.047029Z,,,,,,,2025-02-25T15:53:35.446200Z,,2025-02-25T15:53:36.830980Z,
HE.KUNI.00.BHZ | 2025-02-25T15:53:07.681090Z - 2025-02-25T15:54:07.681090Z,,,,,,,2025-02-25T15:53:37.680470Z,,2025-02-25T15:53:40.587650Z,
HE.LAUT.00.BHZ | 2025-02-25T15:53:28.797630Z - 2025-02-25T15:54:28.797630Z,,,,,,,2025-02-25T15:53:36.487750Z,,2025-02-25T15:53:38.826320Z,
HE.MEF.00.BHZ | 2025-02-25T15:53:10.834689Z - 2025-02-25T15:54:10.834689Z,,,,,,,2025-02-25T15:53:35.583760Z,,2025-02-25T15:53:37.372080Z,
HE.NUR.00.SHZ | 2025-02-25T15:53:31.973580Z - 2025-02-25T15:54:31.973580Z,,,,,,,,,2025-02-25T15:53:45.109660Z,
HE.RSUO.00.BHZ | 2025-02-25T15:53:29.376554Z - 2025-02-25T15:54:29.376554Z,,,,,,,2025-02-25T15:53:37.214220Z,,2025-02-25T15:53:39.490600Z,
HE.VUOS.00.BHZ | 2025-02-25T15:53:13.662936Z - 2025-02-25T15:54:13.662936Z,,,,,,,2025-02-25T15:53:39.245790Z,,2025-02-25T15:53:42.965520Z,
HE.FIA0.00.?HZ | 2025-02-27T10:19:31.072044Z - 2025-02-27T10:20:31.072044Z,,,,,,,2025-02-27T10:19:51.431800Z,,2025-02-27T10:20:13.231960Z,
HE.FIA1.00.?HZ | 2025-02-27T10:19:29.705296Z - 2025-02-27T10:20:29.705296Z,,,,,,,2025-02-27T10:19:51.431800Z,,2025-02-27T10:20:13.231960Z,
HE.JOF.00.BHZ | 2025-02-27T10:19:36.235948Z - 2025-02-27T10:20:36.235948Z,,,,,,,2025-02-27T10:19:59.316970Z,,2025-02-27T10:20:27.378880Z,
HE.KAF.00.?HZ | 2025-02-27T10:19:45.486090Z - 2025-02-27T10:20:45.486090Z,,,,,,,2025-02-27T10:19:54.910550Z,,2025-02-27T10:20:19.029880Z,
HE.KEF.00.?HZ | 2025-02-27T10:19:54.866264Z - 2025-02-27T10:20:54.866264Z,,,,,,,2025-02-27T10:20:04.651050Z,,2025-02-27T10:20:36.655540Z,
HE.KY17.00.CZ | 2025-02-27T10:19:09.566807Z - 2025-02-27T10:20:09.566807Z,,,,,,,2025-02-27T10:19:41.835560Z,,2025-02-27T10:19:57.134820Z,
HE.LOVF.00.CZ | 2025-02-27T10:19:39.673059Z - 2025-02-27T10:20:39.673059Z,,,,,,,2025-02-27T10:19:50.199880Z,,2025-02-27T10:20:11.426990Z,
HE.NIF.00.BHZ | 2025-02-27T10:19:46.740278Z - 2025-02-27T10:20:46.740278Z,,,,,,,2025-02-27T10:20:05.810630Z,,2025-02-27T10:20:35.495960Z,
HE.PVF.00.CZ | 2025-02-27T10:19:30.585603Z - 2025-02-27T10:20:30.585603Z,,,,,,,2025-02-27T10:19:53.055220Z,,2025-02-27T10:20:16.246880Z,
HE.RUF.00.BHZ | 2025-02-27T10:19:22.933779Z - 2025-02-27T10:20:22.933779Z,,,,,,,2025-02-27T10:19:31.243700Z,,2025-02-27T10:19:37.563610Z,
HE.SUF.00.BHZ | 2025-02-27T10:19:55.081979Z - 2025-02-27T10:20:55.081979Z,,,,,,,2025-02-27T10:20:02.563800Z,,2025-02-27T10:20:32.712960Z,
HE.VJF.00.?HZ | 2025-02-27T10:19:08.669327Z - 2025-02-27T10:20:08.669327Z,,,,,,,2025-02-27T10:19:39.416820Z,,2025-02-27T10:19:52.487550Z,
HE.ECKF.00.BHZ | 2025-02-27T10:57:46.212875Z - 2025-02-27T10:58:46.212875Z,,,,,,,,,2025-02-27T10:58:30.000000Z,
HE.FIA0.00.SHZ | 2025-02-27T10:57:15.099871Z - 2025-02-27T10:58:15.099871Z,,,,,,,2025-02-27T10:57:27.100000Z,,2025-02-27T10:57:40.500000Z,
HE.HEL5.00.BHZ | 2025-02-27T10:57:07.228510Z - 2025-02-27T10:58:07.228510Z,,,,,,,2025-02-27T10:57:19.190000Z,,,
HE.KAF.00.BHZ | 2025-02-27T10:57:33.098026Z - 2025-02-27T10:58:33.098026Z,,,,,,,2025-02-27T10:57:38.680000Z,,2025-02-27T10:58:01.280000Z,
HE.KEF.00.BHZ | 2025-02-27T10:57:17.180253Z - 2025-02-27T10:58:17.180253Z,,,,,,,2025-02-27T10:57:36.520000Z,,2025-02-27T10:57:56.400000Z,
HE.KORF.00.BHZ | 2025-02-27T10:57:30.887685Z - 2025-02-27T10:58:30.887685Z,,,,,,,2025-02-27T10:57:40.640000Z,,2025-02-27T10:58:03.580000Z,
HE.KPF.00.BHZ | 2025-02-27T10:57:28.817542Z - 2025-02-27T10:58:28.817542Z,,,,,,,2025-02-27T10:57:41.240000Z,,2025-02-27T10:58:04.120000Z,
HE.KUNI.00.BHZ | 2025-02-27T10:56:43.825586Z - 2025-02-27T10:57:43.825586Z,,,,,,,2025-02-27T10:57:16.360000Z,,,
HE.KY17.00.BHZ | 2025-02-27T10:56:55.586723Z - 2025-02-27T10:57:55.586723Z,,,,,,,2025-02-27T10:57:29.680000Z,,2025-02-27T10:57:44.940000Z,
HE.LAUT.00.BHZ | 2025-02-27T10:56:51.706985Z - 2025-02-27T10:57:51.706985Z,,,,,,,2025-02-27T10:57:18.560000Z,,,
HE.MEF.00.BHZ | 2025-02-27T10:56:29.348724Z - 2025-02-27T10:57:29.348724Z,,,,,,,2025-02-27T10:57:17.580000Z,,2025-02-27T10:57:24.120000Z,
HE.NUR.00.BHZ | 2025-02-27T10:56:42.277456Z - 2025-02-27T10:57:42.277456Z,,,,,,,2025-02-27T10:57:11.720000Z,,2025-02-27T10:57:14.010000Z,
HE.PVF.00.BHZ | 2025-02-27T10:57:10.459930Z - 2025-02-27T10:58:10.459930Z,,,,,,,2025-02-27T10:57:18.730000Z,,2025-02-27T10:57:25.840000Z,
HE.RAF.00.BHZ | 2025-02-27T10:57:26.910180Z - 2025-02-27T10:58:26.910180Z,,,,,,,2025-02-27T10:57:36.980000Z,,2025-02-27T10:57:56.520000Z,
HE.RUF.00.BHZ | 2025-02-27T10:57:39.906914Z - 2025-02-27T10:58:39.906914Z,,,,,,,2025-02-27T10:57:48.090000Z,,2025-02-27T10:58:16.460000Z,
HE.SUF.00.BHZ | 2025-02-27T10:57:36.565954Z - 2025-02-27T10:58:36.565954Z,,,,,,,2025-02-27T10:57:48.280000Z,,2025-02-27T10:58:16.540000Z,
HE.TRE03.00.BHZ | 2025-02-27T10:56:50.248996Z - 2025-02-27T10:57:50.248996Z,,,,,,,2025-02-27T10:57:27.380000Z,,2025-02-27T10:57:41.080000Z,
HE.TVF.00.BHZ | 2025-02-27T10:57:10.576082Z - 2025-02-27T10:58:10.576082Z,,,,,,,2025-02-27T10:57:29.580000Z,,2025-02-27T10:57:44.580000Z,
HE.VAF.00.BHZ | 2025-02-27T10:57:44.027652Z - 2025-02-27T10:58:44.027652Z,,,,,,,,,2025-02-27T10:58:28.140000Z,
HE.VJF.00.BHZ | 2025-02-27T10:57:05.031746Z - 2025-02-27T10:58:05.031746Z,,,,,,,2025-02-27T10:57:33.780000Z,,2025-02-27T10:57:52.020000Z,
HE.VUOS.00.BHZ | 2025-02-27T10:56:34.424995Z - 2025-02-27T10:57:34.424995Z,,,,,,,2025-02-27T10:57:18.280000Z,,2025-02-27T10:57:24.780000Z,
UP.AAL.00.BHZ | 2025-02-27T10:57:41.958607Z - 2025-02-27T10:58:41.958607Z,,,,,,,,,2025-02-27T10:58:23.880000Z,
FN.KLF.00.BHZ | 2025-02-27T11:49:02.781705Z - 2025-02-27T11:50:02.781705Z,,,,,,,2025-02-27T11:49:17.080000Z,,2025-02-27T11:49:40.320000Z,
FN.MSF.00.BHZ | 2025-02-27T11:48:53.432692Z - 2025-02-27T11:49:53.432692Z,,,,,,,2025-02-27T11:49:13.380000Z,,2025-02-27T11:49:35.160000Z,
FN.OLKF.00.BHZ | 2025-02-27T11:48:53.091571Z - 2025-02-27T11:49:53.091571Z,,,,,,,2025-02-27T11:49:18.040000Z,,2025-02-27T11:49:42.120000Z,
FN.OUL.00.BHZ | 2025-02-27T11:48:08.329955Z - 2025-02-27T11:49:08.329955Z,,,,,,,2025-02-27T11:48:53.430000Z,,2025-02-27T11:49:01.240000Z,
FN.RANF.00.BHZ | 2025-02-27T11:48:35.498906Z - 2025-02-27T11:49:35.498906Z,,,,,,,2025-02-27T11:48:58.580000Z,,2025-02-27T11:49:08.720000Z,
FN.RNF.00.BHZ | 2025-02-27T11:48:29.691664Z - 2025-02-27T11:49:29.691664Z,,,,,,,2025-02-27T11:49:05.480000Z,,2025-02-27T11:49:21.080000Z,
HE.FIA0.00.SHZ | 2025-02-27T11:50:14.529631Z - 2025-02-27T11:51:14.529631Z,,,,,,,,,2025-02-27T11:50:48.800000Z,
HE.JOF.00.BHZ | 2025-02-27T11:49:46.066647Z - 2025-02-27T11:50:46.066647Z,,,,,,,,,2025-02-27T11:50:34.880000Z,
HE.KU1.00.BHZ | 2025-02-27T11:48:44.963160Z - 2025-02-27T11:49:44.963160Z,,,,,,,2025-02-27T11:49:16.230000Z,,2025-02-27T11:49:39.080000Z,
HE.KU2.00.BHZ | 2025-02-27T11:48:49.901595Z - 2025-02-27T11:49:49.901595Z,,,,,,,2025-02-27T11:49:06.680000Z,,2025-02-27T11:49:22.760000Z,
HE.KU6.00.BHZ | 2025-02-27T11:49:01.131329Z - 2025-02-27T11:50:01.131329Z,,,,,,,2025-02-27T11:49:19.930000Z,,2025-02-27T11:49:44.440000Z,
HE.NIF.00.BHZ | 2025-02-27T11:49:12.888589Z - 2025-02-27T11:50:12.888589Z,,,,,,,2025-02-27T11:49:26.780000Z,,2025-02-27T11:49:57.120000Z,
HE.OBF0.00.BHZ | 2025-02-27T11:48:43.874046Z - 2025-02-27T11:49:43.874046Z,,,,,,,2025-02-27T11:49:05.170000Z,,2025-02-27T11:49:20.240000Z,
HE.OBF3.00.BHZ | 2025-02-27T11:48:36.621894Z - 2025-02-27T11:49:36.621894Z,,,,,,,2025-02-27T11:48:58.440000Z,,2025-02-27T11:49:08.560000Z,
HE.OBF8.00.BHZ | 2025-02-27T11:48:29.827798Z - 2025-02-27T11:49:29.827798Z,,,,,,,2025-02-27T11:49:11.960000Z,,,
HE.OUF.00.BHZ | 2025-02-27T11:48:52.074955Z - 2025-02-27T11:49:52.074955Z,,,,,,,2025-02-27T11:49:05.880000Z,,2025-02-27T11:49:22.000000Z,
HE.RMF.00.BHZ | 2025-02-27T11:49:19.674556Z - 2025-02-27T11:50:19.674556Z,,,,,,,2025-02-27T11:49:26.180000Z,,2025-02-27T11:49:56.840000Z,
HE.TOF.00.BHZ | 2025-02-27T11:48:36.909305Z - 2025-02-27T11:49:36.909305Z,,,,,,,2025-02-27T11:48:56.980000Z,,2025-02-27T11:49:06.680000Z,
HE.VAF.00.BHZ | 2025-02-27T11:48:53.316502Z - 2025-02-27T11:49:53.316502Z,,,,,,,2025-02-27T11:49:31.330000Z,,,
HE.ECKF.00.BHZ | 2025-02-27T11:58:47.837966Z - 2025-02-27T11:59:47.837966Z,,,,,,,2025-02-27T11:59:12.170000Z,,,
HE.FIA0.00.SHZ | 2025-02-27T11:59:17.153158Z - 2025-02-27T12:00:17.153158Z,,,,,,,2025-02-27T11:59:24.200000Z,,2025-02-27T11:59:51.700000Z,
HE.KAF.00.BHZ | 2025-02-27T11:59:17.823823Z - 2025-02-27T12:00:17.823823Z,,,,,,,,,2025-02-27T12:00:04.180000Z,
HE.KEF.00.BHZ | 2025-02-27T11:59:09.578783Z - 2025-02-27T12:00:09.578783Z,,,,,,,2025-02-27T11:59:24.580000Z,,2025-02-27T11:59:51.660000Z,
HE.KORF.00.BHZ | 2025-02-27T11:58:37.738441Z - 2025-02-27T11:59:37.738441Z,,,,,,,2025-02-27T11:58:57.380000Z,,2025-02-27T11:59:05.180000Z,
HE.KPF.00.BHZ | 2025-02-27T11:59:02.603769Z - 2025-02-27T12:00:02.603769Z,,,,,,,2025-02-27T11:59:11.480000Z,,2025-02-27T11:59:30.600000Z,
HE.MEF.00.BHZ | 2025-02-27T11:58:49.972069Z - 2025-02-27T11:59:49.972069Z,,,,,,,2025-02-27T11:59:07.330000Z,,,
HE.PVF.00.BHZ | 2025-02-27T11:59:02.648655Z - 2025-02-27T12:00:02.648655Z,,,,,,,2025-02-27T11:59:20.260000Z,,,
HE.RAF.00.BHZ | 2025-02-27T11:58:25.750824Z - 2025-02-27T11:59:25.750824Z,,,,,,,2025-02-27T11:58:57.380000Z,,,
HE.SUF.00.BHZ | 2025-02-27T11:59:58.830556Z - 2025-02-27T12:00:58.830556Z,,,,,,,,,2025-02-27T12:00:13.940000Z,
HE.TRE03.00.BHZ | 2025-02-27T11:59:03.435312Z - 2025-02-27T12:00:03.435312Z,,,,,,,2025-02-27T11:59:14.040000Z,,2025-02-27T11:59:34.480000Z,
HE.VUOS.00.BHZ | 2025-02-27T11:58:57.344297Z - 2025-02-27T11:59:57.344297Z,,,,,,,2025-02-27T11:59:13.830000Z,,,
UP.AAL.00.BHZ | 2025-02-27T11:58:39.010399Z - 2025-02-27T11:59:39.010399Z,,,,,,,2025-02-27T11:59:09.220000Z,,,
FN.KLF.00.BHZ | 2025-02-27T12:04:11.316434Z - 2025-02-27T12:05:11.316434Z,,,,,,,2025-02-27T12:04:38.520000Z,,2025-02-27T12:05:00.640000Z,
FN.MSF.00.BHZ | 2025-02-27T12:04:45.410716Z - 2025-02-27T12:05:45.410716Z,,,,,,,2025-02-27T12:04:57.130000Z,,2025-02-27T12:05:33.160000Z,
FN.OLKF.00.BHZ | 2025-02-27T12:04:44.615098Z - 2025-02-27T12:05:44.615098Z,,,,,,,2025-02-27T12:04:59.630000Z,,2025-02-27T12:05:37.200000Z,
FN.OUL.00.BHZ | 2025-02-27T12:04:22.843568Z - 2025-02-27T12:05:22.843568Z,,,,,,,2025-02-27T12:04:41.280000Z,,2025-02-27T12:05:06.200000Z,
FN.RAJF.00.BHZ | 2025-02-27T12:04:59.041203Z - 2025-02-27T12:05:59.041203Z,,,,,,,2025-02-27T12:05:06.530000Z,,,
FN.RANF.00.BHZ | 2025-02-27T12:04:20.304722Z - 2025-02-27T12:05:20.304722Z,,,,,,,2025-02-27T12:04:44.280000Z,,2025-02-27T12:05:11.440000Z,
FN.RNF.00.BHZ | 2025-02-27T12:04:15.836212Z - 2025-02-27T12:05:15.836212Z,,,,,,,2025-02-27T12:04:41.800000Z,,2025-02-27T12:05:06.160000Z,
HE.HEF.00.BHZ | 2025-02-27T12:04:38.539672Z - 2025-02-27T12:05:38.539672Z,,,,,,,,,2025-02-27T12:05:31.040000Z,
HE.KIF.00.BHZ | 2025-02-27T12:05:01.916236Z - 2025-02-27T12:06:01.916236Z,,,,,,,2025-02-27T12:05:08.120000Z,,2025-02-27T12:05:49.080000Z,
HE.KU1.00.BHZ | 2025-02-27T12:04:48.332062Z - 2025-02-27T12:05:48.332062Z,,,,,,,2025-02-27T12:05:00.760000Z,,2025-02-27T12:05:40.460000Z,
HE.KU2.00.BHZ | 2025-02-27T12:04:42.534604Z - 2025-02-27T12:05:42.534604Z,,,,,,,2025-02-27T12:04:53.980000Z,,2025-02-27T12:05:26.020000Z,
HE.OBF0.00.BHZ | 2025-02-27T12:03:59.030930Z - 2025-02-27T12:04:59.030930Z,,,,,,,2025-02-27T12:04:38.380000Z,,,
HE.OBF3.00.BHZ | 2025-02-27T12:04:21.465519Z - 2025-02-27T12:05:21.465519Z,,,,,,,2025-02-27T12:04:36.190000Z,,2025-02-27T12:04:58.680000Z,
HE.OBF8.00.BHZ | 2025-02-27T12:04:14.641981Z - 2025-02-27T12:05:14.641981Z,,,,,,,2025-02-27T12:04:37.980000Z,,2025-02-27T12:05:00.700000Z,
HE.OUF.00.BHZ | 2025-02-27T12:03:48.871563Z - 2025-02-27T12:04:48.871563Z,,,,,,,2025-02-27T12:04:41.920000Z,,,
HE.SUF.00.BHZ | 2025-02-27T12:04:33.025978Z - 2025-02-27T12:05:33.025978Z,,,,,,,2025-02-27T12:05:08.310000Z,,,
HE.TOF.00.BHZ | 2025-02-27T12:04:12.201465Z - 2025-02-27T12:05:12.201465Z,,,,,,,2025-02-27T12:04:27.530000Z,,2025-02-27T12:04:41.840000Z,
HE.VAF.00.BHZ | 2025-02-27T12:04:49.560853Z - 2025-02-27T12:05:49.560853Z,,,,,,,2025-02-27T12:04:55.330000Z,,2025-02-27T12:05:33.200000Z,
HE.VRF.00.BHZ | 2025-02-27T12:04:55.876567Z - 2025-02-27T12:05:55.876567Z,,,,,,,2025-02-27T12:05:05.830000Z,,2025-02-27T12:05:50.360000Z,
FN.KLF.00.BHZ | 2025-02-27T12:12:12.084138Z - 2025-02-27T12:13:12.084138Z,,,,,,,,,2025-02-27T12:12:43.280000Z,
FN.MSF.00.BHZ | 2025-02-27T12:11:18.655894Z - 2025-02-27T12:12:18.655894Z,,,,,,,,,2025-02-27T12:12:09.440000Z,
FN.OLKF.00.BHZ | 2025-02-27T12:11:40.778362Z - 2025-02-27T12:12:40.778362Z,,,,,,,,,2025-02-27T12:12:22.000000Z,
FN.OUL.00.BHZ | 2025-02-27T12:11:20.913543Z - 2025-02-27T12:12:20.913543Z,,,,,,,2025-02-27T12:11:26.130000Z,,2025-02-27T12:11:46.000000Z,
FN.RANF.00.BHZ | 2025-02-27T12:11:19.454275Z - 2025-02-27T12:12:19.454275Z,,,,,,,2025-02-27T12:11:40.360000Z,,2025-02-27T12:12:07.760000Z,
FN.RNF.00.BHZ | 2025-02-27T12:12:02.806829Z - 2025-02-27T12:13:02.806829Z,,,,,,,,,2025-02-27T12:12:26.000000Z,
HE.FIA0.00.SHZ | 2025-02-27T12:12:09.894497Z - 2025-02-27T12:13:09.894497Z,,,,,,,,,2025-02-27T12:12:16.200000Z,
HE.JOF.00.BHZ | 2025-02-27T12:11:19.538336Z - 2025-02-27T12:12:19.538336Z,,,,,,,2025-02-27T12:11:39.200000Z,,2025-02-27T12:12:06.920000Z,
HE.KAF.00.BHZ | 2025-02-27T12:11:19.363922Z - 2025-02-27T12:12:19.363922Z,,,,,,,2025-02-27T12:11:34.430000Z,,2025-02-27T12:11:56.240000Z,
HE.KEF.00.BHZ | 2025-02-27T12:11:07.047889Z - 2025-02-27T12:12:07.047889Z,,,,,,,2025-02-27T12:11:37.080000Z,,2025-02-27T12:12:01.680000Z,
HE.KJNF.00.BHZ | 2025-02-27T12:10:27.988564Z - 2025-02-27T12:11:27.988564Z,,,,,,,2025-02-27T12:11:10.870000Z,,,
HE.KPF.00.BHZ | 2025-02-27T12:11:00.640214Z - 2025-02-27T12:12:00.640214Z,,,,,,,2025-02-27T12:11:54.320000Z,,,
HE.KU1.00.BHZ | 2025-02-27T12:11:10.164542Z - 2025-02-27T12:12:10.164542Z,,,,,,,2025-02-27T12:11:37.910000Z,,2025-02-27T12:12:03.800000Z,
HE.KU2.00.BHZ | 2025-02-27T12:11:31.654246Z - 2025-02-27T12:12:31.654246Z,,,,,,,2025-02-27T12:11:36.880000Z,,2025-02-27T12:12:03.860000Z,
HE.KU6.00.BHZ | 2025-02-27T12:11:39.763556Z - 2025-02-27T12:12:39.763556Z,,,,,,,2025-02-27T12:11:45.430000Z,,2025-02-27T12:12:16.960000Z,
HE.NIF.00.BHZ | 2025-02-27T12:10:50.213232Z - 2025-02-27T12:11:50.213232Z,,,,,,,2025-02-27T12:11:11.780000Z,,2025-02-27T12:11:19.180000Z,
HE.OBF0.00.BHZ | 2025-02-27T12:11:00.713453Z - 2025-02-27T12:12:00.713453Z,,,,,,,2025-02-27T12:11:27.220000Z,,2025-02-27T12:11:46.260000Z,
HE.OBF3.00.BHZ | 2025-02-27T12:10:58.627282Z - 2025-02-27T12:11:58.627282Z,,,,,,,2025-02-27T12:11:27.080000Z,,,
HE.OUF.00.BHZ | 2025-02-27T12:10:37.758204Z - 2025-02-27T12:11:37.758204Z,,,,,,,2025-02-27T12:11:22.580000Z,,,
HE.RMF.00.BHZ | 2025-02-27T12:10:59.690907Z - 2025-02-27T12:11:59.690907Z,,,,,,,2025-02-27T12:11:26.080000Z,,2025-02-27T12:11:43.960000Z,
HE.RUF.00.BHZ | 2025-02-27T12:11:45.627109Z - 2025-02-27T12:12:45.627109Z,,,,,,,,,2025-02-27T12:12:20.560000Z,
HE.SUF.00.BHZ | 2025-02-27T12:10:50.706485Z - 2025-02-27T12:11:50.706485Z,,,,,,,2025-02-27T12:11:23.180000Z,,2025-02-27T12:11:38.580000Z,
HE.TOF.00.BHZ | 2025-02-27T12:11:29.488296Z - 2025-02-27T12:12:29.488296Z,,,,,,,,,2025-02-27T12:12:17.840000Z,
HE.VAF.00.BHZ | 2025-02-27T12:11:22.063749Z - 2025-02-27T12:12:22.063749Z,,,,,,,2025-02-27T12:11:39.930000Z,,2025-02-27T12:12:07.400000Z,
HE.FIA0.00.SHZ | 2025-02-27T12:36:15.229212Z - 2025-02-27T12:37:15.229212Z,,,,,,,2025-02-27T12:36:22.900000Z,,2025-02-27T12:36:37.200000Z,
HE.HEL1.00.BHZ | 2025-02-27T12:35:43.883517Z - 2025-02-27T12:36:43.883517Z,,,,,,,,,2025-02-27T12:36:37.280000Z,
HE.HEL5.00.BHZ | 2025-02-27T12:36:10.529072Z - 2025-02-27T12:37:10.529072Z,,,,,,,2025-02-27T12:36:25.180000Z,,,
HE.KAF.00.BHZ | 2025-02-27T12:36:26.104577Z - 2025-02-27T12:37:26.104577Z,,,,,,,2025-02-27T12:36:34.280000Z,,2025-02-27T12:36:56.580000Z,
HE.KEF.00.BHZ | 2025-02-27T12:36:17.596394Z - 2025-02-27T12:37:17.596394Z,,,,,,,2025-02-27T12:36:38.880000Z,,2025-02-27T12:37:05.580000Z,
HE.KPF.00.BHZ | 2025-02-27T12:36:46.569254Z - 2025-02-27T12:37:46.569254Z,,,,,,,,,2025-02-27T12:37:26.880000Z,
HE.KY17.00.BHZ | 2025-02-27T12:35:28.119460Z - 2025-02-27T12:36:28.119460Z,,,,,,,2025-02-27T12:36:12.880000Z,,2025-02-27T12:36:19.080000Z,
HE.MEF.00.BHZ | 2025-02-27T12:36:30.750757Z - 2025-02-27T12:37:30.750757Z,,,,,,,,,2025-02-27T12:36:49.040000Z,
HE.NUR.00.BHZ | 2025-02-27T12:35:46.087709Z - 2025-02-27T12:36:46.087709Z,,,,,,,,,2025-02-27T12:36:38.790000Z,
HE.PVF.00.BHZ | 2025-02-27T12:35:31.674403Z - 2025-02-27T12:36:31.674403Z,,,,,,,2025-02-27T12:36:13.380000Z,,2025-02-27T12:36:20.260000Z,
HE.RAF.00.BHZ | 2025-02-27T12:37:12.837199Z - 2025-02-27T12:38:12.837199Z,,,,,,,,,2025-02-27T12:37:22.820000Z,
HE.RMF.00.BHZ | 2025-02-27T12:36:19.882621Z - 2025-02-27T12:37:19.882621Z,,,,,,,2025-02-27T12:37:14.080000Z,,,
HE.RUF.00.BHZ | 2025-02-27T12:35:53.508455Z - 2025-02-27T12:36:53.508455Z,,,,,,,2025-02-27T12:36:29.780000Z,,2025-02-27T12:36:48.300000Z,
HE.SUF.00.BHZ | 2025-02-27T12:36:32.948861Z - 2025-02-27T12:37:32.948861Z,,,,,,,2025-02-27T12:36:44.160000Z,,2025-02-27T12:37:14.100000Z,
HE.TVF.00.BHZ | 2025-02-27T12:36:15.581908Z - 2025-02-27T12:37:15.581908Z,,,,,,,2025-02-27T12:36:39.380000Z,,2025-02-27T12:37:03.480000Z,
HE.VJF.00.BHZ | 2025-02-27T12:36:05.386635Z - 2025-02-27T12:37:05.386635Z,,,,,,,2025-02-27T12:36:11.180000Z,,2025-02-27T12:36:16.380000Z,
HE.VUOS.00.BHZ | 2025-02-27T12:36:14.950736Z - 2025-02-27T12:37:14.950736Z,,,,,,,2025-02-27T12:36:21.330000Z,,2025-02-27T12:36:33.280000Z,
FN.KLF.00.BHZ | 2025-02-27T14:21:25.707439Z - 2025-02-27T14:22:25.707439Z,,,,,,,2025-02-27T14:21:46.400000Z,,2025-02-27T14:22:11.880000Z,
FN.MSF.00.BHZ | 2025-02-27T14:22:23.484002Z - 2025-02-27T14:23:23.484002Z,,,,,,,,,2025-02-27T14:22:37.040000Z,
FN.OLKF.00.BHZ | 2025-02-27T14:21:45.506120Z - 2025-02-27T14:22:45.506120Z,,,,,,,,,2025-02-27T14:22:24.160000Z,
FN.RAJF.00.BHZ | 2025-02-27T14:20:59.921025Z - 2025-02-27T14:21:59.921025Z,,,,,,,2025-02-27T14:21:16.360000Z,,2025-02-27T14:21:20.280000Z,
FN.RANF.00.BHZ | 2025-02-27T14:21:39.467976Z - 2025-02-27T14:22:39.467976Z,,,,,,,,,2025-02-27T14:22:30.520000Z,
FN.RNF.00.BHZ | 2025-02-27T14:21:39.100921Z - 2025-02-27T14:22:39.100921Z,,,,,,,2025-02-27T14:21:48.960000Z,,2025-02-27T14:22:16.120000Z,
HE.HEF.00.BHZ | 2025-02-27T14:21:31.858715Z - 2025-02-27T14:22:31.858715Z,,,,,,,2025-02-27T14:21:38.480000Z,,2025-02-27T14:21:58.480000Z,
HE.KEV.00.BHZ | 2025-02-27T14:21:16.844277Z - 2025-02-27T14:22:16.844277Z,,,,,,,2025-02-27T14:21:31.760000Z,,2025-02-27T14:21:45.760000Z,
HE.KIF.00.BHZ | 2025-02-27T14:21:46.706563Z - 2025-02-27T14:22:46.706563Z,,,,,,,,,2025-02-27T14:22:28.040000Z,
HE.KU6.00.BHZ | 2025-02-27T14:22:06.747226Z - 2025-02-27T14:23:06.747226Z,,,,,,,,,2025-02-27T14:22:34.840000Z,
HE.TOF.00.BHZ | 2025-02-27T14:22:32.053140Z - 2025-02-27T14:23:32.053140Z,,,,,,,,,2025-02-27T14:22:37.640000Z,
HE.VRF.00.BHZ | 2025-02-27T14:21:00.366322Z - 2025-02-27T14:22:00.366322Z,,,,,,,2025-02-27T14:21:32.380000Z,,2025-02-27T14:21:48.600000Z,
HE.FIA0.00.SHZ | 2025-02-27T09:00:24.704796Z - 2025-02-27T09:01:24.704796Z,,,,,,,2025-02-27T09:00:34.700000Z,,2025-02-27T09:00:56.000000Z,
HE.HEL5.00.BHZ | 2025-02-27T08:59:51.685643Z - 2025-02-27T09:00:51.685643Z,,,,,,,2025-02-27T09:00:11.890000Z,,2025-02-27T09:00:15.680000Z,
HE.KEF.00.BHZ | 2025-02-27T09:00:58.383408Z - 2025-02-27T09:01:58.383408Z,,,,,,,,,2025-02-27T09:01:05.720000Z,
HE.KUNI.00.BHZ | 2025-02-27T08:59:27.940857Z - 2025-02-27T09:00:27.940857Z,,,,,,,2025-02-27T09:00:12.130000Z,,,
HE.LAUT.00.BHZ | 2025-02-27T08:59:43.697110Z - 2025-02-27T09:00:43.697110Z,,,,,,,2025-02-27T09:00:12.300000Z,,,
HE.MEF.00.BHZ | 2025-02-27T08:59:38.160127Z - 2025-02-27T09:00:38.160127Z,,,,,,,2025-02-27T09:00:08.160000Z,,2025-02-27T09:00:09.780000Z,
HE.NUR.00.BHZ | 2025-02-27T08:59:50.170274Z - 2025-02-27T09:00:50.170274Z,,,,,,,2025-02-27T09:00:11.380000Z,,2025-02-27T09:00:15.280000Z,
HE.PVF.00.BHZ | 2025-02-27T09:00:04.859836Z - 2025-02-27T09:01:04.859836Z,,,,,,,2025-02-27T09:00:21.580000Z,,,
HE.TVF.00.BHZ | 2025-02-27T08:59:57.598489Z - 2025-02-27T09:00:57.598489Z,,,,,,,,,2025-02-27T09:00:28.820000Z,
HE.VUOS.00.BHZ | 2025-02-27T09:00:00.315278Z - 2025-02-27T09:01:00.315278Z,,,,,,,2025-02-27T09:00:14.930000Z,,,
HE.FIA0.00.SHZ | 2025-02-27T11:54:09.078332Z - 2025-02-27T11:55:09.078332Z,,,,,,,2025-02-27T11:54:22.000000Z,,2025-02-27T11:54:42.900000Z,
HE.JOF.00.BHZ | 2025-02-27T11:54:56.519697Z - 2025-02-27T11:55:56.519697Z,,,,,,,,,2025-02-27T11:55:16.000000Z,
HE.KAF.00.BHZ | 2025-02-27T11:53:58.661060Z - 2025-02-27T11:54:58.661060Z,,,,,,,2025-02-27T11:54:28.380000Z,,2025-02-27T11:54:51.040000Z,
HE.KEF.00.BHZ | 2025-02-27T11:54:59.073589Z - 2025-02-27T11:55:59.073589Z,,,,,,,,,2025-02-27T11:55:04.160000Z,
HE.KY17.00.BHZ | 2025-02-27T11:53:31.803187Z - 2025-02-27T11:54:31.803187Z,,,,,,,2025-02-27T11:54:12.740000Z,,2025-02-27T11:54:20.480000Z,
HE.MEF.00.BHZ | 2025-02-27T11:54:24.985581Z - 2025-02-27T11:55:24.985581Z,,,,,,,,,2025-02-27T11:55:05.520000Z,
HE.PVF.00.BHZ | 2025-02-27T11:54:01.597097Z - 2025-02-27T11:55:01.597097Z,,,,,,,2025-02-27T11:54:24.300000Z,,2025-02-27T11:54:41.280000Z,
HE.RUF.00.BHZ | 2025-02-27T11:53:26.984634Z - 2025-02-27T11:54:26.984634Z,,,,,,,2025-02-27T11:54:12.280000Z,,2025-02-27T11:54:19.360000Z,
HE.SUF.00.BHZ | 2025-02-27T11:54:17.342279Z - 2025-02-27T11:55:17.342279Z,,,,,,,2025-02-27T11:54:38.280000Z,,2025-02-27T11:55:04.080000Z,
HE.TRE03.00.BHZ | 2025-02-27T11:54:15.287843Z - 2025-02-27T11:55:15.287843Z,,,,,,,2025-02-27T11:54:38.580000Z,,2025-02-27T11:55:06.080000Z,
HE.TVF.00.BHZ | 2025-02-27T11:55:14.608626Z - 2025-02-27T11:56:14.608626Z,,,,,,,,,2025-02-27T11:55:26.380000Z,
HE.VJF.00.BHZ | 2025-02-27T11:54:07.675674Z - 2025-02-27T11:55:07.675674Z,,,,,,,2025-02-27T11:54:13.060000Z,,2025-02-27T11:54:21.280000Z,
HE.HEL1.00.BHZ | 2025-02-27T15:41:39.237368Z - 2025-02-27T15:42:39.237368Z,,,,,,,2025-02-27T15:42:20.200450Z,,2025-02-27T15:42:22.278630Z,
HE.HEL5.00.BHZ | 2025-02-27T15:41:32.381687Z - 2025-02-27T15:42:32.381687Z,,,,,,,2025-02-27T15:42:18.958960Z,,2025-02-27T15:42:20.348950Z,
HE.KUNI.00.BHZ | 2025-02-27T15:41:29.260233Z - 2025-02-27T15:42:29.260233Z,,,,,,,2025-02-27T15:42:21.037560Z,,2025-02-27T15:42:23.984770Z,
HE.LAUT.00.BHZ | 2025-02-27T15:41:49.170360Z - 2025-02-27T15:42:49.170360Z,,,,,,,2025-02-27T15:42:19.894370Z,,2025-02-27T15:42:21.936800Z,
HE.LOVF.00.CZ | 2025-02-27T15:41:51.465173Z - 2025-02-27T15:42:51.465173Z,,,,,,,2025-02-27T15:42:33.378700Z,,2025-02-27T15:42:45.346520Z,
HE.MEF.00.BHZ | 2025-02-27T15:41:58.390557Z - 2025-02-27T15:42:58.390557Z,,,,,,,2025-02-27T15:42:18.958960Z,,2025-02-27T15:42:20.558890Z,
HE.NUR.00.SHZ | 2025-02-27T15:42:11.182875Z - 2025-02-27T15:43:11.182875Z,,,,,,,2025-02-27T15:42:23.945770Z,,2025-02-27T15:42:28.687910Z,
HE.PVF.00.CZ | 2025-02-27T15:42:17.153931Z - 2025-02-27T15:43:17.153931Z,,,,,,,2025-02-27T15:42:31.059680Z,,2025-02-27T15:42:41.126340Z,
HE.RSUO.00.BHZ | 2025-02-27T15:41:42.135647Z - 2025-02-27T15:42:42.135647Z,,,,,,,2025-02-27T15:42:20.662270Z,,2025-02-27T15:42:23.086810Z,
HE.TVF.00.BHZ | 2025-02-27T15:42:06.194023Z - 2025-02-27T15:43:06.194023Z,,,,,,,2025-02-27T15:42:29.354250Z,,2025-02-27T15:42:38.480540Z,
HE.VUOS.00.BHZ | 2025-02-27T15:42:02.533981Z - 2025-02-27T15:43:02.533981Z,,,,,,,2025-02-27T15:42:22.479330Z,,2025-02-27T15:42:26.655680Z,
HE.ECKF.00.CZ | 2025-02-27T14:29:50.430999Z - 2025-02-27T14:30:50.430999Z,,,,,,,2025-02-27T14:30:25.087480Z,,2025-02-27T14:30:37.460930Z,
HE.KORF.00.CZ | 2025-02-27T14:30:27.005065Z - 2025-02-27T14:31:27.005065Z,,,,,,,2025-02-27T14:30:41.799550Z,,2025-02-27T14:31:06.254570Z,
UP.AAL.00.BHZ | 2025-02-27T14:30:10.488411Z - 2025-02-27T14:31:10.488411Z,,,,,,,2025-02-27T14:30:29.033910Z,,2025-02-27T14:30:43.974460Z,
HE.ECKF.00.BHZ | 2025-02-28T08:53:24.733558Z - 2025-02-28T08:54:24.733558Z,,,,,,,,,2025-02-28T08:53:56.660000Z,
HE.FIA0.00.SHZ | 2025-02-28T08:52:40.354250Z - 2025-02-28T08:53:40.354250Z,,,,,,,2025-02-28T08:53:05.500000Z,,2025-02-28T08:53:23.600000Z,
HE.HEL5.00.BHZ | 2025-02-28T08:53:04.037456Z - 2025-02-28T08:54:04.037456Z,,,,,,,,,2025-02-28T08:53:33.980000Z,
HE.KAF.00.BHZ | 2025-02-28T08:53:01.638895Z - 2025-02-28T08:54:01.638895Z,,,,,,,2025-02-28T08:53:08.630000Z,,2025-02-28T08:53:28.540000Z,
HE.KEF.00.BHZ | 2025-02-28T08:52:45.424638Z - 2025-02-28T08:53:45.424638Z,,,,,,,2025-02-28T08:52:58.730000Z,,2025-02-28T08:53:10.000000Z,
HE.KORF.00.BHZ | 2025-02-28T08:53:04.322662Z - 2025-02-28T08:54:04.322662Z,,,,,,,2025-02-28T08:53:15.680000Z,,,
HE.KPF.00.BHZ | 2025-02-28T08:52:48.266894Z - 2025-02-28T08:53:48.266894Z,,,,,,,2025-02-28T08:52:56.400000Z,,2025-02-28T08:53:07.800000Z,
HE.KY17.00.BHZ | 2025-02-28T08:52:58.333989Z - 2025-02-28T08:53:58.333989Z,,,,,,,,,2025-02-28T08:53:41.380000Z,
HE.MEF.00.BHZ | 2025-02-28T08:52:58.056019Z - 2025-02-28T08:53:58.056019Z,,,,,,,2025-02-28T08:53:10.180000Z,,,
HE.NIF.00.BHZ | 2025-02-28T08:53:44.437367Z - 2025-02-28T08:54:44.437367Z,,,,,,,,,2025-02-28T08:54:05.560000Z,
HE.NUR.00.BHZ | 2025-02-28T08:52:30.583921Z - 2025-02-28T08:53:30.583921Z,,,,,,,2025-02-28T08:53:06.680000Z,,,
HE.OBF8.00.BHZ | 2025-02-28T08:53:27.132179Z - 2025-02-28T08:54:27.132179Z,,,,,,,,,2025-02-28T08:54:03.760000Z,
HE.PVF.00.BHZ | 2025-02-28T08:52:43.281336Z - 2025-02-28T08:53:43.281336Z,,,,,,,2025-02-28T08:53:12.620000Z,,,
HE.RAF.00.BHZ | 2025-02-28T08:52:30.055606Z - 2025-02-28T08:53:30.055606Z,,,,,,,2025-02-28T08:53:02.330000Z,,2025-02-28T08:53:15.920000Z,
HE.SUF.00.BHZ | 2025-02-28T08:52:57.815884Z - 2025-02-28T08:53:57.815884Z,,,,,,,,,2025-02-28T08:53:35.900000Z,
HE.TRE03.00.BHZ | 2025-02-28T08:52:36.067736Z - 2025-02-28T08:53:36.067736Z,,,,,,,2025-02-28T08:52:48.360000Z,,2025-02-28T08:52:52.780000Z,
HE.VAF.00.BHZ | 2025-02-28T08:53:05.916113Z - 2025-02-28T08:54:05.916113Z,,,,,,,2025-02-28T08:53:11.230000Z,,2025-02-28T08:53:31.560000Z,
HE.VJF.00.BHZ | 2025-02-28T08:53:45.422626Z - 2025-02-28T08:54:45.422626Z,,,,,,,,,2025-02-28T08:53:52.680000Z,
UP.AAL.00.BHZ | 2025-02-28T08:53:45.630256Z - 2025-02-28T08:54:45.630256Z,,,,,,,,,2025-02-28T08:53:51.880000Z,
HE.ECKF.00.CZ | 2025-02-28T12:47:10.956379Z - 2025-02-28T12:48:10.956379Z,,,,,,,2025-02-28T12:47:30.027590Z,,2025-02-28T12:47:44.945560Z,
HE.KORF.00.CZ | 2025-02-28T12:47:34.152400Z - 2025-02-28T12:48:34.152400Z,,,,,,,2025-02-28T12:47:44.103460Z,,2025-02-28T12:48:09.707510Z,
UP.AAL.00.BHZ | 2025-02-28T12:47:07.099543Z - 2025-02-28T12:48:07.099543Z,,,,,,,2025-02-28T12:47:32.555510Z,,2025-02-28T12:47:49.898880Z,
FN.OUL.00.BHZ | 2025-02-28T08:57:48.761652Z - 2025-02-28T08:58:48.761652Z,,,,,,,,,2025-02-28T08:58:42.100000Z,
HE.FIA0.00.SHZ | 2025-02-28T08:57:05.855400Z - 2025-02-28T08:58:05.855400Z,,,,,,,2025-02-28T08:57:31.700000Z,,2025-02-28T08:57:44.600000Z,
HE.JOF.00.BHZ | 2025-02-28T08:58:06.845734Z - 2025-02-28T08:59:06.845734Z,,,,,,,,,2025-02-28T08:58:43.520000Z,
HE.KAF.00.BHZ | 2025-02-28T08:56:56.398778Z - 2025-02-28T08:57:56.398778Z,,,,,,,2025-02-28T08:57:25.280000Z,,2025-02-28T08:57:32.800000Z,
HE.KEF.00.BHZ | 2025-02-28T08:56:57.989338Z - 2025-02-28T08:57:57.989338Z,,,,,,,2025-02-28T08:57:17.080000Z,,2025-02-28T08:57:17.680000Z,
HE.KJNF.00.BHZ | 2025-02-28T08:57:48.034483Z - 2025-02-28T08:58:48.034483Z,,,,,,,,,2025-02-28T08:58:26.960000Z,
HE.KPF.00.BHZ | 2025-02-28T08:57:29.654792Z - 2025-02-28T08:58:29.654792Z,,,,,,,2025-02-28T08:57:42.680000Z,,2025-02-28T08:58:03.780000Z,
HE.KY17.00.BHZ | 2025-02-28T08:57:44.359464Z - 2025-02-28T08:58:44.359464Z,,,,,,,,,2025-02-28T08:58:05.180000Z,
HE.MEF.00.BHZ | 2025-02-28T08:56:58.292085Z - 2025-02-28T08:57:58.292085Z,,,,,,,2025-02-28T08:57:52.180000Z,,,
HE.NIF.00.BHZ | 2025-02-28T08:57:16.912158Z - 2025-02-28T08:58:16.912158Z,,,,,,,2025-02-28T08:57:45.980000Z,,2025-02-28T08:58:09.160000Z,
HE.NUR.00.BHZ | 2025-02-28T08:57:59.235362Z - 2025-02-28T08:58:59.235362Z,,,,,,,,,2025-02-28T08:58:10.140000Z,
HE.OBF0.00.BHZ | 2025-02-28T08:57:57.428559Z - 2025-02-28T08:58:57.428559Z,,,,,,,,,2025-02-28T08:58:27.080000Z,
HE.OBF8.00.BHZ | 2025-02-28T08:57:41.416033Z - 2025-02-28T08:58:41.416033Z,,,,,,,,,2025-02-28T08:58:25.560000Z,
HE.OUF.00.BHZ | 2025-02-28T08:58:16.406361Z - 2025-02-28T08:59:16.406361Z,,,,,,,,,2025-02-28T08:58:22.000000Z,
HE.PVF.00.BHZ | 2025-02-28T08:57:22.815873Z - 2025-02-28T08:58:22.815873Z,,,,,,,2025-02-28T08:57:46.930000Z,,2025-02-28T08:58:09.840000Z,
HE.RAF.00.BHZ | 2025-02-28T08:57:23.879113Z - 2025-02-28T08:58:23.879113Z,,,,,,,2025-02-28T08:57:51.580000Z,,2025-02-28T08:58:18.280000Z,
HE.RUF.00.BHZ | 2025-02-28T08:58:11.087440Z - 2025-02-28T08:59:11.087440Z,,,,,,,,,2025-02-28T08:58:17.240000Z,
HE.SUF.00.BHZ | 2025-02-28T08:56:51.416187Z - 2025-02-28T08:57:51.416187Z,,,,,,,2025-02-28T08:57:27.640000Z,,2025-02-28T08:57:37.080000Z,
HE.TRE03.00.BHZ | 2025-02-28T08:56:53.658773Z - 2025-02-28T08:57:53.658773Z,,,,,,,2025-02-28T08:57:28.980000Z,,2025-02-28T08:57:39.140000Z,
HE.TVF.00.BHZ | 2025-02-28T08:58:17.974399Z - 2025-02-28T08:59:17.974399Z,,,,,,,,,2025-02-28T08:58:33.920000Z,
HE.VAF.00.BHZ | 2025-02-28T08:57:11.886284Z - 2025-02-28T08:58:11.886284Z,,,,,,,2025-02-28T08:57:41.000000Z,,2025-02-28T08:58:00.600000Z,
HE.VJF.00.BHZ | 2025-02-28T08:57:44.480966Z - 2025-02-28T08:58:44.480966Z,,,,,,,,,2025-02-28T08:58:19.500000Z,
HE.ECKF.00.BHZ | 2025-02-28T10:52:43.002404Z - 2025-02-28T10:53:43.002404Z,,,,,,,,,2025-02-28T10:53:27.920000Z,
HE.FIA0.00.SHZ | 2025-02-28T10:51:53.495126Z - 2025-02-28T10:52:53.495126Z,,,,,,,2025-02-28T10:52:25.300000Z,,2025-02-28T10:52:37.000000Z,
HE.HEL5.00.BHZ | 2025-02-28T10:52:04.136509Z - 2025-02-28T10:53:04.136509Z,,,,,,,2025-02-28T10:52:15.120000Z,,,
HE.KAF.00.BHZ | 2025-02-28T10:52:24.459687Z - 2025-02-28T10:53:24.459687Z,,,,,,,2025-02-28T10:52:36.530000Z,,2025-02-28T10:52:58.320000Z,
HE.KEF.00.BHZ | 2025-02-28T10:52:20.873520Z - 2025-02-28T10:53:20.873520Z,,,,,,,2025-02-28T10:52:34.640000Z,,2025-02-28T10:52:54.520000Z,
HE.KORF.00.BHZ | 2025-02-28T10:52:08.277994Z - 2025-02-28T10:53:08.277994Z,,,,,,,2025-02-28T10:52:38.280000Z,,2025-02-28T10:53:02.800000Z,
HE.KPF.00.BHZ | 2025-02-28T10:52:18.618851Z - 2025-02-28T10:53:18.618851Z,,,,,,,2025-02-28T10:52:38.980000Z,,2025-02-28T10:53:02.420000Z,
HE.KUNI.00.BHZ | 2025-02-28T10:51:29.237244Z - 2025-02-28T10:52:29.237244Z,,,,,,,2025-02-28T10:52:14.070000Z,,2025-02-28T10:52:19.220000Z,
HE.KY17.00.BHZ | 2025-02-28T10:51:51.214261Z - 2025-02-28T10:52:51.214261Z,,,,,,,2025-02-28T10:52:27.680000Z,,2025-02-28T10:52:43.000000Z,
HE.MEF.00.BHZ | 2025-02-28T10:51:56.951270Z - 2025-02-28T10:52:56.951270Z,,,,,,,2025-02-28T10:52:15.480000Z,,2025-02-28T10:52:21.560000Z,
HE.NUR.00.BHZ | 2025-02-28T10:51:42.926390Z - 2025-02-28T10:52:42.926390Z,,,,,,,2025-02-28T10:52:09.700000Z,,2025-02-28T10:52:11.800000Z,
HE.PVF.00.BHZ | 2025-02-28T10:51:34.895483Z - 2025-02-28T10:52:34.895483Z,,,,,,,2025-02-28T10:52:16.570000Z,,2025-02-28T10:52:23.940000Z,
HE.RAF.00.BHZ | 2025-02-28T10:52:20.125041Z - 2025-02-28T10:53:20.125041Z,,,,,,,2025-02-28T10:52:34.480000Z,,2025-02-28T10:52:54.940000Z,
HE.RUF.00.BHZ | 2025-02-28T10:52:59.849181Z - 2025-02-28T10:53:59.849181Z,,,,,,,,,2025-02-28T10:53:13.880000Z,
HE.SUF.00.BHZ | 2025-02-28T10:52:34.107433Z - 2025-02-28T10:53:34.107433Z,,,,,,,2025-02-28T10:52:46.850000Z,,2025-02-28T10:53:14.240000Z,
HE.TRE03.00.BHZ | 2025-02-28T10:51:54.463493Z - 2025-02-28T10:52:54.463493Z,,,,,,,2025-02-28T10:52:25.580000Z,,,
HE.TVF.00.BHZ | 2025-02-28T10:52:05.404036Z - 2025-02-28T10:53:05.404036Z,,,,,,,2025-02-28T10:52:27.380000Z,,2025-02-28T10:52:42.400000Z,
HE.VAF.00.BHZ | 2025-02-28T10:53:18.047098Z - 2025-02-28T10:54:18.047098Z,,,,,,,,,2025-02-28T10:53:26.300000Z,
HE.VJF.00.BHZ | 2025-02-28T10:51:58.709110Z - 2025-02-28T10:52:58.709110Z,,,,,,,2025-02-28T10:52:31.630000Z,,2025-02-28T10:52:50.000000Z,
HE.VUOS.00.BHZ | 2025-02-28T10:51:51.881683Z - 2025-02-28T10:52:51.881683Z,,,,,,,2025-02-28T10:52:15.890000Z,,,
UP.AAL.00.BHZ | 2025-02-28T10:53:10.964454Z - 2025-02-28T10:54:10.964454Z,,,,,,,,,2025-02-28T10:53:21.520000Z,
FN.OLKF.00.BHZ | 2025-02-28T11:39:04.135073Z - 2025-02-28T11:40:04.135073Z,,,,,,,,,2025-02-28T11:39:24.280000Z,
HE.FIA0.00.SHZ | 2025-02-28T11:38:11.165292Z - 2025-02-28T11:39:11.165292Z,,,,,,,2025-02-28T11:38:24.200000Z,,2025-02-28T11:38:48.300000Z,
HE.JOF.00.BHZ | 2025-02-28T11:38:22.528184Z - 2025-02-28T11:39:22.528184Z,,,,,,,,,2025-02-28T11:38:40.460000Z,
HE.KAF.00.BHZ | 2025-02-28T11:37:49.345570Z - 2025-02-28T11:38:49.345570Z,,,,,,,2025-02-28T11:38:11.080000Z,,2025-02-28T11:38:28.520000Z,
HE.KEF.00.BHZ | 2025-02-28T11:37:53.607713Z - 2025-02-28T11:38:53.607713Z,,,,,,,,,2025-02-28T11:38:40.240000Z,
HE.KJNF.00.BHZ | 2025-02-28T11:37:53.637356Z - 2025-02-28T11:38:53.637356Z,,,,,,,2025-02-28T11:38:07.840000Z,,,
HE.KPF.00.BHZ | 2025-02-28T11:38:35.276781Z - 2025-02-28T11:39:35.276781Z,,,,,,,,,2025-02-28T11:39:16.060000Z,
HE.KY17.00.BHZ | 2025-02-28T11:38:39.275507Z - 2025-02-28T11:39:39.275507Z,,,,,,,,,2025-02-28T11:38:59.180000Z,
HE.NIF.00.BHZ | 2025-02-28T11:37:01.723167Z - 2025-02-28T11:38:01.723167Z,,,,,,,2025-02-28T11:37:51.480000Z,,2025-02-28T11:37:52.680000Z,
HE.RMF.00.BHZ | 2025-02-28T11:37:27.550807Z - 2025-02-28T11:38:27.550807Z,,,,,,,2025-02-28T11:38:13.920000Z,,,
HE.SUF.00.BHZ | 2025-02-28T11:37:07.956937Z - 2025-02-28T11:38:07.956937Z,,,,,,,2025-02-28T11:38:02.910000Z,,,
HE.TRE03.00.BHZ | 2025-02-28T11:38:05.242854Z - 2025-02-28T11:39:05.242854Z,,,,,,,,,2025-02-28T11:38:58.480000Z,
HE.VJF.00.BHZ | 2025-02-28T11:38:31.190323Z - 2025-02-28T11:39:31.190323Z,,,,,,,,,2025-02-28T11:39:08.900000Z,
FN.MSF.00.BHZ | 2025-02-28T11:37:03.348324Z - 2025-02-28T11:38:03.348324Z,,,,,,,2025-02-28T11:37:16.960000Z,,,
FN.OLKF.00.BHZ | 2025-02-28T11:37:14.655359Z - 2025-02-28T11:38:14.655359Z,,,,,,,2025-02-28T11:37:25.600000Z,,2025-02-28T11:38:05.520000Z,
FN.OUL.00.BHZ | 2025-02-28T11:37:00.320506Z - 2025-02-28T11:38:00.320506Z,,,,,,,2025-02-28T11:37:06.000000Z,,2025-02-28T11:37:34.280000Z,
FN.RANF.00.BHZ | 2025-02-28T11:37:10.903130Z - 2025-02-28T11:38:10.903130Z,,,,,,,2025-02-28T11:37:18.030000Z,,2025-02-28T11:37:55.480000Z,
HE.FIA0.00.SHZ | 2025-02-28T11:36:34.184654Z - 2025-02-28T11:37:34.184654Z,,,,,,,2025-02-28T11:37:03.200000Z,,2025-02-28T11:37:27.300000Z,
HE.JOF.00.BHZ | 2025-02-28T11:36:39.499999Z - 2025-02-28T11:37:39.499999Z,,,,,,,2025-02-28T11:36:58.320000Z,,2025-02-28T11:37:19.600000Z,
HE.KAF.00.BHZ | 2025-02-28T11:36:20.421497Z - 2025-02-28T11:37:20.421497Z,,,,,,,2025-02-28T11:36:51.130000Z,,2025-02-28T11:37:08.920000Z,
HE.KEF.00.BHZ | 2025-02-28T11:36:48.872633Z - 2025-02-28T11:37:48.872633Z,,,,,,,2025-02-28T11:36:59.130000Z,,2025-02-28T11:37:21.080000Z,
HE.KJNF.00.BHZ | 2025-02-28T11:36:38.737649Z - 2025-02-28T11:37:38.737649Z,,,,,,,2025-02-28T11:36:49.780000Z,,,
HE.KPF.00.BHZ | 2025-02-28T11:37:06.298529Z - 2025-02-28T11:38:06.298529Z,,,,,,,2025-02-28T11:37:19.080000Z,,2025-02-28T11:37:57.680000Z,
HE.KU1.00.BHZ | 2025-02-28T11:37:03.724502Z - 2025-02-28T11:38:03.724502Z,,,,,,,2025-02-28T11:37:12.760000Z,,2025-02-28T11:37:48.380000Z,
HE.KU2.00.BHZ | 2025-02-28T11:36:28.200261Z - 2025-02-28T11:37:28.200261Z,,,,,,,2025-02-28T11:37:13.780000Z,,,
HE.KU6.00.BHZ | 2025-02-28T11:37:11.590886Z - 2025-02-28T11:38:11.590886Z,,,,,,,2025-02-28T11:37:22.180000Z,,2025-02-28T11:38:00.020000Z,
HE.KY17.00.BHZ | 2025-02-28T11:36:47.988345Z - 2025-02-28T11:37:47.988345Z,,,,,,,2025-02-28T11:37:08.680000Z,,2025-02-28T11:37:39.620000Z,
HE.NIF.00.BHZ | 2025-02-28T11:36:23.213845Z - 2025-02-28T11:37:23.213845Z,,,,,,,2025-02-28T11:36:32.980000Z,,2025-02-28T11:36:37.380000Z,
HE.NUR.00.BHZ | 2025-02-28T11:36:53.850932Z - 2025-02-28T11:37:53.850932Z,,,,,,,2025-02-28T11:37:22.120000Z,,,
HE.OBF0.00.BHZ | 2025-02-28T11:36:44.244406Z - 2025-02-28T11:37:44.244406Z,,,,,,,2025-02-28T11:37:05.880000Z,,,
HE.OBF3.00.BHZ | 2025-02-28T11:36:47.767093Z - 2025-02-28T11:37:47.767093Z,,,,,,,2025-02-28T11:37:06.980000Z,,,
HE.OBF8.00.BHZ | 2025-02-28T11:36:51.359665Z - 2025-02-28T11:37:51.359665Z,,,,,,,2025-02-28T11:37:08.620000Z,,2025-02-28T11:37:39.400000Z,
HE.OUF.00.BHZ | 2025-02-28T11:36:46.875001Z - 2025-02-28T11:37:46.875001Z,,,,,,,2025-02-28T11:37:01.380000Z,,2025-02-28T11:37:26.600000Z,
HE.PVF.00.BHZ | 2025-02-28T11:37:09.476030Z - 2025-02-28T11:38:09.476030Z,,,,,,,2025-02-28T11:37:18.980000Z,,2025-02-28T11:37:55.320000Z,
HE.RAF.00.BHZ | 2025-02-28T11:38:05.292805Z - 2025-02-28T11:39:05.292805Z,,,,,,,,,2025-02-28T11:38:14.660000Z,
HE.RMF.00.BHZ | 2025-02-28T11:36:20.803160Z - 2025-02-28T11:37:20.803160Z,,,,,,,2025-02-28T11:36:55.080000Z,,2025-02-28T11:37:15.180000Z,
HE.RUF.00.BHZ | 2025-02-28T11:36:46.445742Z - 2025-02-28T11:37:46.445742Z,,,,,,,2025-02-28T11:37:01.180000Z,,2025-02-28T11:37:26.720000Z,
HE.SUF.00.BHZ | 2025-02-28T11:36:38.376569Z - 2025-02-28T11:37:38.376569Z,,,,,,,2025-02-28T11:36:44.160000Z,,2025-02-28T11:36:56.180000Z,
HE.TOF.00.BHZ | 2025-02-28T11:37:11.859420Z - 2025-02-28T11:38:11.859420Z,,,,,,,2025-02-28T11:37:25.180000Z,,2025-02-28T11:38:04.560000Z,
HE.TRE03.00.BHZ | 2025-02-28T11:36:56.095058Z - 2025-02-28T11:37:56.095058Z,,,,,,,2025-02-28T11:37:09.180000Z,,2025-02-28T11:37:40.180000Z,
HE.VAF.00.BHZ | 2025-02-28T11:36:56.710698Z - 2025-02-28T11:37:56.710698Z,,,,,,,2025-02-28T11:37:09.780000Z,,2025-02-28T11:37:39.880000Z,
HE.VJF.00.BHZ | 2025-02-28T11:36:53.356772Z - 2025-02-28T11:37:53.356772Z,,,,,,,2025-02-28T11:37:14.180000Z,,2025-02-28T11:37:48.300000Z,
HE.ECKF.00.BHZ | 2025-02-28T12:04:19.706685Z - 2025-02-28T12:05:19.706685Z,,,,,,,2025-02-28T12:04:29.620000Z,,2025-02-28T12:04:51.020000Z,
HE.KORF.00.BHZ | 2025-02-28T12:03:39.068730Z - 2025-02-28T12:04:39.068730Z,,,,,,,2025-02-28T12:04:11.680000Z,,2025-02-28T12:04:17.520000Z,
HE.RAF.00.BHZ | 2025-02-28T12:03:36.014518Z - 2025-02-28T12:04:36.014518Z,,,,,,,2025-02-28T12:04:18.280000Z,,2025-02-28T12:04:28.260000Z,
UP.AAL.00.BHZ | 2025-02-28T12:03:55.902449Z - 2025-02-28T12:04:55.902449Z,,,,,,,,,2025-02-28T12:04:45.880000Z,
FN.KLF.00.BHZ | 2025-02-28T12:43:38.134941Z - 2025-02-28T12:44:38.134941Z,,,,,,,2025-02-28T12:43:44.080000Z,,,
FN.MSF.00.BHZ | 2025-02-28T12:42:56.144009Z - 2025-02-28T12:43:56.144009Z,,,,,,,2025-02-28T12:43:09.360000Z,,2025-02-28T12:43:29.520000Z,
FN.OLKF.00.BHZ | 2025-02-28T12:42:51.010293Z - 2025-02-28T12:43:51.010293Z,,,,,,,2025-02-28T12:43:15.040000Z,,2025-02-28T12:43:39.260000Z,
FN.OUL.00.BHZ | 2025-02-28T12:43:08.845058Z - 2025-02-28T12:44:08.845058Z,,,,,,,2025-02-28T12:43:21.060000Z,,2025-02-28T12:43:47.800000Z,
FN.RAJF.00.BHZ | 2025-02-28T12:42:53.788542Z - 2025-02-28T12:43:53.788542Z,,,,,,,2025-02-28T12:43:45.380000Z,,,
FN.RANF.00.BHZ | 2025-02-28T12:43:11.429466Z - 2025-02-28T12:44:11.429466Z,,,,,,,2025-02-28T12:43:21.120000Z,,2025-02-28T12:43:49.820000Z,
HE.FIA0.00.SHZ | 2025-02-28T12:43:11.636919Z - 2025-02-28T12:44:11.636919Z,,,,,,,2025-02-28T12:43:49.000000Z,,,
HE.JOF.00.BHZ | 2025-02-28T12:42:49.665971Z - 2025-02-28T12:43:49.665971Z,,,,,,,2025-02-28T12:43:15.980000Z,,2025-02-28T12:43:40.680000Z,
HE.KAF.00.BHZ | 2025-02-28T12:43:16.439753Z - 2025-02-28T12:44:16.439753Z,,,,,,,2025-02-28T12:43:39.480000Z,,,
HE.KEF.00.BHZ | 2025-02-28T12:42:49.813392Z - 2025-02-28T12:43:49.813392Z,,,,,,,2025-02-28T12:43:43.960000Z,,,
HE.KJNF.00.BHZ | 2025-02-28T12:42:37.967153Z - 2025-02-28T12:43:37.967153Z,,,,,,,2025-02-28T12:43:09.580000Z,,,
HE.KU1.00.BHZ | 2025-02-28T12:42:10.667859Z - 2025-02-28T12:43:10.667859Z,,,,,,,2025-02-28T12:43:02.180000Z,,,
HE.KU2.00.BHZ | 2025-02-28T12:42:52.929235Z - 2025-02-28T12:43:52.929235Z,,,,,,,2025-02-28T12:43:10.180000Z,,,
HE.KU6.00.BHZ | 2025-02-28T12:42:52.564127Z - 2025-02-28T12:43:52.564127Z,,,,,,,2025-02-28T12:43:09.160000Z,,2025-02-28T12:43:27.920000Z,
HE.NIF.00.BHZ | 2025-02-28T12:42:51.041011Z - 2025-02-28T12:43:51.041011Z,,,,,,,2025-02-28T12:43:16.780000Z,,,
HE.OBF0.00.BHZ | 2025-02-28T12:43:01.177891Z - 2025-02-28T12:44:01.177891Z,,,,,,,2025-02-28T12:43:30.880000Z,,,
HE.OBF3.00.BHZ | 2025-02-28T12:43:16.831780Z - 2025-02-28T12:44:16.831780Z,,,,,,,2025-02-28T12:43:27.480000Z,,,
HE.OBF8.00.BHZ | 2025-02-28T12:42:51.876210Z - 2025-02-28T12:43:51.876210Z,,,,,,,2025-02-28T12:43:35.460000Z,,,
HE.OUF.00.BHZ | 2025-02-28T12:43:16.445306Z - 2025-02-28T12:44:16.445306Z,,,,,,,2025-02-28T12:43:28.130000Z,,2025-02-28T12:44:03.360000Z,
HE.RMF.00.BHZ | 2025-02-28T12:42:29.420359Z - 2025-02-28T12:43:29.420359Z,,,,,,,2025-02-28T12:42:54.780000Z,,,
HE.RUF.00.BHZ | 2025-02-28T12:42:50.578481Z - 2025-02-28T12:43:50.578481Z,,,,,,,2025-02-28T12:43:39.320000Z,,,
HE.SUF.00.BHZ | 2025-02-28T12:43:02.702273Z - 2025-02-28T12:44:02.702273Z,,,,,,,2025-02-28T12:43:32.280000Z,,,
HE.TOF.00.BHZ | 2025-02-28T12:43:18.845497Z - 2025-02-28T12:44:18.845497Z,,,,,,,2025-02-28T12:43:35.860000Z,,2025-02-28T12:44:13.640000Z,
HE.VAF.00.BHZ | 2025-02-28T12:43:02.252408Z - 2025-02-28T12:44:02.252408Z,,,,,,,2025-02-28T12:43:51.920000Z,,,
HE.VRF.00.BHZ | 2025-02-28T12:43:26.360808Z - 2025-02-28T12:44:26.360808Z,,,,,,,2025-02-28T12:43:34.880000Z,,2025-02-28T12:44:21.320000Z,
FN.KLF.00.BHZ | 2025-02-28T13:14:28.596983Z - 2025-02-28T13:15:28.596983Z,,,,,,,2025-02-28T13:15:14.130000Z,,2025-02-28T13:15:20.060000Z,
FN.MSF.00.BHZ | 2025-02-28T13:15:40.072090Z - 2025-02-28T13:16:40.072090Z,,,,,,,2025-02-28T13:15:54.380000Z,,2025-02-28T13:16:31.920000Z,
FN.OLKF.00.BHZ | 2025-02-28T13:15:39.835145Z - 2025-02-28T13:16:39.835145Z,,,,,,,2025-02-28T13:15:53.380000Z,,2025-02-28T13:16:29.920000Z,
FN.OUL.00.BHZ | 2025-02-28T13:15:43.987049Z - 2025-02-28T13:16:43.987049Z,,,,,,,2025-02-28T13:15:52.780000Z,,2025-02-28T13:16:28.640000Z,
FN.RAJF.00.BHZ | 2025-02-28T13:15:35.233601Z - 2025-02-28T13:16:35.233601Z,,,,,,,2025-02-28T13:15:45.530000Z,,2025-02-28T13:16:15.640000Z,
FN.RANF.00.BHZ | 2025-02-28T13:15:17.708510Z - 2025-02-28T13:16:17.708510Z,,,,,,,2025-02-28T13:15:43.800000Z,,2025-02-28T13:16:09.560000Z,
HE.HEF.00.BHZ | 2025-02-28T13:15:06.530947Z - 2025-02-28T13:16:06.530947Z,,,,,,,2025-02-28T13:15:26.680000Z,,2025-02-28T13:15:41.240000Z,
HE.KEV.00.BHZ | 2025-02-28T13:15:38.181676Z - 2025-02-28T13:16:38.181676Z,,,,,,,2025-02-28T13:15:51.970000Z,,2025-02-28T13:16:28.960000Z,
HE.KIF.00.BHZ | 2025-02-28T13:15:18.795903Z - 2025-02-28T13:16:18.795903Z,,,,,,,2025-02-28T13:15:42.120000Z,,2025-02-28T13:16:08.160000Z,
HE.KU1.00.BHZ | 2025-02-28T13:15:51.747856Z - 2025-02-28T13:16:51.747856Z,,,,,,,2025-02-28T13:15:59.280000Z,,2025-02-28T13:16:38.020000Z,
HE.KU2.00.BHZ | 2025-02-28T13:15:46.546646Z - 2025-02-28T13:16:46.546646Z,,,,,,,2025-02-28T13:15:53.180000Z,,2025-02-28T13:16:29.400000Z,
HE.KU6.00.BHZ | 2025-02-28T13:15:50.299524Z - 2025-02-28T13:16:50.299524Z,,,,,,,2025-02-28T13:15:57.230000Z,,2025-02-28T13:16:37.960000Z,
HE.OBF3.00.BHZ | 2025-02-28T13:15:47.843496Z - 2025-02-28T13:16:47.843496Z,,,,,,,2025-02-28T13:15:54.680000Z,,,
HE.OUF.00.BHZ | 2025-02-28T13:15:33.777407Z - 2025-02-28T13:16:33.777407Z,,,,,,,2025-02-28T13:16:01.180000Z,,,
HE.TOF.00.BHZ | 2025-02-28T13:15:25.730593Z - 2025-02-28T13:16:25.730593Z,,,,,,,2025-02-28T13:15:34.080000Z,,2025-02-28T13:15:53.080000Z,
HE.VRF.00.BHZ | 2025-02-28T13:15:35.768628Z - 2025-02-28T13:16:35.768628Z,,,,,,,2025-02-28T13:15:50.880000Z,,2025-02-28T13:16:22.200000Z,
FN.KLF.00.BHZ | 2025-02-28T13:48:14.869824Z - 2025-02-28T13:49:14.869824Z,,,,,,,2025-02-28T13:48:21.680000Z,,2025-02-28T13:48:56.600000Z,
FN.MSF.00.BHZ | 2025-02-28T13:47:47.889754Z - 2025-02-28T13:48:47.889754Z,,,,,,,2025-02-28T13:48:10.600000Z,,2025-02-28T13:48:34.360000Z,
FN.OLKF.00.BHZ | 2025-02-28T13:47:33.312493Z - 2025-02-28T13:48:33.312493Z,,,,,,,2025-02-28T13:48:03.440000Z,,2025-02-28T13:48:21.360000Z,
FN.OUL.00.BHZ | 2025-02-28T13:48:20.830099Z - 2025-02-28T13:49:20.830099Z,,,,,,,2025-02-28T13:48:33.760000Z,,2025-02-28T13:49:13.800000Z,
FN.RAJF.00.BHZ | 2025-02-28T13:47:31.484095Z - 2025-02-28T13:48:31.484095Z,,,,,,,2025-02-28T13:48:01.320000Z,,2025-02-28T13:48:19.800000Z,
FN.RANF.00.BHZ | 2025-02-28T13:47:53.712874Z - 2025-02-28T13:48:53.712874Z,,,,,,,2025-02-28T13:48:17.080000Z,,2025-02-28T13:48:44.880000Z,
HE.HEF.00.BHZ | 2025-02-28T13:48:15.052218Z - 2025-02-28T13:49:15.052218Z,,,,,,,2025-02-28T13:48:24.580000Z,,2025-02-28T13:49:01.040000Z,
HE.KEV.00.BHZ | 2025-02-28T13:48:08.983300Z - 2025-02-28T13:49:08.983300Z,,,,,,,2025-02-28T13:48:22.440000Z,,2025-02-28T13:48:56.320000Z,
HE.KIF.00.BHZ | 2025-02-28T13:47:55.055858Z - 2025-02-28T13:48:55.055858Z,,,,,,,2025-02-28T13:48:40.480000Z,,,
HE.KU1.00.BHZ | 2025-02-28T13:47:49.224478Z - 2025-02-28T13:48:49.224478Z,,,,,,,2025-02-28T13:48:15.840000Z,,,
HE.KU2.00.BHZ | 2025-02-28T13:47:39.406102Z - 2025-02-28T13:48:39.406102Z,,,,,,,2025-02-28T13:48:16.180000Z,,,
HE.KU6.00.BHZ | 2025-02-28T13:47:47.244849Z - 2025-02-28T13:48:47.244849Z,,,,,,,2025-02-28T13:48:07.520000Z,,2025-02-28T13:48:27.960000Z,
HE.OBF3.00.BHZ | 2025-02-28T13:48:26.553101Z - 2025-02-28T13:49:26.553101Z,,,,,,,2025-02-28T13:48:37.280000Z,,,
HE.OUF.00.BHZ | 2025-02-28T13:48:19.805034Z - 2025-02-28T13:49:19.805034Z,,,,,,,2025-02-28T13:48:43.000000Z,,,
HE.RMF.00.BHZ | 2025-02-28T13:48:09.613630Z - 2025-02-28T13:49:09.613630Z,,,,,,,2025-02-28T13:48:34.240000Z,,,
HE.TOF.00.BHZ | 2025-02-28T13:48:14.475586Z - 2025-02-28T13:49:14.475586Z,,,,,,,2025-02-28T13:48:25.720000Z,,2025-02-28T13:49:06.840000Z,
HE.VRF.00.BHZ | 2025-02-28T13:47:19.188052Z - 2025-02-28T13:48:19.188052Z,,,,,,,2025-02-28T13:47:46.080000Z,,2025-02-28T13:47:50.700000Z,
FN.RAJF.00.BHZ | 2025-02-28T16:09:18.717015Z - 2025-02-28T16:10:18.717015Z,,,,,,,2025-02-28T16:09:30.780000Z,,2025-02-28T16:09:47.520000Z,
HE.HEF.00.BHZ | 2025-02-28T16:10:08.191039Z - 2025-02-28T16:11:08.191039Z,,,,,,,,,2025-02-28T16:10:30.660000Z,
HE.KEV.00.BHZ | 2025-02-28T16:09:25.555571Z - 2025-02-28T16:10:25.555571Z,,,,,,,2025-02-28T16:09:32.580000Z,,2025-02-28T16:09:49.940000Z,
HE.VRF.00.BHZ | 2025-02-28T16:09:26.073486Z - 2025-02-28T16:10:26.073486Z,,,,,,,2025-02-28T16:09:39.280000Z,,2025-02-28T16:10:01.680000Z,
FN.MSF.00.BHZ | 2025-02-28T20:09:44.798967Z - 2025-02-28T20:10:44.798967Z,,,,,,,,,2025-02-28T20:10:00.680000Z,
FN.OLKF.00.BHZ | 2025-02-28T20:09:09.532055Z - 2025-02-28T20:10:09.532055Z,,,,,,,2025-02-28T20:09:20.820000Z,,2025-02-28T20:09:49.240000Z,
FN.RAJF.00.BHZ | 2025-02-28T20:09:02.029512Z - 2025-02-28T20:10:02.029512Z,,,,,,,2025-02-28T20:09:19.880000Z,,2025-02-28T20:09:48.640000Z,
FN.RANF.00.BHZ | 2025-02-28T20:09:32.443955Z - 2025-02-28T20:10:32.443955Z,,,,,,,,,2025-02-28T20:10:20.680000Z,
HE.KEV.00.BHZ | 2025-02-28T20:09:18.091937Z - 2025-02-28T20:10:18.091937Z,,,,,,,2025-02-28T20:09:33.900000Z,,2025-02-28T20:10:12.960000Z,
HE.KU6.00.BHZ | 2025-02-28T20:09:13.891796Z - 2025-02-28T20:10:13.891796Z,,,,,,,2025-02-28T20:09:21.200000Z,,2025-02-28T20:09:50.040000Z,
HE.VRF.00.BHZ | 2025-02-28T20:08:50.928243Z - 2025-02-28T20:09:50.928243Z,,,,,,,2025-02-28T20:09:10.380000Z,,2025-02-28T20:09:31.640000Z,
HE.HEL1.00.BHZ | 2025-02-28T10:42:48.453467Z - 2025-02-28T10:43:48.453467Z,,,,,,,2025-02-28T10:43:18.589170Z,,2025-02-28T10:43:19.542710Z,
HE.HEL5.00.BHZ | 2025-02-28T10:43:06.832917Z - 2025-02-28T10:44:06.832917Z,,,,,,,2025-02-28T10:43:20.384650Z,,2025-02-28T10:43:22.620360Z,
HE.KUNI.00.BHZ | 2025-02-28T10:42:38.726409Z - 2025-02-28T10:43:38.726409Z,,,,,,,2025-02-28T10:43:18.431080Z,,2025-02-28T10:43:19.244220Z,
HE.LAUT.00.BHZ | 2025-02-28T10:42:55.405471Z - 2025-02-28T10:43:55.405471Z,,,,,,,2025-02-28T10:43:19.105860Z,,2025-02-28T10:43:20.461730Z,
HE.MEF.00.BHZ | 2025-02-28T10:42:51.539080Z - 2025-02-28T10:43:51.539080Z,,,,,,,2025-02-28T10:43:22.786230Z,,2025-02-28T10:43:26.749930Z,
HE.NUR.00.SHZ | 2025-02-28T10:43:08.346442Z - 2025-02-28T10:44:08.346442Z,,,,,,,2025-02-28T10:43:23.759370Z,,2025-02-28T10:43:28.113110Z,
HE.PVF.00.CZ | 2025-02-28T10:43:06.519838Z - 2025-02-28T10:44:06.519838Z,,,,,,,2025-02-28T10:43:27.290760Z,,2025-02-28T10:43:34.266000Z,
HE.RSUO.00.BHZ | 2025-02-28T10:42:25.289296Z - 2025-02-28T10:43:25.289296Z,,,,,,,2025-02-28T10:43:18.078300Z,,2025-02-28T10:43:18.779140Z,
HE.VUOS.00.BHZ | 2025-02-28T10:42:39.118375Z - 2025-02-28T10:43:39.118375Z,,,,,,,2025-02-28T10:43:18.873620Z,,2025-02-28T10:43:20.141140Z,
HE.HEL1.00.BHZ | 2025-02-28T08:55:17.572028Z - 2025-02-28T08:56:17.572028Z,,,,,,,2025-02-28T08:55:57.382460Z,,2025-02-28T08:55:59.151000Z,
HE.KUNI.00.BHZ | 2025-02-28T08:55:30.755195Z - 2025-02-28T08:56:30.755195Z,,,,,,,2025-02-28T08:55:55.785740Z,,2025-02-28T08:55:56.499420Z,
HE.LAUT.00.BHZ | 2025-02-28T08:55:10.444154Z - 2025-02-28T08:56:10.444154Z,,,,,,,2025-02-28T08:55:57.881990Z,,2025-02-28T08:56:00.015950Z,
HE.MEF.00.BHZ | 2025-02-28T08:55:22.867092Z - 2025-02-28T08:56:22.867092Z,,,,,,,2025-02-28T08:56:00.551990Z,,2025-02-28T08:56:04.734000Z,
HE.NUR.00.SHZ | 2025-02-28T08:55:25.837931Z - 2025-02-28T08:56:25.837931Z,,,,,,,2025-02-28T08:55:59.676870Z,,2025-02-28T08:56:03.185080Z,
HE.RSUO.00.BHZ | 2025-02-28T08:55:41.229802Z - 2025-02-28T08:56:41.229802Z,,,,,,,2025-02-28T08:55:56.809170Z,,,
HE.VUOS.00.BHZ | 2025-02-28T08:55:31.775058Z - 2025-02-28T08:56:31.775058Z,,,,,,,2025-02-28T08:55:57.447460Z,,2025-02-28T08:55:59.166050Z,
FN.MSF.00.BHZ | 2025-02-28T09:59:43.427555Z - 2025-02-28T10:00:43.427555Z,,,,,,,2025-02-28T09:59:50.854330Z,,2025-02-28T10:00:16.605560Z,
FN.OUL.00.BHZ | 2025-02-28T09:59:03.393890Z - 2025-02-28T10:00:03.393890Z,,,,,,,2025-02-28T09:59:36.604580Z,,2025-02-28T09:59:51.060150Z,
FN.RANF.00.?HZ | 2025-02-28T09:59:28.277902Z - 2025-02-28T10:00:28.277902Z,,,,,,,2025-02-28T09:59:50.099050Z,,2025-02-28T10:00:14.582420Z,
HE.KAF.00.?HZ | 2025-02-28T09:59:36.935807Z - 2025-02-28T10:00:36.935807Z,,,,,,,2025-02-28T09:59:51.869220Z,,2025-02-28T10:00:18.487560Z,
HE.KEF.00.?HZ | 2025-02-28T09:59:37.958898Z - 2025-02-28T10:00:37.958898Z,,,,,,,2025-02-28T09:59:55.459180Z,,2025-02-28T10:00:22.863200Z,
HE.KJNF.00.CZ | 2025-02-28T09:58:33.026574Z - 2025-02-28T09:59:33.026574Z,,,,,,,2025-02-28T09:59:20.152020Z,,2025-02-28T09:59:23.400380Z,
HE.KU1.00.SHZ | 2025-02-28T09:59:39.277183Z - 2025-02-28T10:00:39.277183Z,,,,,,,2025-02-28T09:59:47.374700Z,,2025-02-28T10:00:10.771370Z,
HE.KU2.00.SHZ | 2025-02-28T09:59:23.751001Z - 2025-02-28T10:00:23.751001Z,,,,,,,2025-02-28T09:59:46.577280Z,,2025-02-28T10:00:07.571970Z,
HE.NIF.00.BHZ | 2025-02-28T09:59:01.916041Z - 2025-02-28T10:00:01.916041Z,,,,,,,2025-02-28T09:59:29.490440Z,,2025-02-28T09:59:39.620440Z,
HE.OBF0.00.BHZ | 2025-02-28T09:59:08.049017Z - 2025-02-28T10:00:08.049017Z,,,,,,,2025-02-28T09:59:40.125470Z,,2025-02-28T09:59:57.309070Z,
HE.OBF3.00.BHZ | 2025-02-28T09:59:26.544270Z - 2025-02-28T10:00:26.544270Z,,,,,,,2025-02-28T09:59:39.246490Z,,2025-02-28T09:59:55.711520Z,
HE.OUF.00.BHZ | 2025-02-28T09:59:16.629593Z - 2025-02-28T10:00:16.629593Z,,,,,,,2025-02-28T09:59:35.779940Z,,2025-02-28T09:59:49.924380Z,
HE.RMF.00.BHZ | 2025-02-28T09:59:19.095946Z - 2025-02-28T10:00:19.095946Z,,,,,,,2025-02-28T09:59:37.660730Z,,2025-02-28T09:59:53.217870Z,
HE.SUF.00.BHZ | 2025-02-28T09:59:32.643827Z - 2025-02-28T10:00:32.643827Z,,,,,,,2025-02-28T09:59:42.302540Z,,2025-02-28T10:00:01.094920Z,
HE.VAF.00.BHZ | 2025-02-28T09:59:47.840119Z - 2025-02-28T10:00:47.840119Z,,,,,,,2025-02-28T09:59:55.840320Z,,2025-02-28T10:00:24.933400Z,
HE.FIA0.00.SHZ | 2025-02-28T07:57:25.962950Z - 2025-02-28T07:58:25.962950Z,,,,,,,2025-02-28T07:58:16.400000Z,,,
HE.HEL1.00.BHZ | 2025-02-28T07:58:40.735499Z - 2025-02-28T07:59:40.735499Z,,,,,,,,,2025-02-28T07:58:56.820000Z,
HE.HEL5.00.BHZ | 2025-02-28T07:58:18.635370Z - 2025-02-28T07:59:18.635370Z,,,,,,,2025-02-28T07:58:29.520000Z,,2025-02-28T07:59:00.160000Z,
HE.JOF.00.BHZ | 2025-02-28T07:58:14.539721Z - 2025-02-28T07:59:14.539721Z,,,,,,,2025-02-28T07:58:30.080000Z,,2025-02-28T07:58:59.520000Z,
HE.KAF.00.BHZ | 2025-02-28T07:58:14.787419Z - 2025-02-28T07:59:14.787419Z,,,,,,,2025-02-28T07:58:22.200000Z,,2025-02-28T07:58:47.320000Z,
HE.KEF.00.BHZ | 2025-02-28T07:58:15.512570Z - 2025-02-28T07:59:15.512570Z,,,,,,,2025-02-28T07:58:30.840000Z,,2025-02-28T07:59:04.360000Z,
HE.KORF.00.BHZ | 2025-02-28T07:58:45.472444Z - 2025-02-28T07:59:45.472444Z,,,,,,,2025-02-28T07:58:58.420000Z,,,
HE.KUNI.00.BHZ | 2025-02-28T07:58:09.206163Z - 2025-02-28T07:59:09.206163Z,,,,,,,2025-02-28T07:58:26.840000Z,,2025-02-28T07:58:57.340000Z,
HE.KY17.00.BHZ | 2025-02-28T07:57:41.734561Z - 2025-02-28T07:58:41.734561Z,,,,,,,2025-02-28T07:58:06.780000Z,,2025-02-28T07:58:20.580000Z,
HE.LAUT.00.BHZ | 2025-02-28T07:58:29.849197Z - 2025-02-28T07:59:29.849197Z,,,,,,,,,2025-02-28T07:58:56.320000Z,
HE.MEF.00.BHZ | 2025-02-28T07:58:22.447553Z - 2025-02-28T07:59:22.447553Z,,,,,,,2025-02-28T07:58:30.330000Z,,2025-02-28T07:59:04.880000Z,
HE.NIF.00.BHZ | 2025-02-28T07:58:20.803526Z - 2025-02-28T07:59:20.803526Z,,,,,,,2025-02-28T07:58:34.680000Z,,2025-02-28T07:59:08.280000Z,
HE.NUR.00.BHZ | 2025-02-28T07:58:21.456395Z - 2025-02-28T07:59:21.456395Z,,,,,,,2025-02-28T07:58:27.400000Z,,2025-02-28T07:58:56.800000Z,
HE.OUF.00.BHZ | 2025-02-28T07:58:33.798690Z - 2025-02-28T07:59:33.798690Z,,,,,,,2025-02-28T07:59:03.160000Z,,,
HE.OUF.00.BHZ | 2025-02-28T07:59:51.118491Z - 2025-02-28T08:00:51.118491Z,,,,,,,,,2025-02-28T07:59:56.640000Z,
HE.PVF.00.BHZ | 2025-02-28T07:57:47.630032Z - 2025-02-28T07:58:47.630032Z,,,,,,,2025-02-28T07:58:17.400000Z,,2025-02-28T07:58:39.740000Z,
HE.RAF.00.BHZ | 2025-02-28T07:58:39.671078Z - 2025-02-28T07:59:39.671078Z,,,,,,,2025-02-28T07:58:47.830000Z,,2025-02-28T07:59:30.560000Z,
HE.RMF.00.BHZ | 2025-02-28T07:58:29.452876Z - 2025-02-28T07:59:29.452876Z,,,,,,,2025-02-28T07:58:46.640000Z,,,
HE.RUF.00.BHZ | 2025-02-28T07:57:24.660995Z - 2025-02-28T07:58:24.660995Z,,,,,,,2025-02-28T07:57:59.840000Z,,2025-02-28T07:58:07.220000Z,
HE.SUF.00.BHZ | 2025-02-28T07:58:06.845608Z - 2025-02-28T07:59:06.845608Z,,,,,,,2025-02-28T07:58:30.480000Z,,2025-02-28T07:59:01.280000Z,
HE.TRE03.00.BHZ | 2025-02-28T07:58:15.666469Z - 2025-02-28T07:59:15.666469Z,,,,,,,2025-02-28T07:58:32.480000Z,,2025-02-28T07:59:06.880000Z,
HE.TVF.00.BHZ | 2025-02-28T07:58:37.843274Z - 2025-02-28T07:59:37.843274Z,,,,,,,2025-02-28T07:58:42.900000Z,,,
HE.VAF.00.BHZ | 2025-02-28T07:58:23.204512Z - 2025-02-28T07:59:23.204512Z,,,,,,,2025-02-28T07:58:50.330000Z,,,
HE.VJF.00.BHZ | 2025-02-28T07:57:36.564692Z - 2025-02-28T07:58:36.564692Z,,,,,,,2025-02-28T07:58:03.940000Z,,2025-02-28T07:58:14.980000Z,
HE.VUOS.00.BHZ | 2025-02-28T07:58:18.096362Z - 2025-02-28T07:59:18.096362Z,,,,,,,2025-02-28T07:58:25.480000Z,,2025-02-28T07:58:53.180000Z,
HE.JOF.00.BHZ | 2025-02-28T10:38:17.651075Z - 2025-02-28T10:39:17.651075Z,,,,,,,2025-02-28T10:38:40.929290Z,,2025-02-28T10:38:42.052790Z,
HE.KAF.00.?HZ | 2025-02-28T10:39:01.900187Z - 2025-02-28T10:40:01.900187Z,,,,,,,2025-02-28T10:39:23.233420Z,,2025-02-28T10:39:55.267390Z,
HE.KJNF.00.CZ | 2025-02-28T10:39:08.671249Z - 2025-02-28T10:40:08.671249Z,,,,,,,,,2025-02-28T10:39:44.185750Z,
HE.NIF.00.BHZ | 2025-02-28T10:38:37.051841Z - 2025-02-28T10:39:37.051841Z,,,,,,,2025-02-28T10:39:09.038760Z,,2025-02-28T10:39:30.599170Z,
HE.RMF.00.BHZ | 2025-02-28T10:38:45.672719Z - 2025-02-28T10:39:45.672719Z,,,,,,,2025-02-28T10:39:04.655730Z,,2025-02-28T10:39:23.097560Z,
HE.RUF.00.BHN | 2025-02-28T10:39:04.720857Z - 2025-02-28T10:40:04.720857Z,,,,,,,2025-02-28T10:39:13.752600Z,,2025-02-28T10:39:38.975910Z,
HE.SUF.00.BHZ | 2025-02-28T10:39:05.182621Z - 2025-02-28T10:40:05.182621Z,,,,,,,2025-02-28T10:39:23.137130Z,,2025-02-28T10:39:52.118730Z,
HE.HEL5.00.BHZ | 2025-02-28T09:00:19.075454Z - 2025-02-28T09:01:19.075454Z,,,,,,,2025-02-28T09:00:32.236780Z,,2025-02-28T09:00:33.882140Z,
HE.RSUO.00.BHZ | 2025-02-28T09:00:00.269016Z - 2025-02-28T09:01:00.269016Z,,,,,,,2025-02-28T09:00:32.257370Z,,2025-02-28T09:00:33.574880Z,
HE.HEL1.00.BHZ | 2025-02-28T08:59:30.033352Z - 2025-02-28T09:00:30.033352Z,,,,,,,2025-02-28T09:00:15.695460Z,,2025-02-28T09:00:19.665270Z,
HE.VUOS.00.BHZ | 2025-02-28T08:59:40.640760Z - 2025-02-28T09:00:40.640760Z,,,,,,,2025-02-28T09:00:17.893110Z,,2025-02-28T09:00:23.591900Z,
