file_name,network,station,instrument_type,station_lat,station_lon,station_elv,p_arrival_time,p_probability,s_arrival_time,s_probability
FN.KLF.00.BHZ | 2025-01-01T09:22:02.766970Z - 2025-01-01T09:23:02.766970Z,,,,,,,2025-01-01T09:22:07.766970Z,,2025-01-01T09:22:17.997750Z,
FN.RNF.00.BHZ | 2025-01-01T09:22:18.810700Z - 2025-01-01T09:23:18.810700Z,,,,,,,2025-01-01T09:22:23.810700Z,,2025-01-01T09:22:45.899900Z,
FN.SGF.00.BHZ | 2025-01-01T09:22:12.997750Z - 2025-01-01T09:23:12.997750Z,,,,,,,2025-01-01T09:22:17.997750Z,,2025-01-01T09:22:36.134150Z,
HE.HEF.00.BHZ | 2025-01-01T09:21:57.651570Z - 2025-01-01T09:22:57.651570Z,,,,,,,2025-01-01T09:22:02.651570Z,,2025-01-01T09:22:09.394590Z,
FN.KLF.00.BHZ | 2025-01-02T04:42:08.358870Z - 2025-01-02T04:43:08.358870Z,,,,,,,2025-01-02T04:42:13.358870Z,,2025-01-02T04:42:15.937140Z,
FN.RANF.00.?HZ | 2025-01-02T04:42:30.880380Z - 2025-01-02T04:43:30.880380Z,,,,,,,2025-01-02T04:42:35.880380Z,,2025-01-02T04:42:55.776230Z,
FN.RNF.00.BHZ | 2025-01-02T04:42:20.751990Z - 2025-01-02T04:43:20.751990Z,,,,,,,2025-01-02T04:42:25.751990Z,,2025-01-02T04:42:37.124360Z,
FN.SGF.00.BHZ | 2025-01-02T04:42:22.981090Z - 2025-01-02T04:43:22.981090Z,,,,,,,2025-01-02T04:42:27.981090Z,,2025-01-02T04:42:41.093150Z,
HE.HEF.00.BHZ | 2025-01-02T04:42:28.786080Z - 2025-01-02T04:43:28.786080Z,,,,,,,2025-01-02T04:42:33.786080Z,,2025-01-02T04:42:51.507080Z,
HE.TOF.00.BHZ | 2025-01-02T04:42:22.459210Z - 2025-01-02T04:43:22.459210Z,,,,,,,2025-01-02T04:42:27.459210Z,,2025-01-02T04:42:40.440810Z,
HE.ALAJF.00.?HZ | 2025-01-05T04:55:08.299340Z - 2025-01-05T04:56:08.299340Z,,,,,,,2025-01-05T04:55:13.299340Z,,2025-01-05T04:55:37.805340Z,
HE.OBF0.00.BHZ | 2025-01-05T04:55:00.540430Z - 2025-01-05T04:56:00.540430Z,,,,,,,2025-01-05T04:55:05.540430Z,,2025-01-05T04:55:24.605580Z,
HE.OBF3.00.BHZ | 2025-01-05T04:55:04.202760Z - 2025-01-05T04:56:04.202760Z,,,,,,,2025-01-05T04:55:09.202760Z,,2025-01-05T04:55:30.734050Z,
HE.OBF8.00.BHZ | 2025-01-05T04:54:54.756830Z - 2025-01-05T04:55:54.756830Z,,,,,,,2025-01-05T04:54:59.756830Z,,2025-01-05T04:55:14.177560Z,
HE.OUF.00.BHZ | 2025-01-05T04:55:03.867640Z - 2025-01-05T04:56:03.867640Z,,,,,,,2025-01-05T04:55:08.867640Z,,2025-01-05T04:55:31.175280Z,
HE.TOF.00.BHZ | 2025-01-05T04:55:39.682040Z - 2025-01-05T04:56:39.682040Z,,,,,,,,,2025-01-05T04:55:44.682040Z,
HE.VAF.00.BHZ | 2025-01-05T04:55:03.662550Z - 2025-01-05T04:56:03.662550Z,,,,,,,2025-01-05T04:55:08.662550Z,,2025-01-05T04:55:29.562850Z,
FN.KLF.00.BHZ | 2025-01-05T16:19:45.469450Z - 2025-01-05T16:20:45.469450Z,,,,,,,2025-01-05T16:19:50.469450Z,,2025-01-05T16:19:59.978880Z,
FN.RNF.00.BHZ | 2025-01-05T16:20:02.781330Z - 2025-01-05T16:21:02.781330Z,,,,,,,2025-01-05T16:20:07.781330Z,,2025-01-05T16:20:30.840280Z,
FN.SGF.00.BHZ | 2025-01-05T16:20:20.159430Z - 2025-01-05T16:21:20.159430Z,,,,,,,,,2025-01-05T16:20:25.159430Z,
HE.HEF.00.BHZ | 2025-01-05T16:19:47.016810Z - 2025-01-05T16:20:47.016810Z,,,,,,,2025-01-05T16:19:52.016810Z,,2025-01-05T16:20:02.569680Z,
HE.TOF.00.BHZ | 2025-01-05T16:20:27.265490Z - 2025-01-05T16:21:27.265490Z,,,,,,,,,2025-01-05T16:20:32.265490Z,
FN.OUL.00.BHZ | 2025-01-07T04:14:27.543550Z - 2025-01-07T04:15:27.543550Z,,,,,,,2025-01-07T04:14:32.543550Z,,2025-01-07T04:14:44.030860Z,
FN.RANF.00.?HZ | 2025-01-07T04:15:07.852160Z - 2025-01-07T04:16:07.852160Z,,,,,,,,,2025-01-07T04:15:12.852160Z,
HE.ALAJF.00.?HZ | 2025-01-07T04:14:33.872210Z - 2025-01-07T04:15:33.872210Z,,,,,,,2025-01-07T04:14:38.872210Z,,2025-01-07T04:14:54.622700Z,
HE.KJNF.00.CZ | 2025-01-07T04:14:34.193560Z - 2025-01-07T04:15:34.193560Z,,,,,,,2025-01-07T04:14:39.193560Z,,2025-01-07T04:14:55.297670Z,
HE.KU2.00.SHZ | 2025-01-07T04:15:12.042990Z - 2025-01-07T04:16:12.042990Z,,,,,,,,,2025-01-07T04:15:17.042990Z,
HE.NIF.00.BHZ | 2025-01-07T04:15:01.876000Z - 2025-01-07T04:16:01.876000Z,,,,,,,,,2025-01-07T04:15:06.876000Z,
HE.OBF0.00.BHZ | 2025-01-07T04:14:16.867510Z - 2025-01-07T04:15:16.867510Z,,,,,,,2025-01-07T04:14:21.867510Z,,2025-01-07T04:14:25.787680Z,
HE.OBF3.00.BHZ | 2025-01-07T04:14:20.278110Z - 2025-01-07T04:15:20.278110Z,,,,,,,2025-01-07T04:14:25.278110Z,,2025-01-07T04:14:31.822340Z,
HE.OBF8.00.BHZ | 2025-01-07T04:14:21.656300Z - 2025-01-07T04:15:21.656300Z,,,,,,,2025-01-07T04:14:26.656300Z,,2025-01-07T04:14:34.006540Z,
HE.OUF.00.BHZ | 2025-01-07T04:14:14.439740Z - 2025-01-07T04:15:14.439740Z,,,,,,,2025-01-07T04:14:19.439740Z,,2025-01-07T04:14:21.617350Z,
HE.SUF.00.BHZ | 2025-01-07T04:14:42.241090Z - 2025-01-07T04:15:42.241090Z,,,,,,,2025-01-07T04:14:47.241090Z,,2025-01-07T04:15:09.264360Z,
HE.TOF.00.BHZ | 2025-01-07T04:14:41.609540Z - 2025-01-07T04:15:41.609540Z,,,,,,,2025-01-07T04:14:46.609540Z,,2025-01-07T04:15:08.753810Z,
HE.VAF.00.BHZ | 2025-01-07T04:14:39.441190Z - 2025-01-07T04:15:39.441190Z,,,,,,,2025-01-07T04:14:44.441190Z,,2025-01-07T04:15:04.903010Z,
HE.ALAJF.00.?HZ | 2025-01-09T03:40:48.632710Z - 2025-01-09T03:41:48.632710Z,,,,,,,,,2025-01-09T03:40:53.632710Z,
HE.OBF0.00.BHZ | 2025-01-09T03:40:19.845980Z - 2025-01-09T03:41:19.845980Z,,,,,,,2025-01-09T03:40:24.845980Z,,2025-01-09T03:40:43.894450Z,
HE.OBF3.00.BHZ | 2025-01-09T03:40:24.126530Z - 2025-01-09T03:41:24.126530Z,,,,,,,2025-01-09T03:40:29.126530Z,,2025-01-09T03:40:51.492430Z,
HE.OBF8.00.BHZ | 2025-01-09T03:40:13.967110Z - 2025-01-09T03:41:13.967110Z,,,,,,,2025-01-09T03:40:18.967110Z,,2025-01-09T03:40:33.501850Z,
HE.OUF.00.BHZ | 2025-01-09T03:40:23.276900Z - 2025-01-09T03:41:23.276900Z,,,,,,,2025-01-09T03:40:28.276900Z,,2025-01-09T03:40:49.913980Z,
HE.VAF.00.BHZ | 2025-01-09T03:40:19.845980Z - 2025-01-09T03:41:19.845980Z,,,,,,,2025-01-09T03:40:24.845980Z,,2025-01-09T03:40:44.001460Z,
HE.ALAJF.00.?HZ | 2025-01-08T10:50:46.233030Z - 2025-01-08T10:51:46.233030Z,,,,,,,,,2025-01-08T10:50:51.233030Z,
HE.OBF0.00.BHZ | 2025-01-08T10:50:33.735130Z - 2025-01-08T10:51:33.735130Z,,,,,,,,,2025-01-08T10:50:38.735130Z,
HE.OUF.00.BHZ | 2025-01-08T10:50:39.982300Z - 2025-01-08T10:51:39.982300Z,,,,,,,,,2025-01-08T10:50:44.982300Z,
HE.TOF.00.BHZ | 2025-01-08T10:50:52.901630Z - 2025-01-08T10:51:52.901630Z,,,,,,,,,2025-01-08T10:50:57.901630Z,
HE.VAF.00.BHZ | 2025-01-08T10:50:16.739240Z - 2025-01-08T10:51:16.739240Z,,,,,,,2025-01-08T10:50:21.739240Z,,2025-01-08T10:50:43.298970Z,
FN.KLF.00.BHZ | 2025-01-08T18:35:19.766860Z - 2025-01-08T18:36:19.766860Z,,,,,,,2025-01-08T18:35:24.766860Z,,2025-01-08T18:35:45.798790Z,
HE.HEF.00.BHZ | 2025-01-08T18:35:46.874680Z - 2025-01-08T18:36:46.874680Z,,,,,,,,,2025-01-08T18:35:51.874680Z,
HE.KIF.00.BHZ | 2025-01-08T18:35:44.771490Z - 2025-01-08T18:36:44.771490Z,,,,,,,,,2025-01-08T18:35:49.771490Z,
HE.OBF0.00.BHZ | 2025-01-06T06:03:57.790000Z - 2025-01-06T06:04:57.790000Z,,,,,,,,,2025-01-06T06:04:02.790000Z,
HE.OUF.00.BHZ | 2025-01-06T06:04:04.230000Z - 2025-01-06T06:05:04.230000Z,,,,,,,,,2025-01-06T06:04:09.230000Z,
HE.VAF.00.BHZ | 2025-01-06T06:03:37.980000Z - 2025-01-06T06:04:37.980000Z,,,,,,,2025-01-06T06:03:42.980000Z,,2025-01-06T06:04:03.640000Z,
FN.KLF.00.BHZ | 2025-01-06T19:02:24.940000Z - 2025-01-06T19:03:24.940000Z,,,,,,,,,2025-01-06T19:02:29.940000Z,
FN.OUL.00.BHZ | 2025-01-06T19:02:10.550000Z - 2025-01-06T19:03:10.550000Z,,,,,,,,,2025-01-06T19:02:15.550000Z,
FN.RANF.00.?HZ | 2025-01-06T19:02:21.690000Z - 2025-01-06T19:03:21.690000Z,,,,,,,,,2025-01-06T19:02:26.690000Z,
FN.RNF.00.BHZ | 2025-01-06T19:02:21.920000Z - 2025-01-06T19:03:21.920000Z,,,,,,,,,2025-01-06T19:02:26.920000Z,
HE.OBF0.00.BHZ | 2025-01-06T19:02:05.210000Z - 2025-01-06T19:03:05.210000Z,,,,,,,,,2025-01-06T19:02:10.210000Z,
HE.OBF3.00.BHZ | 2025-01-06T19:02:01.730000Z - 2025-01-06T19:03:01.730000Z,,,,,,,,,2025-01-06T19:02:06.730000Z,
HE.OUF.00.BHZ | 2025-01-06T19:02:11.940000Z - 2025-01-06T19:03:11.940000Z,,,,,,,,,2025-01-06T19:02:16.940000Z,
HE.TOF.00.BHZ | 2025-01-06T19:01:46.060000Z - 2025-01-06T19:02:46.060000Z,,,,,,,2025-01-06T19:01:51.060000Z,,2025-01-06T19:02:01.860000Z,
HE.OBF0.00.BHZ | 2025-01-06T12:27:12.640000Z - 2025-01-06T12:28:12.640000Z,,,,,,,,,2025-01-06T12:27:17.640000Z,
HE.OBF8.00.BHZ | 2025-01-06T12:27:02.890000Z - 2025-01-06T12:28:02.890000Z,,,,,,,,,2025-01-06T12:27:07.890000Z,
HE.VAF.00.BHZ | 2025-01-06T12:26:53.610000Z - 2025-01-06T12:27:53.610000Z,,,,,,,2025-01-06T12:26:58.610000Z,,2025-01-06T12:27:18.570000Z,
FN.KLF.00.BHZ | 2025-01-10T12:43:51.763880Z - 2025-01-10T12:44:51.763880Z,,,,,,,2025-01-10T12:43:56.763880Z,,2025-01-10T12:44:10.862210Z,
FN.OUL.00.BHZ | 2025-01-10T12:44:34.972130Z - 2025-01-10T12:45:34.972130Z,,,,,,,,,2025-01-10T12:44:39.972130Z,
FN.RANF.00.?HZ | 2025-01-10T12:44:07.281130Z - 2025-01-10T12:45:07.281130Z,,,,,,,2025-01-10T12:44:12.281130Z,,2025-01-10T12:44:36.472240Z,
FN.RNF.00.BHZ | 2025-01-10T12:44:00.923820Z - 2025-01-10T12:45:00.923820Z,,,,,,,2025-01-10T12:44:05.923820Z,,2025-01-10T12:44:26.175320Z,
FN.SGF.00.BHZ | 2025-01-10T12:44:07.219970Z - 2025-01-10T12:45:07.219970Z,,,,,,,2025-01-10T12:44:12.219970Z,,2025-01-10T12:44:39.333130Z,
HE.HEF.00.BHZ | 2025-01-10T12:44:07.906200Z - 2025-01-10T12:45:07.906200Z,,,,,,,2025-01-10T12:44:12.906200Z,,2025-01-10T12:44:40.541110Z,
HE.OBF3.00.BHZ | 2025-01-10T12:44:32.638710Z - 2025-01-10T12:45:32.638710Z,,,,,,,,,2025-01-10T12:44:37.638710Z,
HE.TOF.00.BHZ | 2025-01-10T12:43:49.902780Z - 2025-01-10T12:44:49.902780Z,,,,,,,2025-01-10T12:43:54.902780Z,,2025-01-10T12:44:07.701230Z,
FN.KLF.00.BHZ | 2025-01-12T09:42:43.886340Z - 2025-01-12T09:43:43.886340Z,,,,,,,2025-01-12T09:42:48.886340Z,,2025-01-12T09:43:07.408200Z,
FN.OUL.00.BHZ | 2025-01-12T09:42:41.442480Z - 2025-01-12T09:43:41.442480Z,,,,,,,2025-01-12T09:42:46.442480Z,,2025-01-12T09:43:03.479050Z,
FN.RANF.00.?HZ | 2025-01-12T09:42:44.015770Z - 2025-01-12T09:43:44.015770Z,,,,,,,2025-01-12T09:42:49.015770Z,,2025-01-12T09:43:07.554550Z,
FN.RNF.00.BHZ | 2025-01-12T09:42:43.307600Z - 2025-01-12T09:43:43.307600Z,,,,,,,2025-01-12T09:42:48.307600Z,,2025-01-12T09:43:04.487070Z,
FN.SGF.00.BHZ | 2025-01-12T09:42:54.051100Z - 2025-01-12T09:43:54.051100Z,,,,,,,2025-01-12T09:42:59.051100Z,,2025-01-12T09:43:26.418840Z,
HE.KU2.00.SHZ | 2025-01-12T09:43:20.738320Z - 2025-01-12T09:44:20.738320Z,,,,,,,,,2025-01-12T09:43:25.738320Z,
HE.OBF0.00.BHZ | 2025-01-12T09:42:43.447420Z - 2025-01-12T09:43:43.447420Z,,,,,,,2025-01-12T09:42:48.447420Z,,2025-01-12T09:43:06.010240Z,
HE.OBF3.00.BHZ | 2025-01-12T09:42:39.286450Z - 2025-01-12T09:43:39.286450Z,,,,,,,2025-01-12T09:42:44.286450Z,,2025-01-12T09:42:59.372300Z,
HE.OBF8.00.BHZ | 2025-01-12T09:42:44.672870Z - 2025-01-12T09:43:44.672870Z,,,,,,,2025-01-12T09:42:49.672870Z,,2025-01-12T09:43:09.538240Z,
HE.OUF.00.BHZ | 2025-01-12T09:42:46.330600Z - 2025-01-12T09:43:46.330600Z,,,,,,,2025-01-12T09:42:51.330600Z,,2025-01-12T09:43:11.710840Z,
HE.TOF.00.BHZ | 2025-01-12T09:42:27.059470Z - 2025-01-12T09:43:27.059470Z,,,,,,,2025-01-12T09:42:32.059470Z,,2025-01-12T09:42:38.050460Z,
FN.KLF.00.BHZ | 2025-01-12T17:26:56.208400Z - 2025-01-12T17:27:56.208400Z,,,,,,,2025-01-12T17:27:01.208400Z,,2025-01-12T17:27:22.910220Z,
FN.OUL.00.BHZ | 2025-01-12T17:26:51.255220Z - 2025-01-12T17:27:51.255220Z,,,,,,,2025-01-12T17:26:56.255220Z,,2025-01-12T17:27:13.871820Z,
FN.RANF.00.?HZ | 2025-01-12T17:26:56.105080Z - 2025-01-12T17:27:56.105080Z,,,,,,,2025-01-12T17:27:01.105080Z,,2025-01-12T17:27:22.193880Z,
FN.RNF.00.BHZ | 2025-01-12T17:26:55.324140Z - 2025-01-12T17:27:55.324140Z,,,,,,,2025-01-12T17:27:00.324140Z,,2025-01-12T17:27:20.868420Z,
HE.OBF0.00.BHZ | 2025-01-12T17:27:05.461600Z - 2025-01-12T17:28:05.461600Z,,,,,,,,,2025-01-12T17:27:10.461600Z,
HE.OBF3.00.BHZ | 2025-01-12T17:26:46.205160Z - 2025-01-12T17:27:46.205160Z,,,,,,,2025-01-12T17:26:51.205160Z,,2025-01-12T17:27:05.834490Z,
HE.OUF.00.BHZ | 2025-01-12T17:26:52.532430Z - 2025-01-12T17:27:52.532430Z,,,,,,,2025-01-12T17:26:57.532430Z,,2025-01-12T17:27:17.069290Z,
HE.TOF.00.BHZ | 2025-01-12T17:26:40.018480Z - 2025-01-12T17:27:40.018480Z,,,,,,,2025-01-12T17:26:45.018480Z,,2025-01-12T17:26:54.608820Z,
HE.ECKF.00.CZ | 2025-01-12T20:07:32.052100Z - 2025-01-12T20:08:32.052100Z,,,,,,,2025-01-12T20:07:37.052100Z,,,
HE.KPF.00.BHZ | 2025-01-12T20:07:42.672140Z - 2025-01-12T20:08:42.672140Z,,,,,,,2025-01-12T20:07:47.672140Z,,,
HE.ECKF.00.CZ | 2025-01-12T20:08:48.717110Z - 2025-01-12T20:09:48.717110Z,,,,,,,,,2025-01-12T20:08:53.717110Z,
HE.KPF.00.BHZ | 2025-01-12T20:09:09.374150Z - 2025-01-12T20:10:09.374150Z,,,,,,,,,2025-01-12T20:09:14.374150Z,
HE.ECKF.00.CZ | 2025-01-13T03:41:21.332310Z - 2025-01-13T03:42:21.332310Z,,,,,,,2025-01-13T03:41:26.332310Z,,2025-01-13T03:41:50.856800Z,
HE.KPF.00.BHZ | 2025-01-13T03:42:05.311520Z - 2025-01-13T03:43:05.311520Z,,,,,,,,,2025-01-13T03:42:10.311520Z,
HE.RAF.00.BHZ | 2025-01-13T03:41:29.585510Z - 2025-01-13T03:42:29.585510Z,,,,,,,2025-01-13T03:41:34.585510Z,,2025-01-13T03:42:08.516310Z,
UP.AAL.00.BHZ | 2025-01-13T03:41:25.109480Z - 2025-01-13T03:42:25.109480Z,,,,,,,2025-01-13T03:41:30.109480Z,,2025-01-13T03:41:58.069180Z,
FN.MSF.00.BHZ | 2025-01-14T15:08:26.370000Z - 2025-01-14T15:09:26.370000Z,,,,,,,2025-01-14T15:08:31.370000Z,,2025-01-14T15:08:33.790000Z,
FN.OLKF.00.BHZ | 2025-01-14T15:08:30.530000Z - 2025-01-14T15:09:30.530000Z,,,,,,,2025-01-14T15:08:35.530000Z,,2025-01-14T15:08:40.870000Z,
FN.OUL.00.BHZ | 2025-01-14T15:09:09.180000Z - 2025-01-14T15:10:09.180000Z,,,,,,,,,2025-01-14T15:09:14.180000Z,
FN.RANF.00.?HZ | 2025-01-14T15:08:38.460000Z - 2025-01-14T15:09:38.460000Z,,,,,,,2025-01-14T15:08:43.460000Z,,2025-01-14T15:08:54.730000Z,
FN.RNF.00.BHZ | 2025-01-14T15:09:03.270000Z - 2025-01-14T15:10:03.270000Z,,,,,,,,,2025-01-14T15:09:08.270000Z,
FN.SGF.00.BHZ | 2025-01-14T15:09:14.400000Z - 2025-01-14T15:10:14.400000Z,,,,,,,,,2025-01-14T15:09:19.400000Z,
HE.KU1.00.SHZ | 2025-01-14T15:08:32.300000Z - 2025-01-14T15:09:32.300000Z,,,,,,,2025-01-14T15:08:37.300000Z,,2025-01-14T15:08:43.820000Z,
HE.KU2.00.SHZ | 2025-01-14T15:08:30.370000Z - 2025-01-14T15:09:30.370000Z,,,,,,,2025-01-14T15:08:35.370000Z,,2025-01-14T15:08:40.730000Z,
HE.KU6.00.BHZ | 2025-01-14T15:08:30.670000Z - 2025-01-14T15:09:30.670000Z,,,,,,,2025-01-14T15:08:35.670000Z,,2025-01-14T15:08:41.150000Z,
HE.RMF.00.BHZ | 2025-01-14T15:09:16.449250Z - 2025-01-14T15:10:16.449250Z,,,,,,,,,2025-01-14T15:09:21.449250Z,
HE.VRF.00.BHZ | 2025-01-14T15:09:15.470000Z - 2025-01-14T15:10:15.470000Z,,,,,,,,,2025-01-14T15:09:20.470000Z,
HE.FIA0.00.?HZ | 2025-01-15T09:03:39.541900Z - 2025-01-15T09:04:39.541900Z,,,,,,,2025-01-15T09:03:44.541900Z,,2025-01-15T09:03:59.075620Z,
HE.FIA1.00.?HZ | 2025-01-15T09:03:39.541900Z - 2025-01-15T09:04:39.541900Z,,,,,,,2025-01-15T09:03:44.541900Z,,2025-01-15T09:03:59.075620Z,
HE.HEL1.00.BHZ | 2025-01-15T09:03:41.471590Z - 2025-01-15T09:04:41.471590Z,,,,,,,2025-01-15T09:03:46.471590Z,,2025-01-15T09:04:01.883810Z,
HE.HEL5.00.BHZ | 2025-01-15T09:03:59.352580Z - 2025-01-15T09:04:59.352580Z,,,,,,,,,2025-01-15T09:04:04.352580Z,
HE.KAF.00.?HZ | 2025-01-15T09:03:50.057760Z - 2025-01-15T09:04:50.057760Z,,,,,,,2025-01-15T09:03:55.057760Z,,2025-01-15T09:04:16.767740Z,
HE.KEF.00.?HZ | 2025-01-15T09:03:55.352760Z - 2025-01-15T09:04:55.352760Z,,,,,,,2025-01-15T09:04:00.352760Z,,2025-01-15T09:04:27.320380Z,
HE.KUNI.00.BHZ | 2025-01-15T09:03:40.758680Z - 2025-01-15T09:04:40.758680Z,,,,,,,2025-01-15T09:03:45.758680Z,,2025-01-15T09:04:00.562790Z,
HE.KY02.00.CZ | 2025-01-15T09:03:29.189020Z - 2025-01-15T09:04:29.189020Z,,,,,,,2025-01-15T09:03:34.189020Z,,2025-01-15T09:03:40.832100Z,
HE.KY17.00.CZ | 2025-01-15T09:03:28.293570Z - 2025-01-15T09:04:28.293570Z,,,,,,,2025-01-15T09:03:33.293570Z,,2025-01-15T09:03:39.176990Z,
HE.LAUT.00.BHZ | 2025-01-15T09:03:41.979570Z - 2025-01-15T09:04:41.979570Z,,,,,,,2025-01-15T09:03:46.979570Z,,2025-01-15T09:04:02.251060Z,
HE.LOVF.00.CZ | 2025-01-15T09:03:28.254860Z - 2025-01-15T09:04:28.254860Z,,,,,,,2025-01-15T09:03:33.254860Z,,2025-01-15T09:03:39.060870Z,
HE.MEF.00.BHZ | 2025-01-15T09:03:45.465020Z - 2025-01-15T09:04:45.465020Z,,,,,,,2025-01-15T09:03:50.465020Z,,2025-01-15T09:04:08.835970Z,
HE.NUR.00.SHZ | 2025-01-15T09:03:58.726870Z - 2025-01-15T09:04:58.726870Z,,,,,,,,,2025-01-15T09:04:03.726870Z,
HE.PVF.00.CZ | 2025-01-15T09:03:31.995960Z - 2025-01-15T09:04:31.995960Z,,,,,,,2025-01-15T09:03:36.995960Z,,2025-01-15T09:03:45.354390Z,
HE.RUF.00.BHZ | 2025-01-15T09:03:42.825270Z - 2025-01-15T09:04:42.825270Z,,,,,,,2025-01-15T09:03:47.825270Z,,2025-01-15T09:04:04.461930Z,
HE.SUF.00.BHZ | 2025-01-15T09:03:59.107470Z - 2025-01-15T09:04:59.107470Z,,,,,,,2025-01-15T09:04:04.107470Z,,2025-01-15T09:04:34.274100Z,
HE.TRE03.00.CZ | 2025-01-15T09:03:52.683170Z - 2025-01-15T09:04:52.683170Z,,,,,,,2025-01-15T09:03:57.683170Z,,2025-01-15T09:04:22.006640Z,
HE.TVF.00.BHZ | 2025-01-15T09:03:56.125880Z - 2025-01-15T09:04:56.125880Z,,,,,,,2025-01-15T09:04:01.125880Z,,2025-01-15T09:04:28.293320Z,
HE.VJF.00.?HZ | 2025-01-15T09:03:23.685660Z - 2025-01-15T09:04:23.685660Z,,,,,,,2025-01-15T09:03:28.685660Z,,2025-01-15T09:03:31.293870Z,
HE.VUOS.00.BHZ | 2025-01-15T09:03:39.068710Z - 2025-01-15T09:04:39.068710Z,,,,,,,2025-01-15T09:03:44.068710Z,,2025-01-15T09:03:57.926450Z,
FN.KLF.00.BHZ | 2025-01-15T10:54:32.573410Z - 2025-01-15T10:55:32.573410Z,,,,,,,2025-01-15T10:54:37.573410Z,,2025-01-15T10:54:46.739170Z,
FN.MSF.00.BHZ | 2025-01-15T10:55:31.932400Z - 2025-01-15T10:56:31.932400Z,,,,,,,,,2025-01-15T10:55:36.932400Z,
FN.OUL.00.BHZ | 2025-01-15T10:54:53.027560Z - 2025-01-15T10:55:53.027560Z,,,,,,,2025-01-15T10:54:58.027560Z,,2025-01-15T10:55:22.304180Z,
FN.RANF.00.?HZ | 2025-01-15T10:54:48.438980Z - 2025-01-15T10:55:48.438980Z,,,,,,,2025-01-15T10:54:53.438980Z,,2025-01-15T10:55:14.523210Z,
FN.RNF.00.BHZ | 2025-01-15T10:54:41.080480Z - 2025-01-15T10:55:41.080480Z,,,,,,,2025-01-15T10:54:46.080480Z,,2025-01-15T10:55:01.355850Z,
FN.SGF.00.BHZ | 2025-01-15T10:54:47.617260Z - 2025-01-15T10:55:47.617260Z,,,,,,,2025-01-15T10:54:52.617260Z,,2025-01-15T10:55:13.476370Z,
HE.HEF.00.BHZ | 2025-01-15T10:54:51.082320Z - 2025-01-15T10:55:51.082320Z,,,,,,,2025-01-15T10:54:56.082320Z,,2025-01-15T10:55:19.113980Z,
HE.KU2.00.SHZ | 2025-01-15T10:55:28.664390Z - 2025-01-15T10:56:28.664390Z,,,,,,,,,2025-01-15T10:55:33.664390Z,
HE.OBF0.00.BHZ | 2025-01-15T10:54:57.540520Z - 2025-01-15T10:55:57.540520Z,,,,,,,2025-01-15T10:55:02.540520Z,,2025-01-15T10:55:30.474190Z,
HE.OBF3.00.BHZ | 2025-01-15T10:54:53.338800Z - 2025-01-15T10:55:53.338800Z,,,,,,,2025-01-15T10:54:58.338800Z,,2025-01-15T10:55:23.004470Z,
HE.OUF.00.BHZ | 2025-01-15T10:55:30.920870Z - 2025-01-15T10:56:30.920870Z,,,,,,,,,2025-01-15T10:55:35.920870Z,
HE.TOF.00.BHZ | 2025-01-15T10:54:33.430610Z - 2025-01-15T10:55:33.430610Z,,,,,,,2025-01-15T10:54:38.430610Z,,2025-01-15T10:54:48.120600Z,
HE.HEF.00.BHZ | 2025-01-15T01:28:15.498180Z - 2025-01-15T01:29:15.498180Z,,,,,,,2025-01-15T01:28:20.498180Z,,2025-01-15T01:28:53.530970Z,
HE.KIF.00.BHZ | 2025-01-15T01:27:59.746420Z - 2025-01-15T01:28:59.746420Z,,,,,,,2025-01-15T01:28:04.746420Z,,2025-01-15T01:28:25.833090Z,
FN.KLF.00.BHZ | 2025-01-15T07:58:26.530900Z - 2025-01-15T07:59:26.530900Z,,,,,,,2025-01-15T07:58:31.530900Z,,2025-01-15T07:58:55.876230Z,
FN.SGF.00.BHZ | 2025-01-15T07:58:37.708040Z - 2025-01-15T07:59:37.708040Z,,,,,,,2025-01-15T07:58:42.708040Z,,2025-01-15T07:59:15.490800Z,
HE.HEF.00.BHZ | 2025-01-15T07:58:21.432910Z - 2025-01-15T07:59:21.432910Z,,,,,,,2025-01-15T07:58:26.432910Z,,2025-01-15T07:58:45.884330Z,
HE.KIF.00.BHZ | 2025-01-15T07:58:11.870640Z - 2025-01-15T07:59:11.870640Z,,,,,,,2025-01-15T07:58:16.870640Z,,2025-01-15T07:58:29.655960Z,
FN.KLF.00.BHZ | 2025-01-17T18:12:23.355140Z - 2025-01-17T18:13:23.355140Z,,,,,,,,,2025-01-17T18:12:28.355140Z,
FN.KMNF.00.?HZ | 2025-01-17T18:11:48.310080Z - 2025-01-17T18:12:48.310080Z,,,,,,,2025-01-17T18:11:53.310080Z,,2025-01-17T18:12:07.729390Z,
FN.RAJF.00.?HZ | 2025-01-17T18:11:34.950400Z - 2025-01-17T18:12:34.950400Z,,,,,,,2025-01-17T18:11:39.950400Z,,2025-01-17T18:11:44.653950Z,
FN.RANF.00.?HZ | 2025-01-17T18:12:32.578530Z - 2025-01-17T18:13:32.578530Z,,,,,,,,,2025-01-17T18:12:37.578530Z,
FN.RNF.00.BHZ | 2025-01-17T18:11:57.717710Z - 2025-01-17T18:12:57.717710Z,,,,,,,2025-01-17T18:12:02.717710Z,,2025-01-17T18:12:25.253090Z,
FN.SGF.00.BHZ | 2025-01-17T18:11:43.886440Z - 2025-01-17T18:12:43.886440Z,,,,,,,2025-01-17T18:11:48.886440Z,,2025-01-17T18:12:00.112550Z,
HE.HEF.00.BHZ | 2025-01-17T18:12:19.906890Z - 2025-01-17T18:13:19.906890Z,,,,,,,,,2025-01-17T18:12:24.906890Z,
HE.KEV.00.?HZ | 2025-01-17T18:11:58.307580Z - 2025-01-17T18:12:58.307580Z,,,,,,,2025-01-17T18:12:03.307580Z,,2025-01-17T18:12:25.022290Z,
HE.VRF.00.BHZ | 2025-01-17T18:11:39.735810Z - 2025-01-17T18:12:39.735810Z,,,,,,,2025-01-17T18:11:44.735810Z,,2025-01-17T18:11:53.106430Z,
FN.KLF.00.BHZ | 2025-01-19T02:06:37.760960Z - 2025-01-19T02:07:37.760960Z,,,,,,,2025-01-19T02:06:42.760960Z,,2025-01-19T02:06:51.765330Z,
FN.OUL.00.BHZ | 2025-01-19T02:07:27.639390Z - 2025-01-19T02:08:27.639390Z,,,,,,,,,2025-01-19T02:07:32.639390Z,
FN.RANF.00.?HZ | 2025-01-19T02:06:55.217570Z - 2025-01-19T02:07:55.217570Z,,,,,,,2025-01-19T02:07:00.217570Z,,2025-01-19T02:07:22.932040Z,
FN.RNF.00.BHZ | 2025-01-19T02:06:47.751550Z - 2025-01-19T02:07:47.751550Z,,,,,,,2025-01-19T02:06:52.751550Z,,2025-01-19T02:07:09.100450Z,
FN.SGF.00.BHZ | 2025-01-19T02:06:54.479120Z - 2025-01-19T02:07:54.479120Z,,,,,,,2025-01-19T02:06:59.479120Z,,2025-01-19T02:07:19.870200Z,
HE.HEF.00.BHZ | 2025-01-19T02:07:19.189130Z - 2025-01-19T02:08:19.189130Z,,,,,,,,,2025-01-19T02:07:24.189130Z,
HE.OBF3.00.BHZ | 2025-01-19T02:07:27.368260Z - 2025-01-19T02:08:27.368260Z,,,,,,,,,2025-01-19T02:07:32.368260Z,
HE.TOF.00.BHZ | 2025-01-19T02:06:40.380020Z - 2025-01-19T02:07:40.380020Z,,,,,,,2025-01-19T02:06:45.380020Z,,2025-01-19T02:06:56.074460Z,
FN.KLF.00.BHZ | 2025-01-17T21:39:17.292330Z - 2025-01-17T21:40:17.292330Z,,,,,,,2025-01-17T21:39:22.292330Z,,2025-01-17T21:39:47.695920Z,
HE.HEF.00.BHZ | 2025-01-17T21:39:11.904350Z - 2025-01-17T21:40:11.904350Z,,,,,,,2025-01-17T21:39:16.904350Z,,2025-01-17T21:39:36.307460Z,
HE.KIF.00.BHZ | 2025-01-17T21:39:02.215720Z - 2025-01-17T21:40:02.215720Z,,,,,,,2025-01-17T21:39:07.215720Z,,2025-01-17T21:39:20.074470Z,
FN.KLF.00.BHZ | 2025-01-17T23:45:07.326470Z - 2025-01-17T23:46:07.326470Z,,,,,,,2025-01-17T23:45:12.326470Z,,2025-01-17T23:45:36.680980Z,
HE.HEF.00.BHZ | 2025-01-17T23:45:01.813980Z - 2025-01-17T23:46:01.813980Z,,,,,,,2025-01-17T23:45:06.813980Z,,2025-01-17T23:45:26.556140Z,
HE.KIF.00.BHZ | 2025-01-17T23:44:51.877870Z - 2025-01-17T23:45:51.877870Z,,,,,,,2025-01-17T23:44:56.877870Z,,2025-01-17T23:45:09.884880Z,
FN.KLF.00.BHZ | 2025-01-20T00:50:44.112660Z - 2025-01-20T00:51:44.112660Z,,,,,,,2025-01-20T00:50:49.112660Z,,2025-01-20T00:51:03.660020Z,
FN.MSF.00.BHZ | 2025-01-20T00:50:58.235630Z - 2025-01-20T00:51:58.235630Z,,,,,,,2025-01-20T00:51:03.235630Z,,2025-01-20T00:51:28.833000Z,
FN.OLKF.00.BHZ | 2025-01-20T00:51:00.546060Z - 2025-01-20T00:52:00.546060Z,,,,,,,2025-01-20T00:51:05.546060Z,,2025-01-20T00:51:32.801940Z,
FN.OUL.00.BHZ | 2025-01-20T00:50:45.463790Z - 2025-01-20T00:51:45.463790Z,,,,,,,2025-01-20T00:50:50.463790Z,,2025-01-20T00:51:06.385370Z,
FN.RANF.00.?HZ | 2025-01-20T00:50:43.185540Z - 2025-01-20T00:51:43.185540Z,,,,,,,2025-01-20T00:50:48.185540Z,,2025-01-20T00:51:01.726290Z,
FN.RNF.00.BHZ | 2025-01-20T00:50:40.314590Z - 2025-01-20T00:51:40.314590Z,,,,,,,2025-01-20T00:50:45.314590Z,,2025-01-20T00:50:56.997760Z,
FN.SGF.00.BHZ | 2025-01-20T00:50:52.623280Z - 2025-01-20T00:51:52.623280Z,,,,,,,2025-01-20T00:50:57.623280Z,,2025-01-20T00:51:18.676430Z,
HE.HEF.00.BHZ | 2025-01-20T00:51:32.972890Z - 2025-01-20T00:52:32.972890Z,,,,,,,,,2025-01-20T00:51:37.972890Z,
HE.KU1.00.SHZ | 2025-01-20T00:51:02.975720Z - 2025-01-20T00:52:02.975720Z,,,,,,,2025-01-20T00:51:07.975720Z,,2025-01-20T00:51:37.072310Z,
HE.KU2.00.SHZ | 2025-01-20T00:50:54.113010Z - 2025-01-20T00:51:54.113010Z,,,,,,,2025-01-20T00:50:59.113010Z,,2025-01-20T00:51:20.845440Z,
HE.KU6.00.BHZ | 2025-01-20T00:51:33.435910Z - 2025-01-20T00:52:33.435910Z,,,,,,,,,2025-01-20T00:51:38.435910Z,
HE.OBF0.00.BHZ | 2025-01-20T00:50:51.530480Z - 2025-01-20T00:51:51.530480Z,,,,,,,2025-01-20T00:50:56.530480Z,,2025-01-20T00:51:16.555620Z,
HE.OBF3.00.BHZ | 2025-01-20T00:50:46.644310Z - 2025-01-20T00:51:46.644310Z,,,,,,,2025-01-20T00:50:51.644310Z,,2025-01-20T00:51:07.890320Z,
HE.OBF8.00.BHZ | 2025-01-20T00:51:17.754000Z - 2025-01-20T00:52:17.754000Z,,,,,,,,,2025-01-20T00:51:22.754000Z,
HE.OUF.00.BHZ | 2025-01-20T00:50:54.169480Z - 2025-01-20T00:51:54.169480Z,,,,,,,2025-01-20T00:50:59.169480Z,,2025-01-20T00:51:21.086440Z,
HE.TOF.00.BHZ | 2025-01-20T00:50:25.182360Z - 2025-01-20T00:51:25.182360Z,,,,,,,2025-01-20T00:50:30.182360Z,,2025-01-20T00:50:31.501280Z,
FN.KMNF.00.?HZ | 2025-01-22T22:47:27.601230Z - 2025-01-22T22:48:27.601230Z,,,,,,,2025-01-22T22:47:32.601230Z,,2025-01-22T22:47:44.114940Z,
FN.RAJF.00.?HZ | 2025-01-22T22:48:02.314220Z - 2025-01-22T22:49:02.314220Z,,,,,,,,,2025-01-22T22:48:07.314220Z,
FN.SGF.00.BHZ | 2025-01-22T22:48:27.694780Z - 2025-01-22T22:49:27.694780Z,,,,,,,,,2025-01-22T22:48:32.694780Z,
HE.HEF.00.BHZ | 2025-01-22T22:47:43.153340Z - 2025-01-22T22:48:43.153340Z,,,,,,,2025-01-22T22:47:48.153340Z,,2025-01-22T22:48:11.285730Z,
HE.KEV.00.?HZ | 2025-01-22T22:47:17.805980Z - 2025-01-22T22:48:17.805980Z,,,,,,,2025-01-22T22:47:22.805980Z,,2025-01-22T22:47:27.867030Z,
HE.KIF.00.BHZ | 2025-01-22T22:48:13.467450Z - 2025-01-22T22:49:13.467450Z,,,,,,,,,2025-01-22T22:48:18.467450Z,
HE.VRF.00.BHZ | 2025-01-22T22:48:27.462970Z - 2025-01-22T22:49:27.462970Z,,,,,,,,,2025-01-22T22:48:32.462970Z,
FN.KMNF.00.?HZ | 2025-01-21T12:19:58.833460Z - 2025-01-21T12:20:58.833460Z,,,,,,,2025-01-21T12:20:03.833460Z,,2025-01-21T12:20:20.740540Z,
HE.HEF.00.BHZ | 2025-01-21T12:20:07.399520Z - 2025-01-21T12:21:07.399520Z,,,,,,,2025-01-21T12:20:12.399520Z,,2025-01-21T12:20:36.182080Z,
HE.KEV.00.?HZ | 2025-01-21T12:19:51.538130Z - 2025-01-21T12:20:51.538130Z,,,,,,,2025-01-21T12:19:56.538130Z,,2025-01-21T12:20:07.813200Z,
HE.KIF.00.BHZ | 2025-01-21T12:20:06.714530Z - 2025-01-21T12:21:06.714530Z,,,,,,,2025-01-21T12:20:11.714530Z,,2025-01-21T12:20:34.339690Z,
FN.KLF.00.BHZ | 2025-01-23T18:18:35.443940Z - 2025-01-23T18:19:35.443940Z,,,,,,,2025-01-23T18:18:40.443940Z,,2025-01-23T18:18:57.848980Z,
FN.OUL.00.BHZ | 2025-01-23T18:18:38.253720Z - 2025-01-23T18:19:38.253720Z,,,,,,,2025-01-23T18:18:43.253720Z,,2025-01-23T18:19:03.234390Z,
FN.RANF.00.?HZ | 2025-01-23T18:18:39.502520Z - 2025-01-23T18:19:39.502520Z,,,,,,,2025-01-23T18:18:44.502520Z,,2025-01-23T18:19:04.699550Z,
FN.RNF.00.BHZ | 2025-01-23T18:18:37.239080Z - 2025-01-23T18:19:37.239080Z,,,,,,,2025-01-23T18:18:42.239080Z,,2025-01-23T18:19:00.190460Z,
FN.SGF.00.BHZ | 2025-01-23T18:18:47.619660Z - 2025-01-23T18:19:47.619660Z,,,,,,,2025-01-23T18:18:52.619660Z,,2025-01-23T18:19:20.405280Z,
HE.KU2.00.SHZ | 2025-01-23T18:18:48.775870Z - 2025-01-23T18:19:48.775870Z,,,,,,,2025-01-23T18:18:53.775870Z,,2025-01-23T18:19:22.902870Z,
HE.OBF0.00.BHZ | 2025-01-23T18:18:39.190320Z - 2025-01-23T18:19:39.190320Z,,,,,,,2025-01-23T18:18:44.190320Z,,2025-01-23T18:19:04.561240Z,
HE.OBF3.00.BHZ | 2025-01-23T18:18:35.678090Z - 2025-01-23T18:19:35.678090Z,,,,,,,2025-01-23T18:18:40.678090Z,,2025-01-23T18:18:58.395330Z,
HE.OUF.00.BHZ | 2025-01-23T18:18:42.624500Z - 2025-01-23T18:19:42.624500Z,,,,,,,2025-01-23T18:18:47.624500Z,,2025-01-23T18:19:10.258850Z,
HE.TOF.00.BHZ | 2025-01-23T18:18:22.308090Z - 2025-01-23T18:19:22.308090Z,,,,,,,2025-01-23T18:18:27.308090Z,,2025-01-23T18:18:34.829520Z,
FN.KLF.00.BHZ | 2025-01-24T18:25:32.050180Z - 2025-01-24T18:26:32.050180Z,,,,,,,2025-01-24T18:25:37.050180Z,,2025-01-24T18:25:40.027030Z,
FN.KMNF.00.?HZ | 2025-01-24T18:26:01.882680Z - 2025-01-24T18:27:01.882680Z,,,,,,,2025-01-24T18:26:06.882680Z,,2025-01-24T18:26:32.933360Z,
FN.RAJF.00.?HZ | 2025-01-24T18:26:00.115460Z - 2025-01-24T18:27:00.115460Z,,,,,,,2025-01-24T18:26:05.115460Z,,2025-01-24T18:26:30.147000Z,
FN.RANF.00.?HZ | 2025-01-24T18:25:59.199260Z - 2025-01-24T18:26:59.199260Z,,,,,,,2025-01-24T18:26:04.199260Z,,2025-01-24T18:26:25.857100Z,
FN.RNF.00.BHZ | 2025-01-24T18:25:47.298300Z - 2025-01-24T18:26:47.298300Z,,,,,,,2025-01-24T18:25:52.298300Z,,2025-01-24T18:26:06.094030Z,
FN.SGF.00.BHZ | 2025-01-24T18:25:44.159600Z - 2025-01-24T18:26:44.159600Z,,,,,,,2025-01-24T18:25:49.159600Z,,2025-01-24T18:26:00.377960Z,
HE.HEF.00.BHZ | 2025-01-24T18:25:45.739760Z - 2025-01-24T18:26:45.739760Z,,,,,,,2025-01-24T18:25:50.739760Z,,2025-01-24T18:26:03.514170Z,
HE.TOF.00.BHZ | 2025-01-24T18:25:52.684590Z - 2025-01-24T18:26:52.684590Z,,,,,,,2025-01-24T18:25:57.684590Z,,2025-01-24T18:26:13.994970Z,
HE.VRF.00.BHZ | 2025-01-24T18:26:30.643100Z - 2025-01-24T18:27:30.643100Z,,,,,,,,,2025-01-24T18:26:35.643100Z,
HE.FIA0.00.?HZ | 2025-01-25T13:20:29.536800Z - 2025-01-25T13:21:29.536800Z,,,,,,,2025-01-25T13:20:34.536800Z,,2025-01-25T13:20:42.374600Z,
HE.FIA1.00.?HZ | 2025-01-25T13:20:29.536800Z - 2025-01-25T13:21:29.536800Z,,,,,,,2025-01-25T13:20:34.536800Z,,2025-01-25T13:20:42.356420Z,
HE.KAF.00.?HZ | 2025-01-25T13:20:37.031290Z - 2025-01-25T13:21:37.031290Z,,,,,,,2025-01-25T13:20:42.031290Z,,2025-01-25T13:20:54.830560Z,
HE.KEF.00.?HZ | 2025-01-25T13:20:45.142370Z - 2025-01-25T13:21:45.142370Z,,,,,,,2025-01-25T13:20:50.142370Z,,2025-01-25T13:21:09.381630Z,
HE.KUNI.00.BHZ | 2025-01-25T13:21:04.916440Z - 2025-01-25T13:22:04.916440Z,,,,,,,,,2025-01-25T13:21:09.916440Z,
HE.KY02.00.CZ | 2025-01-25T13:20:25.023280Z - 2025-01-25T13:21:25.023280Z,,,,,,,2025-01-25T13:20:30.023280Z,,2025-01-25T13:20:34.421340Z,
HE.KY17.00.CZ | 2025-01-25T13:20:24.344310Z - 2025-01-25T13:21:24.344310Z,,,,,,,2025-01-25T13:20:29.344310Z,,2025-01-25T13:20:33.361730Z,
HE.LAUT.00.BHZ | 2025-01-25T13:21:07.962500Z - 2025-01-25T13:22:07.962500Z,,,,,,,,,2025-01-25T13:21:12.962500Z,
HE.LOVF.00.CZ | 2025-01-25T13:20:35.218920Z - 2025-01-25T13:21:35.218920Z,,,,,,,2025-01-25T13:20:40.218920Z,,2025-01-25T13:20:52.287940Z,
HE.MEF.00.BHZ | 2025-01-25T13:20:49.909810Z - 2025-01-25T13:21:49.909810Z,,,,,,,2025-01-25T13:20:54.909810Z,,2025-01-25T13:21:17.591940Z,
HE.NIF.00.BHZ | 2025-01-25T13:20:57.664290Z - 2025-01-25T13:21:57.664290Z,,,,,,,2025-01-25T13:21:02.664290Z,,2025-01-25T13:21:31.374000Z,
HE.NUR.00.SHZ | 2025-01-25T13:21:03.446240Z - 2025-01-25T13:22:03.446240Z,,,,,,,,,2025-01-25T13:21:08.446240Z,
HE.PVF.00.CZ | 2025-01-25T13:20:35.896960Z - 2025-01-25T13:21:35.896960Z,,,,,,,2025-01-25T13:20:40.896960Z,,2025-01-25T13:20:53.517280Z,
HE.RSUO.00.BHZ | 2025-01-25T13:21:06.193990Z - 2025-01-25T13:22:06.193990Z,,,,,,,,,2025-01-25T13:21:11.193990Z,
HE.RUF.00.BHZ | 2025-01-25T13:20:34.694430Z - 2025-01-25T13:21:34.694430Z,,,,,,,2025-01-25T13:20:39.694430Z,,2025-01-25T13:20:50.834220Z,
HE.SUF.00.BHZ | 2025-01-25T13:20:47.507140Z - 2025-01-25T13:21:47.507140Z,,,,,,,2025-01-25T13:20:52.507140Z,,2025-01-25T13:21:13.106930Z,
HE.TRE03.00.CZ | 2025-01-25T13:20:45.740630Z - 2025-01-25T13:21:45.740630Z,,,,,,,2025-01-25T13:20:50.740630Z,,2025-01-25T13:21:12.182580Z,
HE.VJF.00.?HZ | 2025-01-25T13:20:31.694440Z - 2025-01-25T13:21:31.694440Z,,,,,,,2025-01-25T13:20:36.694440Z,,2025-01-25T13:20:46.133760Z,
HE.VUOS.00.BHZ | 2025-01-25T13:21:03.872220Z - 2025-01-25T13:22:03.872220Z,,,,,,,,,2025-01-25T13:21:08.872220Z,
FN.KLF.00.BHZ | 2025-01-26T20:49:35.751680Z - 2025-01-26T20:50:35.751680Z,,,,,,,2025-01-26T20:49:40.751680Z,,2025-01-26T20:49:51.236090Z,
FN.KMNF.00.?HZ | 2025-01-26T20:49:57.646710Z - 2025-01-26T20:50:57.646710Z,,,,,,,2025-01-26T20:50:02.646710Z,,2025-01-26T20:50:27.476240Z,
FN.RAJF.00.?HZ | 2025-01-26T20:50:28.284660Z - 2025-01-26T20:51:28.284660Z,,,,,,,,,2025-01-26T20:50:33.284660Z,
FN.RNF.00.BHZ | 2025-01-26T20:49:53.709530Z - 2025-01-26T20:50:53.709530Z,,,,,,,2025-01-26T20:49:58.709530Z,,2025-01-26T20:50:21.963880Z,
FN.SGF.00.BHZ | 2025-01-26T20:49:49.240180Z - 2025-01-26T20:50:49.240180Z,,,,,,,2025-01-26T20:49:54.240180Z,,2025-01-26T20:50:14.336310Z,
HE.HEF.00.BHZ | 2025-01-26T20:49:34.271760Z - 2025-01-26T20:50:34.271760Z,,,,,,,2025-01-26T20:49:39.271760Z,,2025-01-26T20:49:48.620330Z,
HE.KIF.00.BHZ | 2025-01-26T20:50:03.416840Z - 2025-01-26T20:51:03.416840Z,,,,,,,,,2025-01-26T20:50:08.416840Z,
HE.TOF.00.BHZ | 2025-01-26T20:49:55.108950Z - 2025-01-26T20:50:55.108950Z,,,,,,,2025-01-26T20:50:00.108950Z,,2025-01-26T20:50:24.376720Z,
FN.KMNF.00.?HZ | 2025-01-26T19:06:30.343850Z - 2025-01-26T19:07:30.343850Z,,,,,,,2025-01-26T19:06:35.343850Z,,2025-01-26T19:06:58.135430Z,
HE.KEV.00.?HZ | 2025-01-26T19:06:19.686250Z - 2025-01-26T19:07:19.686250Z,,,,,,,2025-01-26T19:06:24.686250Z,,2025-01-26T19:06:41.440930Z,
HE.KIF.00.BHZ | 2025-01-26T19:07:08.225590Z - 2025-01-26T19:08:08.225590Z,,,,,,,,,2025-01-26T19:07:13.225590Z,
FN.MSF.00.BHZ | 2025-01-25T04:28:29.452680Z - 2025-01-25T04:29:29.452680Z,,,,,,,2025-01-25T04:28:34.452680Z,,2025-01-25T04:28:55.465050Z,
FN.OLKF.00.BHZ | 2025-01-25T04:28:24.423050Z - 2025-01-25T04:29:24.423050Z,,,,,,,2025-01-25T04:28:29.423050Z,,2025-01-25T04:28:46.316650Z,
FN.RAJF.00.?HZ | 2025-01-25T04:29:09.995440Z - 2025-01-25T04:30:09.995440Z,,,,,,,,,2025-01-25T04:29:14.995440Z,
FN.RANF.00.?HZ | 2025-01-25T04:28:41.837270Z - 2025-01-25T04:29:41.837270Z,,,,,,,2025-01-25T04:28:46.837270Z,,2025-01-25T04:29:17.917540Z,
FN.RNF.00.BHZ | 2025-01-25T04:28:43.007570Z - 2025-01-25T04:29:43.007570Z,,,,,,,2025-01-25T04:28:48.007570Z,,2025-01-25T04:29:19.978920Z,
FN.SGF.00.BHZ | 2025-01-25T04:28:41.370570Z - 2025-01-25T04:29:41.370570Z,,,,,,,2025-01-25T04:28:46.370570Z,,2025-01-25T04:29:19.947210Z,
HE.JOF.00.BHZ | 2025-01-25T04:29:40.608230Z - 2025-01-25T04:30:40.608230Z,,,,,,,,,2025-01-25T04:29:45.608230Z,
HE.KU1.00.SHZ | 2025-01-25T04:28:29.792550Z - 2025-01-25T04:29:29.792550Z,,,,,,,2025-01-25T04:28:34.792550Z,,2025-01-25T04:28:56.104480Z,
HE.KU2.00.SHZ | 2025-01-25T04:28:35.962590Z - 2025-01-25T04:29:35.962590Z,,,,,,,2025-01-25T04:28:40.962590Z,,2025-01-25T04:29:06.244550Z,
HE.KU6.00.BHZ | 2025-01-25T04:28:23.304280Z - 2025-01-25T04:29:23.304280Z,,,,,,,2025-01-25T04:28:28.304280Z,,2025-01-25T04:28:44.600980Z,
HE.RMF.00.BHZ | 2025-01-25T04:28:43.033690Z - 2025-01-25T04:29:43.033690Z,,,,,,,2025-01-25T04:28:48.033690Z,,2025-01-25T04:29:19.501770Z,
HE.VRF.00.BHZ | 2025-01-25T04:28:28.815030Z - 2025-01-25T04:29:28.815030Z,,,,,,,2025-01-25T04:28:33.815030Z,,2025-01-25T04:28:53.884520Z,
HE.FIA0.00.?HZ | 2025-01-27T01:29:55.986520Z - 2025-01-27T01:30:55.986520Z,,,,,,,2025-01-27T01:30:00.986520Z,,2025-01-27T01:30:10.806940Z,
HE.FIA1.00.?HZ | 2025-01-27T01:29:56.110150Z - 2025-01-27T01:30:56.110150Z,,,,,,,2025-01-27T01:30:01.110150Z,,2025-01-27T01:30:10.969440Z,
HE.KAF.00.?HZ | 2025-01-27T01:30:06.598470Z - 2025-01-27T01:31:06.598470Z,,,,,,,2025-01-27T01:30:11.598470Z,,2025-01-27T01:30:29.416480Z,
HE.KEF.00.?HZ | 2025-01-27T01:30:12.083870Z - 2025-01-27T01:31:12.083870Z,,,,,,,2025-01-27T01:30:17.083870Z,,2025-01-27T01:30:38.484130Z,
HE.KUNI.00.BHZ | 2025-01-27T01:30:14.493200Z - 2025-01-27T01:31:14.493200Z,,,,,,,,,2025-01-27T01:30:19.493200Z,
HE.KY02.00.CZ | 2025-01-27T01:29:45.556080Z - 2025-01-27T01:30:45.556080Z,,,,,,,2025-01-27T01:29:50.556080Z,,2025-01-27T01:29:53.143100Z,
HE.KY17.00.CZ | 2025-01-27T01:29:45.765950Z - 2025-01-27T01:30:45.765950Z,,,,,,,2025-01-27T01:29:50.765950Z,,2025-01-27T01:29:53.545810Z,
HE.LAUT.00.BHZ | 2025-01-27T01:30:02.264460Z - 2025-01-27T01:31:02.264460Z,,,,,,,2025-01-27T01:30:07.264460Z,,2025-01-27T01:30:21.947940Z,
HE.LOVF.00.CZ | 2025-01-27T01:29:49.371310Z - 2025-01-27T01:30:49.371310Z,,,,,,,2025-01-27T01:29:54.371310Z,,2025-01-27T01:29:59.708270Z,
HE.MEF.00.BHZ | 2025-01-27T01:30:05.542410Z - 2025-01-27T01:31:05.542410Z,,,,,,,2025-01-27T01:30:10.542410Z,,2025-01-27T01:30:27.301650Z,
HE.PVF.00.CZ | 2025-01-27T01:29:51.221290Z - 2025-01-27T01:30:51.221290Z,,,,,,,2025-01-27T01:29:56.221290Z,,2025-01-27T01:30:02.858480Z,
HE.RSUO.00.BHZ | 2025-01-27T01:30:15.616180Z - 2025-01-27T01:31:15.616180Z,,,,,,,,,2025-01-27T01:30:20.616180Z,
HE.SUF.00.BHZ | 2025-01-27T01:30:16.747870Z - 2025-01-27T01:31:16.747870Z,,,,,,,2025-01-27T01:30:21.747870Z,,2025-01-27T01:30:47.092330Z,
HE.TRE03.00.CZ | 2025-01-27T01:30:09.295070Z - 2025-01-27T01:31:09.295070Z,,,,,,,2025-01-27T01:30:14.295070Z,,2025-01-27T01:30:33.762740Z,
HE.TVF.00.BHZ | 2025-01-27T01:30:42.255170Z - 2025-01-27T01:31:42.255170Z,,,,,,,,,2025-01-27T01:30:47.255170Z,
HE.VJF.00.?HZ | 2025-01-27T01:29:49.643270Z - 2025-01-27T01:30:49.643270Z,,,,,,,2025-01-27T01:29:54.643270Z,,2025-01-27T01:29:59.991600Z,
HE.VUOS.00.BHZ | 2025-01-27T01:29:59.890490Z - 2025-01-27T01:30:59.890490Z,,,,,,,2025-01-27T01:30:04.890490Z,,2025-01-27T01:30:17.629770Z,
FN.KLF.00.BHZ | 2025-01-27T19:18:00.223310Z - 2025-01-27T19:19:00.223310Z,,,,,,,2025-01-27T19:18:05.223310Z,,2025-01-27T19:18:16.337030Z,
FN.OUL.00.BHZ | 2025-01-27T19:18:49.531690Z - 2025-01-27T19:19:49.531690Z,,,,,,,,,2025-01-27T19:18:54.531690Z,
FN.RANF.00.?HZ | 2025-01-27T19:18:18.282030Z - 2025-01-27T19:19:18.282030Z,,,,,,,2025-01-27T19:18:23.282030Z,,2025-01-27T19:18:48.092260Z,
FN.RNF.00.BHZ | 2025-01-27T19:18:11.321670Z - 2025-01-27T19:19:11.321670Z,,,,,,,2025-01-27T19:18:16.321670Z,,2025-01-27T19:18:35.226600Z,
FN.SGF.00.BHZ | 2025-01-27T19:18:16.940640Z - 2025-01-27T19:19:16.940640Z,,,,,,,2025-01-27T19:18:21.940640Z,,2025-01-27T19:18:45.207350Z,
HE.HEF.00.BHZ | 2025-01-27T19:18:39.233450Z - 2025-01-27T19:19:39.233450Z,,,,,,,,,2025-01-27T19:18:44.233450Z,
HE.OBF3.00.BHZ | 2025-01-27T19:18:48.098110Z - 2025-01-27T19:19:48.098110Z,,,,,,,,,2025-01-27T19:18:53.098110Z,
HE.TOF.00.BHZ | 2025-01-27T19:18:04.145970Z - 2025-01-27T19:19:04.145970Z,,,,,,,2025-01-27T19:18:09.145970Z,,2025-01-27T19:18:22.256830Z,
FN.KLF.00.BHZ | 2025-01-27T22:19:11.909810Z - 2025-01-27T22:20:11.909810Z,,,,,,,2025-01-27T22:19:16.909810Z,,2025-01-27T22:19:38.846600Z,
FN.KMNF.00.?HZ | 2025-01-27T22:19:04.075860Z - 2025-01-27T22:20:04.075860Z,,,,,,,2025-01-27T22:19:09.075860Z,,2025-01-27T22:19:25.271080Z,
FN.RAJF.00.?HZ | 2025-01-27T22:19:12.666260Z - 2025-01-27T22:20:12.666260Z,,,,,,,2025-01-27T22:19:17.666260Z,,2025-01-27T22:19:40.948090Z,
FN.SGF.00.BHZ | 2025-01-27T22:19:38.505950Z - 2025-01-27T22:20:38.505950Z,,,,,,,,,2025-01-27T22:19:43.505950Z,
HE.HEF.00.BHZ | 2025-01-27T22:18:51.629650Z - 2025-01-27T22:19:51.629650Z,,,,,,,2025-01-27T22:18:56.629650Z,,2025-01-27T22:19:03.665880Z,
HE.KEV.00.?HZ | 2025-01-27T22:19:07.179710Z - 2025-01-27T22:20:07.179710Z,,,,,,,2025-01-27T22:19:12.179710Z,,2025-01-27T22:19:30.781970Z,
HE.KIF.00.BHZ | 2025-01-27T22:18:58.185430Z - 2025-01-27T22:19:58.185430Z,,,,,,,2025-01-27T22:19:03.185430Z,,2025-01-27T22:19:15.149880Z,
FN.KLF.00.BHZ | 2025-01-31T02:32:06.778150Z - 2025-01-31T02:33:06.778150Z,,,,,,,2025-01-31T02:32:11.778150Z,,2025-01-31T02:32:31.697020Z,
FN.KMNF.00.?HZ | 2025-01-31T02:32:07.829680Z - 2025-01-31T02:33:07.829680Z,,,,,,,2025-01-31T02:32:12.829680Z,,2025-01-31T02:32:33.691820Z,
FN.MSF.00.BHZ | 2025-01-31T02:32:08.944610Z - 2025-01-31T02:33:08.944610Z,,,,,,,2025-01-31T02:32:13.944610Z,,2025-01-31T02:32:34.751500Z,
FN.OLKF.00.BHZ | 2025-01-31T02:32:02.972330Z - 2025-01-31T02:33:02.972330Z,,,,,,,2025-01-31T02:32:07.972330Z,,2025-01-31T02:32:24.743570Z,
FN.RAJF.00.?HZ | 2025-01-31T02:31:55.291960Z - 2025-01-31T02:32:55.291960Z,,,,,,,2025-01-31T02:32:00.291960Z,,2025-01-31T02:32:11.832770Z,
FN.RANF.00.?HZ | 2025-01-31T02:32:07.443360Z - 2025-01-31T02:33:07.443360Z,,,,,,,2025-01-31T02:32:12.443360Z,,2025-01-31T02:32:32.489190Z,
FN.RNF.00.BHZ | 2025-01-31T02:32:00.422590Z - 2025-01-31T02:33:00.422590Z,,,,,,,2025-01-31T02:32:05.422590Z,,2025-01-31T02:32:20.391340Z,
FN.SGF.00.BHZ | 2025-01-31T02:31:48.908050Z - 2025-01-31T02:32:48.908050Z,,,,,,,2025-01-31T02:31:53.908050Z,,2025-01-31T02:32:01.074120Z,
HE.HEF.00.BHZ | 2025-01-31T02:32:11.130280Z - 2025-01-31T02:33:11.130280Z,,,,,,,2025-01-31T02:32:16.130280Z,,2025-01-31T02:32:39.618680Z,
HE.KEV.00.?HZ | 2025-01-31T02:32:16.572930Z - 2025-01-31T02:33:16.572930Z,,,,,,,2025-01-31T02:32:21.572930Z,,2025-01-31T02:32:49.723070Z,
HE.KU1.00.SHZ | 2025-01-31T02:32:16.158940Z - 2025-01-31T02:33:16.158940Z,,,,,,,2025-01-31T02:32:21.158940Z,,2025-01-31T02:32:45.920790Z,
HE.KU2.00.SHZ | 2025-01-31T02:32:11.637370Z - 2025-01-31T02:33:11.637370Z,,,,,,,2025-01-31T02:32:16.637370Z,,2025-01-31T02:32:38.870660Z,
HE.KU6.00.BHZ | 2025-01-31T02:32:09.354500Z - 2025-01-31T02:33:09.354500Z,,,,,,,2025-01-31T02:32:14.354500Z,,2025-01-31T02:32:36.068730Z,
HE.TOF.00.BHZ | 2025-01-31T02:32:15.724150Z - 2025-01-31T02:33:15.724150Z,,,,,,,2025-01-31T02:32:20.724150Z,,2025-01-31T02:32:44.935510Z,
HE.VRF.00.BHZ | 2025-01-31T02:31:50.244090Z - 2025-01-31T02:32:50.244090Z,,,,,,,2025-01-31T02:31:55.244090Z,,2025-01-31T02:32:03.582870Z,
HE.ECKF.00.CZ | 2025-01-31T07:19:49.791150Z - 2025-01-31T07:20:49.791150Z,,,,,,,2025-01-31T07:19:54.791150Z,,2025-01-31T07:20:18.156780Z,
HE.KPF.00.BHZ | 2025-01-31T07:19:39.293770Z - 2025-01-31T07:20:39.293770Z,,,,,,,2025-01-31T07:19:44.293770Z,,2025-01-31T07:20:00.478280Z,
HE.RAF.00.BHZ | 2025-01-31T07:19:44.079900Z - 2025-01-31T07:20:44.079900Z,,,,,,,2025-01-31T07:19:49.079900Z,,2025-01-31T07:20:09.778880Z,
HE.VAF.00.BHZ | 2025-01-31T07:19:47.619260Z - 2025-01-31T07:20:47.619260Z,,,,,,,2025-01-31T07:19:52.619260Z,,2025-01-31T07:20:14.444510Z,
UP.AAL.00.BHZ | 2025-01-31T07:19:50.608830Z - 2025-01-31T07:20:50.608830Z,,,,,,,2025-01-31T07:19:55.608830Z,,2025-01-31T07:20:21.122550Z,
FN.MSF.00.BHZ | 2025-02-01T19:36:14.973440Z - 2025-02-01T19:37:14.973440Z,,,,,,,2025-02-01T19:36:19.973440Z,,2025-02-01T19:36:26.525000Z,
FN.OLKF.00.BHZ | 2025-02-01T19:36:17.695790Z - 2025-02-01T19:37:17.695790Z,,,,,,,2025-02-01T19:36:22.695790Z,,2025-02-01T19:36:31.109980Z,
FN.OUL.00.BHZ | 2025-02-01T19:37:01.157310Z - 2025-02-01T19:38:01.157310Z,,,,,,,,,2025-02-01T19:37:06.157310Z,
FN.RANF.00.?HZ | 2025-02-01T19:36:30.690950Z - 2025-02-01T19:37:30.690950Z,,,,,,,2025-02-01T19:36:35.690950Z,,2025-02-01T19:36:53.670400Z,
FN.RNF.00.BHZ | 2025-02-01T19:37:01.995840Z - 2025-02-01T19:38:01.995840Z,,,,,,,,,2025-02-01T19:37:06.995840Z,
HE.KU1.00.SHZ | 2025-02-01T19:36:12.449910Z - 2025-02-01T19:37:12.449910Z,,,,,,,2025-02-01T19:36:17.449910Z,,2025-02-01T19:36:22.086250Z,
HE.KU2.00.SHZ | 2025-02-01T19:36:20.283490Z - 2025-02-01T19:37:20.283490Z,,,,,,,2025-02-01T19:36:25.283490Z,,2025-02-01T19:36:35.426680Z,
HE.KU6.00.BHZ | 2025-02-01T19:36:12.001940Z - 2025-02-01T19:37:12.001940Z,,,,,,,2025-02-01T19:36:17.001940Z,,2025-02-01T19:36:21.431900Z,
HE.RMF.00.BHZ | 2025-02-01T19:36:52.275340Z - 2025-02-01T19:37:52.275340Z,,,,,,,,,2025-02-01T19:36:57.275340Z,
FN.KLF.00.BHZ | 2025-01-31T23:13:18.904150Z - 2025-01-31T23:14:18.904150Z,,,,,,,2025-01-31T23:13:23.904150Z,,2025-01-31T23:13:26.609700Z,
FN.RAJF.00.?HZ | 2025-01-31T23:14:20.846330Z - 2025-01-31T23:15:20.846330Z,,,,,,,,,2025-01-31T23:14:25.846330Z,
FN.RANF.00.?HZ | 2025-01-31T23:14:01.420390Z - 2025-01-31T23:15:01.420390Z,,,,,,,,,2025-01-31T23:14:06.420390Z,
FN.RNF.00.BHZ | 2025-01-31T23:13:31.410450Z - 2025-01-31T23:14:31.410450Z,,,,,,,2025-01-31T23:13:36.410450Z,,2025-01-31T23:13:48.692240Z,
FN.SGF.00.BHZ | 2025-01-31T23:13:34.263220Z - 2025-01-31T23:14:34.263220Z,,,,,,,2025-01-31T23:13:39.263220Z,,2025-01-31T23:13:53.292500Z,
HE.HEF.00.BHZ | 2025-01-31T23:13:57.364390Z - 2025-01-31T23:14:57.364390Z,,,,,,,,,2025-01-31T23:14:02.364390Z,
HE.TOF.00.BHZ | 2025-01-31T23:13:45.064360Z - 2025-01-31T23:14:45.064360Z,,,,,,,,,2025-01-31T23:13:50.064360Z,
FN.KMNF.00.?HZ | 2025-02-02T00:33:37.016470Z - 2025-02-02T00:34:37.016470Z,,,,,,,2025-02-02T00:33:42.016470Z,,2025-02-02T00:34:13.059550Z,
FN.MSF.00.BHZ | 2025-02-02T00:33:37.182320Z - 2025-02-02T00:34:37.182320Z,,,,,,,2025-02-02T00:33:42.182320Z,,2025-02-02T00:34:18.080730Z,
FN.OLKF.00.BHZ | 2025-02-02T00:33:30.859900Z - 2025-02-02T00:34:30.859900Z,,,,,,,2025-02-02T00:33:35.859900Z,,2025-02-02T00:34:07.187810Z,
FN.RAJF.00.?HZ | 2025-02-02T00:33:28.394900Z - 2025-02-02T00:34:28.394900Z,,,,,,,2025-02-02T00:33:33.394900Z,,2025-02-02T00:33:59.143760Z,
FN.SGF.00.BHZ | 2025-02-02T00:33:38.105780Z - 2025-02-02T00:34:38.105780Z,,,,,,,2025-02-02T00:33:43.105780Z,,2025-02-02T00:34:14.592380Z,
HE.KEV.00.?HZ | 2025-02-02T00:33:41.093150Z - 2025-02-02T00:34:41.093150Z,,,,,,,2025-02-02T00:33:46.093150Z,,2025-02-02T00:34:25.902910Z,
HE.KU1.00.SHZ | 2025-02-02T00:33:38.942600Z - 2025-02-02T00:34:38.942600Z,,,,,,,2025-02-02T00:33:43.942600Z,,2025-02-02T00:34:22.709560Z,
HE.KU6.00.BHZ | 2025-02-02T00:33:32.039180Z - 2025-02-02T00:34:32.039180Z,,,,,,,2025-02-02T00:33:37.039180Z,,2025-02-02T00:34:09.721280Z,
HE.VRF.00.BHZ | 2025-02-02T00:33:20.160130Z - 2025-02-02T00:34:20.160130Z,,,,,,,2025-02-02T00:33:25.160130Z,,2025-02-02T00:33:46.100670Z,
FN.KLF.00.BHZ | 2025-02-02T00:26:00.726320Z - 2025-02-02T00:27:00.726320Z,,,,,,,2025-02-02T00:26:05.726320Z,,2025-02-02T00:26:27.791970Z,
HE.HEF.00.BHZ | 2025-02-02T00:26:03.222440Z - 2025-02-02T00:27:03.222440Z,,,,,,,,,2025-02-02T00:26:08.222440Z,
HE.KIF.00.BHZ | 2025-02-02T00:25:41.990790Z - 2025-02-02T00:26:41.990790Z,,,,,,,2025-02-02T00:25:46.990790Z,,2025-02-02T00:25:54.798730Z,
HE.ECKF.00.CZ | 2025-01-29T09:48:13.443500Z - 2025-01-29T09:49:13.443500Z,,,,,,,,,2025-01-29T09:48:18.443500Z,
HE.KPF.00.BHZ | 2025-01-29T09:48:18.706080Z - 2025-01-29T09:49:18.706080Z,,,,,,,,,2025-01-29T09:48:23.706080Z,
HE.VAF.00.BHZ | 2025-01-29T09:48:29.590690Z - 2025-01-29T09:49:29.590690Z,,,,,,,,,2025-01-29T09:48:34.590690Z,
HE.ALAJF.00.?HZ | 2025-01-29T06:03:55.036630Z - 2025-01-29T06:04:55.036630Z,,,,,,,,,2025-01-29T06:04:00.036630Z,
HE.OUF.00.BHZ | 2025-01-29T06:03:54.381440Z - 2025-01-29T06:04:54.381440Z,,,,,,,,,2025-01-29T06:03:59.381440Z,
HE.VAF.00.BHZ | 2025-01-29T06:03:27.800550Z - 2025-01-29T06:04:27.800550Z,,,,,,,2025-01-29T06:03:32.800550Z,,2025-01-29T06:03:49.255780Z,
FN.MSF.00.BHZ | 2025-01-30T03:01:56.895120Z - 2025-01-30T03:02:56.895120Z,,,,,,,2025-01-30T03:02:01.895120Z,,2025-01-30T03:02:05.588710Z,
FN.OLKF.00.BHZ | 2025-01-30T03:02:13.116010Z - 2025-01-30T03:03:13.116010Z,,,,,,,,,2025-01-30T03:02:18.116010Z,
FN.RANF.00.?HZ | 2025-01-30T03:02:15.292220Z - 2025-01-30T03:03:15.292220Z,,,,,,,,,2025-01-30T03:02:20.292220Z,
HE.KU1.00.SHZ | 2025-01-30T03:02:00.224010Z - 2025-01-30T03:03:00.224010Z,,,,,,,2025-01-30T03:02:05.224010Z,,2025-01-30T03:02:11.241580Z,
HE.KU2.00.SHZ | 2025-01-30T03:01:54.298160Z - 2025-01-30T03:02:54.298160Z,,,,,,,2025-01-30T03:01:59.298160Z,,2025-01-30T03:02:01.121120Z,
HE.KU6.00.BHZ | 2025-01-30T03:02:11.263850Z - 2025-01-30T03:03:11.263850Z,,,,,,,,,2025-01-30T03:02:16.263850Z,
FN.KLF.00.BHZ | 2025-02-08T05:19:37.740590Z - 2025-02-08T05:20:37.740590Z,,,,,,,,,2025-02-08T05:19:42.740590Z,
HE.TOF.00.BHZ | 2025-02-08T05:19:40.730170Z - 2025-02-08T05:20:40.730170Z,,,,,,,,,2025-02-08T05:19:45.730170Z,
HE.KPF.00.BHZ | 2025-02-09T07:47:17.398980Z - 2025-02-09T07:48:17.398980Z,,,,,,,,,2025-02-09T07:47:22.398980Z,
HE.RAF.00.BHZ | 2025-02-09T07:47:29.686510Z - 2025-02-09T07:48:29.686510Z,,,,,,,,,2025-02-09T07:47:34.686510Z,
HE.VAF.00.BHZ | 2025-02-09T07:46:36.908070Z - 2025-02-09T07:47:36.908070Z,,,,,,,2025-02-09T07:46:41.908070Z,,2025-02-09T07:47:13.536430Z,
HE.FIA0.00.?HZ | 2025-02-15T08:56:02.136080Z - 2025-02-15T08:57:02.136080Z,,,,,,,2025-02-15T08:56:07.136080Z,,2025-02-15T08:56:22.195640Z,
HE.FIA1.00.?HZ | 2025-02-15T08:56:02.149350Z - 2025-02-15T08:57:02.149350Z,,,,,,,2025-02-15T08:56:07.149350Z,,2025-02-15T08:56:22.195640Z,
HE.HEL1.00.BHZ | 2025-02-15T08:56:01.031330Z - 2025-02-15T08:57:01.031330Z,,,,,,,2025-02-15T08:56:06.031330Z,,2025-02-15T08:56:19.770200Z,
HE.HEL5.00.BHZ | 2025-02-15T08:56:02.620000Z - 2025-02-15T08:57:02.620000Z,,,,,,,2025-02-15T08:56:07.620000Z,,2025-02-15T08:56:22.407230Z,
HE.KAF.00.?HZ | 2025-02-15T08:56:12.649980Z - 2025-02-15T08:57:12.649980Z,,,,,,,2025-02-15T08:56:17.649980Z,,2025-02-15T08:56:41.304930Z,
HE.KEF.00.?HZ | 2025-02-15T08:56:17.670340Z - 2025-02-15T08:57:17.670340Z,,,,,,,2025-02-15T08:56:22.670340Z,,2025-02-15T08:56:50.006140Z,
HE.KUNI.00.BHZ | 2025-02-15T08:56:00.529520Z - 2025-02-15T08:57:00.529520Z,,,,,,,2025-02-15T08:56:05.529520Z,,2025-02-15T08:56:18.765010Z,
HE.KY02.00.CZ | 2025-02-15T08:55:52.278040Z - 2025-02-15T08:56:52.278040Z,,,,,,,2025-02-15T08:55:57.278040Z,,2025-02-15T08:56:04.781920Z,
HE.KY17.00.CZ | 2025-02-15T08:55:51.626480Z - 2025-02-15T08:56:51.626480Z,,,,,,,2025-02-15T08:55:56.626480Z,,2025-02-15T08:56:03.826170Z,
HE.LAUT.00.BHZ | 2025-02-15T08:56:01.296210Z - 2025-02-15T08:57:01.296210Z,,,,,,,2025-02-15T08:56:06.296210Z,,2025-02-15T08:56:20.289510Z,
HE.LOVF.00.CZ | 2025-02-15T08:55:47.891410Z - 2025-02-15T08:56:47.891410Z,,,,,,,2025-02-15T08:55:52.891410Z,,2025-02-15T08:55:57.487010Z,
HE.MEF.00.BHZ | 2025-02-15T08:56:05.014420Z - 2025-02-15T08:57:05.014420Z,,,,,,,2025-02-15T08:56:10.014420Z,,2025-02-15T08:56:27.040940Z,
HE.NUR.00.SHZ | 2025-02-15T08:56:02.521770Z - 2025-02-15T08:57:02.521770Z,,,,,,,2025-02-15T08:56:07.521770Z,,2025-02-15T08:56:22.724600Z,
HE.PVF.00.CZ | 2025-02-15T08:55:52.045960Z - 2025-02-15T08:56:52.045960Z,,,,,,,2025-02-15T08:55:57.045960Z,,2025-02-15T08:56:04.645390Z,
HE.RSUO.00.BHZ | 2025-02-15T08:56:00.802700Z - 2025-02-15T08:57:00.802700Z,,,,,,,2025-02-15T08:56:05.802700Z,,2025-02-15T08:56:19.194900Z,
HE.RUF.00.BHZ | 2025-02-15T08:56:07.118880Z - 2025-02-15T08:57:07.118880Z,,,,,,,2025-02-15T08:56:12.118880Z,,2025-02-15T08:56:30.066850Z,
HE.TVF.00.BHZ | 2025-02-15T08:56:16.716290Z - 2025-02-15T08:57:16.716290Z,,,,,,,2025-02-15T08:56:21.716290Z,,2025-02-15T08:56:46.694870Z,
HE.VJF.00.?HZ | 2025-02-15T08:55:47.256750Z - 2025-02-15T08:56:47.256750Z,,,,,,,2025-02-15T08:55:52.256750Z,,2025-02-15T08:55:56.427460Z,
HE.VUOS.00.BHZ | 2025-02-15T08:55:58.627250Z - 2025-02-15T08:56:58.627250Z,,,,,,,2025-02-15T08:56:03.627250Z,,2025-02-15T08:56:15.615320Z,
HE.FIA0.00.?HZ | 2025-02-15T08:57:53.781300Z - 2025-02-15T08:58:53.781300Z,,,,,,,,,2025-02-15T08:57:58.781300Z,
HE.FIA1.00.?HZ | 2025-02-15T08:57:53.781300Z - 2025-02-15T08:58:53.781300Z,,,,,,,,,2025-02-15T08:57:58.781300Z,
HE.KAF.00.?HZ | 2025-02-15T08:58:12.740870Z - 2025-02-15T08:59:12.740870Z,,,,,,,,,2025-02-15T08:58:17.740870Z,
HE.KEF.00.?HZ | 2025-02-15T08:58:21.875390Z - 2025-02-15T08:59:21.875390Z,,,,,,,,,2025-02-15T08:58:26.875390Z,
HE.KUNI.00.BHZ | 2025-02-15T08:57:50.183250Z - 2025-02-15T08:58:50.183250Z,,,,,,,,,2025-02-15T08:57:55.183250Z,
HE.KY02.00.CZ | 2025-02-15T08:57:28.591830Z - 2025-02-15T08:58:28.591830Z,,,,,,,2025-02-15T08:57:33.591830Z,,2025-02-15T08:57:41.106850Z,
HE.KY17.00.CZ | 2025-02-15T08:57:27.808600Z - 2025-02-15T08:58:27.808600Z,,,,,,,2025-02-15T08:57:32.808600Z,,2025-02-15T08:57:40.176510Z,
HE.LOVF.00.CZ | 2025-02-15T08:57:24.187370Z - 2025-02-15T08:58:24.187370Z,,,,,,,2025-02-15T08:57:29.187370Z,,2025-02-15T08:57:33.802920Z,
HE.MEF.00.BHZ | 2025-02-15T08:57:41.097630Z - 2025-02-15T08:58:41.097630Z,,,,,,,2025-02-15T08:57:46.097630Z,,2025-02-15T08:58:03.029430Z,
HE.PVF.00.CZ | 2025-02-15T08:57:28.297030Z - 2025-02-15T08:58:28.297030Z,,,,,,,2025-02-15T08:57:33.297030Z,,2025-02-15T08:57:41.249110Z,
HE.RUF.00.BHZ | 2025-02-15T08:58:01.384670Z - 2025-02-15T08:59:01.384670Z,,,,,,,,,2025-02-15T08:58:06.384670Z,
HE.TRE03.00.CZ | 2025-02-15T08:58:14.736150Z - 2025-02-15T08:59:14.736150Z,,,,,,,,,2025-02-15T08:58:19.736150Z,
HE.TVF.00.BHZ | 2025-02-15T08:58:17.978180Z - 2025-02-15T08:59:17.978180Z,,,,,,,,,2025-02-15T08:58:22.978180Z,
HE.VJF.00.?HZ | 2025-02-15T08:57:23.644000Z - 2025-02-15T08:58:23.644000Z,,,,,,,2025-02-15T08:57:28.644000Z,,2025-02-15T08:57:32.692130Z,
HE.VUOS.00.BHZ | 2025-02-15T08:57:46.995860Z - 2025-02-15T08:58:46.995860Z,,,,,,,,,2025-02-15T08:57:51.995860Z,
FN.MSF.00.BHZ | 2025-02-15T21:01:13.697800Z - 2025-02-15T21:02:13.697800Z,,,,,,,2025-02-15T21:01:18.697800Z,,2025-02-15T21:01:23.607460Z,
FN.OLKF.00.BHZ | 2025-02-15T21:01:18.288660Z - 2025-02-15T21:02:18.288660Z,,,,,,,2025-02-15T21:01:23.288660Z,,2025-02-15T21:01:31.223100Z,
FN.RANF.00.?HZ | 2025-02-15T21:01:44.643040Z - 2025-02-15T21:02:44.643040Z,,,,,,,,,2025-02-15T21:01:49.643040Z,
HE.KU1.00.SHZ | 2025-02-15T21:01:11.171160Z - 2025-02-15T21:02:11.171160Z,,,,,,,2025-02-15T21:01:16.171160Z,,2025-02-15T21:01:19.183760Z,
HE.KU2.00.SHZ | 2025-02-15T21:01:18.583660Z - 2025-02-15T21:02:18.583660Z,,,,,,,2025-02-15T21:01:23.583660Z,,2025-02-15T21:01:31.795060Z,
HE.KU6.00.BHZ | 2025-02-15T21:01:12.933400Z - 2025-02-15T21:02:12.933400Z,,,,,,,2025-02-15T21:01:17.933400Z,,2025-02-15T21:01:22.355360Z,
HE.ECKF.00.CZ | 2025-02-15T20:40:03.722430Z - 2025-02-15T20:41:03.722430Z,,,,,,,2025-02-15T20:40:08.722430Z,,2025-02-15T20:40:29.419910Z,
UP.AAL.00.BHZ | 2025-02-15T20:40:07.623000Z - 2025-02-15T20:41:07.623000Z,,,,,,,2025-02-15T20:40:12.623000Z,,2025-02-15T20:40:37.006530Z,
FN.MSF.00.BHZ | 2025-02-20T11:30:48.608170Z - 2025-02-20T11:31:48.608170Z,,,,,,,2025-02-20T11:30:53.608170Z,,2025-02-20T11:30:55.261710Z,
FN.OLKF.00.BHZ | 2025-02-20T11:30:54.017330Z - 2025-02-20T11:31:54.017330Z,,,,,,,2025-02-20T11:30:59.017330Z,,2025-02-20T11:31:05.139420Z,
FN.OUL.00.BHZ | 2025-02-20T11:31:31.151990Z - 2025-02-20T11:32:31.151990Z,,,,,,,,,2025-02-20T11:31:36.151990Z,
FN.RANF.00.?HZ | 2025-02-20T11:31:02.320450Z - 2025-02-20T11:32:02.320450Z,,,,,,,2025-02-20T11:31:07.320450Z,,2025-02-20T11:31:19.175540Z,
FN.RNF.00.BHZ | 2025-02-20T11:31:28.977840Z - 2025-02-20T11:32:28.977840Z,,,,,,,,,2025-02-20T11:31:33.977840Z,
HE.KU1.00.SHZ | 2025-02-20T11:30:52.143330Z - 2025-02-20T11:31:52.143330Z,,,,,,,2025-02-20T11:30:57.143330Z,,2025-02-20T11:31:02.113940Z,
HE.KU2.00.SHZ | 2025-02-20T11:30:52.671490Z - 2025-02-20T11:31:52.671490Z,,,,,,,2025-02-20T11:30:57.671490Z,,2025-02-20T11:31:02.903030Z,
HE.KU6.00.BHZ | 2025-02-20T11:30:52.152330Z - 2025-02-20T11:31:52.152330Z,,,,,,,2025-02-20T11:30:57.152330Z,,2025-02-20T11:31:02.423810Z,
HE.RMF.00.BHZ | 2025-02-20T11:31:35.482990Z - 2025-02-20T11:32:35.482990Z,,,,,,,,,2025-02-20T11:31:40.482990Z,
HE.TOF.00.BHZ | 2025-02-20T11:31:41.653450Z - 2025-02-20T11:32:41.653450Z,,,,,,,,,2025-02-20T11:31:46.653450Z,
HE.VRF.00.BHZ | 2025-02-20T11:31:40.564520Z - 2025-02-20T11:32:40.564520Z,,,,,,,,,2025-02-20T11:31:45.564520Z,
FN.MSF.00.BHZ | 2025-02-20T23:19:50.981250Z - 2025-02-20T23:20:50.981250Z,,,,,,,2025-02-20T23:19:55.981250Z,,2025-02-20T23:20:00.001200Z,
FN.OLKF.00.BHZ | 2025-02-20T23:19:54.290030Z - 2025-02-20T23:20:54.290030Z,,,,,,,2025-02-20T23:19:59.290030Z,,2025-02-20T23:20:06.050810Z,
FN.OUL.00.BHZ | 2025-02-20T23:20:09.600060Z - 2025-02-20T23:21:09.600060Z,,,,,,,2025-02-20T23:20:14.600060Z,,2025-02-20T23:20:32.320550Z,
FN.RANF.00.?HZ | 2025-02-20T23:19:57.480150Z - 2025-02-20T23:20:57.480150Z,,,,,,,2025-02-20T23:20:02.480150Z,,2025-02-20T23:20:10.965470Z,
FN.RNF.00.BHZ | 2025-02-20T23:20:05.179550Z - 2025-02-20T23:21:05.179550Z,,,,,,,2025-02-20T23:20:10.179550Z,,2025-02-20T23:20:24.666940Z,
FN.SGF.00.BHZ | 2025-02-20T23:20:33.123060Z - 2025-02-20T23:21:33.123060Z,,,,,,,,,2025-02-20T23:20:38.123060Z,
HE.KU1.00.SHZ | 2025-02-20T23:19:56.808050Z - 2025-02-20T23:20:56.808050Z,,,,,,,2025-02-20T23:20:01.808050Z,,2025-02-20T23:20:10.275820Z,
HE.KU2.00.SHZ | 2025-02-20T23:19:51.630980Z - 2025-02-20T23:20:51.630980Z,,,,,,,2025-02-20T23:19:56.630980Z,,2025-02-20T23:20:01.490130Z,
HE.KU6.00.BHZ | 2025-02-20T23:19:56.135940Z - 2025-02-20T23:20:56.135940Z,,,,,,,2025-02-20T23:20:01.135940Z,,2025-02-20T23:20:08.613100Z,
HE.OBF3.00.BHZ | 2025-02-20T23:20:42.147280Z - 2025-02-20T23:21:42.147280Z,,,,,,,,,2025-02-20T23:20:47.147280Z,
HE.RMF.00.BHZ | 2025-02-20T23:20:40.655080Z - 2025-02-20T23:21:40.655080Z,,,,,,,,,2025-02-20T23:20:45.655080Z,
HE.TOF.00.BHZ | 2025-02-20T23:20:34.881080Z - 2025-02-20T23:21:34.881080Z,,,,,,,,,2025-02-20T23:20:39.881080Z,
HE.VRF.00.BHZ | 2025-02-20T23:20:37.853710Z - 2025-02-20T23:21:37.853710Z,,,,,,,,,2025-02-20T23:20:42.853710Z,
UP.AAL.00.BHZ | 2025-02-19T15:17:20.578300Z - 2025-02-19T15:18:20.578300Z,,,,,,,2025-02-19T15:17:25.578300Z,,2025-02-19T15:18:06.047000Z,
HE.ECKF.00.CZ | 2025-02-19T15:17:17.600450Z - 2025-02-19T15:18:17.600450Z,,,,,,,2025-02-19T15:17:22.600450Z,,,
HE.KORF.00.CZ | 2025-02-19T15:17:30.773720Z - 2025-02-19T15:18:30.773720Z,,,,,,,2025-02-19T15:17:35.773720Z,,,
HE.RAF.00.BHZ | 2025-02-19T15:17:35.682820Z - 2025-02-19T15:18:35.682820Z,,,,,,,2025-02-19T15:17:40.682820Z,,,
HE.TVF.00.BHZ | 2025-02-19T15:17:42.381770Z - 2025-02-19T15:18:42.381770Z,,,,,,,2025-02-19T15:17:47.381770Z,,,
HE.ECKF.00.CZ | 2025-02-19T15:18:09.261130Z - 2025-02-19T15:19:09.261130Z,,,,,,,,,2025-02-19T15:18:14.261130Z,
HE.TVF.00.BHZ | 2025-02-19T15:18:36.986020Z - 2025-02-19T15:19:36.986020Z,,,,,,,,,2025-02-19T15:18:41.986020Z,
HE.ECKF.00.CZ | 2025-02-19T15:18:09.260000Z - 2025-02-19T15:19:09.260000Z,,,,,,,,,2025-02-19T15:18:14.260000Z,
HE.KORF.00.CZ | 2025-02-19T15:18:35.895490Z - 2025-02-19T15:19:35.895490Z,,,,,,,,,2025-02-19T15:18:40.895490Z,
HE.RAF.00.BHZ | 2025-02-19T15:18:45.943920Z - 2025-02-19T15:19:45.943920Z,,,,,,,,,2025-02-19T15:18:50.943920Z,
FN.KLF.00.BHZ | 2025-02-24T03:31:25.883250Z - 2025-02-24T03:32:25.883250Z,,,,,,,,,2025-02-24T03:31:30.883250Z,
FN.KMNF.00.?HZ | 2025-02-24T03:31:00.504700Z - 2025-02-24T03:32:00.504700Z,,,,,,,2025-02-24T03:31:05.504700Z,,2025-02-24T03:31:21.604220Z,
FN.RAJF.00.?HZ | 2025-02-24T03:31:29.244160Z - 2025-02-24T03:32:29.244160Z,,,,,,,,,2025-02-24T03:31:34.244160Z,
HE.HEF.00.BHZ | 2025-02-24T03:30:47.500080Z - 2025-02-24T03:31:47.500080Z,,,,,,,2025-02-24T03:30:52.500080Z,,2025-02-24T03:30:58.842830Z,
HE.KEV.00.?HZ | 2025-02-24T03:31:22.394970Z - 2025-02-24T03:32:22.394970Z,,,,,,,,,2025-02-24T03:31:27.394970Z,
HE.KIF.00.BHZ | 2025-02-24T03:30:55.428820Z - 2025-02-24T03:31:55.428820Z,,,,,,,2025-02-24T03:31:00.428820Z,,2025-02-24T03:31:12.689680Z,
HE.TOF.00.BHZ | 2025-02-24T03:32:01.649110Z - 2025-02-24T03:33:01.649110Z,,,,,,,,,2025-02-24T03:32:06.649110Z,
HE.VRF.00.BHZ | 2025-02-24T03:31:53.391520Z - 2025-02-24T03:32:53.391520Z,,,,,,,,,2025-02-24T03:31:58.391520Z,
FN.KLF.00.BHZ | 2025-02-25T23:12:24.804050Z - 2025-02-25T23:13:24.804050Z,,,,,,,,,2025-02-25T23:12:29.804050Z,
FN.KMNF.00.?HZ | 2025-02-25T23:11:37.237550Z - 2025-02-25T23:12:37.237550Z,,,,,,,2025-02-25T23:11:42.237550Z,,2025-02-25T23:11:54.297940Z,
FN.RAJF.00.?HZ | 2025-02-25T23:12:11.078770Z - 2025-02-25T23:13:11.078770Z,,,,,,,,,2025-02-25T23:12:16.078770Z,
FN.SGF.00.BHZ | 2025-02-25T23:12:22.631920Z - 2025-02-25T23:13:22.631920Z,,,,,,,,,2025-02-25T23:12:27.631920Z,
HE.HEF.00.BHZ | 2025-02-25T23:11:53.973500Z - 2025-02-25T23:12:53.973500Z,,,,,,,,,2025-02-25T23:11:58.973500Z,
HE.KEV.00.?HZ | 2025-02-25T23:11:36.847170Z - 2025-02-25T23:12:36.847170Z,,,,,,,2025-02-25T23:11:41.847170Z,,2025-02-25T23:11:53.385330Z,
HE.KIF.00.BHZ | 2025-02-25T23:12:01.970300Z - 2025-02-25T23:13:01.970300Z,,,,,,,,,2025-02-25T23:12:06.970300Z,
FN.KMNF.00.?HZ | 2025-02-27T18:38:45.826680Z - 2025-02-27T18:39:45.826680Z,,,,,,,2025-02-27T18:38:50.826680Z,,2025-02-27T18:39:02.948880Z,
FN.RAJF.00.?HZ | 2025-02-27T18:38:59.570560Z - 2025-02-27T18:39:59.570560Z,,,,,,,2025-02-27T18:39:04.570560Z,,2025-02-27T18:39:26.579040Z,
HE.HEF.00.BHZ | 2025-02-27T18:39:01.192240Z - 2025-02-27T18:40:01.192240Z,,,,,,,2025-02-27T18:39:06.192240Z,,2025-02-27T18:39:29.590730Z,
HE.KEV.00.?HZ | 2025-02-27T18:38:36.839560Z - 2025-02-27T18:39:36.839560Z,,,,,,,2025-02-27T18:38:41.839560Z,,2025-02-27T18:38:46.841740Z,
HE.KIF.00.BHZ | 2025-02-27T18:39:32.322600Z - 2025-02-27T18:40:32.322600Z,,,,,,,,,2025-02-27T18:39:37.322600Z,
FN.KLF.00.BHZ | 2025-02-28T01:47:02.627090Z - 2025-02-28T01:48:02.627090Z,,,,,,,2025-02-28T01:47:07.627090Z,,2025-02-28T01:47:29.386910Z,
FN.MSF.00.BHZ | 2025-02-28T01:47:05.147580Z - 2025-02-28T01:48:05.147580Z,,,,,,,2025-02-28T01:47:10.147580Z,,2025-02-28T01:47:33.813450Z,
FN.OLKF.00.BHZ | 2025-02-28T01:47:08.233680Z - 2025-02-28T01:48:08.233680Z,,,,,,,2025-02-28T01:47:13.233680Z,,2025-02-28T01:47:41.137810Z,
FN.OUL.00.BHZ | 2025-02-28T01:46:44.790330Z - 2025-02-28T01:47:44.790330Z,,,,,,,2025-02-28T01:46:49.790330Z,,2025-02-28T01:46:58.751380Z,
FN.RANF.00.?HZ | 2025-02-28T01:46:49.978460Z - 2025-02-28T01:47:49.978460Z,,,,,,,2025-02-28T01:46:54.978460Z,,2025-02-28T01:47:07.676760Z,
FN.RNF.00.BHZ | 2025-02-28T01:47:09.036950Z - 2025-02-28T01:48:09.036950Z,,,,,,,,,2025-02-28T01:47:14.036950Z,
FN.SGF.00.BHZ | 2025-02-28T01:47:08.508890Z - 2025-02-28T01:48:08.508890Z,,,,,,,2025-02-28T01:47:13.508890Z,,2025-02-28T01:47:39.501970Z,
HE.KJNF.00.CZ | 2025-02-28T01:47:04.814410Z - 2025-02-28T01:48:04.814410Z,,,,,,,2025-02-28T01:47:09.814410Z,,2025-02-28T01:47:32.378830Z,
HE.KU1.00.SHZ | 2025-02-28T01:47:07.500070Z - 2025-02-28T01:48:07.500070Z,,,,,,,2025-02-28T01:47:12.500070Z,,2025-02-28T01:47:38.432190Z,
HE.KU2.00.SHZ | 2025-02-28T01:46:58.729930Z - 2025-02-28T01:47:58.729930Z,,,,,,,2025-02-28T01:47:03.729930Z,,2025-02-28T01:47:22.554080Z,
HE.KU6.00.BHZ | 2025-02-28T01:47:10.325690Z - 2025-02-28T01:48:10.325690Z,,,,,,,2025-02-28T01:47:15.325690Z,,2025-02-28T01:47:45.019840Z,
HE.OBF0.00.BHZ | 2025-02-28T01:46:51.517100Z - 2025-02-28T01:47:51.517100Z,,,,,,,2025-02-28T01:46:56.517100Z,,2025-02-28T01:47:10.465240Z,
HE.OBF3.00.BHZ | 2025-02-28T01:46:45.650900Z - 2025-02-28T01:47:45.650900Z,,,,,,,2025-02-28T01:46:50.650900Z,,2025-02-28T01:47:00.384780Z,
HE.OBF8.00.BHZ | 2025-02-28T01:46:56.017960Z - 2025-02-28T01:47:56.017960Z,,,,,,,2025-02-28T01:47:01.017960Z,,2025-02-28T01:47:18.517260Z,
HE.OUF.00.BHZ | 2025-02-28T01:46:53.423360Z - 2025-02-28T01:47:53.423360Z,,,,,,,2025-02-28T01:46:58.423360Z,,2025-02-28T01:47:14.205300Z,
HE.TOF.00.BHZ | 2025-02-28T01:46:41.850420Z - 2025-02-28T01:47:41.850420Z,,,,,,,2025-02-28T01:46:46.850420Z,,2025-02-28T01:46:53.596910Z,
FN.KLF.00.BHZ | 2025-02-28T09:03:52.932730Z - 2025-02-28T09:04:52.932730Z,,,,,,,2025-02-28T09:03:57.932730Z,,2025-02-28T09:04:21.649570Z,
HE.HEF.00.BHZ | 2025-02-28T09:03:51.599360Z - 2025-02-28T09:04:51.599360Z,,,,,,,2025-02-28T09:03:56.599360Z,,2025-02-28T09:04:18.567680Z,
HE.KIF.00.BHZ | 2025-02-28T09:03:45.946640Z - 2025-02-28T09:04:45.946640Z,,,,,,,2025-02-28T09:03:50.946640Z,,2025-02-28T09:04:09.087930Z,
FN.KLF.00.BHZ | 2025-02-28T00:31:26.306240Z - 2025-02-28T00:32:26.306240Z,,,,,,,2025-02-28T00:31:31.306240Z,,2025-02-28T00:32:03.138140Z,
FN.OUL.00.BHZ | 2025-02-28T00:31:25.679520Z - 2025-02-28T00:32:25.679520Z,,,,,,,2025-02-28T00:31:30.679520Z,,2025-02-28T00:31:58.051100Z,
HE.OBF0.00.BHZ | 2025-02-28T00:31:19.261910Z - 2025-02-28T00:32:19.261910Z,,,,,,,2025-02-28T00:31:24.261910Z,,2025-02-28T00:31:48.176240Z,
HE.OBF3.00.BHZ | 2025-02-28T00:31:20.178850Z - 2025-02-28T00:32:20.178850Z,,,,,,,2025-02-28T00:31:25.178850Z,,2025-02-28T00:31:49.165800Z,
HE.OBF8.00.BHZ | 2025-02-28T00:31:38.451980Z - 2025-02-28T00:32:38.451980Z,,,,,,,,,2025-02-28T00:31:43.451980Z,
HE.OUF.00.BHZ | 2025-02-28T00:31:24.064100Z - 2025-02-28T00:32:24.064100Z,,,,,,,2025-02-28T00:31:29.064100Z,,2025-02-28T00:31:55.961470Z,
HE.TOF.00.BHZ | 2025-02-28T00:31:18.664470Z - 2025-02-28T00:32:18.664470Z,,,,,,,2025-02-28T00:31:23.664470Z,,2025-02-28T00:31:45.280360Z,
FN.KLF.00.BHZ | 2025-03-01T01:23:56.810860Z - 2025-03-01T01:24:56.810860Z,,,,,,,2025-03-01T01:24:01.810860Z,,2025-03-01T01:24:13.794610Z,
FN.KMNF.00.?HZ | 2025-03-01T01:24:13.954350Z - 2025-03-01T01:25:13.954350Z,,,,,,,2025-03-01T01:24:18.954350Z,,2025-03-01T01:24:43.353750Z,
FN.RAJF.00.?HZ | 2025-03-01T01:24:46.395870Z - 2025-03-01T01:25:46.395870Z,,,,,,,,,2025-03-01T01:24:51.395870Z,
FN.SGF.00.BHZ | 2025-03-01T01:24:08.188880Z - 2025-03-01T01:25:08.188880Z,,,,,,,2025-03-01T01:24:13.188880Z,,2025-03-01T01:24:33.710130Z,
HE.HEF.00.BHZ | 2025-03-01T01:23:49.995740Z - 2025-03-01T01:24:49.995740Z,,,,,,,2025-03-01T01:23:54.995740Z,,2025-03-01T01:24:02.085700Z,
HE.TOF.00.BHZ | 2025-03-01T01:24:17.203820Z - 2025-03-01T01:25:17.203820Z,,,,,,,2025-03-01T01:24:22.203820Z,,2025-03-01T01:24:48.469200Z,
HE.HEF.00.BHZ | 2025-03-01T06:26:57.689160Z - 2025-03-01T06:27:57.689160Z,,,,,,,2025-03-01T06:27:02.689160Z,,2025-03-01T06:27:34.584110Z,
HE.KIF.00.BHZ | 2025-03-01T06:26:41.265260Z - 2025-03-01T06:27:41.265260Z,,,,,,,2025-03-01T06:26:46.265260Z,,2025-03-01T06:27:05.122740Z,
FN.KLF.00.BHZ | 2025-03-04T08:03:39.163000Z - 2025-03-04T08:04:39.163000Z,,,,,,,2025-03-04T08:03:44.163000Z,,2025-03-04T08:04:08.988910Z,
HE.HEF.00.BHZ | 2025-03-04T08:03:33.187080Z - 2025-03-04T08:04:33.187080Z,,,,,,,2025-03-04T08:03:38.187080Z,,2025-03-04T08:03:57.772720Z,
HE.KIF.00.BHZ | 2025-03-04T08:03:23.685630Z - 2025-03-04T08:04:23.685630Z,,,,,,,2025-03-04T08:03:28.685630Z,,2025-03-04T08:03:41.480950Z,
FN.KLF.00.BHZ | 2025-03-05T07:31:03.991510Z - 2025-03-05T07:32:03.991510Z,,,,,,,2025-03-05T07:31:08.991510Z,,2025-03-05T07:31:24.351890Z,
FN.KMNF.00.?HZ | 2025-03-05T07:31:10.600080Z - 2025-03-05T07:32:10.600080Z,,,,,,,2025-03-05T07:31:15.600080Z,,2025-03-05T07:31:35.672420Z,
FN.MSF.00.BHZ | 2025-03-05T07:31:15.277980Z - 2025-03-05T07:32:15.277980Z,,,,,,,2025-03-05T07:31:20.277980Z,,2025-03-05T07:31:43.787850Z,
FN.OLKF.00.BHZ | 2025-03-05T07:31:10.859550Z - 2025-03-05T07:32:10.859550Z,,,,,,,2025-03-05T07:31:15.859550Z,,2025-03-05T07:31:35.990140Z,
FN.RAJF.00.?HZ | 2025-03-05T07:31:01.216960Z - 2025-03-05T07:32:01.216960Z,,,,,,,2025-03-05T07:31:06.216960Z,,2025-03-05T07:31:19.688570Z,
FN.RANF.00.?HZ | 2025-03-05T07:31:10.271810Z - 2025-03-05T07:32:10.271810Z,,,,,,,2025-03-05T07:31:15.271810Z,,2025-03-05T07:31:35.256640Z,
FN.SGF.00.BHZ | 2025-03-05T07:30:46.262420Z - 2025-03-05T07:31:46.262420Z,,,,,,,2025-03-05T07:30:51.262420Z,,2025-03-05T07:30:53.841240Z,
HE.HEF.00.BHZ | 2025-03-05T07:31:09.204920Z - 2025-03-05T07:32:09.204920Z,,,,,,,2025-03-05T07:31:14.204920Z,,2025-03-05T07:31:32.998570Z,
HE.KEV.00.?HZ | 2025-03-05T07:31:20.567410Z - 2025-03-05T07:32:20.567410Z,,,,,,,2025-03-05T07:31:25.567410Z,,2025-03-05T07:31:53.212220Z,
HE.KU1.00.SHZ | 2025-03-05T07:31:22.075310Z - 2025-03-05T07:32:22.075310Z,,,,,,,2025-03-05T07:31:27.075310Z,,2025-03-05T07:31:53.589200Z,
HE.KU2.00.SHZ | 2025-03-05T07:31:16.420690Z - 2025-03-05T07:32:16.420690Z,,,,,,,2025-03-05T07:31:21.420690Z,,2025-03-05T07:31:45.672730Z,
HE.KU6.00.BHZ | 2025-03-05T07:31:16.295030Z - 2025-03-05T07:32:16.295030Z,,,,,,,2025-03-05T07:31:21.295030Z,,2025-03-05T07:31:45.672730Z,
HE.TOF.00.BHZ | 2025-03-05T07:31:14.442470Z - 2025-03-05T07:32:14.442470Z,,,,,,,2025-03-05T07:31:19.442470Z,,2025-03-05T07:31:42.611630Z,
HE.VRF.00.BHZ | 2025-03-05T07:31:01.216960Z - 2025-03-05T07:32:01.216960Z,,,,,,,2025-03-05T07:31:06.216960Z,,2025-03-05T07:31:19.429500Z,
FN.MSF.00.BHZ | 2025-03-05T09:35:15.386550Z - 2025-03-05T09:36:15.386550Z,,,,,,,2025-03-05T09:35:20.386550Z,,2025-03-05T09:35:26.038040Z,
FN.OLKF.00.BHZ | 2025-03-05T09:35:32.850430Z - 2025-03-05T09:36:32.850430Z,,,,,,,,,2025-03-05T09:35:37.850430Z,
FN.OUL.00.BHZ | 2025-03-05T09:35:40.976670Z - 2025-03-05T09:36:40.976670Z,,,,,,,,,2025-03-05T09:35:45.976670Z,
FN.RANF.00.?HZ | 2025-03-05T09:35:18.941520Z - 2025-03-05T09:36:18.941520Z,,,,,,,2025-03-05T09:35:23.941520Z,,2025-03-05T09:35:32.120850Z,
HE.KU1.00.SHZ | 2025-03-05T09:35:18.212290Z - 2025-03-05T09:36:18.212290Z,,,,,,,2025-03-05T09:35:23.212290Z,,2025-03-05T09:35:30.981510Z,
HE.KU2.00.SHZ | 2025-03-05T09:35:09.450520Z - 2025-03-05T09:36:09.450520Z,,,,,,,2025-03-05T09:35:14.450520Z,,2025-03-05T09:35:15.937120Z,
HE.KU6.00.BHZ | 2025-03-05T09:35:31.957160Z - 2025-03-05T09:36:31.957160Z,,,,,,,,,2025-03-05T09:35:36.957160Z,
FN.MSF.00.BHZ | 2025-03-10T02:09:01.763130Z - 2025-03-10T02:10:01.763130Z,,,,,,,2025-03-10T02:09:06.763130Z,,2025-03-10T02:09:09.117440Z,
FN.OLKF.00.BHZ | 2025-03-10T02:09:08.600890Z - 2025-03-10T02:10:08.600890Z,,,,,,,2025-03-10T02:09:13.600890Z,,2025-03-10T02:09:21.054840Z,
FN.OUL.00.BHZ | 2025-03-10T02:09:41.962250Z - 2025-03-10T02:10:41.962250Z,,,,,,,,,2025-03-10T02:09:46.962250Z,
FN.RANF.00.?HZ | 2025-03-10T02:09:14.364870Z - 2025-03-10T02:10:14.364870Z,,,,,,,2025-03-10T02:09:19.364870Z,,2025-03-10T02:09:31.007340Z,
FN.RNF.00.BHZ | 2025-03-10T02:09:41.993710Z - 2025-03-10T02:10:41.993710Z,,,,,,,,,2025-03-10T02:09:46.993710Z,
FN.SGF.00.BHZ | 2025-03-10T02:09:54.279760Z - 2025-03-10T02:10:54.279760Z,,,,,,,,,2025-03-10T02:09:59.279760Z,
HE.KU1.00.SHZ | 2025-03-10T02:09:04.522810Z - 2025-03-10T02:10:04.522810Z,,,,,,,2025-03-10T02:09:09.522810Z,,2025-03-10T02:09:14.200600Z,
HE.KU2.00.SHZ | 2025-03-10T02:09:04.384970Z - 2025-03-10T02:10:04.384970Z,,,,,,,2025-03-10T02:09:09.384970Z,,2025-03-10T02:09:13.445290Z,
HE.KU6.00.BHZ | 2025-03-10T02:09:06.397900Z - 2025-03-10T02:10:06.397900Z,,,,,,,2025-03-10T02:09:11.397900Z,,2025-03-10T02:09:17.678550Z,
HE.OBF3.00.BHZ | 2025-03-10T02:09:58.711420Z - 2025-03-10T02:10:58.711420Z,,,,,,,,,2025-03-10T02:10:03.711420Z,
HE.RMF.00.BHZ | 2025-03-10T02:09:46.623990Z - 2025-03-10T02:10:46.623990Z,,,,,,,,,2025-03-10T02:09:51.623990Z,
HE.VRF.00.BHZ | 2025-03-10T02:09:55.418110Z - 2025-03-10T02:10:55.418110Z,,,,,,,,,2025-03-10T02:10:00.418110Z,
FN.MSF.00.BHZ | 2025-03-08T14:36:12.818240Z - 2025-03-08T14:37:12.818240Z,,,,,,,2025-03-08T14:36:17.818240Z,,2025-03-08T14:36:26.907470Z,
FN.OLKF.00.BHZ | 2025-03-08T14:36:16.626780Z - 2025-03-08T14:37:16.626780Z,,,,,,,2025-03-08T14:36:21.626780Z,,2025-03-08T14:36:33.608250Z,
FN.OUL.00.BHZ | 2025-03-08T14:37:00.160200Z - 2025-03-08T14:38:00.160200Z,,,,,,,,,2025-03-08T14:37:05.160200Z,
FN.RANF.00.?HZ | 2025-03-08T14:36:49.189320Z - 2025-03-08T14:37:49.189320Z,,,,,,,,,2025-03-08T14:36:54.189320Z,
HE.KU1.00.SHZ | 2025-03-08T14:36:06.992860Z - 2025-03-08T14:37:06.992860Z,,,,,,,2025-03-08T14:36:11.992860Z,,2025-03-08T14:36:16.918620Z,
HE.KU2.00.SHZ | 2025-03-08T14:36:17.064270Z - 2025-03-08T14:37:17.064270Z,,,,,,,2025-03-08T14:36:22.064270Z,,2025-03-08T14:36:34.042310Z,
HE.KU6.00.BHZ | 2025-03-08T14:36:10.128570Z - 2025-03-08T14:37:10.128570Z,,,,,,,2025-03-08T14:36:15.128570Z,,2025-03-08T14:36:22.415440Z,
HE.RMF.00.BHZ | 2025-03-08T14:36:40.478050Z - 2025-03-08T14:37:40.478050Z,,,,,,,,,2025-03-08T14:36:45.478050Z,
FN.KLF.00.BHZ | 2025-03-13T16:19:05.662130Z - 2025-03-13T16:20:05.662130Z,,,,,,,2025-03-13T16:19:10.662130Z,,2025-03-13T16:19:39.154380Z,
FN.KMNF.00.?HZ | 2025-03-13T16:18:29.317180Z - 2025-03-13T16:19:29.317180Z,,,,,,,2025-03-13T16:18:34.317180Z,,2025-03-13T16:18:39.217310Z,
FN.RAJF.00.?HZ | 2025-03-13T16:18:36.110070Z - 2025-03-13T16:19:36.110070Z,,,,,,,2025-03-13T16:18:41.110070Z,,2025-03-13T16:18:51.216110Z,
FN.RNF.00.BHZ | 2025-03-13T16:19:44.191990Z - 2025-03-13T16:20:44.191990Z,,,,,,,,,2025-03-13T16:19:49.191990Z,
FN.SGF.00.BHZ | 2025-03-13T16:18:55.123330Z - 2025-03-13T16:19:55.123330Z,,,,,,,2025-03-13T16:19:00.123330Z,,2025-03-13T16:19:24.096390Z,
HE.HEF.00.BHZ | 2025-03-13T16:18:53.629180Z - 2025-03-13T16:19:53.629180Z,,,,,,,2025-03-13T16:18:58.629180Z,,2025-03-13T16:19:21.468820Z,
HE.KEV.00.?HZ | 2025-03-13T16:18:33.477200Z - 2025-03-13T16:19:33.477200Z,,,,,,,2025-03-13T16:18:38.477200Z,,2025-03-13T16:18:46.573660Z,
HE.KIF.00.BHZ | 2025-03-13T16:19:39.958980Z - 2025-03-13T16:20:39.958980Z,,,,,,,,,2025-03-13T16:19:44.958980Z,
HE.VRF.00.BHZ | 2025-03-13T16:18:50.440830Z - 2025-03-13T16:19:50.440830Z,,,,,,,2025-03-13T16:18:55.440830Z,,2025-03-13T16:19:15.966920Z,
FN.KLF.00.BHZ | 2025-03-16T03:02:09.077630Z - 2025-03-16T03:03:09.077630Z,,,,,,,2025-03-16T03:02:14.077630Z,,2025-03-16T03:02:35.454840Z,
FN.SGF.00.BHZ | 2025-03-16T03:02:54.955370Z - 2025-03-16T03:03:54.955370Z,,,,,,,,,2025-03-16T03:02:59.955370Z,
HE.HEF.00.BHZ | 2025-03-16T03:02:05.192520Z - 2025-03-16T03:03:05.192520Z,,,,,,,2025-03-16T03:02:10.192520Z,,2025-03-16T03:02:28.177800Z,
HE.KIF.00.BHZ | 2025-03-16T03:01:59.829640Z - 2025-03-16T03:02:59.829640Z,,,,,,,2025-03-16T03:02:04.829640Z,,2025-03-16T03:02:19.560240Z,
FN.MSF.00.BHZ | 2025-03-15T02:39:23.772540Z - 2025-03-15T02:40:23.772540Z,,,,,,,2025-03-15T02:39:28.772540Z,,2025-03-15T02:39:33.870260Z,
FN.OLKF.00.BHZ | 2025-03-15T02:39:27.914220Z - 2025-03-15T02:40:27.914220Z,,,,,,,2025-03-15T02:39:32.914220Z,,2025-03-15T02:39:40.541470Z,
FN.OUL.00.BHZ | 2025-03-15T02:40:03.385390Z - 2025-03-15T02:41:03.385390Z,,,,,,,,,2025-03-15T02:40:08.385390Z,
FN.RANF.00.?HZ | 2025-03-15T02:39:50.975620Z - 2025-03-15T02:40:50.975620Z,,,,,,,,,2025-03-15T02:39:55.975620Z,
FN.RNF.00.BHZ | 2025-03-15T02:40:03.293010Z - 2025-03-15T02:41:03.293010Z,,,,,,,,,2025-03-15T02:40:08.293010Z,
HE.KU1.00.SHZ | 2025-03-15T02:39:23.509590Z - 2025-03-15T02:40:23.509590Z,,,,,,,2025-03-15T02:39:28.509590Z,,2025-03-15T02:39:33.382130Z,
HE.KU2.00.SHZ | 2025-03-15T02:39:27.402400Z - 2025-03-15T02:40:27.402400Z,,,,,,,2025-03-15T02:39:32.402400Z,,2025-03-15T02:39:40.050800Z,
HE.KU6.00.BHZ | 2025-03-15T02:39:24.430400Z - 2025-03-15T02:40:24.430400Z,,,,,,,2025-03-15T02:39:29.430400Z,,2025-03-15T02:39:34.921050Z,
HE.RMF.00.BHZ | 2025-03-15T02:40:01.496830Z - 2025-03-15T02:41:01.496830Z,,,,,,,,,2025-03-15T02:40:06.496830Z,
FN.KLF.00.BHZ | 2025-03-17T08:38:07.079990Z - 2025-03-17T08:39:07.079990Z,,,,,,,2025-03-17T08:38:12.079990Z,,2025-03-17T08:38:27.898920Z,
FN.KMNF.00.?HZ | 2025-03-17T08:38:13.719090Z - 2025-03-17T08:39:13.719090Z,,,,,,,2025-03-17T08:38:18.719090Z,,2025-03-17T08:38:39.421110Z,
FN.RAJF.00.?HZ | 2025-03-17T08:38:18.862160Z - 2025-03-17T08:39:18.862160Z,,,,,,,2025-03-17T08:38:23.862160Z,,2025-03-17T08:38:47.907380Z,
FN.SGF.00.BHZ | 2025-03-17T08:38:13.968650Z - 2025-03-17T08:39:13.968650Z,,,,,,,2025-03-17T08:38:18.968650Z,,2025-03-17T08:38:39.570420Z,
HE.HEF.00.BHZ | 2025-03-17T08:37:49.209860Z - 2025-03-17T08:38:49.209860Z,,,,,,,2025-03-17T08:37:54.209860Z,,2025-03-17T08:37:57.123000Z,
HE.KEV.00.?HZ | 2025-03-17T08:38:19.026520Z - 2025-03-17T08:39:19.026520Z,,,,,,,2025-03-17T08:38:24.026520Z,,2025-03-17T08:38:48.294850Z,
HE.VRF.00.BHZ | 2025-03-17T08:39:00.744260Z - 2025-03-17T08:40:00.744260Z,,,,,,,,,2025-03-17T08:39:05.744260Z,
FN.OUL.00.BHZ | 2025-03-14T23:31:18.250000Z - 2025-03-14T23:32:18.250000Z,,,,,,,,,2025-03-14T23:31:23.250000Z,
HE.ALAJF.00.?HZ | 2025-03-14T23:31:12.730000Z - 2025-03-14T23:32:12.730000Z,,,,,,,,,2025-03-14T23:31:17.730000Z,
HE.OBF0.00.BHZ | 2025-03-14T23:30:59.580000Z - 2025-03-14T23:31:59.580000Z,,,,,,,,,2025-03-14T23:31:04.580000Z,
HE.OBF3.00.BHZ | 2025-03-14T23:31:05.370000Z - 2025-03-14T23:32:05.370000Z,,,,,,,,,2025-03-14T23:31:10.370000Z,
HE.OBF8.00.BHZ | 2025-03-14T23:30:49.990000Z - 2025-03-14T23:31:49.990000Z,,,,,,,,,2025-03-14T23:30:54.990000Z,
HE.OUF.00.BHZ | 2025-03-14T23:31:05.583180Z - 2025-03-14T23:32:05.583180Z,,,,,,,,,2025-03-14T23:31:10.583180Z,
HE.VAF.00.BHZ | 2025-03-14T23:30:44.820000Z - 2025-03-14T23:31:44.820000Z,,,,,,,2025-03-14T23:30:49.820000Z,,2025-03-14T23:31:10.583180Z,
HE.ECKF.00.CZ | 2025-03-20T01:33:46.956850Z - 2025-03-20T01:34:46.956850Z,,,,,,,2025-03-20T01:33:51.956850Z,,2025-03-20T01:33:58.642550Z,
HE.KORF.00.CZ | 2025-03-20T01:33:46.886780Z - 2025-03-20T01:34:46.886780Z,,,,,,,2025-03-20T01:33:51.886780Z,,2025-03-20T01:33:58.778710Z,
HE.KPF.00.BHZ | 2025-03-20T01:34:06.779910Z - 2025-03-20T01:35:06.779910Z,,,,,,,2025-03-20T01:34:11.779910Z,,2025-03-20T01:34:33.308440Z,
HE.MEF.00.BHZ | 2025-03-20T01:34:35.993100Z - 2025-03-20T01:35:35.993100Z,,,,,,,,,2025-03-20T01:34:40.993100Z,
HE.RAF.00.BHN | 2025-03-20T01:33:53.359300Z - 2025-03-20T01:34:53.359300Z,,,,,,,,,2025-03-20T01:34:10.023380Z,
HE.RAF.00.BHZ | 2025-03-20T01:33:53.359300Z - 2025-03-20T01:34:53.359300Z,,,,,,,2025-03-20T01:33:58.359300Z,,,
HE.TRE03.00.CZ | 2025-03-20T01:34:44.697730Z - 2025-03-20T01:35:44.697730Z,,,,,,,,,2025-03-20T01:34:49.697730Z,
HE.TVF.00.BHZ | 2025-03-20T01:34:03.261040Z - 2025-03-20T01:35:03.261040Z,,,,,,,2025-03-20T01:34:08.261040Z,,2025-03-20T01:34:27.097190Z,
UP.AAL.00.BHZ | 2025-03-20T01:33:43.356420Z - 2025-03-20T01:34:43.356420Z,,,,,,,2025-03-20T01:33:48.356420Z,,2025-03-20T01:33:52.764760Z,
FN.KLF.00.BHZ | 2025-03-23T13:29:05.147750Z - 2025-03-23T13:30:05.147750Z,,,,,,,2025-03-23T13:29:10.147750Z,,2025-03-23T13:29:31.536890Z,
FN.OUL.00.BHZ | 2025-03-23T13:28:58.589700Z - 2025-03-23T13:29:58.589700Z,,,,,,,2025-03-23T13:29:03.589700Z,,2025-03-23T13:29:20.989330Z,
FN.RANF.00.?HZ | 2025-03-23T13:29:03.929230Z - 2025-03-23T13:30:03.929230Z,,,,,,,2025-03-23T13:29:08.929230Z,,2025-03-23T13:29:30.192840Z,
HE.KU2.00.SHZ | 2025-03-23T13:29:12.696650Z - 2025-03-23T13:30:12.696650Z,,,,,,,2025-03-23T13:29:17.696650Z,,2025-03-23T13:29:45.433860Z,
HE.OBF0.00.BHZ | 2025-03-23T13:28:56.620070Z - 2025-03-23T13:29:56.620070Z,,,,,,,2025-03-23T13:29:01.620070Z,,2025-03-23T13:29:17.405190Z,
HE.OBF3.00.BHZ | 2025-03-23T13:28:53.917410Z - 2025-03-23T13:29:53.917410Z,,,,,,,2025-03-23T13:28:58.917410Z,,2025-03-23T13:29:13.130420Z,
HE.OUF.00.BHZ | 2025-03-23T13:29:00.075010Z - 2025-03-23T13:30:00.075010Z,,,,,,,2025-03-23T13:29:05.075010Z,,2025-03-23T13:29:24.087030Z,
HE.ECKF.00.CZ | 2025-03-26T05:06:33.100000Z - 2025-03-26T05:07:33.100000Z,,,,,,,2025-03-26T05:06:38.100000Z,,2025-03-26T05:06:47.750000Z,
HE.HEL1.00.BHZ | 2025-03-26T05:07:30.056890Z - 2025-03-26T05:08:30.056890Z,,,,,,,,,2025-03-26T05:07:35.056890Z,
HE.HEL5.00.BHZ | 2025-03-26T05:06:59.132100Z - 2025-03-26T05:07:59.132100Z,,,,,,,2025-03-26T05:07:04.132100Z,,2025-03-26T05:07:31.022190Z,
HE.KORF.00.CZ | 2025-03-26T05:06:32.493130Z - 2025-03-26T05:07:32.493130Z,,,,,,,2025-03-26T05:06:37.493130Z,,2025-03-26T05:06:46.379380Z,
HE.KPF.00.BHZ | 2025-03-26T05:07:00.366280Z - 2025-03-26T05:08:00.366280Z,,,,,,,2025-03-26T05:07:05.366280Z,,2025-03-26T05:07:35.056890Z,
HE.LAUT.00.BHZ | 2025-03-26T05:07:29.497000Z - 2025-03-26T05:08:29.497000Z,,,,,,,,,2025-03-26T05:07:34.497000Z,
HE.MEF.00.BHZ | 2025-03-26T05:06:56.528690Z - 2025-03-26T05:07:56.528690Z,,,,,,,2025-03-26T05:07:01.528690Z,,2025-03-26T05:07:27.153600Z,
HE.NUR.00.SHZ | 2025-03-26T05:07:29.049090Z - 2025-03-26T05:08:29.049090Z,,,,,,,,,2025-03-26T05:07:34.049090Z,
HE.RAF.00.BHZ | 2025-03-26T05:06:46.765630Z - 2025-03-26T05:07:46.765630Z,,,,,,,2025-03-26T05:06:51.765630Z,,2025-03-26T05:07:11.347630Z,
HE.TVF.00.BHZ | 2025-03-26T05:06:46.100000Z - 2025-03-26T05:07:46.100000Z,,,,,,,2025-03-26T05:06:51.100000Z,,2025-03-26T05:07:09.420000Z,
UP.AAL.00.BHZ | 2025-03-26T05:06:29.570000Z - 2025-03-26T05:07:29.570000Z,,,,,,,2025-03-26T05:06:34.570000Z,,2025-03-26T05:06:41.670000Z,
HE.KPF.00.BHZ | 2025-03-27T06:34:52.337620Z - 2025-03-27T06:35:52.337620Z,,,,,,,,,2025-03-27T06:34:57.337620Z,
HE.RAF.00.BHZ | 2025-03-27T06:35:01.135050Z - 2025-03-27T06:36:01.135050Z,,,,,,,,,2025-03-27T06:35:06.135050Z,
HE.VAF.00.BHZ | 2025-03-27T06:34:58.356910Z - 2025-03-27T06:35:58.356910Z,,,,,,,,,2025-03-27T06:35:03.356910Z,
HE.ALAJF.00.?HZ | 2025-03-30T13:14:27.014870Z - 2025-03-30T13:15:27.014870Z,,,,,,,2025-03-30T13:14:32.014870Z,,2025-03-30T13:14:56.697750Z,
HE.OBF0.00.BHZ | 2025-03-30T13:14:22.012890Z - 2025-03-30T13:15:22.012890Z,,,,,,,2025-03-30T13:14:27.012890Z,,2025-03-30T13:14:47.807770Z,
HE.OBF3.00.BHZ | 2025-03-30T13:14:25.698890Z - 2025-03-30T13:15:25.698890Z,,,,,,,2025-03-30T13:14:30.698890Z,,2025-03-30T13:14:54.454280Z,
HE.OBF8.00.BHZ | 2025-03-30T13:14:16.056910Z - 2025-03-30T13:15:16.056910Z,,,,,,,2025-03-30T13:14:21.056910Z,,2025-03-30T13:14:37.244900Z,
HE.VAF.00.BHZ | 2025-03-30T13:14:21.431490Z - 2025-03-30T13:15:21.431490Z,,,,,,,2025-03-30T13:14:26.431490Z,,2025-03-30T13:14:46.872740Z,
FN.KLF.00.BHZ | 2025-04-02T13:33:33.882380Z - 2025-04-02T13:34:33.882380Z,,,,,,,2025-04-02T13:33:38.882380Z,,2025-04-02T13:33:49.664300Z,
FN.OLKF.00.BHZ | 2025-04-02T13:33:56.211360Z - 2025-04-02T13:34:56.211360Z,,,,,,,2025-04-02T13:34:01.211360Z,,2025-04-02T13:34:28.982980Z,
FN.OUL.00.BHZ | 2025-04-02T13:33:45.395280Z - 2025-04-02T13:34:45.395280Z,,,,,,,2025-04-02T13:33:50.395280Z,,2025-04-02T13:34:09.857570Z,
FN.RANF.00.?HZ | 2025-04-02T13:33:39.730200Z - 2025-04-02T13:34:39.730200Z,,,,,,,2025-04-02T13:33:44.730200Z,,2025-04-02T13:34:00.242560Z,
FN.RNF.00.BHZ | 2025-04-02T13:33:33.973750Z - 2025-04-02T13:34:33.973750Z,,,,,,,2025-04-02T13:33:38.973750Z,,2025-04-02T13:33:49.938420Z,
FN.SGF.00.BHZ | 2025-04-02T13:33:43.933320Z - 2025-04-02T13:34:43.933320Z,,,,,,,2025-04-02T13:33:48.933320Z,,2025-04-02T13:34:07.769820Z,
HE.KU2.00.SHZ | 2025-04-02T13:33:50.623570Z - 2025-04-02T13:34:50.623570Z,,,,,,,2025-04-02T13:33:55.623570Z,,2025-04-02T13:34:19.402840Z,
HE.OBF3.00.BHZ | 2025-04-02T13:33:46.774400Z - 2025-04-02T13:34:46.774400Z,,,,,,,2025-04-02T13:33:51.774400Z,,2025-04-02T13:34:12.141880Z,
FN.KLF.00.BHZ | 2025-04-03T04:43:13.326490Z - 2025-04-03T04:44:13.326490Z,,,,,,,2025-04-03T04:43:18.326490Z,,2025-04-03T04:43:28.962520Z,
FN.KMNF.00.?HZ | 2025-04-03T04:44:01.114170Z - 2025-04-03T04:45:01.114170Z,,,,,,,,,2025-04-03T04:44:06.114170Z,
FN.RNF.00.BHZ | 2025-04-03T04:43:53.372970Z - 2025-04-03T04:44:53.372970Z,,,,,,,,,2025-04-03T04:43:58.372970Z,
FN.SGF.00.BHZ | 2025-04-03T04:43:45.855020Z - 2025-04-03T04:44:45.855020Z,,,,,,,,,2025-04-03T04:43:50.855020Z,
HE.HEF.00.BHZ | 2025-04-03T04:43:11.514420Z - 2025-04-03T04:44:11.514420Z,,,,,,,2025-04-03T04:43:16.514420Z,,2025-04-03T04:43:25.164010Z,
FN.MSF.00.BHZ | 2025-04-05T07:17:50.088760Z - 2025-04-05T07:18:50.088760Z,,,,,,,2025-04-05T07:17:55.088760Z,,2025-04-05T07:18:00.294050Z,
FN.OLKF.00.BHZ | 2025-04-05T07:17:47.938770Z - 2025-04-05T07:18:47.938770Z,,,,,,,2025-04-05T07:17:52.938770Z,,2025-04-05T07:17:56.591890Z,
FN.RANF.00.?HZ | 2025-04-05T07:18:17.189810Z - 2025-04-05T07:19:17.189810Z,,,,,,,,,2025-04-05T07:18:22.189810Z,
FN.RNF.00.BHZ | 2025-04-05T07:18:08.829930Z - 2025-04-05T07:19:08.829930Z,,,,,,,2025-04-05T07:18:13.829930Z,,2025-04-05T07:18:32.354160Z,
HE.KU1.00.SHZ | 2025-04-05T07:17:54.498450Z - 2025-04-05T07:18:54.498450Z,,,,,,,2025-04-05T07:17:59.498450Z,,2025-04-05T07:18:07.460590Z,
HE.KU2.00.SHZ | 2025-04-05T07:17:55.836560Z - 2025-04-05T07:18:55.836560Z,,,,,,,2025-04-05T07:18:00.836560Z,,2025-04-05T07:18:10.237850Z,
HE.KU6.00.BHZ | 2025-04-05T07:17:48.425920Z - 2025-04-05T07:18:48.425920Z,,,,,,,2025-04-05T07:17:53.425920Z,,2025-04-05T07:17:57.611760Z,
HE.VRF.00.BHZ | 2025-04-05T07:18:29.373360Z - 2025-04-05T07:19:29.373360Z,,,,,,,,,2025-04-05T07:18:34.373360Z,
FN.KLF.00.BHZ | 2025-04-05T12:48:53.274690Z - 2025-04-05T12:49:53.274690Z,,,,,,,2025-04-05T12:48:58.274690Z,,2025-04-05T12:49:17.206290Z,
FN.OUL.00.BHZ | 2025-04-05T12:48:52.706360Z - 2025-04-05T12:49:52.706360Z,,,,,,,2025-04-05T12:48:57.706360Z,,2025-04-05T12:49:15.214060Z,
FN.RANF.00.?HZ | 2025-04-05T12:49:14.404550Z - 2025-04-05T12:50:14.404550Z,,,,,,,,,2025-04-05T12:49:19.404550Z,
FN.RNF.00.BHZ | 2025-04-05T12:49:12.702210Z - 2025-04-05T12:50:12.702210Z,,,,,,,,,2025-04-05T12:49:17.702210Z,
HE.OBF0.00.BHZ | 2025-04-05T12:49:10.214060Z - 2025-04-05T12:50:10.214060Z,,,,,,,,,2025-04-05T12:49:15.214060Z,
HE.OBF3.00.BHZ | 2025-04-05T12:49:04.941340Z - 2025-04-05T12:50:04.941340Z,,,,,,,,,2025-04-05T12:49:09.941340Z,
HE.OBF8.00.BHZ | 2025-04-05T12:49:13.503820Z - 2025-04-05T12:50:13.503820Z,,,,,,,,,2025-04-05T12:49:18.503820Z,
FN.KLF.00.BHZ | 2025-04-06T17:25:58.527540Z - 2025-04-06T17:26:58.527540Z,,,,,,,2025-04-06T17:26:03.527540Z,,2025-04-06T17:26:14.466320Z,
FN.KMNF.00.?HZ | 2025-04-06T17:26:19.903700Z - 2025-04-06T17:27:19.903700Z,,,,,,,2025-04-06T17:26:24.903700Z,,2025-04-06T17:26:49.890450Z,
FN.RAJF.00.?HZ | 2025-04-06T17:26:24.195650Z - 2025-04-06T17:27:24.195650Z,,,,,,,2025-04-06T17:26:29.195650Z,,2025-04-06T17:26:56.325840Z,
FN.RNF.00.BHZ | 2025-04-06T17:26:16.532100Z - 2025-04-06T17:27:16.532100Z,,,,,,,2025-04-06T17:26:21.532100Z,,2025-04-06T17:26:45.326940Z,
FN.SGF.00.BHZ | 2025-04-06T17:26:12.184410Z - 2025-04-06T17:27:12.184410Z,,,,,,,2025-04-06T17:26:17.184410Z,,2025-04-06T17:26:37.682150Z,
HE.HEF.00.BHZ | 2025-04-06T17:25:56.512050Z - 2025-04-06T17:26:56.512050Z,,,,,,,2025-04-06T17:26:01.512050Z,,2025-04-06T17:26:10.878010Z,
HE.KIF.00.BHZ | 2025-04-06T17:26:08.056090Z - 2025-04-06T17:27:08.056090Z,,,,,,,2025-04-06T17:26:13.056090Z,,2025-04-06T17:26:29.792150Z,
FN.KLF.00.BHZ | 2025-04-08T15:37:05.322960Z - 2025-04-08T15:38:05.322960Z,,,,,,,,,2025-04-08T15:37:10.322960Z,
FN.MSF.00.BHZ | 2025-04-08T15:35:56.767370Z - 2025-04-08T15:36:56.767370Z,,,,,,,2025-04-08T15:36:01.767370Z,,2025-04-08T15:36:04.941250Z,
FN.OLKF.00.BHZ | 2025-04-08T15:35:57.941180Z - 2025-04-08T15:36:57.941180Z,,,,,,,2025-04-08T15:36:02.941180Z,,2025-04-08T15:36:06.690280Z,
FN.OUL.00.BHZ | 2025-04-08T15:36:43.503500Z - 2025-04-08T15:37:43.503500Z,,,,,,,,,2025-04-08T15:36:48.503500Z,
FN.RANF.00.?HZ | 2025-04-08T15:36:11.142420Z - 2025-04-08T15:37:11.142420Z,,,,,,,2025-04-08T15:36:16.142420Z,,2025-04-08T15:36:29.243610Z,
FN.RNF.00.BHZ | 2025-04-08T15:36:17.951400Z - 2025-04-08T15:37:17.951400Z,,,,,,,2025-04-08T15:36:22.951400Z,,2025-04-08T15:36:41.556070Z,
FN.SGF.00.BHZ | 2025-04-08T15:36:45.465320Z - 2025-04-08T15:37:45.465320Z,,,,,,,,,2025-04-08T15:36:50.465320Z,
HE.KU1.00.SHZ | 2025-04-08T15:36:01.371240Z - 2025-04-08T15:37:01.371240Z,,,,,,,2025-04-08T15:36:06.371240Z,,2025-04-08T15:36:12.671180Z,
HE.KU2.00.SHZ | 2025-04-08T15:36:02.700630Z - 2025-04-08T15:37:02.700630Z,,,,,,,2025-04-08T15:36:07.700630Z,,2025-04-08T15:36:15.370700Z,
HE.KU6.00.BHZ | 2025-04-08T15:35:56.958800Z - 2025-04-08T15:36:56.958800Z,,,,,,,2025-04-08T15:36:01.958800Z,,2025-04-08T15:36:05.343910Z,
HE.RMF.00.BHZ | 2025-04-08T15:36:46.309180Z - 2025-04-08T15:37:46.309180Z,,,,,,,,,2025-04-08T15:36:51.309180Z,
FN.KLF.00.BHZ | 2025-04-09T17:59:28.527610Z - 2025-04-09T18:00:28.527610Z,,,,,,,2025-04-09T17:59:33.527610Z,,2025-04-09T18:00:05.032710Z,
FN.OUL.00.BHZ | 2025-04-09T17:59:14.923420Z - 2025-04-09T18:00:14.923420Z,,,,,,,2025-04-09T17:59:19.923420Z,,2025-04-09T17:59:38.480400Z,
FN.RANF.00.?HZ | 2025-04-09T17:59:25.377380Z - 2025-04-09T18:00:25.377380Z,,,,,,,2025-04-09T17:59:30.377380Z,,2025-04-09T17:59:56.572810Z,
FN.RNF.00.BHZ | 2025-04-09T17:59:26.200530Z - 2025-04-09T18:00:26.200530Z,,,,,,,2025-04-09T17:59:31.200530Z,,2025-04-09T18:00:00.378540Z,
HE.ALAJF.00.?HZ | 2025-04-09T17:59:23.406610Z - 2025-04-09T18:00:23.406610Z,,,,,,,2025-04-09T17:59:28.406610Z,,2025-04-09T17:59:53.128790Z,
HE.KJNF.00.CZ | 2025-04-09T17:59:58.511150Z - 2025-04-09T18:00:58.511150Z,,,,,,,,,2025-04-09T18:00:03.511150Z,
HE.KU2.00.SHZ | 2025-04-09T18:00:00.927740Z - 2025-04-09T18:01:00.927740Z,,,,,,,,,2025-04-09T18:00:05.927740Z,
HE.OBF0.00.BHZ | 2025-04-09T17:59:05.246700Z - 2025-04-09T18:00:05.246700Z,,,,,,,2025-04-09T17:59:10.246700Z,,2025-04-09T17:59:21.752520Z,
HE.OBF3.00.BHZ | 2025-04-09T17:59:06.495370Z - 2025-04-09T18:00:06.495370Z,,,,,,,2025-04-09T17:59:11.495370Z,,2025-04-09T17:59:24.118850Z,
HE.OBF8.00.BHZ | 2025-04-09T17:59:02.940040Z - 2025-04-09T18:00:02.940040Z,,,,,,,2025-04-09T17:59:07.940040Z,,2025-04-09T17:59:18.156370Z,
HE.VAF.00.BHZ | 2025-04-09T17:59:22.876410Z - 2025-04-09T18:00:22.876410Z,,,,,,,2025-04-09T17:59:27.876410Z,,2025-04-09T17:59:52.177220Z,
FN.OUL.00.BHZ | 2025-04-09T20:00:42.191460Z - 2025-04-09T20:01:42.191460Z,,,,,,,,,2025-04-09T20:00:47.191460Z,
FN.RANF.00.?HZ | 2025-04-09T20:01:00.475450Z - 2025-04-09T20:02:00.475450Z,,,,,,,,,2025-04-09T20:01:05.475450Z,
HE.OBF0.00.BHZ | 2025-04-09T20:00:25.593300Z - 2025-04-09T20:01:25.593300Z,,,,,,,,,2025-04-09T20:00:30.593300Z,
HE.OBF3.00.BHZ | 2025-04-09T20:00:27.777720Z - 2025-04-09T20:01:27.777720Z,,,,,,,,,2025-04-09T20:00:32.777720Z,
HE.VAF.00.BHZ | 2025-04-09T20:00:55.481170Z - 2025-04-09T20:01:55.481170Z,,,,,,,,,2025-04-09T20:01:00.481170Z,
FN.KLF.00.BHZ | 2025-04-12T09:40:28.561430Z - 2025-04-12T09:41:28.561430Z,,,,,,,2025-04-12T09:40:33.561430Z,,2025-04-12T09:40:51.710680Z,
FN.OUL.00.BHZ | 2025-04-12T09:41:04.371980Z - 2025-04-12T09:42:04.371980Z,,,,,,,,,2025-04-12T09:41:09.371980Z,
FN.RANF.00.?HZ | 2025-04-12T09:41:05.658000Z - 2025-04-12T09:42:05.658000Z,,,,,,,,,2025-04-12T09:41:10.658000Z,
FN.RNF.00.BHZ | 2025-04-12T09:40:35.848830Z - 2025-04-12T09:41:35.848830Z,,,,,,,2025-04-12T09:40:40.848830Z,,2025-04-12T09:41:02.875350Z,
HE.OBF0.00.BHZ | 2025-04-12T09:41:03.850960Z - 2025-04-12T09:42:03.850960Z,,,,,,,,,2025-04-12T09:41:08.850960Z,
HE.OBF3.00.BHZ | 2025-04-12T09:41:00.957650Z - 2025-04-12T09:42:00.957650Z,,,,,,,,,2025-04-12T09:41:05.957650Z,
FN.KLF.00.BHZ | 2025-04-12T20:36:04.818220Z - 2025-04-12T20:37:04.818220Z,,,,,,,2025-04-12T20:36:09.818220Z,,2025-04-12T20:36:32.180150Z,
FN.OUL.00.BHZ | 2025-04-12T20:36:00.130220Z - 2025-04-12T20:37:00.130220Z,,,,,,,2025-04-12T20:36:05.130220Z,,2025-04-12T20:36:24.930620Z,
FN.RANF.00.?HZ | 2025-04-12T20:36:05.174740Z - 2025-04-12T20:37:05.174740Z,,,,,,,2025-04-12T20:36:10.174740Z,,2025-04-12T20:36:35.352260Z,
FN.RNF.00.BHZ | 2025-04-12T20:36:05.281570Z - 2025-04-12T20:37:05.281570Z,,,,,,,2025-04-12T20:36:10.281570Z,,2025-04-12T20:36:33.861160Z,
HE.OBF0.00.BHZ | 2025-04-12T20:35:55.729890Z - 2025-04-12T20:36:55.729890Z,,,,,,,2025-04-12T20:36:00.729890Z,,2025-04-12T20:36:18.114690Z,
HE.OBF3.00.BHZ | 2025-04-12T20:35:54.119750Z - 2025-04-12T20:36:54.119750Z,,,,,,,2025-04-12T20:35:59.119750Z,,2025-04-12T20:36:15.487990Z,
HE.OBF8.00.BHZ | 2025-04-12T20:35:55.462050Z - 2025-04-12T20:36:55.462050Z,,,,,,,2025-04-12T20:36:00.462050Z,,2025-04-12T20:36:17.750850Z,
FN.OUL.00.BHZ | 2025-04-13T02:17:55.875100Z - 2025-04-13T02:18:55.875100Z,,,,,,,,,2025-04-13T02:18:00.875100Z,
HE.ALAJF.00.?HZ | 2025-04-13T02:17:55.425760Z - 2025-04-13T02:18:55.425760Z,,,,,,,,,2025-04-13T02:18:00.425760Z,
HE.OBF0.00.BHZ | 2025-04-13T02:17:17.212330Z - 2025-04-13T02:18:17.212330Z,,,,,,,2025-04-13T02:17:22.212330Z,,2025-04-13T02:17:38.812700Z,
HE.OBF3.00.BHZ | 2025-04-13T02:17:20.312060Z - 2025-04-13T02:18:20.312060Z,,,,,,,2025-04-13T02:17:25.312060Z,,2025-04-13T02:17:44.553930Z,
HE.VAF.00.BHZ | 2025-04-13T02:17:26.303420Z - 2025-04-13T02:18:26.303420Z,,,,,,,2025-04-13T02:17:31.303420Z,,2025-04-13T02:17:53.852440Z,
FN.KLF.00.BHZ | 2025-04-14T00:11:43.895590Z - 2025-04-14T00:12:43.895590Z,,,,,,,2025-04-14T00:11:48.895590Z,,2025-04-14T00:11:52.702090Z,
FN.RANF.00.?HZ | 2025-04-14T00:12:24.905760Z - 2025-04-14T00:13:24.905760Z,,,,,,,,,2025-04-14T00:12:29.905760Z,
FN.RNF.00.BHZ | 2025-04-14T00:11:55.516970Z - 2025-04-14T00:12:55.516970Z,,,,,,,2025-04-14T00:12:00.516970Z,,2025-04-14T00:12:13.033910Z,
FN.SGF.00.BHZ | 2025-04-14T00:12:14.996860Z - 2025-04-14T00:13:14.996860Z,,,,,,,,,2025-04-14T00:12:19.996860Z,
HE.HEF.00.BHZ | 2025-04-14T00:12:22.502870Z - 2025-04-14T00:13:22.502870Z,,,,,,,,,2025-04-14T00:12:27.502870Z,
FN.SGF.00.BHZ | 2025-04-16T00:29:14.833440Z - 2025-04-16T00:30:14.833440Z,,,,,,,,,2025-04-16T00:29:19.833440Z,
HE.HEF.00.BHZ | 2025-04-16T00:28:27.259560Z - 2025-04-16T00:29:27.259560Z,,,,,,,2025-04-16T00:28:32.259560Z,,2025-04-16T00:28:49.971610Z,
HE.KIF.00.BHZ | 2025-04-16T00:28:20.721260Z - 2025-04-16T00:29:20.721260Z,,,,,,,2025-04-16T00:28:25.721260Z,,2025-04-16T00:28:38.710080Z,
FN.MSF.00.BHZ | 2025-04-20T19:05:12.457850Z - 2025-04-20T19:06:12.457850Z,,,,,,,2025-04-20T19:05:17.457850Z,,2025-04-20T19:05:22.103120Z,
FN.OLKF.00.BHZ | 2025-04-20T19:05:12.617760Z - 2025-04-20T19:06:12.617760Z,,,,,,,2025-04-20T19:05:17.617760Z,,2025-04-20T19:05:22.159470Z,
FN.RANF.00.?HZ | 2025-04-20T19:05:40.713020Z - 2025-04-20T19:06:40.713020Z,,,,,,,,,2025-04-20T19:05:45.713020Z,
FN.RNF.00.BHN | 2025-04-20T19:05:51.713080Z - 2025-04-20T19:06:51.713080Z,,,,,,,,,2025-04-20T19:05:56.713080Z,
HE.KU1.00.SHZ | 2025-04-20T19:05:15.843240Z - 2025-04-20T19:06:15.843240Z,,,,,,,2025-04-20T19:05:20.843240Z,,2025-04-20T19:05:27.726970Z,
HE.KU2.00.SHZ | 2025-04-20T19:05:26.695230Z - 2025-04-20T19:06:26.695230Z,,,,,,,,,2025-04-20T19:05:31.695230Z,
HE.KU6.00.BHZ | 2025-04-20T19:05:11.025510Z - 2025-04-20T19:06:11.025510Z,,,,,,,2025-04-20T19:05:16.025510Z,,2025-04-20T19:05:19.671820Z,
FN.OUL.00.BHZ | 2025-04-23T18:35:21.988750Z - 2025-04-23T18:36:21.988750Z,,,,,,,2025-04-23T18:35:26.988750Z,,2025-04-23T18:35:57.004770Z,
HE.ALAJF.00.?HZ | 2025-04-23T18:35:10.977610Z - 2025-04-23T18:36:10.977610Z,,,,,,,2025-04-23T18:35:15.977610Z,,2025-04-23T18:35:37.703140Z,
HE.KEF.00.?HZ | 2025-04-23T18:35:24.302110Z - 2025-04-23T18:36:24.302110Z,,,,,,,2025-04-23T18:35:29.302110Z,,2025-04-23T18:36:00.732250Z,
HE.KPF.00.BHZ | 2025-04-23T18:35:21.204010Z - 2025-04-23T18:36:21.204010Z,,,,,,,2025-04-23T18:35:26.204010Z,,2025-04-23T18:35:55.958620Z,
HE.OBF0.00.BHZ | 2025-04-23T18:35:07.801970Z - 2025-04-23T18:36:07.801970Z,,,,,,,2025-04-23T18:35:12.801970Z,,2025-04-23T18:35:31.979210Z,
HE.OBF3.00.BHZ | 2025-04-23T18:35:12.612440Z - 2025-04-23T18:36:12.612440Z,,,,,,,2025-04-23T18:35:17.612440Z,,2025-04-23T18:35:40.407650Z,
HE.OBF8.00.BHZ | 2025-04-23T18:35:01.518810Z - 2025-04-23T18:36:01.518810Z,,,,,,,2025-04-23T18:35:06.518810Z,,2025-04-23T18:35:20.993080Z,
HE.VAF.00.BHZ | 2025-04-23T18:35:04.933410Z - 2025-04-23T18:36:04.933410Z,,,,,,,2025-04-23T18:35:09.933410Z,,2025-04-23T18:35:26.691890Z,
FN.MSF.00.BHZ | 2025-04-27T01:21:58.615280Z - 2025-04-27T01:22:58.615280Z,,,,,,,2025-04-27T01:22:03.615280Z,,2025-04-27T01:22:07.808900Z,
FN.OLKF.00.BHZ | 2025-04-27T01:21:57.862280Z - 2025-04-27T01:22:57.862280Z,,,,,,,2025-04-27T01:22:02.862280Z,,2025-04-27T01:22:06.720110Z,
FN.OUL.00.BHZ | 2025-04-27T01:22:42.992960Z - 2025-04-27T01:23:42.992960Z,,,,,,,,,2025-04-27T01:22:47.992960Z,
FN.RANF.00.?HZ | 2025-04-27T01:22:09.754710Z - 2025-04-27T01:23:09.754710Z,,,,,,,2025-04-27T01:22:14.754710Z,,2025-04-27T01:22:26.986740Z,
FN.RNF.00.BHZ | 2025-04-27T01:22:16.162910Z - 2025-04-27T01:23:16.162910Z,,,,,,,2025-04-27T01:22:21.162910Z,,2025-04-27T01:22:37.856730Z,
FN.SGF.00.BHZ | 2025-04-27T01:22:41.301300Z - 2025-04-27T01:23:41.301300Z,,,,,,,,,2025-04-27T01:22:46.301300Z,
HE.KU1.00.SHZ | 2025-04-27T01:22:12.472900Z - 2025-04-27T01:23:12.472900Z,,,,,,,,,2025-04-27T01:22:17.472900Z,
HE.KU2.00.SHZ | 2025-04-27T01:22:03.437290Z - 2025-04-27T01:23:03.437290Z,,,,,,,2025-04-27T01:22:08.437290Z,,2025-04-27T01:22:15.943630Z,
HE.KU6.00.BHZ | 2025-04-27T01:21:59.796270Z - 2025-04-27T01:22:59.796270Z,,,,,,,2025-04-27T01:22:04.796270Z,,2025-04-27T01:22:09.975430Z,
HE.VRF.00.BHZ | 2025-04-27T01:22:40.400310Z - 2025-04-27T01:23:40.400310Z,,,,,,,,,2025-04-27T01:22:45.400310Z,
HE.FIA0.00.?HZ | 2025-04-25T18:28:57.319750Z - 2025-04-25T18:29:57.319750Z,,,,,,,2025-04-25T18:29:02.319750Z,,2025-04-25T18:29:10.077910Z,
HE.FIA1.00.?HZ | 2025-04-25T18:28:57.319750Z - 2025-04-25T18:29:57.319750Z,,,,,,,2025-04-25T18:29:02.319750Z,,2025-04-25T18:29:10.225180Z,
HE.KY02.00.CZ | 2025-04-25T18:28:47.956610Z - 2025-04-25T18:29:47.956610Z,,,,,,,2025-04-25T18:28:52.956610Z,,2025-04-25T18:28:54.333110Z,
HE.KY17.00.CZ | 2025-04-25T18:28:50.060030Z - 2025-04-25T18:29:50.060030Z,,,,,,,2025-04-25T18:28:55.060030Z,,2025-04-25T18:28:57.917520Z,
HE.LOVF.00.CZ | 2025-04-25T18:28:54.912220Z - 2025-04-25T18:29:54.912220Z,,,,,,,2025-04-25T18:28:59.912220Z,,2025-04-25T18:29:06.483480Z,
HE.PVF.00.CZ | 2025-04-25T18:28:55.704140Z - 2025-04-25T18:29:55.704140Z,,,,,,,2025-04-25T18:29:00.704140Z,,2025-04-25T18:29:07.162520Z,
HE.VJF.00.?HZ | 2025-04-25T18:29:04.335970Z - 2025-04-25T18:30:04.335970Z,,,,,,,,,2025-04-25T18:29:09.335970Z,
HE.FIA0.00.?HZ | 2025-04-25T18:37:51.849130Z - 2025-04-25T18:38:51.849130Z,,,,,,,2025-04-25T18:37:56.849130Z,,2025-04-25T18:38:04.681160Z,
HE.FIA1.00.?HZ | 2025-04-25T18:37:51.849130Z - 2025-04-25T18:38:51.849130Z,,,,,,,2025-04-25T18:37:56.849130Z,,2025-04-25T18:38:04.672560Z,
HE.KAF.00.?HZ | 2025-04-25T18:38:18.749200Z - 2025-04-25T18:39:18.749200Z,,,,,,,,,2025-04-25T18:38:23.749200Z,
HE.KEF.00.?HZ | 2025-04-25T18:38:28.039870Z - 2025-04-25T18:39:28.039870Z,,,,,,,,,2025-04-25T18:38:33.039870Z,
HE.KY02.00.CZ | 2025-04-25T18:37:42.607560Z - 2025-04-25T18:38:42.607560Z,,,,,,,2025-04-25T18:37:47.607560Z,,2025-04-25T18:37:48.958680Z,
HE.KY17.00.CZ | 2025-04-25T18:37:44.714970Z - 2025-04-25T18:38:44.714970Z,,,,,,,2025-04-25T18:37:49.714970Z,,2025-04-25T18:37:52.608630Z,
HE.LOVF.00.CZ | 2025-04-25T18:37:49.776640Z - 2025-04-25T18:38:49.776640Z,,,,,,,2025-04-25T18:37:54.776640Z,,2025-04-25T18:38:00.982400Z,
HE.MEF.00.BHZ | 2025-04-25T18:38:21.089110Z - 2025-04-25T18:39:21.089110Z,,,,,,,,,2025-04-25T18:38:26.089110Z,
HE.PVF.00.CZ | 2025-04-25T18:37:50.527410Z - 2025-04-25T18:38:50.527410Z,,,,,,,2025-04-25T18:37:55.527410Z,,2025-04-25T18:38:01.936120Z,
HE.SUF.00.BHZ | 2025-04-25T18:38:37.641080Z - 2025-04-25T18:39:37.641080Z,,,,,,,,,2025-04-25T18:38:42.641080Z,
HE.TRE03.00.CZ | 2025-04-25T18:38:05.589810Z - 2025-04-25T18:39:05.589810Z,,,,,,,2025-04-25T18:38:10.589810Z,,2025-04-25T18:38:28.534760Z,
HE.VJF.00.?HZ | 2025-04-25T18:37:51.525740Z - 2025-04-25T18:38:51.525740Z,,,,,,,2025-04-25T18:37:56.525740Z,,2025-04-25T18:38:04.522090Z,
FN.KLF.00.BHZ | 2025-04-27T05:35:52.567110Z - 2025-04-27T05:36:52.567110Z,,,,,,,2025-04-27T05:35:57.567110Z,,2025-04-27T05:36:06.674860Z,
FN.RNF.00.BHZ | 2025-04-27T05:36:10.058360Z - 2025-04-27T05:37:10.058360Z,,,,,,,2025-04-27T05:36:15.058360Z,,2025-04-27T05:36:37.115230Z,
FN.SGF.00.BHZ | 2025-04-27T05:36:07.702860Z - 2025-04-27T05:37:07.702860Z,,,,,,,2025-04-27T05:36:12.702860Z,,2025-04-27T05:36:32.591160Z,
HE.HEF.00.BHZ | 2025-04-27T05:35:55.681410Z - 2025-04-27T05:36:55.681410Z,,,,,,,2025-04-27T05:36:00.681410Z,,2025-04-27T05:36:12.255500Z,
HE.KIF.00.BHZ | 2025-04-27T05:36:06.769820Z - 2025-04-27T05:37:06.769820Z,,,,,,,2025-04-27T05:36:11.769820Z,,2025-04-27T05:36:31.308030Z,
FN.KLF.00.BHZ | 2025-04-27T07:10:35.602040Z - 2025-04-27T07:11:35.602040Z,,,,,,,2025-04-27T07:10:40.602040Z,,2025-04-27T07:10:49.496520Z,
FN.RNF.00.BHZ | 2025-04-27T07:11:14.802250Z - 2025-04-27T07:12:14.802250Z,,,,,,,,,2025-04-27T07:11:19.802250Z,
FN.SGF.00.BHZ | 2025-04-27T07:11:09.944880Z - 2025-04-27T07:12:09.944880Z,,,,,,,,,2025-04-27T07:11:14.944880Z,
HE.HEF.00.BHZ | 2025-04-27T07:10:50.319850Z - 2025-04-27T07:11:50.319850Z,,,,,,,,,2025-04-27T07:10:55.319850Z,
HE.KIF.00.BHZ | 2025-04-27T07:11:09.375850Z - 2025-04-27T07:12:09.375850Z,,,,,,,,,2025-04-27T07:11:14.375850Z,
HE.FIA0.00.?HZ | 2025-04-22T03:48:36.708290Z - 2025-04-22T03:49:36.708290Z,,,,,,,2025-04-22T03:48:41.708290Z,,2025-04-22T03:48:49.389840Z,
HE.FIA1.00.?HZ | 2025-04-22T03:48:36.602630Z - 2025-04-22T03:49:36.602630Z,,,,,,,2025-04-22T03:48:41.602630Z,,2025-04-22T03:48:49.367630Z,
HE.KY02.00.CZ | 2025-04-22T03:48:27.220320Z - 2025-04-22T03:49:27.220320Z,,,,,,,2025-04-22T03:48:32.220320Z,,2025-04-22T03:48:33.738000Z,
HE.KY17.00.CZ | 2025-04-22T03:48:29.303410Z - 2025-04-22T03:49:29.303410Z,,,,,,,2025-04-22T03:48:34.303410Z,,2025-04-22T03:48:36.964630Z,
HE.PVF.00.CZ | 2025-04-22T03:48:34.994160Z - 2025-04-22T03:49:34.994160Z,,,,,,,2025-04-22T03:48:39.994160Z,,2025-04-22T03:48:46.520530Z,
HE.VJF.00.?HZ | 2025-04-22T03:48:35.564320Z - 2025-04-22T03:49:35.564320Z,,,,,,,2025-04-22T03:48:40.564320Z,,2025-04-22T03:48:47.731780Z,
HE.FIA0.00.?HZ | 2025-04-22T03:48:50.911760Z - 2025-04-22T03:49:50.911760Z,,,,,,,,,2025-04-22T03:48:55.911760Z,
HE.FIA1.00.?HZ | 2025-04-22T03:48:50.856340Z - 2025-04-22T03:49:50.856340Z,,,,,,,,,2025-04-22T03:48:55.856340Z,
HE.KY02.00.CZ | 2025-04-22T03:48:33.960730Z - 2025-04-22T03:49:33.960730Z,,,,,,,2025-04-22T03:48:38.960730Z,,2025-04-22T03:48:39.977210Z,
HE.KY17.00.CZ | 2025-04-22T03:48:36.141020Z - 2025-04-22T03:49:36.141020Z,,,,,,,2025-04-22T03:48:41.141020Z,,2025-04-22T03:48:43.565040Z,
HE.PVF.00.CZ | 2025-04-22T03:48:49.245340Z - 2025-04-22T03:49:49.245340Z,,,,,,,,,2025-04-22T03:48:54.245340Z,
HE.VJF.00.?HZ | 2025-04-22T03:48:50.626900Z - 2025-04-22T03:49:50.626900Z,,,,,,,,,2025-04-22T03:48:55.626900Z,
HE.ECKF.00.CZ | 2025-04-27T17:07:49.500000Z - 2025-04-27T17:08:49.500000Z,,,,,,,,,2025-04-27T17:07:54.500000Z,
HE.KPF.00.BHZ | 2025-04-27T17:08:12.360000Z - 2025-04-27T17:09:12.360000Z,,,,,,,,,2025-04-27T17:08:17.360000Z,
HE.RAF.00.BHZ | 2025-04-27T17:08:09.370000Z - 2025-04-27T17:09:09.370000Z,,,,,,,,,2025-04-27T17:08:14.370000Z,
UP.AAL.00.BHZ | 2025-04-27T17:07:56.010000Z - 2025-04-27T17:08:56.010000Z,,,,,,,,,2025-04-27T17:08:01.010000Z,
HE.FIA0.00.?HZ | 2025-04-25T21:09:01.521090Z - 2025-04-25T21:10:01.521090Z,,,,,,,2025-04-25T21:09:06.521090Z,,2025-04-25T21:09:14.539270Z,
HE.FIA1.00.?HZ | 2025-04-25T21:09:01.521090Z - 2025-04-25T21:10:01.521090Z,,,,,,,2025-04-25T21:09:06.521090Z,,2025-04-25T21:09:14.539270Z,
HE.KAF.00.?HZ | 2025-04-25T21:09:26.728170Z - 2025-04-25T21:10:26.728170Z,,,,,,,,,2025-04-25T21:09:31.728170Z,
HE.KY02.00.CZ | 2025-04-25T21:08:50.914880Z - 2025-04-25T21:09:50.914880Z,,,,,,,2025-04-25T21:08:55.914880Z,,2025-04-25T21:08:56.667180Z,
HE.KY17.00.CZ | 2025-04-25T21:08:51.426470Z - 2025-04-25T21:09:51.426470Z,,,,,,,2025-04-25T21:08:56.426470Z,,2025-04-25T21:08:57.526280Z,
HE.LOVF.00.CZ | 2025-04-25T21:09:00.949920Z - 2025-04-25T21:10:00.949920Z,,,,,,,2025-04-25T21:09:05.949920Z,,2025-04-25T21:09:13.561230Z,
HE.PVF.00.CZ | 2025-04-25T21:09:01.997070Z - 2025-04-25T21:10:01.997070Z,,,,,,,2025-04-25T21:09:06.997070Z,,2025-04-25T21:09:15.123250Z,
HE.VJF.00.?HZ | 2025-04-25T21:08:59.614510Z - 2025-04-25T21:09:59.614510Z,,,,,,,2025-04-25T21:09:04.614510Z,,2025-04-25T21:09:11.509460Z,
HE.FIA0.00.?HZ | 2025-04-25T21:13:23.661830Z - 2025-04-25T21:14:23.661830Z,,,,,,,2025-04-25T21:13:28.661830Z,,2025-04-25T21:13:36.631170Z,
HE.FIA1.00.?HZ | 2025-04-25T21:13:23.661830Z - 2025-04-25T21:14:23.661830Z,,,,,,,2025-04-25T21:13:28.661830Z,,2025-04-25T21:13:36.631170Z,
HE.KY02.00.CZ | 2025-04-25T21:13:13.064860Z - 2025-04-25T21:14:13.064860Z,,,,,,,2025-04-25T21:13:18.064860Z,,2025-04-25T21:13:18.836570Z,
HE.KY17.00.CZ | 2025-04-25T21:13:13.526350Z - 2025-04-25T21:14:13.526350Z,,,,,,,2025-04-25T21:13:18.526350Z,,2025-04-25T21:13:19.727460Z,
HE.PVF.00.CZ | 2025-04-25T21:13:24.125090Z - 2025-04-25T21:14:24.125090Z,,,,,,,2025-04-25T21:13:29.125090Z,,2025-04-25T21:13:37.555840Z,
HE.VJF.00.?HZ | 2025-04-25T21:13:28.620300Z - 2025-04-25T21:14:28.620300Z,,,,,,,,,2025-04-25T21:13:33.620300Z,
HE.KY02.00.CZ | 2025-04-25T21:22:05.154930Z - 2025-04-25T21:23:05.154930Z,,,,,,,2025-04-25T21:22:10.154930Z,,2025-04-25T21:22:10.909830Z,
HE.KY17.00.CZ | 2025-04-25T21:22:05.604390Z - 2025-04-25T21:23:05.604390Z,,,,,,,2025-04-25T21:22:10.604390Z,,2025-04-25T21:22:11.742030Z,
HE.VJF.00.?HZ | 2025-04-25T21:22:20.672810Z - 2025-04-25T21:23:20.672810Z,,,,,,,,,2025-04-25T21:22:25.672810Z,
HE.FIA0.00.?HZ | 2025-04-25T23:50:34.786910Z - 2025-04-25T23:51:34.786910Z,,,,,,,2025-04-25T23:50:39.786910Z,,2025-04-25T23:50:48.038570Z,
HE.FIA1.00.?HZ | 2025-04-25T23:50:34.786910Z - 2025-04-25T23:51:34.786910Z,,,,,,,2025-04-25T23:50:39.786910Z,,2025-04-25T23:50:48.038570Z,
HE.KY02.00.CZ | 2025-04-25T23:50:24.303170Z - 2025-04-25T23:51:24.303170Z,,,,,,,2025-04-25T23:50:29.303170Z,,2025-04-25T23:50:30.054120Z,
HE.KY17.00.CZ | 2025-04-25T23:50:24.802420Z - 2025-04-25T23:51:24.802420Z,,,,,,,2025-04-25T23:50:29.802420Z,,2025-04-25T23:50:30.934380Z,
HE.PVF.00.CZ | 2025-04-25T23:50:35.096600Z - 2025-04-25T23:51:35.096600Z,,,,,,,2025-04-25T23:50:40.096600Z,,2025-04-25T23:50:48.128300Z,
FN.KLF.00.BHZ | 2025-04-26T20:38:24.575730Z - 2025-04-26T20:39:24.575730Z,,,,,,,,,2025-04-26T20:38:29.575730Z,
FN.KMNF.00.?HZ | 2025-04-26T20:37:31.610000Z - 2025-04-26T20:38:31.610000Z,,,,,,,2025-04-26T20:37:36.610000Z,,2025-04-26T20:37:51.166390Z,
FN.RAJF.00.?HZ | 2025-04-26T20:38:08.773030Z - 2025-04-26T20:39:08.773030Z,,,,,,,,,2025-04-26T20:38:13.773030Z,
HE.HEF.00.BHZ | 2025-04-26T20:37:34.150000Z - 2025-04-26T20:38:34.150000Z,,,,,,,2025-04-26T20:37:39.150000Z,,2025-04-26T20:37:55.930000Z,
HE.KEV.00.?HZ | 2025-04-26T20:37:29.030000Z - 2025-04-26T20:38:29.030000Z,,,,,,,2025-04-26T20:37:34.030000Z,,2025-04-26T20:37:46.548510Z,
HE.KIF.00.BHZ | 2025-04-26T20:37:52.311880Z - 2025-04-26T20:38:52.311880Z,,,,,,,,,2025-04-26T20:37:57.311880Z,
HE.ALAJF.00.?HZ | 2025-04-25T21:48:36.651010Z - 2025-04-25T21:49:36.651010Z,,,,,,,,,2025-04-25T21:48:41.651010Z,
HE.FIA0.00.?HZ | 2025-04-25T21:47:30.101430Z - 2025-04-25T21:48:30.101430Z,,,,,,,2025-04-25T21:47:35.101430Z,,2025-04-25T21:47:42.996900Z,
HE.FIA1.00.?HZ | 2025-04-25T21:47:30.142890Z - 2025-04-25T21:48:30.142890Z,,,,,,,2025-04-25T21:47:35.142890Z,,2025-04-25T21:47:43.013450Z,
HE.KAF.00.?HZ | 2025-04-25T21:47:41.270180Z - 2025-04-25T21:48:41.270180Z,,,,,,,2025-04-25T21:47:46.270180Z,,2025-04-25T21:48:02.707900Z,
HE.KEF.00.?HZ | 2025-04-25T21:47:46.845850Z - 2025-04-25T21:48:46.845850Z,,,,,,,2025-04-25T21:47:51.845850Z,,2025-04-25T21:48:11.867110Z,
HE.KPF.00.BHZ | 2025-04-25T21:48:01.269050Z - 2025-04-25T21:49:01.269050Z,,,,,,,2025-04-25T21:48:06.269050Z,,2025-04-25T21:48:37.032390Z,
HE.KUNI.00.BHZ | 2025-04-25T21:47:38.264850Z - 2025-04-25T21:48:38.264850Z,,,,,,,2025-04-25T21:47:43.264850Z,,,
HE.KY02.00.CZ | 2025-04-25T21:47:20.856940Z - 2025-04-25T21:48:20.856940Z,,,,,,,2025-04-25T21:47:25.856940Z,,2025-04-25T21:47:27.243500Z,
HE.KY17.00.CZ | 2025-04-25T21:47:22.973910Z - 2025-04-25T21:48:22.973910Z,,,,,,,2025-04-25T21:47:27.973910Z,,2025-04-25T21:47:30.879960Z,
HE.LOVF.00.CZ | 2025-04-25T21:47:28.073150Z - 2025-04-25T21:48:28.073150Z,,,,,,,2025-04-25T21:47:33.073150Z,,2025-04-25T21:47:39.476360Z,
HE.MEF.00.BHZ | 2025-04-25T21:47:42.581060Z - 2025-04-25T21:48:42.581060Z,,,,,,,2025-04-25T21:47:47.581060Z,,2025-04-25T21:48:04.379000Z,
HE.NIF.00.BHZ | 2025-04-25T21:48:37.228340Z - 2025-04-25T21:49:37.228340Z,,,,,,,,,2025-04-25T21:48:42.228340Z,
HE.PVF.00.CZ | 2025-04-25T21:47:28.417420Z - 2025-04-25T21:48:28.417420Z,,,,,,,2025-04-25T21:47:33.417420Z,,2025-04-25T21:47:40.247360Z,
HE.RAF.00.BHZ | 2025-04-25T21:48:00.672450Z - 2025-04-25T21:49:00.672450Z,,,,,,,2025-04-25T21:48:05.672450Z,,2025-04-25T21:48:36.736600Z,
HE.RUF.00.BHZ | 2025-04-25T21:47:41.104270Z - 2025-04-25T21:48:41.104270Z,,,,,,,2025-04-25T21:47:46.104270Z,,2025-04-25T21:48:03.000550Z,
HE.SUF.00.BHZ | 2025-04-25T21:47:52.270600Z - 2025-04-25T21:48:52.270600Z,,,,,,,2025-04-25T21:47:57.270600Z,,2025-04-25T21:48:20.591460Z,
HE.TRE03.00.CZ | 2025-04-25T21:47:44.147610Z - 2025-04-25T21:48:44.147610Z,,,,,,,2025-04-25T21:47:49.147610Z,,2025-04-25T21:48:06.916230Z,
HE.TVF.00.BHZ | 2025-04-25T21:47:54.938770Z - 2025-04-25T21:48:54.938770Z,,,,,,,2025-04-25T21:47:59.938770Z,,2025-04-25T21:48:25.240250Z,
HE.VJF.00.?HZ | 2025-04-25T21:47:29.717510Z - 2025-04-25T21:48:29.717510Z,,,,,,,2025-04-25T21:47:34.717510Z,,2025-04-25T21:47:42.810860Z,
HE.VUOS.00.BHZ | 2025-04-25T21:47:37.714530Z - 2025-04-25T21:48:37.714530Z,,,,,,,2025-04-25T21:47:42.714530Z,,2025-04-25T21:47:55.841890Z,
HE.FIA0.00.?HZ | 2025-04-30T12:04:30.317940Z - 2025-04-30T12:05:30.317940Z,,,,,,,2025-04-30T12:04:35.317940Z,,2025-04-30T12:04:51.681370Z,
HE.FIA1.00.?HZ | 2025-04-30T12:04:30.317940Z - 2025-04-30T12:05:30.317940Z,,,,,,,2025-04-30T12:04:35.317940Z,,2025-04-30T12:04:51.676000Z,
HE.HEL1.00.BHZ | 2025-04-30T12:04:48.857570Z - 2025-04-30T12:05:48.857570Z,,,,,,,,,2025-04-30T12:04:53.857570Z,
HE.HEL5.00.BHZ | 2025-04-30T12:04:33.433900Z - 2025-04-30T12:05:33.433900Z,,,,,,,2025-04-30T12:04:38.433900Z,,2025-04-30T12:04:56.330030Z,
HE.KAF.00.?HZ | 2025-04-30T12:04:39.964760Z - 2025-04-30T12:05:39.964760Z,,,,,,,2025-04-30T12:04:44.964760Z,,2025-04-30T12:05:08.280260Z,
HE.KEF.00.?HZ | 2025-04-30T12:04:46.306920Z - 2025-04-30T12:05:46.306920Z,,,,,,,2025-04-30T12:04:51.306920Z,,2025-04-30T12:05:18.891240Z,
HE.KUNI.00.BHZ | 2025-04-30T12:04:31.390850Z - 2025-04-30T12:05:31.390850Z,,,,,,,2025-04-30T12:04:36.390850Z,,2025-04-30T12:04:52.930400Z,
HE.KY02.00.CZ | 2025-04-30T12:04:19.997500Z - 2025-04-30T12:05:19.997500Z,,,,,,,2025-04-30T12:04:24.997500Z,,2025-04-30T12:04:33.356740Z,
HE.KY17.00.CZ | 2025-04-30T12:04:18.622520Z - 2025-04-30T12:05:18.622520Z,,,,,,,2025-04-30T12:04:23.622520Z,,2025-04-30T12:04:30.884280Z,
HE.LAUT.00.BHZ | 2025-04-30T12:04:32.432020Z - 2025-04-30T12:05:32.432020Z,,,,,,,2025-04-30T12:04:37.432020Z,,2025-04-30T12:04:54.269650Z,
HE.LOVF.00.CZ | 2025-04-30T12:04:19.149350Z - 2025-04-30T12:05:19.149350Z,,,,,,,2025-04-30T12:04:24.149350Z,,2025-04-30T12:04:31.605410Z,
HE.MEF.00.BHZ | 2025-04-30T12:04:36.392240Z - 2025-04-30T12:05:36.392240Z,,,,,,,2025-04-30T12:04:41.392240Z,,2025-04-30T12:05:01.068920Z,
HE.NUR.00.SHZ | 2025-04-30T12:04:33.514210Z - 2025-04-30T12:05:33.514210Z,,,,,,,2025-04-30T12:04:38.514210Z,,2025-04-30T12:04:56.536070Z,
HE.PVF.00.CZ | 2025-04-30T12:04:22.930560Z - 2025-04-30T12:05:22.930560Z,,,,,,,2025-04-30T12:04:27.930560Z,,2025-04-30T12:04:38.301660Z,
HE.RSUO.00.BHZ | 2025-04-30T12:04:48.033420Z - 2025-04-30T12:05:48.033420Z,,,,,,,,,2025-04-30T12:04:53.033420Z,
HE.RUF.00.BHZ | 2025-04-30T12:04:30.694240Z - 2025-04-30T12:05:30.694240Z,,,,,,,2025-04-30T12:04:35.694240Z,,2025-04-30T12:04:52.312280Z,
HE.SUF.00.BHZ | 2025-04-30T12:04:50.126200Z - 2025-04-30T12:05:50.126200Z,,,,,,,2025-04-30T12:04:55.126200Z,,2025-04-30T12:05:25.896550Z,
HE.TRE03.00.CZ | 2025-04-30T12:04:43.734690Z - 2025-04-30T12:05:43.734690Z,,,,,,,2025-04-30T12:04:48.734690Z,,2025-04-30T12:05:14.770470Z,
HE.TVF.00.BHZ | 2025-04-30T12:04:45.973030Z - 2025-04-30T12:05:45.973030Z,,,,,,,2025-04-30T12:04:50.973030Z,,2025-04-30T12:05:19.097280Z,
HE.VJF.00.?HZ | 2025-04-30T12:04:10.950110Z - 2025-04-30T12:05:10.950110Z,,,,,,,2025-04-30T12:04:15.950110Z,,2025-04-30T12:04:17.539240Z,
HE.VUOS.00.BHZ | 2025-04-30T12:04:29.669420Z - 2025-04-30T12:05:29.669420Z,,,,,,,2025-04-30T12:04:34.669420Z,,2025-04-30T12:04:50.045860Z,
HE.FIA0.00.?HZ | 2025-04-30T21:39:07.057570Z - 2025-04-30T21:40:07.057570Z,,,,,,,2025-04-30T21:39:12.057570Z,,2025-04-30T21:39:28.121780Z,
HE.FIA1.00.?HZ | 2025-04-30T21:39:07.057570Z - 2025-04-30T21:40:07.057570Z,,,,,,,2025-04-30T21:39:12.057570Z,,2025-04-30T21:39:28.121780Z,
HE.HEL1.00.BHZ | 2025-04-30T21:39:08.696130Z - 2025-04-30T21:40:08.696130Z,,,,,,,2025-04-30T21:39:13.696130Z,,2025-04-30T21:39:30.498530Z,
HE.KAF.00.?HZ | 2025-04-30T21:39:16.615830Z - 2025-04-30T21:40:16.615830Z,,,,,,,2025-04-30T21:39:21.615830Z,,2025-04-30T21:39:44.737710Z,
HE.KEF.00.?HZ | 2025-04-30T21:39:22.770290Z - 2025-04-30T21:40:22.770290Z,,,,,,,2025-04-30T21:39:27.770290Z,,2025-04-30T21:39:56.776670Z,
HE.KUNI.00.BHZ | 2025-04-30T21:39:08.058910Z - 2025-04-30T21:40:08.058910Z,,,,,,,2025-04-30T21:39:13.058910Z,,2025-04-30T21:39:29.535530Z,
HE.KY02.00.CZ | 2025-04-30T21:38:56.745070Z - 2025-04-30T21:39:56.745070Z,,,,,,,2025-04-30T21:39:01.745070Z,,2025-04-30T21:39:10.146630Z,
HE.KY17.00.CZ | 2025-04-30T21:38:55.321790Z - 2025-04-30T21:39:55.321790Z,,,,,,,2025-04-30T21:39:00.321790Z,,2025-04-30T21:39:07.772770Z,
HE.LAUT.00.BHZ | 2025-04-30T21:39:09.151280Z - 2025-04-30T21:40:09.151280Z,,,,,,,2025-04-30T21:39:14.151280Z,,2025-04-30T21:39:30.892610Z,
HE.LOVF.00.CZ | 2025-04-30T21:38:55.825230Z - 2025-04-30T21:39:55.825230Z,,,,,,,2025-04-30T21:39:00.825230Z,,2025-04-30T21:39:08.410460Z,
HE.MEF.00.BHZ | 2025-04-30T21:39:12.701490Z - 2025-04-30T21:40:12.701490Z,,,,,,,2025-04-30T21:39:17.701490Z,,2025-04-30T21:39:37.723490Z,
HE.NUR.00.SHZ | 2025-04-30T21:39:09.970560Z - 2025-04-30T21:40:09.970560Z,,,,,,,2025-04-30T21:39:14.970560Z,,2025-04-30T21:39:33.388510Z,
HE.PVF.00.CZ | 2025-04-30T21:38:59.569730Z - 2025-04-30T21:39:59.569730Z,,,,,,,2025-04-30T21:39:04.569730Z,,2025-04-30T21:39:14.999250Z,
HE.RUF.00.BHE | 2025-04-30T21:39:07.499520Z - 2025-04-30T21:40:07.499520Z,,,,,,,2025-04-30T21:39:12.499520Z,,,
HE.RUF.00.BHN | 2025-04-30T21:39:07.499520Z - 2025-04-30T21:40:07.499520Z,,,,,,,,,2025-04-30T21:39:28.716250Z,
HE.SUF.00.BHZ | 2025-04-30T21:39:57.345900Z - 2025-04-30T21:40:57.345900Z,,,,,,,,,2025-04-30T21:40:02.345900Z,
HE.TRE03.00.CZ | 2025-04-30T21:39:19.899340Z - 2025-04-30T21:40:19.899340Z,,,,,,,2025-04-30T21:39:24.899340Z,,2025-04-30T21:39:50.654730Z,
HE.TVF.00.BHZ | 2025-04-30T21:39:51.312570Z - 2025-04-30T21:40:51.312570Z,,,,,,,,,2025-04-30T21:39:56.312570Z,
HE.VJF.00.?HN | 2025-04-30T21:38:47.695450Z - 2025-04-30T21:39:47.695450Z,,,,,,,2025-04-30T21:38:52.695450Z,,2025-04-30T21:38:54.360400Z,
HE.VUOS.00.BHZ | 2025-04-30T21:39:06.543050Z - 2025-04-30T21:40:06.543050Z,,,,,,,2025-04-30T21:39:11.543050Z,,2025-04-30T21:39:26.622530Z,
HE.FIA0.00.?HZ | 2025-04-30T16:11:43.157690Z - 2025-04-30T16:12:43.157690Z,,,,,,,2025-04-30T16:11:48.157690Z,,2025-04-30T16:12:04.254900Z,
HE.FIA1.00.?HZ | 2025-04-30T16:11:43.157690Z - 2025-04-30T16:12:43.157690Z,,,,,,,2025-04-30T16:11:48.157690Z,,2025-04-30T16:12:04.254900Z,
HE.KAF.00.?HZ | 2025-04-30T16:12:15.614730Z - 2025-04-30T16:13:15.614730Z,,,,,,,,,2025-04-30T16:12:20.614730Z,
HE.KEF.00.?HZ | 2025-04-30T16:12:27.564470Z - 2025-04-30T16:13:27.564470Z,,,,,,,,,2025-04-30T16:12:32.564470Z,
HE.KY02.00.CZ | 2025-04-30T16:11:32.669160Z - 2025-04-30T16:12:32.669160Z,,,,,,,2025-04-30T16:11:37.669160Z,,2025-04-30T16:11:46.239310Z,
HE.KY17.00.CZ | 2025-04-30T16:11:31.024710Z - 2025-04-30T16:12:31.024710Z,,,,,,,2025-04-30T16:11:36.024710Z,,2025-04-30T16:11:43.509750Z,
HE.LOVF.00.CZ | 2025-04-30T16:11:31.745480Z - 2025-04-30T16:12:31.745480Z,,,,,,,2025-04-30T16:11:36.745480Z,,2025-04-30T16:11:44.073320Z,
HE.MEF.00.BHZ | 2025-04-30T16:11:48.419710Z - 2025-04-30T16:12:48.419710Z,,,,,,,2025-04-30T16:11:53.419710Z,,2025-04-30T16:12:13.384660Z,
HE.PVF.00.CZ | 2025-04-30T16:11:35.469470Z - 2025-04-30T16:12:35.469470Z,,,,,,,2025-04-30T16:11:40.469470Z,,2025-04-30T16:11:50.680390Z,
HE.RUF.00.BHN | 2025-04-30T16:11:59.375030Z - 2025-04-30T16:12:59.375030Z,,,,,,,,,2025-04-30T16:12:04.375030Z,
HE.TRE03.00.CZ | 2025-04-30T16:12:21.199210Z - 2025-04-30T16:13:21.199210Z,,,,,,,,,2025-04-30T16:12:26.199210Z,
HE.TVF.00.BHZ | 2025-04-30T16:12:28.205860Z - 2025-04-30T16:13:28.205860Z,,,,,,,,,2025-04-30T16:12:33.205860Z,
HE.VJF.00.?HZ | 2025-04-30T16:11:23.779230Z - 2025-04-30T16:12:23.779230Z,,,,,,,2025-04-30T16:11:28.779230Z,,2025-04-30T16:11:30.490740Z,
HE.VUOS.00.BHZ | 2025-04-30T16:11:57.452970Z - 2025-04-30T16:12:57.452970Z,,,,,,,,,2025-04-30T16:12:02.452970Z,
FN.KLF.00.BHZ | 2025-05-01T06:33:42.646070Z - 2025-05-01T06:34:42.646070Z,,,,,,,2025-05-01T06:33:47.646070Z,,2025-05-01T06:34:10.594400Z,
FN.RNF.00.BHZ | 2025-05-01T06:34:34.105980Z - 2025-05-01T06:35:34.105980Z,,,,,,,,,2025-05-01T06:34:39.105980Z,
HE.HEF.00.BHZ | 2025-05-01T06:33:41.255260Z - 2025-05-01T06:34:41.255260Z,,,,,,,2025-05-01T06:33:46.255260Z,,2025-05-01T06:34:08.276390Z,
HE.KIF.00.BHZ | 2025-05-01T06:33:36.570070Z - 2025-05-01T06:34:36.570070Z,,,,,,,2025-05-01T06:33:41.570070Z,,2025-05-01T06:33:59.699740Z,
HE.FIA0.00.?HZ | 2025-04-25T18:38:43.036490Z - 2025-04-25T18:39:43.036490Z,,,,,,,2025-04-25T18:38:48.036490Z,,2025-04-25T18:39:04.826820Z,
HE.FIA1.00.?HZ | 2025-04-25T18:38:43.036490Z - 2025-04-25T18:39:43.036490Z,,,,,,,2025-04-25T18:38:48.036490Z,,2025-04-25T18:39:04.826820Z,
HE.HEL1.00.BHZ | 2025-04-25T18:39:16.370000Z - 2025-04-25T18:40:16.370000Z,,,,,,,,,2025-04-25T18:39:21.370000Z,
HE.HEL5.00.BHZ | 2025-04-25T18:38:53.810000Z - 2025-04-25T18:39:53.810000Z,,,,,,,2025-04-25T18:38:58.810000Z,,2025-04-25T18:39:23.510000Z,
HE.KAF.00.?HZ | 2025-04-25T18:38:49.510000Z - 2025-04-25T18:39:49.510000Z,,,,,,,2025-04-25T18:38:54.510000Z,,2025-04-25T18:39:16.290000Z,
HE.KEF.00.?HZ | 2025-04-25T18:38:57.610000Z - 2025-04-25T18:39:57.610000Z,,,,,,,2025-04-25T18:39:02.610000Z,,2025-04-25T18:39:30.840000Z,
HE.KUNI.00.BHZ | 2025-04-25T18:39:14.900000Z - 2025-04-25T18:40:14.900000Z,,,,,,,,,2025-04-25T18:39:19.900000Z,
HE.KY02.00.CZ | 2025-04-25T18:38:33.870000Z - 2025-04-25T18:39:33.870000Z,,,,,,,2025-04-25T18:38:38.870000Z,,2025-04-25T18:38:49.388870Z,
HE.KY17.00.CZ | 2025-04-25T18:38:31.460190Z - 2025-04-25T18:39:31.460190Z,,,,,,,2025-04-25T18:38:36.460190Z,,2025-04-25T18:38:45.431850Z,
HE.LAUT.00.BHZ | 2025-04-25T18:39:16.710000Z - 2025-04-25T18:40:16.710000Z,,,,,,,,,2025-04-25T18:39:21.710000Z,
HE.LOVF.00.CZ | 2025-04-25T18:38:38.970000Z - 2025-04-25T18:39:38.970000Z,,,,,,,2025-04-25T18:38:43.970000Z,,2025-04-25T18:38:58.160000Z,
HE.MEF.00.BHZ | 2025-04-25T18:38:55.060000Z - 2025-04-25T18:39:55.060000Z,,,,,,,2025-04-25T18:39:00.060000Z,,2025-04-25T18:39:26.440000Z,
HE.NUR.00.SHZ | 2025-04-25T18:38:52.480000Z - 2025-04-25T18:39:52.480000Z,,,,,,,2025-04-25T18:38:57.480000Z,,2025-04-25T18:39:21.820000Z,
HE.PVF.00.CZ | 2025-04-25T18:38:42.321280Z - 2025-04-25T18:39:42.321280Z,,,,,,,2025-04-25T18:38:47.321280Z,,2025-04-25T18:39:03.810000Z,
HE.RSUO.00.BHZ | 2025-04-25T18:39:15.580000Z - 2025-04-25T18:40:15.580000Z,,,,,,,,,2025-04-25T18:39:20.580000Z,
HE.RUF.00.BHZ | 2025-04-25T18:38:32.217650Z - 2025-04-25T18:39:32.217650Z,,,,,,,2025-04-25T18:38:37.217650Z,,2025-04-25T18:38:46.111350Z,
HE.TRE03.00.CZ | 2025-04-25T18:38:57.760000Z - 2025-04-25T18:39:57.760000Z,,,,,,,2025-04-25T18:39:02.760000Z,,2025-04-25T18:39:31.850000Z,
HE.VJF.00.?HZ | 2025-04-25T18:38:28.234810Z - 2025-04-25T18:39:28.234810Z,,,,,,,2025-04-25T18:38:33.234810Z,,2025-04-25T18:38:39.316300Z,
HE.VUOS.00.BHZ | 2025-04-25T18:39:12.760000Z - 2025-04-25T18:40:12.760000Z,,,,,,,,,2025-04-25T18:39:17.760000Z,
FN.KLF.00.BHZ | 2025-05-02T07:29:54.011410Z - 2025-05-02T07:30:54.011410Z,,,,,,,2025-05-02T07:29:59.011410Z,,2025-05-02T07:30:16.336860Z,
FN.SGF.00.BHZ | 2025-05-02T07:30:22.043310Z - 2025-05-02T07:31:22.043310Z,,,,,,,,,2025-05-02T07:30:27.043310Z,
HE.HEF.00.BHZ | 2025-05-02T07:29:38.535450Z - 2025-05-02T07:30:38.535450Z,,,,,,,2025-05-02T07:29:43.535450Z,,2025-05-02T07:29:48.896100Z,
HE.KIF.00.BHZ | 2025-05-02T07:29:46.260200Z - 2025-05-02T07:30:46.260200Z,,,,,,,2025-05-02T07:29:51.260200Z,,2025-05-02T07:30:02.781410Z,
HE.FIA0.00.?HZ | 2025-05-07T10:46:49.670000Z - 2025-05-07T10:47:49.670000Z,,,,,,,2025-05-07T10:46:54.670000Z,,2025-05-07T10:47:09.610000Z,
HE.FIA1.00.?HZ | 2025-05-07T10:46:49.680000Z - 2025-05-07T10:47:49.680000Z,,,,,,,2025-05-07T10:46:54.680000Z,,2025-05-07T10:47:09.610000Z,
HE.KY02.00.CZ | 2025-05-07T10:46:39.790000Z - 2025-05-07T10:47:39.790000Z,,,,,,,2025-05-07T10:46:44.790000Z,,2025-05-07T10:46:53.060000Z,
HE.KY17.00.CZ | 2025-05-07T10:46:37.560000Z - 2025-05-07T10:47:37.560000Z,,,,,,,2025-05-07T10:46:42.560000Z,,2025-05-07T10:46:49.020000Z,
HE.LOVF.00.CZ | 2025-05-07T10:46:55.810000Z - 2025-05-07T10:47:55.810000Z,,,,,,,,,2025-05-07T10:47:00.810000Z,
HE.PVF.00.CZ | 2025-05-07T10:47:01.190000Z - 2025-05-07T10:48:01.190000Z,,,,,,,,,2025-05-07T10:47:06.190000Z,
HE.RUF.00.BHZ | 2025-05-07T10:46:54.460000Z - 2025-05-07T10:47:54.460000Z,,,,,,,,,2025-05-07T10:46:59.460000Z,
HE.VJF.00.?HZ | 2025-05-07T10:46:33.500000Z - 2025-05-07T10:47:33.500000Z,,,,,,,2025-05-07T10:46:38.500000Z,,2025-05-07T10:46:42.230000Z,
FN.KLF.00.BHZ | 2025-05-10T20:36:57.187920Z - 2025-05-10T20:37:57.187920Z,,,,,,,2025-05-10T20:37:02.187920Z,,2025-05-10T20:37:06.792380Z,
FN.MSF.00.BHZ | 2025-05-10T20:37:55.915100Z - 2025-05-10T20:38:55.915100Z,,,,,,,,,2025-05-10T20:38:00.915100Z,
FN.OLKF.00.BHZ | 2025-05-10T20:37:55.412360Z - 2025-05-10T20:38:55.412360Z,,,,,,,,,2025-05-10T20:38:00.412360Z,
FN.OUL.00.BHZ | 2025-05-10T20:37:49.524460Z - 2025-05-10T20:38:49.524460Z,,,,,,,,,2025-05-10T20:37:54.524460Z,
FN.RANF.00.?HZ | 2025-05-10T20:37:15.626080Z - 2025-05-10T20:38:15.626080Z,,,,,,,2025-05-10T20:37:20.626080Z,,2025-05-10T20:37:39.053000Z,
FN.RNF.00.BHZ | 2025-05-10T20:37:06.161690Z - 2025-05-10T20:38:06.161690Z,,,,,,,2025-05-10T20:37:11.161690Z,,2025-05-10T20:37:22.195160Z,
FN.SGF.00.BHZ | 2025-05-10T20:37:11.085560Z - 2025-05-10T20:38:11.085560Z,,,,,,,2025-05-10T20:37:16.085560Z,,2025-05-10T20:37:31.137860Z,
HE.HEF.00.BHZ | 2025-05-10T20:37:17.394140Z - 2025-05-10T20:38:17.394140Z,,,,,,,2025-05-10T20:37:22.394140Z,,2025-05-10T20:37:42.109830Z,
HE.KU2.00.SHZ | 2025-05-10T20:37:26.551190Z - 2025-05-10T20:38:26.551190Z,,,,,,,2025-05-10T20:37:31.551190Z,,2025-05-10T20:37:59.698280Z,
HE.OBF3.00.BHZ | 2025-05-10T20:37:52.946190Z - 2025-05-10T20:38:52.946190Z,,,,,,,,,2025-05-10T20:37:57.946190Z,
HE.FIA0.00.?HZ | 2025-05-10T00:13:06.778780Z - 2025-05-10T00:14:06.778780Z,,,,,,,2025-05-10T00:13:11.778780Z,,2025-05-10T00:13:27.572820Z,
HE.FIA1.00.?HZ | 2025-05-10T00:13:06.560840Z - 2025-05-10T00:14:06.560840Z,,,,,,,2025-05-10T00:13:11.560840Z,,2025-05-10T00:13:27.572820Z,
HE.HEL1.00.BHZ | 2025-05-10T00:13:24.323430Z - 2025-05-10T00:14:24.323430Z,,,,,,,,,2025-05-10T00:13:29.323430Z,
HE.KAF.00.?HZ | 2025-05-10T00:13:38.778990Z - 2025-05-10T00:14:38.778990Z,,,,,,,,,2025-05-10T00:13:43.778990Z,
HE.KEF.00.?HZ | 2025-05-10T00:13:21.795910Z - 2025-05-10T00:14:21.795910Z,,,,,,,2025-05-10T00:13:26.795910Z,,2025-05-10T00:13:55.618760Z,
HE.KUNI.00.BHZ | 2025-05-10T00:13:23.538560Z - 2025-05-10T00:14:23.538560Z,,,,,,,,,2025-05-10T00:13:28.538560Z,
HE.KY02.00.CZ | 2025-05-10T00:12:55.811940Z - 2025-05-10T00:13:55.811940Z,,,,,,,2025-05-10T00:13:00.811940Z,,2025-05-10T00:13:09.057900Z,
HE.KY17.00.CZ | 2025-05-10T00:12:54.559600Z - 2025-05-10T00:13:54.559600Z,,,,,,,2025-05-10T00:12:59.559600Z,,2025-05-10T00:13:06.919920Z,
HE.LOVF.00.CZ | 2025-05-10T00:12:54.923070Z - 2025-05-10T00:13:54.923070Z,,,,,,,2025-05-10T00:12:59.923070Z,,2025-05-10T00:13:07.374260Z,
HE.MEF.00.BHZ | 2025-05-10T00:13:31.721860Z - 2025-05-10T00:14:31.721860Z,,,,,,,,,2025-05-10T00:13:36.721860Z,
HE.PVF.00.CZ | 2025-05-10T00:12:58.634880Z - 2025-05-10T00:13:58.634880Z,,,,,,,2025-05-10T00:13:03.634880Z,,2025-05-10T00:13:14.332340Z,
HE.RUF.00.BHZ | 2025-05-10T00:13:22.974830Z - 2025-05-10T00:14:22.974830Z,,,,,,,,,2025-05-10T00:13:27.974830Z,
HE.TRE03.00.CZ | 2025-05-10T00:13:45.779710Z - 2025-05-10T00:14:45.779710Z,,,,,,,,,2025-05-10T00:13:50.779710Z,
HE.VJF.00.?HZ | 2025-05-10T00:12:46.886470Z - 2025-05-10T00:13:46.886470Z,,,,,,,2025-05-10T00:12:51.886470Z,,2025-05-10T00:12:53.508210Z,
FN.KLF.00.BHZ | 2025-05-09T03:31:47.024820Z - 2025-05-09T03:32:47.024820Z,,,,,,,2025-05-09T03:31:52.024820Z,,2025-05-09T03:32:02.547670Z,
FN.KMNF.00.?HZ | 2025-05-09T03:32:34.536520Z - 2025-05-09T03:33:34.536520Z,,,,,,,,,2025-05-09T03:32:39.536520Z,
FN.RAJF.00.?HZ | 2025-05-09T03:32:38.726960Z - 2025-05-09T03:33:38.726960Z,,,,,,,,,2025-05-09T03:32:43.726960Z,
FN.RANF.00.?HZ | 2025-05-09T03:32:48.504670Z - 2025-05-09T03:33:48.504670Z,,,,,,,,,2025-05-09T03:32:53.504670Z,
FN.RNF.00.BHZ | 2025-05-09T03:32:26.916440Z - 2025-05-09T03:33:26.916440Z,,,,,,,,,2025-05-09T03:32:31.916440Z,
FN.SGF.00.BHZ | 2025-05-09T03:31:59.527250Z - 2025-05-09T03:32:59.527250Z,,,,,,,2025-05-09T03:32:04.527250Z,,2025-05-09T03:32:24.388550Z,
HE.HEF.00.BHZ | 2025-05-09T03:31:44.448680Z - 2025-05-09T03:32:44.448680Z,,,,,,,2025-05-09T03:31:49.448680Z,,2025-05-09T03:31:58.399660Z,
HE.KEV.00.?HZ | 2025-05-09T03:32:46.409450Z - 2025-05-09T03:33:46.409450Z,,,,,,,,,2025-05-09T03:32:51.409450Z,
HE.KIF.00.BHZ | 2025-05-09T03:31:56.244650Z - 2025-05-09T03:32:56.244650Z,,,,,,,2025-05-09T03:32:01.244650Z,,2025-05-09T03:32:18.754700Z,
HE.VRF.00.BHZ | 2025-05-09T03:32:51.531100Z - 2025-05-09T03:33:51.531100Z,,,,,,,,,2025-05-09T03:32:56.531100Z,
FN.KLF.00.BHZ | 2025-05-11T01:38:31.942660Z - 2025-05-11T01:39:31.942660Z,,,,,,,2025-05-11T01:38:36.942660Z,,2025-05-11T01:38:41.661470Z,
FN.MSF.00.BHZ | 2025-05-11T01:39:33.764680Z - 2025-05-11T01:40:33.764680Z,,,,,,,,,2025-05-11T01:39:38.764680Z,
FN.OLKF.00.BHZ | 2025-05-11T01:39:33.189120Z - 2025-05-11T01:40:33.189120Z,,,,,,,,,2025-05-11T01:39:38.189120Z,
FN.OUL.00.BHZ | 2025-05-11T01:39:24.629380Z - 2025-05-11T01:40:24.629380Z,,,,,,,,,2025-05-11T01:39:29.629380Z,
FN.RANF.00.?HZ | 2025-05-11T01:38:50.953350Z - 2025-05-11T01:39:50.953350Z,,,,,,,2025-05-11T01:38:55.953350Z,,2025-05-11T01:39:14.269850Z,
FN.RNF.00.BHZ | 2025-05-11T01:38:41.171880Z - 2025-05-11T01:39:41.171880Z,,,,,,,2025-05-11T01:38:46.171880Z,,2025-05-11T01:38:57.544250Z,
FN.SGF.00.BHZ | 2025-05-11T01:39:01.365680Z - 2025-05-11T01:40:01.365680Z,,,,,,,,,2025-05-11T01:39:06.365680Z,
HE.HEF.00.BHZ | 2025-05-11T01:38:52.676990Z - 2025-05-11T01:39:52.676990Z,,,,,,,2025-05-11T01:38:57.676990Z,,2025-05-11T01:39:17.411570Z,
HE.KU2.00.SHZ | 2025-05-11T01:39:28.469260Z - 2025-05-11T01:40:28.469260Z,,,,,,,,,2025-05-11T01:39:33.469260Z,
HE.OBF3.00.BHZ | 2025-05-11T01:39:26.840220Z - 2025-05-11T01:40:26.840220Z,,,,,,,,,2025-05-11T01:39:31.840220Z,
FN.KLF.00.BHZ | 2025-05-12T03:11:59.291930Z - 2025-05-12T03:12:59.291930Z,,,,,,,2025-05-12T03:12:04.291930Z,,2025-05-12T03:12:34.289630Z,
FN.OUL.00.BHZ | 2025-05-12T03:11:48.228740Z - 2025-05-12T03:12:48.228740Z,,,,,,,2025-05-12T03:11:53.228740Z,,2025-05-12T03:12:13.026720Z,
FN.RANF.00.?HZ | 2025-05-12T03:11:56.615130Z - 2025-05-12T03:12:56.615130Z,,,,,,,2025-05-12T03:12:01.615130Z,,2025-05-12T03:12:29.858680Z,
FN.RNF.00.BHZ | 2025-05-12T03:11:58.865290Z - 2025-05-12T03:12:58.865290Z,,,,,,,2025-05-12T03:12:03.865290Z,,2025-05-12T03:12:33.710600Z,
HE.ALAJF.00.?HZ | 2025-05-12T03:11:58.182410Z - 2025-05-12T03:12:58.182410Z,,,,,,,2025-05-12T03:12:03.182410Z,,2025-05-12T03:12:28.011800Z,
HE.KJNF.00.CZ | 2025-05-12T03:12:03.297790Z - 2025-05-12T03:13:03.297790Z,,,,,,,2025-05-12T03:12:08.297790Z,,2025-05-12T03:12:39.325280Z,
HE.KU2.00.SHZ | 2025-05-12T03:12:03.380860Z - 2025-05-12T03:13:03.380860Z,,,,,,,2025-05-12T03:12:08.380860Z,,2025-05-12T03:12:43.308940Z,
HE.OBF0.00.BHZ | 2025-05-12T03:11:39.140400Z - 2025-05-12T03:12:39.140400Z,,,,,,,2025-05-12T03:11:44.140400Z,,2025-05-12T03:11:57.382390Z,
HE.OBF3.00.BHZ | 2025-05-12T03:11:40.006510Z - 2025-05-12T03:12:40.006510Z,,,,,,,2025-05-12T03:11:45.006510Z,,2025-05-12T03:11:59.218590Z,
HE.OBF8.00.BHZ | 2025-05-12T03:11:36.837830Z - 2025-05-12T03:12:36.837830Z,,,,,,,2025-05-12T03:11:41.837830Z,,2025-05-12T03:11:53.517110Z,
HE.VAF.00.BHZ | 2025-05-12T03:11:55.936810Z - 2025-05-12T03:12:55.936810Z,,,,,,,2025-05-12T03:12:00.936810Z,,2025-05-12T03:12:27.414490Z,
HE.FIA0.00.?HZ | 2025-05-14T21:24:22.226180Z - 2025-05-14T21:25:22.226180Z,,,,,,,2025-05-14T21:24:27.226180Z,,2025-05-14T21:24:42.966220Z,
HE.FIA1.00.?HZ | 2025-05-14T21:24:22.226180Z - 2025-05-14T21:25:22.226180Z,,,,,,,2025-05-14T21:24:27.226180Z,,2025-05-14T21:24:42.966220Z,
HE.HEL1.00.BHZ | 2025-05-14T21:24:40.717210Z - 2025-05-14T21:25:40.717210Z,,,,,,,,,2025-05-14T21:24:45.717210Z,
HE.KAF.00.?HZ | 2025-05-14T21:24:54.386370Z - 2025-05-14T21:25:54.386370Z,,,,,,,,,2025-05-14T21:24:59.386370Z,
HE.KEF.00.?HZ | 2025-05-14T21:25:05.948500Z - 2025-05-14T21:26:05.948500Z,,,,,,,,,2025-05-14T21:25:10.948500Z,
HE.KUNI.00.BHZ | 2025-05-14T21:24:39.557670Z - 2025-05-14T21:25:39.557670Z,,,,,,,,,2025-05-14T21:24:44.557670Z,
HE.KY02.00.CZ | 2025-05-14T21:24:11.867860Z - 2025-05-14T21:25:11.867860Z,,,,,,,2025-05-14T21:24:16.867860Z,,2025-05-14T21:24:24.840850Z,
HE.LOVF.00.CZ | 2025-05-14T21:24:10.843990Z - 2025-05-14T21:25:10.843990Z,,,,,,,2025-05-14T21:24:15.843990Z,,2025-05-14T21:24:23.339260Z,
HE.MEF.00.BHZ | 2025-05-14T21:24:27.730300Z - 2025-05-14T21:25:27.730300Z,,,,,,,2025-05-14T21:24:32.730300Z,,2025-05-14T21:24:52.674490Z,
HE.NUR.00.SHZ | 2025-05-14T21:24:25.238160Z - 2025-05-14T21:25:25.238160Z,,,,,,,2025-05-14T21:24:30.238160Z,,2025-05-14T21:24:48.268210Z,
HE.PVF.00.CZ | 2025-05-14T21:24:14.590350Z - 2025-05-14T21:25:14.590350Z,,,,,,,2025-05-14T21:24:19.590350Z,,2025-05-14T21:24:29.961720Z,
HE.RAF.00.BHZ | 2025-05-14T21:25:28.026670Z - 2025-05-14T21:26:28.026670Z,,,,,,,,,2025-05-14T21:25:33.026670Z,
HE.RUF.00.BHZ | 2025-05-14T21:24:38.743500Z - 2025-05-14T21:25:38.743500Z,,,,,,,,,2025-05-14T21:24:43.743500Z,
HE.SUF.00.BHZ | 2025-05-14T21:25:13.257440Z - 2025-05-14T21:26:13.257440Z,,,,,,,,,2025-05-14T21:25:18.257440Z,
HE.TRE03.00.CZ | 2025-05-14T21:25:01.187620Z - 2025-05-14T21:26:01.187620Z,,,,,,,,,2025-05-14T21:25:06.187620Z,
HE.TVF.00.BHZ | 2025-05-14T21:25:07.850580Z - 2025-05-14T21:26:07.850580Z,,,,,,,,,2025-05-14T21:25:12.850580Z,
HE.VJF.00.?HZ | 2025-05-14T21:24:02.694860Z - 2025-05-14T21:25:02.694860Z,,,,,,,2025-05-14T21:24:07.694860Z,,2025-05-14T21:24:09.415000Z,
HE.VUOS.00.BHZ | 2025-05-14T21:24:21.700660Z - 2025-05-14T21:25:21.700660Z,,,,,,,2025-05-14T21:24:26.700660Z,,2025-05-14T21:24:41.774760Z,
HE.FIA0.00.?HE | 2025-05-14T21:37:46.875190Z - 2025-05-14T21:38:46.875190Z,,,,,,,,,2025-05-14T21:38:08.108100Z,
HE.FIA0.00.?HN | 2025-05-14T21:37:46.875190Z - 2025-05-14T21:38:46.875190Z,,,,,,,2025-05-14T21:37:51.875190Z,,,
HE.FIA1.00.?HZ | 2025-05-14T21:37:46.875190Z - 2025-05-14T21:38:46.875190Z,,,,,,,2025-05-14T21:37:51.875190Z,,2025-05-14T21:38:08.108100Z,
HE.HEL1.00.BHZ | 2025-05-14T21:37:48.639610Z - 2025-05-14T21:38:48.639610Z,,,,,,,2025-05-14T21:37:53.639610Z,,2025-05-14T21:38:10.465440Z,
HE.HEL5.00.BHZ | 2025-05-14T21:37:49.962320Z - 2025-05-14T21:38:49.962320Z,,,,,,,2025-05-14T21:37:54.962320Z,,2025-05-14T21:38:13.168530Z,
HE.KAF.00.?HZ | 2025-05-14T21:37:56.615260Z - 2025-05-14T21:38:56.615260Z,,,,,,,2025-05-14T21:38:01.615260Z,,2025-05-14T21:38:24.549120Z,
HE.KEF.00.?HZ | 2025-05-14T21:38:02.779100Z - 2025-05-14T21:39:02.779100Z,,,,,,,2025-05-14T21:38:07.779100Z,,2025-05-14T21:38:36.050700Z,
HE.KUNI.00.BHZ | 2025-05-14T21:37:47.766360Z - 2025-05-14T21:38:47.766360Z,,,,,,,2025-05-14T21:37:52.766360Z,,2025-05-14T21:38:09.493780Z,
HE.KY02.00.CZ | 2025-05-14T21:37:36.646260Z - 2025-05-14T21:38:36.646260Z,,,,,,,2025-05-14T21:37:41.646260Z,,2025-05-14T21:37:49.749700Z,
HE.KY17.00.CZ | 2025-05-14T21:37:35.182070Z - 2025-05-14T21:38:35.182070Z,,,,,,,2025-05-14T21:37:40.182070Z,,2025-05-14T21:37:47.288730Z,
HE.LAUT.00.BHZ | 2025-05-14T21:37:48.770540Z - 2025-05-14T21:38:48.770540Z,,,,,,,2025-05-14T21:37:53.770540Z,,2025-05-14T21:38:11.172100Z,
HE.LOVF.00.CZ | 2025-05-14T21:37:35.627190Z - 2025-05-14T21:38:35.627190Z,,,,,,,2025-05-14T21:37:40.627190Z,,2025-05-14T21:37:48.161030Z,
HE.MEF.00.BHZ | 2025-05-14T21:37:52.666270Z - 2025-05-14T21:38:52.666270Z,,,,,,,2025-05-14T21:37:57.666270Z,,2025-05-14T21:38:17.534760Z,
HE.NUR.00.SHZ | 2025-05-14T21:37:49.909780Z - 2025-05-14T21:38:49.909780Z,,,,,,,2025-05-14T21:37:54.909780Z,,2025-05-14T21:38:13.094690Z,
HE.PVF.00.CZ | 2025-05-14T21:37:39.448700Z - 2025-05-14T21:38:39.448700Z,,,,,,,2025-05-14T21:37:44.448700Z,,2025-05-14T21:37:55.003350Z,
HE.RSUO.00.BHZ | 2025-05-14T21:38:04.935440Z - 2025-05-14T21:39:04.935440Z,,,,,,,,,2025-05-14T21:38:09.935440Z,
HE.RUF.00.BHZ | 2025-05-14T21:37:47.369430Z - 2025-05-14T21:38:47.369430Z,,,,,,,2025-05-14T21:37:52.369430Z,,2025-05-14T21:38:08.484770Z,
HE.SUF.00.BHZ | 2025-05-14T21:38:06.553260Z - 2025-05-14T21:39:06.553260Z,,,,,,,2025-05-14T21:38:11.553260Z,,2025-05-14T21:38:41.913320Z,
HE.TRE03.00.CZ | 2025-05-14T21:37:59.563900Z - 2025-05-14T21:38:59.563900Z,,,,,,,2025-05-14T21:38:04.563900Z,,2025-05-14T21:38:30.009560Z,
HE.TVF.00.BHZ | 2025-05-14T21:38:03.386210Z - 2025-05-14T21:39:03.386210Z,,,,,,,2025-05-14T21:38:08.386210Z,,2025-05-14T21:38:36.343670Z,
HE.VJF.00.?HZ | 2025-05-14T21:37:27.504460Z - 2025-05-14T21:38:27.504460Z,,,,,,,2025-05-14T21:37:32.504460Z,,2025-05-14T21:37:34.216210Z,
HE.VUOS.00.BHZ | 2025-05-14T21:37:46.239990Z - 2025-05-14T21:38:46.239990Z,,,,,,,2025-05-14T21:37:51.239990Z,,2025-05-14T21:38:06.572830Z,
HE.FIA0.00.?HZ | 2025-05-14T21:45:49.048230Z - 2025-05-14T21:46:49.048230Z,,,,,,,2025-05-14T21:45:54.048230Z,,2025-05-14T21:46:10.164420Z,
HE.FIA1.00.?HZ | 2025-05-14T21:45:49.048230Z - 2025-05-14T21:46:49.048230Z,,,,,,,2025-05-14T21:45:54.048230Z,,2025-05-14T21:46:10.164420Z,
HE.HEL1.00.BHN | 2025-05-14T21:46:07.720670Z - 2025-05-14T21:47:07.720670Z,,,,,,,,,2025-05-14T21:46:12.720670Z,
HE.HEL5.00.BHZ | 2025-05-14T21:45:52.197370Z - 2025-05-14T21:46:52.197370Z,,,,,,,2025-05-14T21:45:57.197370Z,,2025-05-14T21:46:15.271670Z,
HE.KAF.00.?HZ | 2025-05-14T21:46:21.928970Z - 2025-05-14T21:47:21.928970Z,,,,,,,,,2025-05-14T21:46:26.928970Z,
HE.KEF.00.?HZ | 2025-05-14T21:46:04.937760Z - 2025-05-14T21:47:04.937760Z,,,,,,,2025-05-14T21:46:09.937760Z,,2025-05-14T21:46:38.462580Z,
HE.KUNI.00.BHZ | 2025-05-14T21:45:50.159690Z - 2025-05-14T21:46:50.159690Z,,,,,,,2025-05-14T21:45:55.159690Z,,2025-05-14T21:46:11.561120Z,
HE.KY02.00.CZ | 2025-05-14T21:45:38.832030Z - 2025-05-14T21:46:38.832030Z,,,,,,,2025-05-14T21:45:43.832030Z,,2025-05-14T21:45:52.103170Z,
HE.KY17.00.CZ | 2025-05-14T21:45:37.308240Z - 2025-05-14T21:46:37.308240Z,,,,,,,2025-05-14T21:45:42.308240Z,,2025-05-14T21:45:49.509760Z,
HE.LAUT.00.BHZ | 2025-05-14T21:46:08.184490Z - 2025-05-14T21:47:08.184490Z,,,,,,,,,2025-05-14T21:46:13.184490Z,
HE.LOVF.00.CZ | 2025-05-14T21:45:37.945240Z - 2025-05-14T21:46:37.945240Z,,,,,,,2025-05-14T21:45:42.945240Z,,2025-05-14T21:45:50.187330Z,
HE.MEF.00.BHZ | 2025-05-14T21:45:54.965670Z - 2025-05-14T21:46:54.965670Z,,,,,,,2025-05-14T21:45:59.965670Z,,2025-05-14T21:46:19.797090Z,
HE.NUR.00.SHZ | 2025-05-14T21:45:52.289990Z - 2025-05-14T21:46:52.289990Z,,,,,,,2025-05-14T21:45:57.289990Z,,2025-05-14T21:46:15.351240Z,
HE.PVF.00.CZ | 2025-05-14T21:45:41.640180Z - 2025-05-14T21:46:41.640180Z,,,,,,,2025-05-14T21:45:46.640180Z,,2025-05-14T21:45:57.059930Z,
HE.RAF.00.BHZ | 2025-05-14T21:46:53.043290Z - 2025-05-14T21:47:53.043290Z,,,,,,,,,2025-05-14T21:46:58.043290Z,
HE.RUF.00.BHZ | 2025-05-14T21:45:49.511340Z - 2025-05-14T21:46:49.511340Z,,,,,,,2025-05-14T21:45:54.511340Z,,2025-05-14T21:46:10.865400Z,
HE.SUF.00.BHZ | 2025-05-14T21:46:39.376120Z - 2025-05-14T21:47:39.376120Z,,,,,,,,,2025-05-14T21:46:44.376120Z,
HE.TRE03.00.CZ | 2025-05-14T21:46:27.208410Z - 2025-05-14T21:47:27.208410Z,,,,,,,,,2025-05-14T21:46:32.208410Z,
HE.TVF.00.BHZ | 2025-05-14T21:46:33.694490Z - 2025-05-14T21:47:33.694490Z,,,,,,,,,2025-05-14T21:46:38.694490Z,
HE.VJF.00.?HZ | 2025-05-14T21:45:29.811430Z - 2025-05-14T21:46:29.811430Z,,,,,,,2025-05-14T21:45:34.811430Z,,2025-05-14T21:45:36.537210Z,
HE.VUOS.00.BHZ | 2025-05-14T21:45:48.399870Z - 2025-05-14T21:46:48.399870Z,,,,,,,2025-05-14T21:45:53.399870Z,,2025-05-14T21:46:08.546310Z,
FN.KLF.00.BHZ | 2025-05-15T13:20:15.297190Z - 2025-05-15T13:21:15.297190Z,,,,,,,2025-05-15T13:20:20.297190Z,,2025-05-15T13:20:23.601100Z,
FN.OLKF.00.BHZ | 2025-05-15T13:21:22.306750Z - 2025-05-15T13:22:22.306750Z,,,,,,,,,2025-05-15T13:21:27.306750Z,
FN.RAJF.00.?HZ | 2025-05-15T13:21:19.366760Z - 2025-05-15T13:22:19.366760Z,,,,,,,,,2025-05-15T13:21:24.366760Z,
FN.RANF.00.?HZ | 2025-05-15T13:20:39.172170Z - 2025-05-15T13:21:39.172170Z,,,,,,,2025-05-15T13:20:44.172170Z,,2025-05-15T13:21:04.937250Z,
FN.RNF.00.BHZ | 2025-05-15T13:20:29.155760Z - 2025-05-15T13:21:29.155760Z,,,,,,,2025-05-15T13:20:34.155760Z,,2025-05-15T13:20:47.938700Z,
FN.SGF.00.BHZ | 2025-05-15T13:20:31.815590Z - 2025-05-15T13:21:31.815590Z,,,,,,,2025-05-15T13:20:36.815590Z,,2025-05-15T13:20:52.410320Z,
HE.HEF.00.BHZ | 2025-05-15T13:20:34.755580Z - 2025-05-15T13:21:34.755580Z,,,,,,,2025-05-15T13:20:39.755580Z,,2025-05-15T13:20:57.497850Z,
HE.KIF.00.BHZ | 2025-05-15T13:21:18.471980Z - 2025-05-15T13:22:18.471980Z,,,,,,,,,2025-05-15T13:21:23.471980Z,
HE.KU6.00.BHZ | 2025-05-15T13:21:31.352310Z - 2025-05-15T13:22:31.352310Z,,,,,,,,,2025-05-15T13:21:36.352310Z,
HE.VRF.00.BHZ | 2025-05-15T13:21:23.157350Z - 2025-05-15T13:22:23.157350Z,,,,,,,,,2025-05-15T13:21:28.157350Z,
FN.KLF.00.BHN | 2025-05-20T09:12:30.129950Z - 2025-05-20T09:13:30.129950Z,,,,,,,,,2025-05-20T09:12:35.129950Z,
FN.OUL.00.BHE | 2025-05-20T09:12:57.380720Z - 2025-05-20T09:13:57.380720Z,,,,,,,,,2025-05-20T09:13:02.380720Z,
FN.RNF.00.BHZ | 2025-05-20T09:12:43.930000Z - 2025-05-20T09:13:43.930000Z,,,,,,,,,2025-05-20T09:12:48.930000Z,
HE.ECKF.00.CZ | 2025-05-20T01:13:14.697930Z - 2025-05-20T01:14:14.697930Z,,,,,,,,,2025-05-20T01:13:19.697930Z,
HE.KPF.00.BHZ | 2025-05-20T01:13:09.669620Z - 2025-05-20T01:14:09.669620Z,,,,,,,,,2025-05-20T01:13:14.669620Z,
HE.RAF.00.BHZ | 2025-05-20T01:12:48.071600Z - 2025-05-20T01:13:48.071600Z,,,,,,,2025-05-20T01:12:53.071600Z,,2025-05-20T01:13:20.568630Z,
HE.VAF.00.BHZ | 2025-05-20T01:12:50.069650Z - 2025-05-20T01:13:50.069650Z,,,,,,,2025-05-20T01:12:55.069650Z,,2025-05-20T01:13:23.636020Z,
UP.AAL.00.BHZ | 2025-05-20T01:13:18.867670Z - 2025-05-20T01:14:18.867670Z,,,,,,,,,2025-05-20T01:13:23.867670Z,
HE.ECKF.00.CZ | 2025-05-25T12:51:47.820000Z - 2025-05-25T12:52:47.820000Z,,,,,,,2025-05-25T12:51:52.820000Z,,2025-05-25T12:52:09.700000Z,
HE.KORF.00.CZ | 2025-05-25T12:52:01.610000Z - 2025-05-25T12:53:01.610000Z,,,,,,,2025-05-25T12:52:06.610000Z,,2025-05-25T12:52:34.140000Z,
HE.KPF.00.BHZ | 2025-05-25T12:52:01.650000Z - 2025-05-25T12:53:01.650000Z,,,,,,,2025-05-25T12:52:06.650000Z,,2025-05-25T12:52:34.000000Z,
HE.RAF.00.BHZ | 2025-05-25T12:51:58.380000Z - 2025-05-25T12:52:58.380000Z,,,,,,,2025-05-25T12:52:03.380000Z,,2025-05-25T12:52:28.430000Z,
UP.AAL.00.BHZ | 2025-05-25T12:51:51.240000Z - 2025-05-25T12:52:51.240000Z,,,,,,,2025-05-25T12:51:56.240000Z,,2025-05-25T12:52:15.880000Z,
HE.HEF.00.BHZ | 2025-05-25T02:01:31.754930Z - 2025-05-25T02:02:31.754930Z,,,,,,,,,2025-05-25T02:01:36.754930Z,
HE.KIF.00.BHZ | 2025-05-25T02:00:37.965550Z - 2025-05-25T02:01:37.965550Z,,,,,,,2025-05-25T02:00:42.965550Z,,2025-05-25T02:01:02.505320Z,
FN.KLF.00.BHZ | 2025-05-24T07:06:54.897710Z - 2025-05-24T07:07:54.897710Z,,,,,,,2025-05-24T07:06:59.897710Z,,2025-05-24T07:07:09.995320Z,
FN.KMNF.00.?HZ | 2025-05-24T07:07:48.343360Z - 2025-05-24T07:08:48.343360Z,,,,,,,,,2025-05-24T07:07:53.343360Z,
FN.RAJF.00.?HZ | 2025-05-24T07:07:52.146440Z - 2025-05-24T07:08:52.146440Z,,,,,,,,,2025-05-24T07:07:57.146440Z,
FN.RANF.00.?HZ | 2025-05-24T07:07:53.908440Z - 2025-05-24T07:08:53.908440Z,,,,,,,,,2025-05-24T07:07:58.908440Z,
FN.RNF.00.BHZ | 2025-05-24T07:07:36.109840Z - 2025-05-24T07:08:36.109840Z,,,,,,,,,2025-05-24T07:07:41.109840Z,
FN.SGF.00.BHZ | 2025-05-24T07:07:31.385120Z - 2025-05-24T07:08:31.385120Z,,,,,,,,,2025-05-24T07:07:36.385120Z,
HE.HEF.00.BHZ | 2025-05-24T07:06:56.727040Z - 2025-05-24T07:07:56.727040Z,,,,,,,2025-05-24T07:07:01.727040Z,,2025-05-24T07:07:12.672390Z,
HE.KIF.00.BHZ | 2025-05-24T07:07:25.417540Z - 2025-05-24T07:08:25.417540Z,,,,,,,,,2025-05-24T07:07:30.417540Z,
FN.KLF.00.BHZ | 2025-05-24T11:54:00.935420Z - 2025-05-24T11:55:00.935420Z,,,,,,,,,2025-05-24T11:54:05.935420Z,
FN.KMNF.00.?HZ | 2025-05-24T11:53:21.525310Z - 2025-05-24T11:54:21.525310Z,,,,,,,2025-05-24T11:53:26.525310Z,,2025-05-24T11:53:39.431640Z,
FN.RAJF.00.?HZ | 2025-05-24T11:53:32.021350Z - 2025-05-24T11:54:32.021350Z,,,,,,,2025-05-24T11:53:37.021350Z,,2025-05-24T11:53:58.605680Z,
FN.SGF.00.BHZ | 2025-05-24T11:54:01.024400Z - 2025-05-24T11:55:01.024400Z,,,,,,,,,2025-05-24T11:54:06.024400Z,
HE.HEF.00.BHZ | 2025-05-24T11:53:17.090980Z - 2025-05-24T11:54:17.090980Z,,,,,,,2025-05-24T11:53:22.090980Z,,2025-05-24T11:53:31.787240Z,
HE.KEV.00.?HZ | 2025-05-24T11:53:24.588350Z - 2025-05-24T11:54:24.588350Z,,,,,,,2025-05-24T11:53:29.588350Z,,2025-05-24T11:53:44.520370Z,
HE.KIF.00.BHZ | 2025-05-24T11:53:24.915060Z - 2025-05-24T11:54:24.915060Z,,,,,,,2025-05-24T11:53:29.915060Z,,2025-05-24T11:53:45.049070Z,
HE.KPF.00.BHZ | 2025-05-29T00:55:54.189710Z - 2025-05-29T00:56:54.189710Z,,,,,,,,,2025-05-29T00:55:59.189710Z,
HE.VAF.00.BHZ | 2025-05-29T00:55:26.164600Z - 2025-05-29T00:56:26.164600Z,,,,,,,2025-05-29T00:55:31.164600Z,,2025-05-29T00:55:58.639150Z,
FN.MSF.00.BHZ | 2025-06-02T17:11:04.606400Z - 2025-06-02T17:12:04.606400Z,,,,,,,2025-06-02T17:11:09.606400Z,,2025-06-02T17:11:12.512390Z,
FN.OLKF.00.BHZ | 2025-06-02T17:11:12.119180Z - 2025-06-02T17:12:12.119180Z,,,,,,,2025-06-02T17:11:17.119180Z,,2025-06-02T17:11:25.185710Z,
FN.OUL.00.BHZ | 2025-06-02T17:11:24.790150Z - 2025-06-02T17:12:24.790150Z,,,,,,,2025-06-02T17:11:29.790150Z,,2025-06-02T17:11:46.952320Z,
FN.RANF.00.?HZ | 2025-06-02T17:11:15.726640Z - 2025-06-02T17:12:15.726640Z,,,,,,,2025-06-02T17:11:20.726640Z,,2025-06-02T17:11:31.740390Z,
FN.RNF.00.BHZ | 2025-06-02T17:11:25.655240Z - 2025-06-02T17:12:25.655240Z,,,,,,,2025-06-02T17:11:30.655240Z,,2025-06-02T17:11:48.640990Z,
FN.SGF.00.BHZ | 2025-06-02T17:11:58.594530Z - 2025-06-02T17:12:58.594530Z,,,,,,,,,2025-06-02T17:12:03.594530Z,
HE.KU1.00.SHZ | 2025-06-02T17:11:07.373260Z - 2025-06-02T17:12:07.373260Z,,,,,,,2025-06-02T17:11:12.373260Z,,2025-06-02T17:11:17.031150Z,
HE.KU2.00.SHZ | 2025-06-02T17:11:04.700050Z - 2025-06-02T17:12:04.700050Z,,,,,,,2025-06-02T17:11:09.700050Z,,2025-06-02T17:11:12.698510Z,
HE.KU6.00.BHZ | 2025-06-02T17:11:10.857710Z - 2025-06-02T17:12:10.857710Z,,,,,,,2025-06-02T17:11:15.857710Z,,2025-06-02T17:11:22.528140Z,
HE.OBF3.00.BHZ | 2025-06-02T17:11:59.145580Z - 2025-06-02T17:12:59.145580Z,,,,,,,,,2025-06-02T17:12:04.145580Z,
HE.RMF.00.BHZ | 2025-06-02T17:11:48.656010Z - 2025-06-02T17:12:48.656010Z,,,,,,,,,2025-06-02T17:11:53.656010Z,
HE.TOF.00.BHZ | 2025-06-02T17:11:57.851640Z - 2025-06-02T17:12:57.851640Z,,,,,,,,,2025-06-02T17:12:02.851640Z,
FN.MSF.00.BHZ | 2025-06-03T11:18:33.787550Z - 2025-06-03T11:19:33.787550Z,,,,,,,2025-06-03T11:18:38.787550Z,,2025-06-03T11:18:44.067180Z,
FN.OLKF.00.BHZ | 2025-06-03T11:18:35.064170Z - 2025-06-03T11:19:35.064170Z,,,,,,,2025-06-03T11:18:40.064170Z,,2025-06-03T11:18:46.011810Z,
HE.KU1.00.SHZ | 2025-06-03T11:18:34.027100Z - 2025-06-03T11:19:34.027100Z,,,,,,,2025-06-03T11:18:39.027100Z,,2025-06-03T11:18:44.766400Z,
HE.KU2.00.SHZ | 2025-06-03T11:18:49.357240Z - 2025-06-03T11:19:49.357240Z,,,,,,,,,2025-06-03T11:18:54.357240Z,
HE.KU6.00.BHZ | 2025-06-03T11:18:30.443950Z - 2025-06-03T11:19:30.443950Z,,,,,,,2025-06-03T11:18:35.443950Z,,2025-06-03T11:18:38.355170Z,
HE.FIA0.00.?HZ | 2025-06-03T10:07:49.502680Z - 2025-06-03T10:08:49.502680Z,,,,,,,2025-06-03T10:07:54.502680Z,,2025-06-03T10:08:11.706540Z,
HE.FIA1.00.?HZ | 2025-06-03T10:07:49.502680Z - 2025-06-03T10:08:49.502680Z,,,,,,,2025-06-03T10:07:54.502680Z,,2025-06-03T10:08:11.706540Z,
HE.KAF.00.?HZ | 2025-06-03T10:08:23.646820Z - 2025-06-03T10:09:23.646820Z,,,,,,,,,2025-06-03T10:08:28.646820Z,
HE.KUNI.00.BHZ | 2025-06-03T10:08:04.061020Z - 2025-06-03T10:09:04.061020Z,,,,,,,,,2025-06-03T10:08:09.061020Z,
HE.KY02.00.CZ | 2025-06-03T10:07:39.195820Z - 2025-06-03T10:08:39.195820Z,,,,,,,2025-06-03T10:07:44.195820Z,,2025-06-03T10:07:53.413680Z,
HE.KY17.00.CZ | 2025-06-03T10:07:38.003140Z - 2025-06-03T10:08:38.003140Z,,,,,,,2025-06-03T10:07:43.003140Z,,2025-06-03T10:07:51.256700Z,
HE.LOVF.00.CZ | 2025-06-03T10:07:36.486950Z - 2025-06-03T10:08:36.486950Z,,,,,,,2025-06-03T10:07:41.486950Z,,2025-06-03T10:07:48.772650Z,
HE.PVF.00.CZ | 2025-06-03T10:07:40.587600Z - 2025-06-03T10:08:40.587600Z,,,,,,,2025-06-03T10:07:45.587600Z,,2025-06-03T10:07:55.980530Z,
HE.RUF.00.BHZ | 2025-06-03T10:08:07.634780Z - 2025-06-03T10:09:07.634780Z,,,,,,,,,2025-06-03T10:08:12.634780Z,
HE.SUF.00.BHZ | 2025-06-03T10:08:41.396320Z - 2025-06-03T10:09:41.396320Z,,,,,,,,,2025-06-03T10:08:46.396320Z,
HE.TRE03.00.CZ | 2025-06-03T10:08:28.520050Z - 2025-06-03T10:09:28.520050Z,,,,,,,,,2025-06-03T10:08:33.520050Z,
HE.TVF.00.BHZ | 2025-06-03T10:08:31.536810Z - 2025-06-03T10:09:31.536810Z,,,,,,,,,2025-06-03T10:08:36.536810Z,
HE.VJF.00.?HZ | 2025-06-03T10:07:30.795410Z - 2025-06-03T10:08:30.795410Z,,,,,,,2025-06-03T10:07:35.795410Z,,2025-06-03T10:07:38.972080Z,
FN.KLF.00.BHN | 2025-06-04T06:45:06.091600Z - 2025-06-04T06:46:06.091600Z,,,,,,,2025-06-04T06:45:11.091600Z,,,
FN.KLF.00.BHZ | 2025-06-04T06:45:06.091600Z - 2025-06-04T06:46:06.091600Z,,,,,,,,,2025-06-04T06:45:17.838220Z,
FN.RNF.00.BHZ | 2025-06-04T06:45:13.778660Z - 2025-06-04T06:46:13.778660Z,,,,,,,2025-06-04T06:45:18.778660Z,,2025-06-04T06:45:31.116760Z,
HE.HEF.00.BHZ | 2025-06-04T06:45:47.068260Z - 2025-06-04T06:46:47.068260Z,,,,,,,,,2025-06-04T06:45:52.068260Z,
FN.KLF.00.BHZ | 2025-06-05T03:03:11.393850Z - 2025-06-05T03:04:11.393850Z,,,,,,,2025-06-05T03:03:16.393850Z,,2025-06-05T03:03:47.004580Z,
FN.MSF.00.BHZ | 2025-06-05T03:02:36.908460Z - 2025-06-05T03:03:36.908460Z,,,,,,,2025-06-05T03:02:41.908460Z,,2025-06-05T03:02:46.455550Z,
FN.OLKF.00.BHZ | 2025-06-05T03:02:38.838620Z - 2025-06-05T03:03:38.838620Z,,,,,,,2025-06-05T03:02:43.838620Z,,2025-06-05T03:02:49.739920Z,
FN.OUL.00.BHZ | 2025-06-05T03:03:00.903220Z - 2025-06-05T03:04:00.903220Z,,,,,,,2025-06-05T03:03:05.903220Z,,2025-06-05T03:03:28.094950Z,
FN.RANF.00.?HZ | 2025-06-05T03:02:51.274120Z - 2025-06-05T03:03:51.274120Z,,,,,,,2025-06-05T03:02:56.274120Z,,2025-06-05T03:03:10.908740Z,
FN.RNF.00.BHZ | 2025-06-05T03:02:58.138290Z - 2025-06-05T03:03:58.138290Z,,,,,,,2025-06-05T03:03:03.138290Z,,2025-06-05T03:03:23.810630Z,
FN.SGF.00.BHZ | 2025-06-05T03:03:03.749350Z - 2025-06-05T03:04:03.749350Z,,,,,,,2025-06-05T03:03:08.749350Z,,2025-06-05T03:03:33.235530Z,
HE.KU1.00.SHZ | 2025-06-05T03:02:38.543410Z - 2025-06-05T03:03:38.543410Z,,,,,,,2025-06-05T03:02:43.543410Z,,2025-06-05T03:02:49.118950Z,
HE.KU2.00.SHZ | 2025-06-05T03:02:42.110140Z - 2025-06-05T03:03:42.110140Z,,,,,,,2025-06-05T03:02:47.110140Z,,2025-06-05T03:02:55.410990Z,
HE.KU6.00.BHZ | 2025-06-05T03:02:35.952250Z - 2025-06-05T03:03:35.952250Z,,,,,,,2025-06-05T03:02:40.952250Z,,2025-06-05T03:02:44.866260Z,
HE.OBF3.00.BHZ | 2025-06-05T03:03:09.114810Z - 2025-06-05T03:04:09.114810Z,,,,,,,2025-06-05T03:03:14.114810Z,,2025-06-05T03:03:43.675540Z,
HE.RMF.00.BHZ | 2025-06-05T03:03:21.568810Z - 2025-06-05T03:04:21.568810Z,,,,,,,,,2025-06-05T03:03:26.568810Z,
HE.TOF.00.BHZ | 2025-06-05T03:03:06.094320Z - 2025-06-05T03:04:06.094320Z,,,,,,,2025-06-05T03:03:11.094320Z,,2025-06-05T03:03:35.871250Z,
HE.VRF.00.BHZ | 2025-06-05T03:03:23.590760Z - 2025-06-05T03:04:23.590760Z,,,,,,,,,2025-06-05T03:03:28.590760Z,
FN.KLF.00.BHZ | 2025-06-08T04:27:04.116300Z - 2025-06-08T04:28:04.116300Z,,,,,,,2025-06-08T04:27:09.116300Z,,2025-06-08T04:27:27.354720Z,
FN.MSF.00.BHZ | 2025-06-08T04:27:59.020020Z - 2025-06-08T04:28:59.020020Z,,,,,,,,,2025-06-08T04:28:04.020020Z,
FN.OLKF.00.BHZ | 2025-06-08T04:28:02.644230Z - 2025-06-08T04:29:02.644230Z,,,,,,,,,2025-06-08T04:28:07.644230Z,
FN.OUL.00.BHZ | 2025-06-08T04:27:12.097610Z - 2025-06-08T04:28:12.097610Z,,,,,,,2025-06-08T04:27:17.097610Z,,2025-06-08T04:27:40.728910Z,
FN.RANF.00.?HZ | 2025-06-08T04:27:13.150410Z - 2025-06-08T04:28:13.150410Z,,,,,,,2025-06-08T04:27:18.150410Z,,2025-06-08T04:27:42.163300Z,
FN.RNF.00.BHZ | 2025-06-08T04:27:09.410070Z - 2025-06-08T04:28:09.410070Z,,,,,,,2025-06-08T04:27:14.410070Z,,2025-06-08T04:27:35.487680Z,
HE.HEF.00.BHZ | 2025-06-08T04:27:20.163920Z - 2025-06-08T04:28:20.163920Z,,,,,,,2025-06-08T04:27:25.163920Z,,2025-06-08T04:27:54.423440Z,
HE.KU2.00.SHZ | 2025-06-08T04:27:51.833310Z - 2025-06-08T04:28:51.833310Z,,,,,,,,,2025-06-08T04:27:56.833310Z,
HE.OBF0.00.BHZ | 2025-06-08T04:27:11.386720Z - 2025-06-08T04:28:11.386720Z,,,,,,,2025-06-08T04:27:16.386720Z,,2025-06-08T04:27:39.545400Z,
HE.OBF3.00.BHZ | 2025-06-08T04:27:08.621070Z - 2025-06-08T04:28:08.621070Z,,,,,,,2025-06-08T04:27:13.621070Z,,2025-06-08T04:27:34.585970Z,
HE.OBF8.00.BHZ | 2025-06-08T04:27:35.447120Z - 2025-06-08T04:28:35.447120Z,,,,,,,,,2025-06-08T04:27:40.447120Z,
HE.TOF.00.BHZ | 2025-06-08T04:26:56.061240Z - 2025-06-08T04:27:56.061240Z,,,,,,,2025-06-08T04:27:01.061240Z,,2025-06-08T04:27:13.067460Z,
HE.FIA0.00.?HZ | 2025-06-07T19:15:51.698470Z - 2025-06-07T19:16:51.698470Z,,,,,,,2025-06-07T19:15:56.698470Z,,2025-06-07T19:16:10.322330Z,
HE.FIA1.00.?HZ | 2025-06-07T19:15:51.698470Z - 2025-06-07T19:16:51.698470Z,,,,,,,2025-06-07T19:15:56.698470Z,,2025-06-07T19:16:10.287130Z,
HE.JOF.00.BHZ | 2025-06-07T19:16:13.353890Z - 2025-06-07T19:17:13.353890Z,,,,,,,2025-06-07T19:16:18.353890Z,,2025-06-07T19:16:46.723190Z,
HE.KAF.00.?HZ | 2025-06-07T19:15:56.917890Z - 2025-06-07T19:16:56.917890Z,,,,,,,2025-06-07T19:16:01.917890Z,,2025-06-07T19:16:18.913730Z,
HE.KEF.00.?HZ | 2025-06-07T19:16:06.679240Z - 2025-06-07T19:17:06.679240Z,,,,,,,2025-06-07T19:16:11.679240Z,,2025-06-07T19:16:35.455400Z,
HE.KY02.00.CZ | 2025-06-07T19:15:45.298740Z - 2025-06-07T19:16:45.298740Z,,,,,,,2025-06-07T19:15:50.298740Z,,2025-06-07T19:15:59.223190Z,
HE.KY17.00.CZ | 2025-06-07T19:15:43.367780Z - 2025-06-07T19:16:43.367780Z,,,,,,,2025-06-07T19:15:48.367780Z,,2025-06-07T19:15:56.038740Z,
HE.LOVF.00.CZ | 2025-06-07T19:15:55.270170Z - 2025-06-07T19:16:55.270170Z,,,,,,,2025-06-07T19:16:00.270170Z,,2025-06-07T19:16:13.640900Z,
HE.MEF.00.BHZ | 2025-06-07T19:16:34.947820Z - 2025-06-07T19:17:34.947820Z,,,,,,,,,2025-06-07T19:16:39.947820Z,
HE.NIF.00.BHZ | 2025-06-07T19:16:12.099720Z - 2025-06-07T19:17:12.099720Z,,,,,,,2025-06-07T19:16:17.099720Z,,2025-06-07T19:16:45.230090Z,
HE.NUR.00.SHZ | 2025-06-07T19:16:28.804040Z - 2025-06-07T19:17:28.804040Z,,,,,,,,,2025-06-07T19:16:33.804040Z,
HE.PVF.00.CZ | 2025-06-07T19:15:56.592050Z - 2025-06-07T19:16:56.592050Z,,,,,,,2025-06-07T19:16:01.592050Z,,2025-06-07T19:16:17.366310Z,
HE.RUF.00.BHZ | 2025-06-07T19:15:41.855820Z - 2025-06-07T19:16:41.855820Z,,,,,,,2025-06-07T19:15:46.855820Z,,2025-06-07T19:15:53.203740Z,
HE.SUF.00.BHZ | 2025-06-07T19:16:06.320800Z - 2025-06-07T19:17:06.320800Z,,,,,,,2025-06-07T19:16:11.320800Z,,2025-06-07T19:16:34.476820Z,
HE.VJF.00.?HZ | 2025-06-07T19:15:44.961840Z - 2025-06-07T19:16:44.961840Z,,,,,,,2025-06-07T19:15:49.961840Z,,2025-06-07T19:15:58.913290Z,
FN.OUL.00.BHZ | 2025-06-08T13:40:41.973390Z - 2025-06-08T13:41:41.973390Z,,,,,,,,,2025-06-08T13:40:46.973390Z,
HE.ALAJF.00.?HZ | 2025-06-08T13:40:15.786360Z - 2025-06-08T13:41:15.786360Z,,,,,,,2025-06-08T13:40:20.786360Z,,2025-06-08T13:40:44.629130Z,
HE.FIA0.00.?HZ | 2025-06-08T13:40:47.128180Z - 2025-06-08T13:41:47.128180Z,,,,,,,,,2025-06-08T13:40:52.128180Z,
HE.FIA1.00.?HZ | 2025-06-08T13:40:46.871410Z - 2025-06-08T13:41:46.871410Z,,,,,,,,,2025-06-08T13:40:51.871410Z,
HE.JOF.00.BHZ | 2025-06-08T13:40:08.085190Z - 2025-06-08T13:41:08.085190Z,,,,,,,2025-06-08T13:40:13.085190Z,,2025-06-08T13:40:31.129570Z,
HE.KAF.00.?HZ | 2025-06-08T13:40:09.485080Z - 2025-06-08T13:41:09.485080Z,,,,,,,2025-06-08T13:40:14.485080Z,,2025-06-08T13:40:33.811640Z,
HE.KEF.00.?HZ | 2025-06-08T13:40:16.419100Z - 2025-06-08T13:41:16.419100Z,,,,,,,2025-06-08T13:40:21.419100Z,,2025-06-08T13:40:46.106630Z,
HE.KJNF.00.CZ | 2025-06-08T13:39:59.456440Z - 2025-06-08T13:40:59.456440Z,,,,,,,2025-06-08T13:40:04.456440Z,,2025-06-08T13:40:16.242000Z,
HE.NIF.00.BHZ | 2025-06-08T13:39:46.070920Z - 2025-06-08T13:40:46.070920Z,,,,,,,2025-06-08T13:39:51.070920Z,,2025-06-08T13:39:53.833280Z,
HE.OBF0.00.BHZ | 2025-06-08T13:40:45.793310Z - 2025-06-08T13:41:45.793310Z,,,,,,,,,2025-06-08T13:40:50.793310Z,
HE.RMF.00.BHZ | 2025-06-08T13:40:17.194010Z - 2025-06-08T13:41:17.194010Z,,,,,,,,,2025-06-08T13:40:22.194010Z,
HE.RUF.00.BHZ | 2025-06-08T13:40:15.823970Z - 2025-06-08T13:41:15.823970Z,,,,,,,2025-06-08T13:40:20.823970Z,,2025-06-08T13:40:45.557130Z,
HE.SUF.00.BHZ | 2025-06-08T13:40:02.843870Z - 2025-06-08T13:41:02.843870Z,,,,,,,2025-06-08T13:40:07.843870Z,,2025-06-08T13:40:22.064660Z,
FN.KLF.00.BHZ | 2025-06-09T02:39:22.519800Z - 2025-06-09T02:40:22.519800Z,,,,,,,2025-06-09T02:39:27.519800Z,,2025-06-09T02:39:48.792110Z,
FN.OUL.00.BHZ | 2025-06-09T02:39:18.166340Z - 2025-06-09T02:40:18.166340Z,,,,,,,2025-06-09T02:39:23.166340Z,,2025-06-09T02:39:41.162050Z,
FN.RANF.00.?HZ | 2025-06-09T02:39:22.718560Z - 2025-06-09T02:40:22.718560Z,,,,,,,2025-06-09T02:39:27.718560Z,,2025-06-09T02:39:48.878840Z,
FN.RNF.00.BHZ | 2025-06-09T02:39:22.345880Z - 2025-06-09T02:40:22.345880Z,,,,,,,2025-06-09T02:39:27.345880Z,,2025-06-09T02:39:47.280460Z,
FN.SGF.00.BHZ | 2025-06-09T02:40:02.448800Z - 2025-06-09T02:41:02.448800Z,,,,,,,,,2025-06-09T02:40:07.448800Z,
HE.OBF3.00.BHZ | 2025-06-09T02:39:13.851620Z - 2025-06-09T02:40:13.851620Z,,,,,,,2025-06-09T02:39:18.851620Z,,2025-06-09T02:39:34.070360Z,
HE.TOF.00.BHZ | 2025-06-09T02:39:06.506640Z - 2025-06-09T02:40:06.506640Z,,,,,,,2025-06-09T02:39:11.506640Z,,2025-06-09T02:39:20.447970Z,
FN.KLF.00.BHZ | 2025-06-10T03:16:29.207270Z - 2025-06-10T03:17:29.207270Z,,,,,,,2025-06-10T03:16:34.207270Z,,2025-06-10T03:16:44.354340Z,
FN.OUL.00.BHZ | 2025-06-10T03:17:34.978230Z - 2025-06-10T03:18:34.978230Z,,,,,,,,,2025-06-10T03:17:39.978230Z,
FN.RANF.00.?HZ | 2025-06-10T03:16:53.556500Z - 2025-06-10T03:17:53.556500Z,,,,,,,2025-06-10T03:16:58.556500Z,,2025-06-10T03:17:28.080500Z,
FN.RNF.00.BHZ | 2025-06-10T03:16:45.513160Z - 2025-06-10T03:17:45.513160Z,,,,,,,2025-06-10T03:16:50.513160Z,,2025-06-10T03:17:12.033040Z,
FN.SGF.00.BHZ | 2025-06-10T03:16:46.648170Z - 2025-06-10T03:17:46.648170Z,,,,,,,2025-06-10T03:16:51.648170Z,,2025-06-10T03:17:14.177660Z,
HE.HEF.00.BHZ | 2025-06-10T03:16:39.565040Z - 2025-06-10T03:17:39.565040Z,,,,,,,2025-06-10T03:16:44.565040Z,,2025-06-10T03:17:02.059520Z,
HE.KIF.00.BHZ | 2025-06-10T03:16:48.696310Z - 2025-06-10T03:17:48.696310Z,,,,,,,2025-06-10T03:16:53.696310Z,,2025-06-10T03:17:17.064080Z,
HE.OBF3.00.BHZ | 2025-06-10T03:17:30.277890Z - 2025-06-10T03:18:30.277890Z,,,,,,,,,2025-06-10T03:17:35.277890Z,
HE.TOF.00.BHZ | 2025-06-10T03:16:42.125210Z - 2025-06-10T03:17:42.125210Z,,,,,,,2025-06-10T03:16:47.125210Z,,2025-06-10T03:17:05.558420Z,
HE.FIA0.00.?HZ | 2025-06-13T14:38:16.250610Z - 2025-06-13T14:39:16.250610Z,,,,,,,2025-06-13T14:38:21.250610Z,,2025-06-13T14:38:44.810500Z,
HE.FIA1.00.?HZ | 2025-06-13T14:38:16.250610Z - 2025-06-13T14:39:16.250610Z,,,,,,,2025-06-13T14:38:21.250610Z,,2025-06-13T14:38:44.810500Z,
HE.JOF.00.BHZ | 2025-06-13T14:38:11.284710Z - 2025-06-13T14:39:11.284710Z,,,,,,,2025-06-13T14:38:16.284710Z,,2025-06-13T14:38:35.652670Z,
HE.KAF.00.?HZ | 2025-06-13T14:38:15.543780Z - 2025-06-13T14:39:15.543780Z,,,,,,,2025-06-13T14:38:20.543780Z,,2025-06-13T14:38:43.003300Z,
HE.KEF.00.?HZ | 2025-06-13T14:38:56.941650Z - 2025-06-13T14:39:56.941650Z,,,,,,,,,2025-06-13T14:39:01.941650Z,
HE.KY17.00.CZ | 2025-06-13T14:38:10.879590Z - 2025-06-13T14:39:10.879590Z,,,,,,,2025-06-13T14:38:15.879590Z,,2025-06-13T14:38:34.502400Z,
HE.LOVF.00.CZ | 2025-06-13T14:38:19.934560Z - 2025-06-13T14:39:19.934560Z,,,,,,,2025-06-13T14:38:24.934560Z,,2025-06-13T14:38:52.594240Z,
HE.NIF.00.BHZ | 2025-06-13T14:38:19.467940Z - 2025-06-13T14:39:19.467940Z,,,,,,,2025-06-13T14:38:24.467940Z,,2025-06-13T14:38:51.152800Z,
HE.PVF.00.CZ | 2025-06-13T14:38:50.251940Z - 2025-06-13T14:39:50.251940Z,,,,,,,,,2025-06-13T14:38:55.251940Z,
HE.RUF.00.BHZ | 2025-06-13T14:37:52.058910Z - 2025-06-13T14:38:52.058910Z,,,,,,,2025-06-13T14:37:57.058910Z,,2025-06-13T14:38:02.540530Z,
HE.SUF.00.BHZ | 2025-06-13T14:38:20.759990Z - 2025-06-13T14:39:20.759990Z,,,,,,,2025-06-13T14:38:25.759990Z,,2025-06-13T14:38:52.870850Z,
HE.VJF.00.?HZ | 2025-06-13T14:38:11.230300Z - 2025-06-13T14:39:11.230300Z,,,,,,,2025-06-13T14:38:16.230300Z,,2025-06-13T14:38:35.652670Z,
HE.ECKF.00.CZ | 2025-06-18T16:35:49.846220Z - 2025-06-18T16:36:49.846220Z,,,,,,,2025-06-18T16:35:54.846220Z,,2025-06-18T16:36:18.101580Z,
HE.KORF.00.CZ | 2025-06-18T16:36:01.175080Z - 2025-06-18T16:37:01.175080Z,,,,,,,2025-06-18T16:36:06.175080Z,,2025-06-18T16:36:38.136430Z,
HE.KPF.00.BHZ | 2025-06-18T16:35:57.535560Z - 2025-06-18T16:36:57.535560Z,,,,,,,2025-06-18T16:36:02.535560Z,,2025-06-18T16:36:31.930080Z,
HE.RAF.00.BHZ | 2025-06-18T16:35:57.139600Z - 2025-06-18T16:36:57.139600Z,,,,,,,2025-06-18T16:36:02.139600Z,,2025-06-18T16:36:30.860510Z,
UP.AAL.00.BHZ | 2025-06-18T16:35:53.032970Z - 2025-06-18T16:36:53.032970Z,,,,,,,2025-06-18T16:35:58.032970Z,,2025-06-18T16:36:23.834620Z,
FN.OUL.00.BHZ | 2025-06-18T03:29:18.157800Z - 2025-06-18T03:30:18.157800Z,,,,,,,,,2025-06-18T03:29:23.157800Z,
HE.ALAJF.00.?HZ | 2025-06-18T03:29:19.545550Z - 2025-06-18T03:30:19.545550Z,,,,,,,,,2025-06-18T03:29:24.545550Z,
HE.OBF0.00.BHZ | 2025-06-18T03:28:41.861840Z - 2025-06-18T03:29:41.861840Z,,,,,,,2025-06-18T03:28:46.861840Z,,2025-06-18T03:29:04.637680Z,
HE.OBF3.00.BHZ | 2025-06-18T03:29:04.444980Z - 2025-06-18T03:30:04.444980Z,,,,,,,,,2025-06-18T03:29:09.444980Z,
HE.OBF8.00.BHZ | 2025-06-18T03:28:37.725330Z - 2025-06-18T03:29:37.725330Z,,,,,,,2025-06-18T03:28:42.725330Z,,2025-06-18T03:28:56.809420Z,
HE.TOF.00.BHZ | 2025-06-18T03:29:13.399780Z - 2025-06-18T03:30:13.399780Z,,,,,,,,,2025-06-18T03:29:18.399780Z,
HE.VAF.00.BHZ | 2025-06-18T03:29:14.192780Z - 2025-06-18T03:30:14.192780Z,,,,,,,,,2025-06-18T03:29:19.192780Z,
FN.KLF.00.BHZ | 2025-06-21T18:05:10.090830Z - 2025-06-21T18:06:10.090830Z,,,,,,,,,2025-06-21T18:05:15.090830Z,
FN.OUL.00.BHZ | 2025-06-21T18:04:21.867440Z - 2025-06-21T18:05:21.867440Z,,,,,,,2025-06-21T18:04:26.867440Z,,2025-06-21T18:04:53.124760Z,
HE.ALAJF.00.?HZ | 2025-06-21T18:04:46.099820Z - 2025-06-21T18:05:46.099820Z,,,,,,,,,2025-06-21T18:04:51.099820Z,
HE.KAF.00.?HZ | 2025-06-21T18:05:21.259620Z - 2025-06-21T18:06:21.259620Z,,,,,,,,,2025-06-21T18:05:26.259620Z,
HE.KEF.00.?HZ | 2025-06-21T18:05:11.022720Z - 2025-06-21T18:06:11.022720Z,,,,,,,,,2025-06-21T18:05:16.022720Z,
HE.KU2.00.SHZ | 2025-06-21T18:05:19.194600Z - 2025-06-21T18:06:19.194600Z,,,,,,,,,2025-06-21T18:05:24.194600Z,
HE.NIF.00.BHZ | 2025-06-21T18:05:20.767990Z - 2025-06-21T18:06:20.767990Z,,,,,,,,,2025-06-21T18:05:25.767990Z,
HE.OBF0.00.BHZ | 2025-06-21T18:04:10.120960Z - 2025-06-21T18:05:10.120960Z,,,,,,,2025-06-21T18:04:15.120960Z,,2025-06-21T18:04:31.472140Z,
HE.OBF3.00.BHZ | 2025-06-21T18:04:13.673670Z - 2025-06-21T18:05:13.673670Z,,,,,,,2025-06-21T18:04:18.673670Z,,2025-06-21T18:04:37.349450Z,
HE.OBF8.00.BHZ | 2025-06-21T18:04:05.194930Z - 2025-06-21T18:05:05.194930Z,,,,,,,2025-06-21T18:04:10.194930Z,,2025-06-21T18:04:23.453680Z,
HE.SUF.00.BHZ | 2025-06-21T18:05:09.560300Z - 2025-06-21T18:06:09.560300Z,,,,,,,,,2025-06-21T18:05:14.560300Z,
HE.TOF.00.BHZ | 2025-06-21T18:04:20.412270Z - 2025-06-21T18:05:20.412270Z,,,,,,,2025-06-21T18:04:25.412270Z,,2025-06-21T18:04:49.724170Z,
HE.VAF.00.BHZ | 2025-06-21T18:04:18.574420Z - 2025-06-21T18:05:18.574420Z,,,,,,,2025-06-21T18:04:23.574420Z,,2025-06-21T18:04:46.051360Z,
FN.KLF.00.BHZ | 2025-06-21T04:22:31.152520Z - 2025-06-21T04:23:31.152520Z,,,,,,,,,2025-06-21T04:22:36.152520Z,
FN.KMNF.00.?HZ | 2025-06-21T04:22:54.277460Z - 2025-06-21T04:23:54.277460Z,,,,,,,,,2025-06-21T04:22:59.277460Z,
HE.HEF.00.BHZ | 2025-06-21T04:22:01.737580Z - 2025-06-21T04:23:01.737580Z,,,,,,,2025-06-21T04:22:06.737580Z,,2025-06-21T04:22:23.156780Z,
HE.KIF.00.BHZ | 2025-06-21T04:21:54.058370Z - 2025-06-21T04:22:54.058370Z,,,,,,,2025-06-21T04:21:59.058370Z,,2025-06-21T04:22:09.790510Z,
HE.TOF.00.BHZ | 2025-06-21T04:22:54.731850Z - 2025-06-21T04:23:54.731850Z,,,,,,,,,2025-06-21T04:22:59.731850Z,
FN.KLF.00.BHZ | 2025-06-21T16:41:21.844570Z - 2025-06-21T16:42:21.844570Z,,,,,,,2025-06-21T16:41:26.844570Z,,2025-06-21T16:41:49.776030Z,
FN.MSF.00.BHZ | 2025-06-21T16:41:25.417490Z - 2025-06-21T16:42:25.417490Z,,,,,,,2025-06-21T16:41:30.417490Z,,2025-06-21T16:41:53.554460Z,
FN.OLKF.00.BHZ | 2025-06-21T16:41:56.262380Z - 2025-06-21T16:42:56.262380Z,,,,,,,,,2025-06-21T16:42:01.262380Z,
FN.OUL.00.BHZ | 2025-06-21T16:41:05.432460Z - 2025-06-21T16:42:05.432460Z,,,,,,,2025-06-21T16:41:10.432460Z,,2025-06-21T16:41:19.340040Z,
FN.SGF.00.BHZ | 2025-06-21T16:41:53.717270Z - 2025-06-21T16:42:53.717270Z,,,,,,,,,2025-06-21T16:41:58.717270Z,
HE.KU1.00.SHZ | 2025-06-21T16:41:28.787750Z - 2025-06-21T16:42:28.787750Z,,,,,,,2025-06-21T16:41:33.787750Z,,2025-06-21T16:41:59.341250Z,
HE.KU2.00.SHZ | 2025-06-21T16:41:19.593110Z - 2025-06-21T16:42:19.593110Z,,,,,,,2025-06-21T16:41:24.593110Z,,2025-06-21T16:41:43.258740Z,
HE.KU6.00.BHZ | 2025-06-21T16:41:59.341280Z - 2025-06-21T16:42:59.341280Z,,,,,,,,,2025-06-21T16:42:04.341280Z,
HE.OBF0.00.BHZ | 2025-06-21T16:41:12.125800Z - 2025-06-21T16:42:12.125800Z,,,,,,,2025-06-21T16:41:17.125800Z,,2025-06-21T16:41:31.297410Z,
HE.OBF3.00.BHZ | 2025-06-21T16:41:06.356630Z - 2025-06-21T16:42:06.356630Z,,,,,,,2025-06-21T16:41:11.356630Z,,2025-06-21T16:41:20.689670Z,
HE.RMF.00.BHZ | 2025-06-21T16:42:10.773340Z - 2025-06-21T16:43:10.773340Z,,,,,,,,,2025-06-21T16:42:15.773340Z,
HE.TOF.00.BHZ | 2025-06-21T16:41:02.544280Z - 2025-06-21T16:42:02.544280Z,,,,,,,2025-06-21T16:41:07.544280Z,,2025-06-21T16:41:14.216040Z,
HE.VAF.00.BHZ | 2025-06-21T16:42:12.317560Z - 2025-06-21T16:43:12.317560Z,,,,,,,,,2025-06-21T16:42:17.317560Z,
FN.OUL.00.BHZ | 2025-06-22T03:56:41.662850Z - 2025-06-22T03:57:41.662850Z,,,,,,,,,2025-06-22T03:56:46.662850Z,
HE.ALAJF.00.?HZ | 2025-06-22T03:56:29.475010Z - 2025-06-22T03:57:29.475010Z,,,,,,,,,2025-06-22T03:56:34.475010Z,
HE.KEF.00.?HZ | 2025-06-22T03:56:52.208560Z - 2025-06-22T03:57:52.208560Z,,,,,,,,,2025-06-22T03:56:57.208560Z,
HE.KPF.00.BHZ | 2025-06-22T03:56:45.923970Z - 2025-06-22T03:57:45.923970Z,,,,,,,,,2025-06-22T03:56:50.923970Z,
HE.NIF.00.BHZ | 2025-06-22T03:57:01.249530Z - 2025-06-22T03:58:01.249530Z,,,,,,,,,2025-06-22T03:57:06.249530Z,
HE.OBF0.00.BHZ | 2025-06-22T03:55:58.893280Z - 2025-06-22T03:56:58.893280Z,,,,,,,2025-06-22T03:56:03.893280Z,,2025-06-22T03:56:23.627210Z,
HE.OBF3.00.BHN | 2025-06-22T03:56:02.617820Z - 2025-06-22T03:57:02.617820Z,,,,,,,2025-06-22T03:56:07.617820Z,,,
HE.OBF3.00.BHZ | 2025-06-22T03:56:02.617820Z - 2025-06-22T03:57:02.617820Z,,,,,,,,,2025-06-22T03:56:30.199090Z,
HE.OBF8.00.BHZ | 2025-06-22T03:55:53.245050Z - 2025-06-22T03:56:53.245050Z,,,,,,,2025-06-22T03:55:58.245050Z,,2025-06-22T03:56:13.167530Z,
HE.SUF.00.BHZ | 2025-06-22T03:56:53.960510Z - 2025-06-22T03:57:53.960510Z,,,,,,,,,2025-06-22T03:56:58.960510Z,
HE.TOF.00.BHZ | 2025-06-22T03:56:39.535670Z - 2025-06-22T03:57:39.535670Z,,,,,,,,,2025-06-22T03:56:44.535670Z,
HE.VAF.00.BHZ | 2025-06-22T03:56:00.362200Z - 2025-06-22T03:57:00.362200Z,,,,,,,2025-06-22T03:56:05.362200Z,,2025-06-22T03:56:25.963530Z,
FN.KLF.00.BHZ | 2025-06-24T20:33:23.879570Z - 2025-06-24T20:34:23.879570Z,,,,,,,2025-06-24T20:33:28.879570Z,,2025-06-24T20:33:56.818960Z,
FN.OUL.00.BHZ | 2025-06-24T20:33:13.534090Z - 2025-06-24T20:34:13.534090Z,,,,,,,2025-06-24T20:33:18.534090Z,,2025-06-24T20:33:36.945880Z,
HE.ALAJF.00.?HZ | 2025-06-24T20:33:26.743380Z - 2025-06-24T20:34:26.743380Z,,,,,,,2025-06-24T20:33:31.743380Z,,2025-06-24T20:34:00.061490Z,
HE.KJNF.00.CZ | 2025-06-24T20:33:29.571870Z - 2025-06-24T20:34:29.571870Z,,,,,,,2025-06-24T20:33:34.571870Z,,2025-06-24T20:34:04.817210Z,
HE.KU2.00.SHZ | 2025-06-24T20:34:00.465710Z - 2025-06-24T20:35:00.465710Z,,,,,,,,,2025-06-24T20:34:05.465710Z,
HE.OBF0.00.BHZ | 2025-06-24T20:33:06.950740Z - 2025-06-24T20:34:06.950740Z,,,,,,,2025-06-24T20:33:11.950740Z,,2025-06-24T20:33:25.645970Z,
HE.OBF3.00.BHZ | 2025-06-24T20:33:06.316470Z - 2025-06-24T20:34:06.316470Z,,,,,,,2025-06-24T20:33:11.316470Z,,2025-06-24T20:33:25.011930Z,
HE.OBF8.00.BHZ | 2025-06-24T20:33:06.265980Z - 2025-06-24T20:34:06.265980Z,,,,,,,2025-06-24T20:33:11.265980Z,,2025-06-24T20:33:24.504140Z,
HE.TOF.00.BHZ | 2025-06-24T20:33:08.028600Z - 2025-06-24T20:34:08.028600Z,,,,,,,2025-06-24T20:33:13.028600Z,,,
HE.VAF.00.BHZ | 2025-06-24T20:33:54.629160Z - 2025-06-24T20:34:54.629160Z,,,,,,,,,2025-06-24T20:33:59.629160Z,
FN.KLF.00.BHZ | 2025-06-22T11:22:12.110050Z - 2025-06-22T11:23:12.110050Z,,,,,,,,,2025-06-22T11:22:17.110050Z,
FN.MSF.00.BHZ | 2025-06-22T11:21:13.307220Z - 2025-06-22T11:22:13.307220Z,,,,,,,2025-06-22T11:21:18.307220Z,,2025-06-22T11:21:35.148930Z,
FN.OLKF.00.BHZ | 2025-06-22T11:21:06.506170Z - 2025-06-22T11:22:06.506170Z,,,,,,,2025-06-22T11:21:11.506170Z,,2025-06-22T11:21:23.464370Z,
FN.OUL.00.BHZ | 2025-06-22T11:22:13.198540Z - 2025-06-22T11:23:13.198540Z,,,,,,,,,2025-06-22T11:22:18.198540Z,
FN.RAJF.00.?HZ | 2025-06-22T11:21:44.358990Z - 2025-06-22T11:22:44.358990Z,,,,,,,,,2025-06-22T11:21:49.358990Z,
FN.SGF.00.BHZ | 2025-06-22T11:21:21.671770Z - 2025-06-22T11:22:21.671770Z,,,,,,,2025-06-22T11:21:26.671770Z,,2025-06-22T11:21:50.116230Z,
HE.KU1.00.SHZ | 2025-06-22T11:21:35.649960Z - 2025-06-22T11:22:35.649960Z,,,,,,,,,2025-06-22T11:21:40.649960Z,
HE.KU6.00.BHZ | 2025-06-22T11:21:08.508250Z - 2025-06-22T11:22:08.508250Z,,,,,,,2025-06-22T11:21:13.508250Z,,2025-06-22T11:21:26.848450Z,
HE.TOF.00.BHZ | 2025-06-22T11:22:13.673230Z - 2025-06-22T11:23:13.673230Z,,,,,,,,,2025-06-22T11:22:18.673230Z,
HE.VRF.00.BHZ | 2025-06-22T11:21:07.254800Z - 2025-06-22T11:22:07.254800Z,,,,,,,2025-06-22T11:21:12.254800Z,,2025-06-22T11:21:24.587860Z,
HE.ECKF.00.CZ | 2025-06-26T01:41:03.539650Z - 2025-06-26T01:42:03.539650Z,,,,,,,,,2025-06-26T01:41:08.539650Z,
HE.KPF.00.BHZ | 2025-06-26T01:41:17.290660Z - 2025-06-26T01:42:17.290660Z,,,,,,,,,2025-06-26T01:41:22.290660Z,
UP.AAL.00.BHZ | 2025-06-26T01:41:10.145260Z - 2025-06-26T01:42:10.145260Z,,,,,,,,,2025-06-26T01:41:15.145260Z,
HE.ALAJF.00.?HZ | 2025-06-29T20:16:30.300410Z - 2025-06-29T20:17:30.300410Z,,,,,,,,,2025-06-29T20:16:35.300410Z,
HE.FIA0.00.?HZ | 2025-06-29T20:15:27.257320Z - 2025-06-29T20:16:27.257320Z,,,,,,,2025-06-29T20:15:32.257320Z,,2025-06-29T20:15:36.957070Z,
HE.FIA1.00.?HZ | 2025-06-29T20:15:27.257320Z - 2025-06-29T20:16:27.257320Z,,,,,,,2025-06-29T20:15:32.257320Z,,2025-06-29T20:15:36.946840Z,
HE.HEL1.00.BHZ | 2025-06-29T20:15:59.338060Z - 2025-06-29T20:16:59.338060Z,,,,,,,,,2025-06-29T20:16:04.338060Z,
HE.HEL5.00.BHZ | 2025-06-29T20:16:02.273620Z - 2025-06-29T20:17:02.273620Z,,,,,,,,,2025-06-29T20:16:07.273620Z,
HE.KAF.00.?HZ | 2025-06-29T20:15:38.623050Z - 2025-06-29T20:16:38.623050Z,,,,,,,2025-06-29T20:15:43.623050Z,,2025-06-29T20:15:56.398640Z,
HE.KEF.00.?HZ | 2025-06-29T20:15:44.289390Z - 2025-06-29T20:16:44.289390Z,,,,,,,2025-06-29T20:15:49.289390Z,,2025-06-29T20:16:05.905120Z,
HE.KPF.00.BHZ | 2025-06-29T20:16:26.367340Z - 2025-06-29T20:17:26.367340Z,,,,,,,,,2025-06-29T20:16:31.367340Z,
HE.KUNI.00.BHZ | 2025-06-29T20:15:56.930790Z - 2025-06-29T20:16:56.930790Z,,,,,,,,,2025-06-29T20:16:01.930790Z,
HE.KY02.00.CZ | 2025-06-29T20:15:24.826030Z - 2025-06-29T20:16:24.826030Z,,,,,,,2025-06-29T20:15:29.826030Z,,2025-06-29T20:15:32.951530Z,
HE.KY17.00.CZ | 2025-06-29T20:15:26.888520Z - 2025-06-29T20:16:26.888520Z,,,,,,,2025-06-29T20:15:31.888520Z,,2025-06-29T20:15:36.422180Z,
HE.LOVF.00.CZ | 2025-06-29T20:15:33.497780Z - 2025-06-29T20:16:33.497780Z,,,,,,,2025-06-29T20:15:38.497780Z,,2025-06-29T20:15:47.700860Z,
HE.MEF.00.BHZ | 2025-06-29T20:15:45.594950Z - 2025-06-29T20:16:45.594950Z,,,,,,,2025-06-29T20:15:50.594950Z,,2025-06-29T20:16:08.401630Z,
HE.NIF.00.BHZ | 2025-06-29T20:16:02.245250Z - 2025-06-29T20:17:02.245250Z,,,,,,,2025-06-29T20:16:07.245250Z,,2025-06-29T20:16:37.196760Z,
HE.NUR.00.SHZ | 2025-06-29T20:15:40.914500Z - 2025-06-29T20:16:40.914500Z,,,,,,,2025-06-29T20:15:45.914500Z,,2025-06-29T20:16:00.087670Z,
HE.PVF.00.CZ | 2025-06-29T20:15:32.668390Z - 2025-06-29T20:16:32.668390Z,,,,,,,2025-06-29T20:15:37.668390Z,,2025-06-29T20:15:46.491120Z,
HE.RAF.00.BHZ | 2025-06-29T20:16:00.946570Z - 2025-06-29T20:17:00.946570Z,,,,,,,2025-06-29T20:16:05.946570Z,,2025-06-29T20:16:35.353590Z,
HE.RUF.00.BHZ | 2025-06-29T20:15:57.929150Z - 2025-06-29T20:16:57.929150Z,,,,,,,,,2025-06-29T20:16:02.929150Z,
HE.SUF.00.BHZ | 2025-06-29T20:16:09.257330Z - 2025-06-29T20:17:09.257330Z,,,,,,,,,2025-06-29T20:16:14.257330Z,
HE.TRE03.00.CZ | 2025-06-29T20:15:42.752040Z - 2025-06-29T20:16:42.752040Z,,,,,,,2025-06-29T20:15:47.752040Z,,,
HE.VJF.00.?HZ | 2025-06-29T20:15:34.989430Z - 2025-06-29T20:16:34.989430Z,,,,,,,2025-06-29T20:15:39.989430Z,,2025-06-29T20:15:50.531270Z,
FN.KLF.00.BHZ | 2025-06-29T23:33:18.597170Z - 2025-06-29T23:34:18.597170Z,,,,,,,2025-06-29T23:33:23.597170Z,,2025-06-29T23:33:57.219480Z,
FN.MSF.00.BHZ | 2025-06-29T23:34:18.706760Z - 2025-06-29T23:35:18.706760Z,,,,,,,,,2025-06-29T23:34:23.706760Z,
FN.OLKF.00.BHZ | 2025-06-29T23:34:23.372920Z - 2025-06-29T23:35:23.372920Z,,,,,,,,,2025-06-29T23:34:28.372920Z,
FN.OUL.00.BHZ | 2025-06-29T23:33:14.890260Z - 2025-06-29T23:34:14.890260Z,,,,,,,2025-06-29T23:33:19.890260Z,,2025-06-29T23:33:50.262920Z,
FN.RANF.00.?HZ | 2025-06-29T23:33:23.023820Z - 2025-06-29T23:34:23.023820Z,,,,,,,2025-06-29T23:33:28.023820Z,,2025-06-29T23:34:02.492800Z,
FN.RNF.00.BHZ | 2025-06-29T23:33:22.425040Z - 2025-06-29T23:34:22.425040Z,,,,,,,2025-06-29T23:33:27.425040Z,,,
FN.SGF.00.BHZ | 2025-06-29T23:34:12.119250Z - 2025-06-29T23:35:12.119250Z,,,,,,,,,2025-06-29T23:34:17.119250Z,
HE.HEF.00.BHE | 2025-06-29T23:34:15.138530Z - 2025-06-29T23:35:15.138530Z,,,,,,,,,2025-06-29T23:34:20.138530Z,
HE.KAF.00.?HZ | 2025-06-29T23:34:20.628120Z - 2025-06-29T23:35:20.628120Z,,,,,,,,,2025-06-29T23:34:25.628120Z,
HE.KEF.00.?HZ | 2025-06-29T23:34:10.419860Z - 2025-06-29T23:35:10.419860Z,,,,,,,,,2025-06-29T23:34:15.419860Z,
HE.KJNF.00.CZ | 2025-06-29T23:34:05.531740Z - 2025-06-29T23:35:05.531740Z,,,,,,,,,2025-06-29T23:34:10.531740Z,
HE.KPF.00.BHZ | 2025-06-29T23:34:10.066650Z - 2025-06-29T23:35:10.066650Z,,,,,,,,,2025-06-29T23:34:15.066650Z,
HE.KU1.00.SHZ | 2025-06-29T23:34:22.275000Z - 2025-06-29T23:35:22.275000Z,,,,,,,,,2025-06-29T23:34:27.275000Z,
HE.KU2.00.SHZ | 2025-06-29T23:34:10.060660Z - 2025-06-29T23:35:10.060660Z,,,,,,,,,2025-06-29T23:34:15.060660Z,
HE.KU6.00.BHZ | 2025-06-29T23:34:26.991740Z - 2025-06-29T23:35:26.991740Z,,,,,,,,,2025-06-29T23:34:31.991740Z,
HE.OBF0.00.BHZ | 2025-06-29T23:33:06.152630Z - 2025-06-29T23:34:06.152630Z,,,,,,,2025-06-29T23:33:11.152630Z,,2025-06-29T23:33:34.996690Z,
HE.OBF3.00.BHZ | 2025-06-29T23:33:08.406530Z - 2025-06-29T23:34:08.406530Z,,,,,,,2025-06-29T23:33:13.406530Z,,2025-06-29T23:33:38.528560Z,
HE.OBF8.00.BHZ | 2025-06-29T23:33:02.111400Z - 2025-06-29T23:34:02.111400Z,,,,,,,2025-06-29T23:33:07.111400Z,,2025-06-29T23:33:27.333210Z,
HE.SUF.00.BHZ | 2025-06-29T23:34:09.801820Z - 2025-06-29T23:35:09.801820Z,,,,,,,,,2025-06-29T23:34:14.801820Z,
HE.TOF.00.BHZ | 2025-06-29T23:33:09.675150Z - 2025-06-29T23:34:09.675150Z,,,,,,,2025-06-29T23:33:14.675150Z,,2025-06-29T23:33:42.465140Z,
HE.VAF.00.BHZ | 2025-06-29T23:33:12.508410Z - 2025-06-29T23:34:12.508410Z,,,,,,,2025-06-29T23:33:17.508410Z,,2025-06-29T23:33:45.665130Z,
FN.OUL.00.BHZ | 2025-06-28T15:42:37.079860Z - 2025-06-28T15:43:37.079860Z,,,,,,,,,2025-06-28T15:42:42.079860Z,
HE.ALAJF.00.?HZ | 2025-06-28T15:41:51.470700Z - 2025-06-28T15:42:51.470700Z,,,,,,,2025-06-28T15:41:56.470700Z,,2025-06-28T15:42:15.542910Z,
HE.KAF.00.?HZ | 2025-06-28T15:42:14.681610Z - 2025-06-28T15:43:14.681610Z,,,,,,,2025-06-28T15:42:19.681610Z,,2025-06-28T15:42:56.285840Z,
HE.KEF.00.?HZ | 2025-06-28T15:42:05.519610Z - 2025-06-28T15:43:05.519610Z,,,,,,,2025-06-28T15:42:10.519610Z,,2025-06-28T15:42:40.412260Z,
HE.KPF.00.BHZ | 2025-06-28T15:41:59.207670Z - 2025-06-28T15:42:59.207670Z,,,,,,,2025-06-28T15:42:04.207670Z,,2025-06-28T15:42:28.567010Z,
HE.NIF.00.BHZ | 2025-06-28T15:42:56.104470Z - 2025-06-28T15:43:56.104470Z,,,,,,,,,2025-06-28T15:43:01.104470Z,
HE.OBF0.00.BHZ | 2025-06-28T15:41:53.308550Z - 2025-06-28T15:42:53.308550Z,,,,,,,2025-06-28T15:41:58.308550Z,,2025-06-28T15:42:19.005690Z,
HE.OBF3.00.BHZ | 2025-06-28T15:41:58.553170Z - 2025-06-28T15:42:58.553170Z,,,,,,,2025-06-28T15:42:03.553170Z,,2025-06-28T15:42:29.069070Z,
HE.OBF8.00.BHZ | 2025-06-28T15:41:46.861820Z - 2025-06-28T15:42:46.861820Z,,,,,,,2025-06-28T15:41:51.861820Z,,2025-06-28T15:42:07.966450Z,
HE.RAF.00.BHZ | 2025-06-28T15:42:11.712090Z - 2025-06-28T15:43:11.712090Z,,,,,,,2025-06-28T15:42:16.712090Z,,2025-06-28T15:42:51.570830Z,
HE.SUF.00.BHZ | 2025-06-28T15:42:08.640890Z - 2025-06-28T15:43:08.640890Z,,,,,,,2025-06-28T15:42:13.640890Z,,2025-06-28T15:42:45.491960Z,
HE.TOF.00.BHZ | 2025-06-28T15:42:42.551300Z - 2025-06-28T15:43:42.551300Z,,,,,,,,,2025-06-28T15:42:47.551300Z,
HE.TRE03.00.CZ | 2025-06-28T15:42:41.783060Z - 2025-06-28T15:43:41.783060Z,,,,,,,,,2025-06-28T15:42:46.783060Z,
HE.VAF.00.BHZ | 2025-06-28T15:41:43.016580Z - 2025-06-28T15:42:43.016580Z,,,,,,,2025-06-28T15:41:48.016580Z,,2025-06-28T15:42:00.950140Z,
HE.ECKF.00.CZ | 2025-06-30T00:59:16.011560Z - 2025-06-30T01:00:16.011560Z,,,,,,,,,2025-06-30T00:59:21.011560Z,
HE.KPF.00.BHZ | 2025-06-30T00:58:55.276390Z - 2025-06-30T00:59:55.276390Z,,,,,,,2025-06-30T00:59:00.276390Z,,2025-06-30T00:59:27.273660Z,
HE.RAF.00.BHZ | 2025-06-30T00:58:55.432390Z - 2025-06-30T00:59:55.432390Z,,,,,,,2025-06-30T00:59:00.432390Z,,2025-06-30T00:59:29.600440Z,
HE.VAF.00.BHZ | 2025-06-30T00:59:02.447140Z - 2025-06-30T01:00:02.447140Z,,,,,,,2025-06-30T00:59:07.447140Z,,2025-06-30T00:59:40.049970Z,
UP.AAL.00.BHN | 2025-06-30T00:59:21.425350Z - 2025-06-30T01:00:21.425350Z,,,,,,,,,2025-06-30T00:59:26.425350Z,
HE.ALAJF.00.?HZ | 2025-06-15T21:38:39.578990Z - 2025-06-15T21:39:39.578990Z,,,,,,,,,2025-06-15T21:38:44.578990Z,
HE.KPF.00.BHZ | 2025-06-15T21:37:50.061070Z - 2025-06-15T21:38:50.061070Z,,,,,,,2025-06-15T21:37:55.061070Z,,2025-06-15T21:38:21.671930Z,
HE.OBF8.00.BHZ | 2025-06-15T21:38:42.190000Z - 2025-06-15T21:39:42.190000Z,,,,,,,,,2025-06-15T21:38:47.190000Z,
HE.VAF.00.BHZ | 2025-06-15T21:37:51.040000Z - 2025-06-15T21:38:51.040000Z,,,,,,,2025-06-15T21:37:56.040000Z,,2025-06-15T21:38:26.254190Z,
FN.MSF.00.BHZ | 2025-06-30T06:29:28.616460Z - 2025-06-30T06:30:28.616460Z,,,,,,,2025-06-30T06:29:33.616460Z,,2025-06-30T06:29:56.980630Z,
FN.OLKF.00.BHZ | 2025-06-30T06:29:25.208550Z - 2025-06-30T06:30:25.208550Z,,,,,,,2025-06-30T06:29:30.208550Z,,2025-06-30T06:29:51.017680Z,
FN.OUL.00.BHZ | 2025-06-30T06:29:50.136900Z - 2025-06-30T06:30:50.136900Z,,,,,,,2025-06-30T06:29:55.136900Z,,2025-06-30T06:30:45.012020Z,
FN.RAJF.00.?HZ | 2025-06-30T06:29:43.176980Z - 2025-06-30T06:30:43.176980Z,,,,,,,2025-06-30T06:29:48.176980Z,,2025-06-30T06:30:27.679130Z,
FN.RANF.00.?HZ | 2025-06-30T06:29:41.218190Z - 2025-06-30T06:30:41.218190Z,,,,,,,2025-06-30T06:29:46.218190Z,,2025-06-30T06:30:24.872030Z,
FN.RNF.00.BHN | 2025-06-30T06:29:47.653700Z - 2025-06-30T06:30:47.653700Z,,,,,,,,,2025-06-30T06:30:33.642520Z,
FN.RNF.00.BHZ | 2025-06-30T06:29:47.653700Z - 2025-06-30T06:30:47.653700Z,,,,,,,2025-06-30T06:29:52.653700Z,,,
FN.SGF.00.BHN | 2025-06-30T06:29:46.402500Z - 2025-06-30T06:30:46.402500Z,,,,,,,,,2025-06-30T06:30:22.593410Z,
FN.SGF.00.BHZ | 2025-06-30T06:29:46.402500Z - 2025-06-30T06:30:46.402500Z,,,,,,,2025-06-30T06:29:51.402500Z,,,
HE.KU1.00.SHZ | 2025-06-30T06:29:27.579920Z - 2025-06-30T06:30:27.579920Z,,,,,,,2025-06-30T06:29:32.579920Z,,2025-06-30T06:29:55.012030Z,
HE.KU2.00.SHZ | 2025-06-30T06:29:34.798180Z - 2025-06-30T06:30:34.798180Z,,,,,,,2025-06-30T06:29:39.798180Z,,2025-06-30T06:30:08.757430Z,
HE.KU6.00.BHZ | 2025-06-30T06:29:22.525240Z - 2025-06-30T06:30:22.525240Z,,,,,,,2025-06-30T06:29:27.525240Z,,2025-06-30T06:29:46.472110Z,
HE.RMF.00.BHZ | 2025-06-30T06:29:42.225620Z - 2025-06-30T06:30:42.225620Z,,,,,,,2025-06-30T06:29:47.225620Z,,2025-06-30T06:30:19.498840Z,
HE.VRF.00.BHZ | 2025-06-30T06:29:31.557470Z - 2025-06-30T06:30:31.557470Z,,,,,,,2025-06-30T06:29:36.557470Z,,2025-06-30T06:30:04.055940Z,
HE.ECKF.00.CZ | 2025-06-30T21:48:19.188750Z - 2025-06-30T21:49:19.188750Z,,,,,,,2025-06-30T21:48:24.188750Z,,2025-06-30T21:48:53.343540Z,
HE.KORF.00.CZ | 2025-06-30T21:49:19.086100Z - 2025-06-30T21:50:19.086100Z,,,,,,,,,2025-06-30T21:49:24.086100Z,
HE.RAF.00.BHZ | 2025-06-30T21:49:29.287910Z - 2025-06-30T21:50:29.287910Z,,,,,,,,,2025-06-30T21:49:34.287910Z,
UP.AAL.00.BHZ | 2025-06-30T21:48:23.727170Z - 2025-06-30T21:49:23.727170Z,,,,,,,2025-06-30T21:48:28.727170Z,,2025-06-30T21:49:00.206310Z,
HE.FIA0.00.?HZ | 2025-07-01T21:24:00.893250Z - 2025-07-01T21:25:00.893250Z,,,,,,,2025-07-01T21:24:05.893250Z,,2025-07-01T21:24:15.239880Z,
HE.FIA1.00.?HZ | 2025-07-01T21:24:00.947590Z - 2025-07-01T21:25:00.947590Z,,,,,,,2025-07-01T21:24:05.947590Z,,2025-07-01T21:24:15.256440Z,
HE.KAF.00.?HZ | 2025-07-01T21:24:12.918390Z - 2025-07-01T21:25:12.918390Z,,,,,,,2025-07-01T21:24:17.918390Z,,2025-07-01T21:24:36.145350Z,
HE.KEF.00.?HZ | 2025-07-01T21:24:16.258100Z - 2025-07-01T21:25:16.258100Z,,,,,,,2025-07-01T21:24:21.258100Z,,2025-07-01T21:24:41.014450Z,
HE.KY02.00.CZ | 2025-07-01T21:23:55.640700Z - 2025-07-01T21:24:55.640700Z,,,,,,,2025-07-01T21:24:00.640700Z,,2025-07-01T21:24:05.897710Z,
HE.KY17.00.CZ | 2025-07-01T21:23:57.581880Z - 2025-07-01T21:24:57.581880Z,,,,,,,2025-07-01T21:24:02.581880Z,,2025-07-01T21:24:09.173030Z,
HE.LOVF.00.CZ | 2025-07-01T21:23:54.204410Z - 2025-07-01T21:24:54.204410Z,,,,,,,2025-07-01T21:23:59.204410Z,,2025-07-01T21:24:03.460590Z,
HE.MEF.00.BHZ | 2025-07-01T21:24:18.587900Z - 2025-07-01T21:25:18.587900Z,,,,,,,,,2025-07-01T21:24:23.587900Z,
HE.NUR.00.SHZ | 2025-07-01T21:24:01.417920Z - 2025-07-01T21:25:01.417920Z,,,,,,,2025-07-01T21:24:06.417920Z,,2025-07-01T21:24:15.923980Z,
HE.PVF.00.CZ | 2025-07-01T21:23:52.288790Z - 2025-07-01T21:24:52.288790Z,,,,,,,2025-07-01T21:23:57.288790Z,,2025-07-01T21:24:00.438050Z,
HE.RUF.00.BHZ | 2025-07-01T21:24:36.027750Z - 2025-07-01T21:25:36.027750Z,,,,,,,,,2025-07-01T21:24:41.027750Z,
HE.TRE03.00.CZ | 2025-07-01T21:24:11.340240Z - 2025-07-01T21:25:11.340240Z,,,,,,,2025-07-01T21:24:16.340240Z,,2025-07-01T21:24:32.378510Z,
HE.VJF.00.?HZ | 2025-07-01T21:24:01.893200Z - 2025-07-01T21:25:01.893200Z,,,,,,,2025-07-01T21:24:06.893200Z,,2025-07-01T21:24:16.687200Z,
FN.MSF.00.BHZ | 2025-07-02T05:47:07.203170Z - 2025-07-02T05:48:07.203170Z,,,,,,,2025-07-02T05:47:12.203170Z,,2025-07-02T05:47:17.295340Z,
FN.OLKF.00.BHZ | 2025-07-02T05:47:10.468670Z - 2025-07-02T05:48:10.468670Z,,,,,,,2025-07-02T05:47:15.468670Z,,2025-07-02T05:47:22.716370Z,
FN.OUL.00.BHZ | 2025-07-02T05:47:31.097570Z - 2025-07-02T05:48:31.097570Z,,,,,,,2025-07-02T05:47:36.097570Z,,2025-07-02T05:47:58.653450Z,
FN.RANF.00.?HZ | 2025-07-02T05:47:22.948520Z - 2025-07-02T05:48:22.948520Z,,,,,,,2025-07-02T05:47:27.948520Z,,2025-07-02T05:47:43.765890Z,
FN.RNF.00.BHZ | 2025-07-02T05:47:30.502350Z - 2025-07-02T05:48:30.502350Z,,,,,,,2025-07-02T05:47:35.502350Z,,2025-07-02T05:47:57.778160Z,
FN.SGF.00.BHZ | 2025-07-02T05:48:02.974520Z - 2025-07-02T05:49:02.974520Z,,,,,,,,,2025-07-02T05:48:07.974520Z,
HE.KJNF.00.CZ | 2025-07-02T05:47:54.265830Z - 2025-07-02T05:48:54.265830Z,,,,,,,,,2025-07-02T05:47:59.265830Z,
HE.KU1.00.SHZ | 2025-07-02T05:47:05.816200Z - 2025-07-02T05:48:05.816200Z,,,,,,,2025-07-02T05:47:10.816200Z,,2025-07-02T05:47:14.784890Z,
HE.KU2.00.SHZ | 2025-07-02T05:47:12.531910Z - 2025-07-02T05:48:12.531910Z,,,,,,,2025-07-02T05:47:17.531910Z,,2025-07-02T05:47:26.266500Z,
HE.KU6.00.BHZ | 2025-07-02T05:47:05.137450Z - 2025-07-02T05:48:05.137450Z,,,,,,,2025-07-02T05:47:10.137450Z,,2025-07-02T05:47:13.650570Z,
HE.NIF.00.BHZ | 2025-07-02T05:48:16.495790Z - 2025-07-02T05:49:16.495790Z,,,,,,,,,2025-07-02T05:48:21.495790Z,
HE.OBF3.00.BHZ | 2025-07-02T05:48:10.225330Z - 2025-07-02T05:49:10.225330Z,,,,,,,,,2025-07-02T05:48:15.225330Z,
HE.RMF.00.BHZ | 2025-07-02T05:47:27.741510Z - 2025-07-02T05:48:27.741510Z,,,,,,,2025-07-02T05:47:32.741510Z,,2025-07-02T05:47:52.458320Z,
HE.TOF.00.BHZ | 2025-07-02T05:47:37.377060Z - 2025-07-02T05:48:37.377060Z,,,,,,,2025-07-02T05:47:42.377060Z,,2025-07-02T05:48:12.878930Z,
HE.VRF.00.BHZ | 2025-07-02T05:47:33.673010Z - 2025-07-02T05:48:33.673010Z,,,,,,,2025-07-02T05:47:38.673010Z,,2025-07-02T05:48:03.474710Z,
FN.OUL.00.BHZ | 2025-07-03T17:19:09.805260Z - 2025-07-03T17:20:09.805260Z,,,,,,,2025-07-03T17:19:14.805260Z,,2025-07-03T17:19:30.331000Z,
HE.ALAJF.00.?HZ | 2025-07-03T17:19:04.873530Z - 2025-07-03T17:20:04.873530Z,,,,,,,2025-07-03T17:19:09.873530Z,,,
HE.FIA0.00.?HZ | 2025-07-03T17:19:29.821900Z - 2025-07-03T17:20:29.821900Z,,,,,,,2025-07-03T17:19:34.821900Z,,2025-07-03T17:20:06.559030Z,
HE.FIA1.00.?HZ | 2025-07-03T17:19:29.821900Z - 2025-07-03T17:20:29.821900Z,,,,,,,2025-07-03T17:19:34.821900Z,,2025-07-03T17:20:06.655290Z,
HE.KAF.00.?HZ | 2025-07-03T17:19:20.396400Z - 2025-07-03T17:20:20.396400Z,,,,,,,2025-07-03T17:19:25.396400Z,,2025-07-03T17:19:49.222940Z,
HE.KEF.00.?HZ | 2025-07-03T17:19:18.347630Z - 2025-07-03T17:20:18.347630Z,,,,,,,2025-07-03T17:19:23.347630Z,,2025-07-03T17:19:45.426770Z,
HE.KJNF.00.CZ | 2025-07-03T17:19:08.460170Z - 2025-07-03T17:20:08.460170Z,,,,,,,2025-07-03T17:19:13.460170Z,,2025-07-03T17:19:28.060360Z,
HE.KPF.00.BHN | 2025-07-03T17:19:29.106650Z - 2025-07-03T17:20:29.106650Z,,,,,,,,,2025-07-03T17:20:07.185750Z,
HE.KPF.00.BHZ | 2025-07-03T17:19:29.106650Z - 2025-07-03T17:20:29.106650Z,,,,,,,2025-07-03T17:19:34.106650Z,,,
HE.KU2.00.SHZ | 2025-07-03T17:19:54.297490Z - 2025-07-03T17:20:54.297490Z,,,,,,,,,2025-07-03T17:19:59.297490Z,
HE.NIF.00.BHZ | 2025-07-03T17:19:10.921620Z - 2025-07-03T17:20:10.921620Z,,,,,,,2025-07-03T17:19:15.921620Z,,2025-07-03T17:19:32.514280Z,
HE.OBF0.00.BHZ | 2025-07-03T17:19:01.333670Z - 2025-07-03T17:20:01.333670Z,,,,,,,2025-07-03T17:19:06.333670Z,,2025-07-03T17:19:15.703730Z,
HE.OBF3.00.BHZ | 2025-07-03T17:19:04.855330Z - 2025-07-03T17:20:04.855330Z,,,,,,,2025-07-03T17:19:09.855330Z,,2025-07-03T17:19:21.610500Z,
HE.OBF8.00.BHZ | 2025-07-03T17:19:03.723690Z - 2025-07-03T17:20:03.723690Z,,,,,,,2025-07-03T17:19:08.723690Z,,2025-07-03T17:19:19.589110Z,
HE.OUF.00.BHZ | 2025-07-03T17:19:04.635760Z - 2025-07-03T17:20:04.635760Z,,,,,,,,,2025-07-03T17:19:09.635760Z,
HE.RMF.00.BHZ | 2025-07-03T17:19:23.716430Z - 2025-07-03T17:20:23.716430Z,,,,,,,2025-07-03T17:19:28.716430Z,,2025-07-03T17:19:53.776860Z,
HE.SUF.00.BHZ | 2025-07-03T17:19:10.542470Z - 2025-07-03T17:20:10.542470Z,,,,,,,2025-07-03T17:19:15.542470Z,,2025-07-03T17:19:31.848530Z,
HE.TOF.00.BHZ | 2025-07-03T17:19:53.790660Z - 2025-07-03T17:20:53.790660Z,,,,,,,,,2025-07-03T17:19:58.790660Z,
HE.TRE03.00.CZ | 2025-07-03T17:19:58.404840Z - 2025-07-03T17:20:58.404840Z,,,,,,,,,2025-07-03T17:20:03.404840Z,
HE.VAF.00.BHZ | 2025-07-03T17:19:13.310790Z - 2025-07-03T17:20:13.310790Z,,,,,,,2025-07-03T17:19:18.310790Z,,2025-07-03T17:19:36.308330Z,
FN.KLF.00.BHZ | 2025-07-03T14:42:00.659620Z - 2025-07-03T14:43:00.659620Z,,,,,,,2025-07-03T14:42:05.659620Z,,2025-07-03T14:42:26.912200Z,
FN.KMNF.00.?HZ | 2025-07-03T14:41:54.272660Z - 2025-07-03T14:42:54.272660Z,,,,,,,2025-07-03T14:41:59.272660Z,,2025-07-03T14:42:15.577780Z,
FN.RAJF.00.?HZ | 2025-07-03T14:42:03.307920Z - 2025-07-03T14:43:03.307920Z,,,,,,,2025-07-03T14:42:08.307920Z,,2025-07-03T14:42:30.544550Z,
FN.RNF.00.BHZ | 2025-07-03T14:42:13.995140Z - 2025-07-03T14:43:13.995140Z,,,,,,,2025-07-03T14:42:18.995140Z,,2025-07-03T14:42:50.948600Z,
FN.SGF.00.BHZ | 2025-07-03T14:42:03.514390Z - 2025-07-03T14:43:03.514390Z,,,,,,,2025-07-03T14:42:08.514390Z,,2025-07-03T14:42:32.049240Z,
HE.HEF.00.BHZ | 2025-07-03T14:41:41.052170Z - 2025-07-03T14:42:41.052170Z,,,,,,,2025-07-03T14:41:46.052170Z,,2025-07-03T14:41:52.573440Z,
HE.KEV.00.?HZ | 2025-07-03T14:41:58.104450Z - 2025-07-03T14:42:58.104450Z,,,,,,,2025-07-03T14:42:03.104450Z,,2025-07-03T14:42:22.304750Z,
HE.KIF.00.BHZ | 2025-07-03T14:41:48.799350Z - 2025-07-03T14:42:48.799350Z,,,,,,,2025-07-03T14:41:53.799350Z,,2025-07-03T14:42:06.077490Z,
HE.VRF.00.BHZ | 2025-07-03T14:42:46.459170Z - 2025-07-03T14:43:46.459170Z,,,,,,,,,2025-07-03T14:42:51.459170Z,
HE.FIA0.00.?HZ | 2025-07-01T19:27:59.091910Z - 2025-07-01T19:28:59.091910Z,,,,,,,,,2025-07-01T19:28:04.091910Z,
HE.FIA1.00.?HZ | 2025-07-01T19:27:59.091910Z - 2025-07-01T19:28:59.091910Z,,,,,,,,,2025-07-01T19:28:04.091910Z,
HE.KY02.00.CZ | 2025-07-01T19:27:51.535900Z - 2025-07-01T19:28:51.535900Z,,,,,,,,,2025-07-01T19:27:56.535900Z,
HE.KY17.00.CZ | 2025-07-01T19:27:54.521540Z - 2025-07-01T19:28:54.521540Z,,,,,,,,,2025-07-01T19:27:59.521540Z,
HE.LOVF.00.CZ | 2025-07-01T19:27:40.048450Z - 2025-07-01T19:28:40.048450Z,,,,,,,2025-07-01T19:27:45.048450Z,,2025-07-01T19:27:47.931640Z,
HE.PVF.00.CZ | 2025-07-01T19:27:37.885990Z - 2025-07-01T19:28:37.885990Z,,,,,,,2025-07-01T19:27:42.885990Z,,2025-07-01T19:27:44.073890Z,
HE.FIA0.00.?HZ | 2025-07-04T15:31:25.614100Z - 2025-07-04T15:32:25.614100Z,,,,,,,,,2025-07-04T15:31:30.614100Z,
HE.FIA1.00.?HZ | 2025-07-04T15:31:25.614100Z - 2025-07-04T15:32:25.614100Z,,,,,,,,,2025-07-04T15:31:30.614100Z,
HE.HEL1.00.BHZ | 2025-07-04T15:31:01.433200Z - 2025-07-04T15:32:01.433200Z,,,,,,,,,2025-07-04T15:31:06.433200Z,
HE.KAF.00.?HZ | 2025-07-04T15:31:45.598730Z - 2025-07-04T15:32:45.598730Z,,,,,,,,,2025-07-04T15:31:50.598730Z,
HE.KEF.00.?HZ | 2025-07-04T15:31:48.316790Z - 2025-07-04T15:32:48.316790Z,,,,,,,,,2025-07-04T15:31:53.316790Z,
HE.KUNI.00.BHZ | 2025-07-04T15:31:00.657230Z - 2025-07-04T15:32:00.657230Z,,,,,,,,,2025-07-04T15:31:05.657230Z,
HE.KY02.00.CZ | 2025-07-04T15:31:16.358710Z - 2025-07-04T15:32:16.358710Z,,,,,,,,,2025-07-04T15:31:21.358710Z,
HE.KY17.00.CZ | 2025-07-04T15:31:18.487450Z - 2025-07-04T15:32:18.487450Z,,,,,,,,,2025-07-04T15:31:23.487450Z,
HE.LAUT.00.BHZ | 2025-07-04T15:31:01.827750Z - 2025-07-04T15:32:01.827750Z,,,,,,,,,2025-07-04T15:31:06.827750Z,
HE.LOVF.00.CZ | 2025-07-04T15:30:55.470470Z - 2025-07-04T15:31:55.470470Z,,,,,,,2025-07-04T15:31:00.470470Z,,2025-07-04T15:31:04.922100Z,
HE.MEF.00.BHZ | 2025-07-04T15:31:00.674560Z - 2025-07-04T15:32:00.674560Z,,,,,,,2025-07-04T15:31:05.674560Z,,2025-07-04T15:31:13.784510Z,
HE.NUR.00.SHZ | 2025-07-04T15:30:59.023070Z - 2025-07-04T15:31:59.023070Z,,,,,,,2025-07-04T15:31:04.023070Z,,2025-07-04T15:31:11.007350Z,
HE.PVF.00.CZ | 2025-07-04T15:30:54.203880Z - 2025-07-04T15:31:54.203880Z,,,,,,,2025-07-04T15:30:59.203880Z,,2025-07-04T15:31:02.787110Z,
HE.RSUO.00.BHZ | 2025-07-04T15:31:00.624550Z - 2025-07-04T15:32:00.624550Z,,,,,,,,,2025-07-04T15:31:05.624550Z,
HE.TRE03.00.CZ | 2025-07-04T15:31:35.941520Z - 2025-07-04T15:32:35.941520Z,,,,,,,,,2025-07-04T15:31:40.941520Z,
HE.TVF.00.BHZ | 2025-07-04T15:31:28.738000Z - 2025-07-04T15:32:28.738000Z,,,,,,,,,2025-07-04T15:31:33.738000Z,
HE.VJF.00.?HZ | 2025-07-04T15:31:19.135330Z - 2025-07-04T15:32:19.135330Z,,,,,,,,,2025-07-04T15:31:24.135330Z,
FN.OUL.00.BHZ | 2025-07-05T04:51:36.886610Z - 2025-07-05T04:52:36.886610Z,,,,,,,,,2025-07-05T04:51:41.886610Z,
HE.OBF0.00.BHZ | 2025-07-05T04:50:54.574440Z - 2025-07-05T04:51:54.574440Z,,,,,,,2025-07-05T04:50:59.574440Z,,2025-07-05T04:51:22.129020Z,
HE.OBF3.00.BHZ | 2025-07-05T04:51:21.526570Z - 2025-07-05T04:52:21.526570Z,,,,,,,,,2025-07-05T04:51:26.526570Z,
HE.OBF8.00.BHZ | 2025-07-05T04:50:49.426560Z - 2025-07-05T04:51:49.426560Z,,,,,,,2025-07-05T04:50:54.426560Z,,2025-07-05T04:51:12.589330Z,
HE.TOF.00.BHZ | 2025-07-05T04:51:02.624900Z - 2025-07-05T04:52:02.624900Z,,,,,,,2025-07-05T04:51:07.624900Z,,2025-07-05T04:51:35.719500Z,
HE.VAF.00.BHZ | 2025-07-05T04:50:58.399870Z - 2025-07-05T04:51:58.399870Z,,,,,,,2025-07-05T04:51:03.399870Z,,2025-07-05T04:51:28.263880Z,
HE.ECKF.00.CZ | 2025-07-05T15:34:19.910000Z - 2025-07-05T15:35:19.910000Z,,,,,,,,,2025-07-05T15:34:24.910000Z,
HE.KORF.00.CZ | 2025-07-05T15:34:46.908860Z - 2025-07-05T15:35:46.908860Z,,,,,,,,,2025-07-05T15:34:51.908860Z,
HE.KPF.00.BHZ | 2025-07-05T15:34:52.076630Z - 2025-07-05T15:35:52.076630Z,,,,,,,,,2025-07-05T15:34:57.076630Z,
HE.RAF.00.BHZ | 2025-07-05T15:34:45.420000Z - 2025-07-05T15:35:45.420000Z,,,,,,,,,2025-07-05T15:34:50.420000Z,
UP.AAL.00.BHZ | 2025-07-05T15:34:02.970000Z - 2025-07-05T15:35:02.970000Z,,,,,,,2025-07-05T15:34:07.970000Z,,2025-07-05T15:34:31.500000Z,
HE.ECKF.00.CZ | 2025-07-05T22:06:38.530020Z - 2025-07-05T22:07:38.530020Z,,,,,,,,,2025-07-05T22:06:43.530020Z,
HE.FIA0.00.?HZ | 2025-07-05T22:07:01.950440Z - 2025-07-05T22:08:01.950440Z,,,,,,,,,2025-07-05T22:07:06.950440Z,
HE.FIA1.00.?HZ | 2025-07-05T22:07:01.950440Z - 2025-07-05T22:08:01.950440Z,,,,,,,,,2025-07-05T22:07:06.950440Z,
HE.KEF.00.?HZ | 2025-07-05T22:07:03.978960Z - 2025-07-05T22:08:03.978960Z,,,,,,,,,2025-07-05T22:07:08.978960Z,
HE.KORF.00.CZ | 2025-07-05T22:06:04.070000Z - 2025-07-05T22:07:04.070000Z,,,,,,,2025-07-05T22:06:09.070000Z,,2025-07-05T22:06:14.310000Z,
HE.KPF.00.BHZ | 2025-07-05T22:06:43.889110Z - 2025-07-05T22:07:43.889110Z,,,,,,,,,2025-07-05T22:06:48.889110Z,
HE.LOVF.00.CZ | 2025-07-05T22:06:57.481250Z - 2025-07-05T22:07:57.481250Z,,,,,,,,,2025-07-05T22:07:02.481250Z,
HE.MEF.00.BHZ | 2025-07-05T22:06:28.571990Z - 2025-07-05T22:07:28.571990Z,,,,,,,,,2025-07-05T22:06:33.571990Z,
HE.NUR.00.SHZ | 2025-07-05T22:06:32.980000Z - 2025-07-05T22:07:32.980000Z,,,,,,,,,2025-07-05T22:06:37.980000Z,
HE.PVF.00.CZ | 2025-07-05T22:06:51.185900Z - 2025-07-05T22:07:51.185900Z,,,,,,,,,2025-07-05T22:06:56.185900Z,
HE.RAF.00.BHZ | 2025-07-05T22:06:10.020000Z - 2025-07-05T22:07:10.020000Z,,,,,,,2025-07-05T22:06:15.020000Z,,2025-07-05T22:06:25.080000Z,
HE.TRE03.00.CZ | 2025-07-05T22:06:48.164640Z - 2025-07-05T22:07:48.164640Z,,,,,,,,,2025-07-05T22:06:53.164640Z,
HE.TVF.00.BHZ | 2025-07-05T22:06:07.904040Z - 2025-07-05T22:07:07.904040Z,,,,,,,2025-07-05T22:06:12.904040Z,,2025-07-05T22:06:21.389310Z,
UP.AAL.00.BHZ | 2025-07-05T22:06:31.538210Z - 2025-07-05T22:07:31.538210Z,,,,,,,,,2025-07-05T22:06:36.538210Z,
FN.KLF.00.BHZ | 2025-07-08T01:54:31.204740Z - 2025-07-08T01:55:31.204740Z,,,,,,,2025-07-08T01:54:36.204740Z,,2025-07-08T01:55:07.742310Z,
FN.KMNF.00.?HZ | 2025-07-08T01:54:10.537100Z - 2025-07-08T01:55:10.537100Z,,,,,,,2025-07-08T01:54:15.537100Z,,2025-07-08T01:54:30.063570Z,
FN.RAJF.00.?HZ | 2025-07-08T01:54:23.480010Z - 2025-07-08T01:55:23.480010Z,,,,,,,2025-07-08T01:54:28.480010Z,,2025-07-08T01:54:53.464990Z,
FN.SGF.00.BHZ | 2025-07-08T01:54:30.651300Z - 2025-07-08T01:55:30.651300Z,,,,,,,2025-07-08T01:54:35.651300Z,,2025-07-08T01:55:05.997980Z,
HE.HEF.00.BHZ | 2025-07-08T01:54:14.957030Z - 2025-07-08T01:55:14.957030Z,,,,,,,2025-07-08T01:54:19.957030Z,,2025-07-08T01:54:38.266040Z,
HE.KEV.00.?HZ | 2025-07-08T01:54:06.205910Z - 2025-07-08T01:55:06.205910Z,,,,,,,2025-07-08T01:54:11.205910Z,,2025-07-08T01:54:22.925850Z,
HE.KIF.00.BHZ | 2025-07-08T01:54:15.483850Z - 2025-07-08T01:55:15.483850Z,,,,,,,2025-07-08T01:54:20.483850Z,,2025-07-08T01:54:38.636490Z,
HE.VRF.00.BHN | 2025-07-08T01:54:35.116490Z - 2025-07-08T01:55:35.116490Z,,,,,,,,,2025-07-08T01:55:14.309120Z,
HE.VRF.00.BHZ | 2025-07-08T01:54:35.116490Z - 2025-07-08T01:55:35.116490Z,,,,,,,2025-07-08T01:54:40.116490Z,,,
HE.OBF0.00.BHZ | 2025-07-09T02:26:02.402570Z - 2025-07-09T02:27:02.402570Z,,,,,,,2025-07-09T02:26:07.402570Z,,2025-07-09T02:26:24.541680Z,
HE.OBF3.00.BHZ | 2025-07-09T02:26:05.977040Z - 2025-07-09T02:27:05.977040Z,,,,,,,2025-07-09T02:26:10.977040Z,,2025-07-09T02:26:31.200390Z,
HE.OBF8.00.BHZ | 2025-07-09T02:26:09.376420Z - 2025-07-09T02:27:09.376420Z,,,,,,,,,2025-07-09T02:26:14.376420Z,
HE.TOF.00.BHZ | 2025-07-09T02:26:39.432460Z - 2025-07-09T02:27:39.432460Z,,,,,,,,,2025-07-09T02:26:44.432460Z,
HE.VAF.00.BHZ | 2025-07-09T02:26:09.602460Z - 2025-07-09T02:27:09.602460Z,,,,,,,2025-07-09T02:26:14.602460Z,,2025-07-09T02:26:36.135570Z,
FN.OUL.00.BHZ | 2025-07-11T14:00:50.650040Z - 2025-07-11T14:01:50.650040Z,,,,,,,,,2025-07-11T14:00:55.650040Z,
FN.RANF.00.?HZ | 2025-07-11T14:01:07.972260Z - 2025-07-11T14:02:07.972260Z,,,,,,,,,2025-07-11T14:01:12.972260Z,
FN.RNF.00.BHZ | 2025-07-11T14:01:10.242510Z - 2025-07-11T14:02:10.242510Z,,,,,,,,,2025-07-11T14:01:15.242510Z,
HE.OBF0.00.BHZ | 2025-07-11T14:00:17.295070Z - 2025-07-11T14:01:17.295070Z,,,,,,,2025-07-11T14:00:22.295070Z,,2025-07-11T14:00:36.708570Z,
HE.OBF3.00.BHZ | 2025-07-11T14:00:19.520320Z - 2025-07-11T14:01:19.520320Z,,,,,,,2025-07-11T14:00:24.520320Z,,2025-07-11T14:00:40.714530Z,
HE.OBF8.00.BHZ | 2025-07-11T14:00:13.498020Z - 2025-07-11T14:01:13.498020Z,,,,,,,2025-07-11T14:00:18.498020Z,,2025-07-11T14:00:30.676440Z,
HE.TOF.00.BHZ | 2025-07-11T14:00:45.453290Z - 2025-07-11T14:01:45.453290Z,,,,,,,,,2025-07-11T14:00:50.453290Z,
HE.VAF.00.BHZ | 2025-07-11T14:01:02.799080Z - 2025-07-11T14:02:02.799080Z,,,,,,,,,2025-07-11T14:01:07.799080Z,
FN.MSF.00.BHZ | 2025-07-13T19:19:50.500430Z - 2025-07-13T19:20:50.500430Z,,,,,,,2025-07-13T19:19:55.500430Z,,2025-07-13T19:19:59.569190Z,
FN.OLKF.00.BHZ | 2025-07-13T19:19:51.203870Z - 2025-07-13T19:20:51.203870Z,,,,,,,2025-07-13T19:19:56.203870Z,,2025-07-13T19:20:00.826420Z,
FN.OUL.00.BHZ | 2025-07-13T19:20:15.830030Z - 2025-07-13T19:21:15.830030Z,,,,,,,2025-07-13T19:20:20.830030Z,,2025-07-13T19:20:43.055520Z,
FN.RAJF.00.?HZ | 2025-07-13T19:20:54.744950Z - 2025-07-13T19:21:54.744950Z,,,,,,,,,2025-07-13T19:20:59.744950Z,
FN.RANF.00.?HZ | 2025-07-13T19:20:05.240480Z - 2025-07-13T19:21:05.240480Z,,,,,,,2025-07-13T19:20:10.240480Z,,2025-07-13T19:20:24.546820Z,
FN.RNF.00.BHZ | 2025-07-13T19:20:11.949060Z - 2025-07-13T19:21:11.949060Z,,,,,,,2025-07-13T19:20:16.949060Z,,2025-07-13T19:20:36.847850Z,
FN.SGF.00.BHZ | 2025-07-13T19:20:16.329000Z - 2025-07-13T19:21:16.329000Z,,,,,,,2025-07-13T19:20:21.329000Z,,2025-07-13T19:20:44.059510Z,
HE.KJNF.00.CZ | 2025-07-13T19:20:17.878840Z - 2025-07-13T19:21:17.878840Z,,,,,,,2025-07-13T19:20:22.878840Z,,2025-07-13T19:20:47.172190Z,
HE.KU1.00.SHZ | 2025-07-13T19:19:53.688100Z - 2025-07-13T19:20:53.688100Z,,,,,,,2025-07-13T19:19:58.688100Z,,2025-07-13T19:20:04.950890Z,
HE.KU2.00.SHZ | 2025-07-13T19:19:56.471310Z - 2025-07-13T19:20:56.471310Z,,,,,,,2025-07-13T19:20:01.471310Z,,2025-07-13T19:20:09.837970Z,
HE.NIF.00.BHZ | 2025-07-13T19:21:00.437060Z - 2025-07-13T19:22:00.437060Z,,,,,,,,,2025-07-13T19:21:05.437060Z,
HE.OBF3.00.BHZ | 2025-07-13T19:20:23.919870Z - 2025-07-13T19:21:23.919870Z,,,,,,,2025-07-13T19:20:28.919870Z,,2025-07-13T19:20:56.811900Z,
HE.RMF.00.BHZ | 2025-07-13T19:20:38.250410Z - 2025-07-13T19:21:38.250410Z,,,,,,,,,2025-07-13T19:20:43.250410Z,
HE.SUF.00.BHN | 2025-07-13T19:21:22.408630Z - 2025-07-13T19:22:22.408630Z,,,,,,,,,2025-07-13T19:21:27.408630Z,
HE.TOF.00.BHZ | 2025-07-13T19:20:46.292020Z - 2025-07-13T19:21:46.292020Z,,,,,,,,,2025-07-13T19:20:51.292020Z,
HE.VRF.00.BHZ | 2025-07-13T19:20:14.959240Z - 2025-07-13T19:21:14.959240Z,,,,,,,2025-07-13T19:20:19.959240Z,,2025-07-13T19:20:41.626520Z,
FN.KMNF.00.?HZ | 2025-07-14T04:58:36.018780Z - 2025-07-14T04:59:36.018780Z,,,,,,,2025-07-14T04:58:41.018780Z,,2025-07-14T04:59:19.338350Z,
FN.RAJF.00.?HZ | 2025-07-14T04:58:46.648880Z - 2025-07-14T04:59:46.648880Z,,,,,,,2025-07-14T04:58:51.648880Z,,,
HE.HEF.00.BHZ | 2025-07-14T04:58:29.258850Z - 2025-07-14T04:59:29.258850Z,,,,,,,2025-07-14T04:58:34.258850Z,,2025-07-14T04:59:13.333640Z,
HE.KEV.00.?HZ | 2025-07-14T04:58:33.241790Z - 2025-07-14T04:59:33.241790Z,,,,,,,2025-07-14T04:58:38.241790Z,,2025-07-14T04:59:14.900640Z,
HE.KIF.00.BHZ | 2025-07-14T04:58:13.197230Z - 2025-07-14T04:59:13.197230Z,,,,,,,2025-07-14T04:58:18.197230Z,,2025-07-14T04:58:39.381360Z,
FN.KLF.00.BHZ | 2025-07-14T04:58:42.701860Z - 2025-07-14T04:59:42.701860Z,,,,,,,2025-07-14T04:58:47.701860Z,,,
FN.KLF.00.BHZ | 2025-07-14T04:59:37.577600Z - 2025-07-14T05:00:37.577600Z,,,,,,,,,2025-07-14T04:59:42.577600Z,
HE.KEF.00.?HZ | 2025-07-10T23:40:42.277820Z - 2025-07-10T23:41:42.277820Z,,,,,,,,,2025-07-10T23:40:47.277820Z,
HE.KPF.00.BHZ | 2025-07-10T23:40:25.415730Z - 2025-07-10T23:41:25.415730Z,,,,,,,,,2025-07-10T23:40:30.415730Z,
HE.OBF0.00.BHZ | 2025-07-10T23:40:16.005550Z - 2025-07-10T23:41:16.005550Z,,,,,,,,,2025-07-10T23:40:21.005550Z,
HE.OBF8.00.BHZ | 2025-07-10T23:39:41.333490Z - 2025-07-10T23:40:41.333490Z,,,,,,,2025-07-10T23:39:46.333490Z,,2025-07-10T23:40:10.356240Z,
HE.RAF.00.BHZ | 2025-07-10T23:40:44.498440Z - 2025-07-10T23:41:44.498440Z,,,,,,,,,2025-07-10T23:40:49.498440Z,
HE.SUF.00.BHZ | 2025-07-10T23:40:49.193950Z - 2025-07-10T23:41:49.193950Z,,,,,,,,,2025-07-10T23:40:54.193950Z,
HE.TOF.00.BHZ | 2025-07-10T23:40:31.708350Z - 2025-07-10T23:41:31.708350Z,,,,,,,,,2025-07-10T23:40:36.708350Z,
HE.TRE03.00.CZ | 2025-07-10T23:40:47.067510Z - 2025-07-10T23:41:47.067510Z,,,,,,,,,2025-07-10T23:40:52.067510Z,
HE.VAF.00.BHZ | 2025-07-10T23:39:41.223860Z - 2025-07-10T23:40:41.223860Z,,,,,,,2025-07-10T23:39:46.223860Z,,2025-07-10T23:40:09.213060Z,
FN.KMNF.00.?HZ | 2025-07-15T05:16:52.642270Z - 2025-07-15T05:17:52.642270Z,,,,,,,2025-07-15T05:16:57.642270Z,,2025-07-15T05:17:36.716940Z,
FN.RAJF.00.?HZ | 2025-07-15T05:17:03.159010Z - 2025-07-15T05:18:03.159010Z,,,,,,,2025-07-15T05:17:08.159010Z,,2025-07-15T05:17:54.335940Z,
HE.HEF.00.BHZ | 2025-07-15T05:16:45.924680Z - 2025-07-15T05:17:45.924680Z,,,,,,,2025-07-15T05:16:50.924680Z,,2025-07-15T05:17:24.043030Z,
HE.KEV.00.?HZ | 2025-07-15T05:16:49.917780Z - 2025-07-15T05:17:49.917780Z,,,,,,,2025-07-15T05:16:54.917780Z,,2025-07-15T05:17:31.569000Z,
HE.KIF.00.BHZ | 2025-07-15T05:16:29.775440Z - 2025-07-15T05:17:29.775440Z,,,,,,,2025-07-15T05:16:34.775440Z,,2025-07-15T05:16:56.296160Z,
FN.KLF.00.BHZ | 2025-07-15T05:16:59.405360Z - 2025-07-15T05:17:59.405360Z,,,,,,,2025-07-15T05:17:04.405360Z,,,
FN.KLF.00.BHZ | 2025-07-15T05:17:54.608690Z - 2025-07-15T05:18:54.608690Z,,,,,,,,,2025-07-15T05:17:59.608690Z,
HE.FIA0.00.?HZ | 2025-07-15T00:15:45.008730Z - 2025-07-15T00:16:45.008730Z,,,,,,,2025-07-15T00:15:50.008730Z,,2025-07-15T00:16:06.406750Z,
HE.FIA1.00.?HZ | 2025-07-15T00:15:45.156810Z - 2025-07-15T00:16:45.156810Z,,,,,,,2025-07-15T00:15:50.156810Z,,2025-07-15T00:16:06.712140Z,
HE.HEL1.00.BHZ | 2025-07-15T00:16:03.832960Z - 2025-07-15T00:17:03.832960Z,,,,,,,,,2025-07-15T00:16:08.832960Z,
HE.KAF.00.?HZ | 2025-07-15T00:16:18.170430Z - 2025-07-15T00:17:18.170430Z,,,,,,,,,2025-07-15T00:16:23.170430Z,
HE.KY02.00.CZ | 2025-07-15T00:15:34.829320Z - 2025-07-15T00:16:34.829320Z,,,,,,,2025-07-15T00:15:39.829320Z,,2025-07-15T00:15:48.316440Z,
HE.KY17.00.CZ | 2025-07-15T00:15:33.398720Z - 2025-07-15T00:16:33.398720Z,,,,,,,2025-07-15T00:15:38.398720Z,,2025-07-15T00:15:45.895670Z,
HE.LAUT.00.BHZ | 2025-07-15T00:16:04.139460Z - 2025-07-15T00:17:04.139460Z,,,,,,,,,2025-07-15T00:16:09.139460Z,
HE.LOVF.00.CZ | 2025-07-15T00:15:33.843860Z - 2025-07-15T00:16:33.843860Z,,,,,,,2025-07-15T00:15:38.843860Z,,2025-07-15T00:15:46.402770Z,
HE.MEF.00.BHZ | 2025-07-15T00:16:10.706440Z - 2025-07-15T00:17:10.706440Z,,,,,,,,,2025-07-15T00:16:15.706440Z,
HE.PVF.00.CZ | 2025-07-15T00:15:37.639740Z - 2025-07-15T00:16:37.639740Z,,,,,,,2025-07-15T00:15:42.639740Z,,2025-07-15T00:15:53.214820Z,
HE.RUF.00.BHZ | 2025-07-15T00:15:45.211470Z - 2025-07-15T00:16:45.211470Z,,,,,,,2025-07-15T00:15:50.211470Z,,2025-07-15T00:16:07.103820Z,
HE.TRE03.00.CZ | 2025-07-15T00:16:24.321550Z - 2025-07-15T00:17:24.321550Z,,,,,,,,,2025-07-15T00:16:29.321550Z,
HE.VJF.00.?HZ | 2025-07-15T00:15:25.673440Z - 2025-07-15T00:16:25.673440Z,,,,,,,2025-07-15T00:15:30.673440Z,,2025-07-15T00:15:32.361440Z,
FN.MSF.00.BHZ | 2025-07-15T20:41:01.529070Z - 2025-07-15T20:42:01.529070Z,,,,,,,2025-07-15T20:41:06.529070Z,,2025-07-15T20:41:26.951610Z,
FN.OLKF.00.BHZ | 2025-07-15T20:40:58.351050Z - 2025-07-15T20:41:58.351050Z,,,,,,,2025-07-15T20:41:03.351050Z,,2025-07-15T20:41:21.843720Z,
FN.RANF.00.?HZ | 2025-07-15T20:41:13.967140Z - 2025-07-15T20:42:13.967140Z,,,,,,,2025-07-15T20:41:18.967140Z,,2025-07-15T20:41:49.210080Z,
FN.RNF.00.BHZ | 2025-07-15T20:41:52.127960Z - 2025-07-15T20:42:52.127960Z,,,,,,,,,2025-07-15T20:41:57.127960Z,
FN.SGF.00.BHZ | 2025-07-15T20:41:56.913270Z - 2025-07-15T20:42:56.913270Z,,,,,,,,,2025-07-15T20:42:01.913270Z,
HE.KU1.00.SHZ | 2025-07-15T20:40:59.530350Z - 2025-07-15T20:41:59.530350Z,,,,,,,2025-07-15T20:41:04.530350Z,,2025-07-15T20:41:24.089780Z,
HE.KU2.00.SHZ | 2025-07-15T20:41:07.422660Z - 2025-07-15T20:42:07.422660Z,,,,,,,2025-07-15T20:41:12.422660Z,,2025-07-15T20:41:37.276120Z,
HE.RMF.00.BHZ | 2025-07-15T20:41:42.560550Z - 2025-07-15T20:42:42.560550Z,,,,,,,,,2025-07-15T20:41:47.560550Z,
HE.VRF.00.BHZ | 2025-07-15T20:41:08.279540Z - 2025-07-15T20:42:08.279540Z,,,,,,,2025-07-15T20:41:13.279540Z,,2025-07-15T20:41:39.273560Z,
HE.OBF0.00.BHZ | 2025-07-18T11:06:26.439750Z - 2025-07-18T11:07:26.439750Z,,,,,,,2025-07-18T11:06:31.439750Z,,2025-07-18T11:06:54.746620Z,
HE.OBF3.00.BHZ | 2025-07-18T11:06:54.042100Z - 2025-07-18T11:07:54.042100Z,,,,,,,,,2025-07-18T11:06:59.042100Z,
HE.OBF8.00.BHZ | 2025-07-18T11:06:21.841410Z - 2025-07-18T11:07:21.841410Z,,,,,,,2025-07-18T11:06:26.841410Z,,2025-07-18T11:06:47.218440Z,
HE.TOF.00.BHZ | 2025-07-18T11:06:58.014300Z - 2025-07-18T11:07:58.014300Z,,,,,,,,,2025-07-18T11:07:03.014300Z,
HE.VAF.00.BHZ | 2025-07-18T11:07:00.209980Z - 2025-07-18T11:08:00.209980Z,,,,,,,,,2025-07-18T11:07:05.209980Z,
FN.KLF.00.BHZ | 2025-07-25T14:03:13.620450Z - 2025-07-25T14:04:13.620450Z,,,,,,,2025-07-25T14:03:18.620450Z,,2025-07-25T14:03:28.146920Z,
FN.OLKF.00.BHZ | 2025-07-25T14:03:29.756640Z - 2025-07-25T14:04:29.756640Z,,,,,,,2025-07-25T14:03:34.756640Z,,2025-07-25T14:03:56.220660Z,
FN.RAJF.00.?HZ | 2025-07-25T14:03:58.951000Z - 2025-07-25T14:04:58.951000Z,,,,,,,,,2025-07-25T14:04:03.951000Z,
FN.RANF.00.?HZ | 2025-07-25T14:03:19.048670Z - 2025-07-25T14:04:19.048670Z,,,,,,,2025-07-25T14:03:24.048670Z,,2025-07-25T14:03:36.876500Z,
FN.RNF.00.BHZ | 2025-07-25T14:03:06.911240Z - 2025-07-25T14:04:06.911240Z,,,,,,,2025-07-25T14:03:11.911240Z,,2025-07-25T14:03:16.328760Z,
FN.SGF.00.BHZ | 2025-07-25T14:03:13.519400Z - 2025-07-25T14:04:13.519400Z,,,,,,,2025-07-25T14:03:18.519400Z,,2025-07-25T14:03:27.616880Z,
HE.HEF.00.BHZ | 2025-07-25T14:03:52.411250Z - 2025-07-25T14:04:52.411250Z,,,,,,,,,2025-07-25T14:03:57.411250Z,
HE.KU1.00.SHZ | 2025-07-25T14:04:02.519630Z - 2025-07-25T14:05:02.519630Z,,,,,,,,,2025-07-25T14:04:07.519630Z,
HE.KU2.00.SHZ | 2025-07-25T14:03:49.578830Z - 2025-07-25T14:04:49.578830Z,,,,,,,,,2025-07-25T14:03:54.578830Z,
HE.TOF.00.BHZ | 2025-07-25T14:03:17.954270Z - 2025-07-25T14:04:17.954270Z,,,,,,,2025-07-25T14:03:22.954270Z,,2025-07-25T14:03:34.508630Z,
HE.VRF.00.BHZ | 2025-07-25T14:03:55.427470Z - 2025-07-25T14:04:55.427470Z,,,,,,,,,2025-07-25T14:04:00.427470Z,
HE.ECKF.00.CZ | 2025-07-27T01:58:11.789590Z - 2025-07-27T01:59:11.789590Z,,,,,,,2025-07-27T01:58:16.789590Z,,2025-07-27T01:58:30.979250Z,
HE.FIA0.00.?HZ | 2025-07-27T01:58:35.566850Z - 2025-07-27T01:59:35.566850Z,,,,,,,2025-07-27T01:58:40.566850Z,,2025-07-27T01:59:13.938520Z,
HE.FIA1.00.?HZ | 2025-07-27T01:58:36.436380Z - 2025-07-27T01:59:36.436380Z,,,,,,,2025-07-27T01:58:41.436380Z,,2025-07-27T01:59:14.245800Z,
HE.HEL5.00.BHZ | 2025-07-27T01:58:19.843180Z - 2025-07-27T01:59:19.843180Z,,,,,,,2025-07-27T01:58:24.843180Z,,,
HE.KAF.00.?HZ | 2025-07-27T01:58:44.277100Z - 2025-07-27T01:59:44.277100Z,,,,,,,2025-07-27T01:58:49.277100Z,,2025-07-27T01:59:27.413000Z,
HE.KEF.00.?HZ | 2025-07-27T01:58:37.721190Z - 2025-07-27T01:59:37.721190Z,,,,,,,2025-07-27T01:58:42.721190Z,,2025-07-27T01:59:15.464680Z,
HE.KORF.00.CZ | 2025-07-27T01:57:53.640310Z - 2025-07-27T01:58:53.640310Z,,,,,,,2025-07-27T01:57:58.640310Z,,2025-07-27T01:58:00.329740Z,
HE.KPF.00.BHZ | 2025-07-27T01:58:23.422550Z - 2025-07-27T01:59:23.422550Z,,,,,,,2025-07-27T01:58:28.422550Z,,2025-07-27T01:58:51.288150Z,
HE.LAUT.00.BHN | 2025-07-27T01:58:42.825680Z - 2025-07-27T01:59:42.825680Z,,,,,,,,,2025-07-27T01:58:47.825680Z,
HE.MEF.00.BHZ | 2025-07-27T01:58:16.775150Z - 2025-07-27T01:59:16.775150Z,,,,,,,2025-07-27T01:58:21.775150Z,,,
HE.NUR.00.SHN | 2025-07-27T01:58:39.093140Z - 2025-07-27T01:59:39.093140Z,,,,,,,,,2025-07-27T01:58:44.093140Z,
HE.PVF.00.CZ | 2025-07-27T01:58:30.242760Z - 2025-07-27T01:59:30.242760Z,,,,,,,2025-07-27T01:58:35.242760Z,,2025-07-27T01:59:01.069810Z,
HE.RAF.00.BHZ | 2025-07-27T01:58:09.048690Z - 2025-07-27T01:59:09.048690Z,,,,,,,2025-07-27T01:58:14.048690Z,,2025-07-27T01:58:25.898450Z,
HE.TRE03.00.CZ | 2025-07-27T01:58:27.249180Z - 2025-07-27T01:59:27.249180Z,,,,,,,2025-07-27T01:58:32.249180Z,,2025-07-27T01:58:57.441040Z,
HE.TVF.00.BHZ | 2025-07-27T01:58:07.176110Z - 2025-07-27T01:59:07.176110Z,,,,,,,2025-07-27T01:58:12.176110Z,,2025-07-27T01:58:22.940900Z,
UP.AAL.00.BHZ | 2025-07-27T01:58:07.459990Z - 2025-07-27T01:59:07.459990Z,,,,,,,2025-07-27T01:58:12.459990Z,,2025-07-27T01:58:23.418450Z,
HE.FIA0.00.?HZ | 2025-07-29T07:11:37.125320Z - 2025-07-29T07:12:37.125320Z,,,,,,,2025-07-29T07:11:42.125320Z,,2025-07-29T07:11:58.161510Z,
HE.FIA1.00.?HZ | 2025-07-29T07:11:37.097180Z - 2025-07-29T07:12:37.097180Z,,,,,,,2025-07-29T07:11:42.097180Z,,2025-07-29T07:11:58.161510Z,
HE.HEL5.00.BHZ | 2025-07-29T07:11:40.278260Z - 2025-07-29T07:12:40.278260Z,,,,,,,2025-07-29T07:11:45.278260Z,,2025-07-29T07:12:03.387990Z,
HE.KAF.00.?HZ | 2025-07-29T07:11:46.845940Z - 2025-07-29T07:12:46.845940Z,,,,,,,2025-07-29T07:11:51.845940Z,,2025-07-29T07:12:15.425710Z,
HE.KUNI.00.BHZ | 2025-07-29T07:11:55.208030Z - 2025-07-29T07:12:55.208030Z,,,,,,,,,2025-07-29T07:12:00.208030Z,
HE.KY02.00.CZ | 2025-07-29T07:11:26.853930Z - 2025-07-29T07:12:26.853930Z,,,,,,,2025-07-29T07:11:31.853930Z,,2025-07-29T07:11:40.485290Z,
HE.LOVF.00.CZ | 2025-07-29T07:11:25.957050Z - 2025-07-29T07:12:25.957050Z,,,,,,,2025-07-29T07:11:30.957050Z,,2025-07-29T07:11:38.448750Z,
HE.MEF.00.BHZ | 2025-07-29T07:11:42.699100Z - 2025-07-29T07:12:42.699100Z,,,,,,,2025-07-29T07:11:47.699100Z,,2025-07-29T07:12:07.865170Z,
HE.NUR.00.SHZ | 2025-07-29T07:11:40.561790Z - 2025-07-29T07:12:40.561790Z,,,,,,,2025-07-29T07:11:45.561790Z,,2025-07-29T07:12:03.089430Z,
HE.PVF.00.CZ | 2025-07-29T07:11:29.785430Z - 2025-07-29T07:12:29.785430Z,,,,,,,2025-07-29T07:11:34.785430Z,,2025-07-29T07:11:45.153520Z,
HE.RUF.00.BHZ | 2025-07-29T07:11:37.482150Z - 2025-07-29T07:12:37.482150Z,,,,,,,2025-07-29T07:11:42.482150Z,,2025-07-29T07:11:59.212380Z,
HE.TRE03.00.CZ | 2025-07-29T07:11:50.373420Z - 2025-07-29T07:12:50.373420Z,,,,,,,2025-07-29T07:11:55.373420Z,,2025-07-29T07:12:20.257180Z,
HE.VJF.00.?HZ | 2025-07-29T07:11:17.900160Z - 2025-07-29T07:12:17.900160Z,,,,,,,2025-07-29T07:11:22.900160Z,,2025-07-29T07:11:24.631680Z,
HE.FIA0.00.?HZ | 2025-07-30T08:18:03.417150Z - 2025-07-30T08:19:03.417150Z,,,,,,,2025-07-30T08:18:08.417150Z,,2025-07-30T08:18:24.226300Z,
HE.FIA1.00.?HZ | 2025-07-30T08:18:03.417150Z - 2025-07-30T08:19:03.417150Z,,,,,,,2025-07-30T08:18:08.417150Z,,2025-07-30T08:18:24.226300Z,
HE.KY02.00.CZ | 2025-07-30T08:17:52.923450Z - 2025-07-30T08:18:52.923450Z,,,,,,,2025-07-30T08:17:57.923450Z,,2025-07-30T08:18:06.158700Z,
HE.LOVF.00.CZ | 2025-07-30T08:17:51.753670Z - 2025-07-30T08:18:51.753670Z,,,,,,,2025-07-30T08:17:56.753670Z,,2025-07-30T08:18:03.981620Z,
HE.PVF.00.CZ | 2025-07-30T08:17:55.476150Z - 2025-07-30T08:18:55.476150Z,,,,,,,2025-07-30T08:18:00.476150Z,,2025-07-30T08:18:10.748450Z,
HE.RUF.00.BHZ | 2025-07-30T08:18:19.881980Z - 2025-07-30T08:19:19.881980Z,,,,,,,,,2025-07-30T08:18:24.881980Z,
HE.VJF.00.?HZ | 2025-07-30T08:17:43.720600Z - 2025-07-30T08:18:43.720600Z,,,,,,,2025-07-30T08:17:48.720600Z,,2025-07-30T08:17:50.488490Z,
HE.ECKF.00.CZ | 2025-07-29T21:32:23.726660Z - 2025-07-29T21:33:23.726660Z,,,,,,,,,2025-07-29T21:32:28.726660Z,
HE.KORF.00.CZ | 2025-07-29T21:31:54.228610Z - 2025-07-29T21:32:54.228610Z,,,,,,,2025-07-29T21:31:59.228610Z,,2025-07-29T21:32:00.302100Z,
HE.KPF.00.BHZ | 2025-07-29T21:32:48.766990Z - 2025-07-29T21:33:48.766990Z,,,,,,,,,2025-07-29T21:32:53.766990Z,
HE.MEF.00.BHZ | 2025-07-29T21:32:39.135480Z - 2025-07-29T21:33:39.135480Z,,,,,,,,,2025-07-29T21:32:44.135480Z,
HE.PVF.00.CZ | 2025-07-29T21:33:01.239590Z - 2025-07-29T21:34:01.239590Z,,,,,,,,,2025-07-29T21:33:06.239590Z,
HE.RAF.00.BHZ | 2025-07-29T21:32:11.318460Z - 2025-07-29T21:33:11.318460Z,,,,,,,2025-07-29T21:32:16.318460Z,,2025-07-29T21:32:28.891530Z,
HE.TRE03.00.CZ | 2025-07-29T21:32:29.352100Z - 2025-07-29T21:33:29.352100Z,,,,,,,2025-07-29T21:32:34.352100Z,,2025-07-29T21:33:00.181340Z,
HE.TVF.00.BHZ | 2025-07-29T21:32:21.931470Z - 2025-07-29T21:33:21.931470Z,,,,,,,,,2025-07-29T21:32:26.931470Z,
HE.FIA0.00.?HZ | 2025-07-29T07:11:37.220670Z - 2025-07-29T07:12:37.220670Z,,,,,,,2025-07-29T07:11:42.220670Z,,2025-07-29T07:11:58.162520Z,
HE.FIA1.00.?HZ | 2025-07-29T07:11:37.170320Z - 2025-07-29T07:12:37.170320Z,,,,,,,2025-07-29T07:11:42.170320Z,,2025-07-29T07:11:58.141980Z,
HE.HEL5.00.BHZ | 2025-07-29T07:11:40.380500Z - 2025-07-29T07:12:40.380500Z,,,,,,,2025-07-29T07:11:45.380500Z,,2025-07-29T07:12:03.498570Z,
HE.KAF.00.?HZ | 2025-07-29T07:11:46.842560Z - 2025-07-29T07:12:46.842560Z,,,,,,,2025-07-29T07:11:51.842560Z,,2025-07-29T07:12:14.435320Z,
HE.KEF.00.?HZ | 2025-07-29T07:12:21.534050Z - 2025-07-29T07:13:21.534050Z,,,,,,,,,2025-07-29T07:12:26.534050Z,
HE.KUNI.00.BHZ | 2025-07-29T07:11:55.114720Z - 2025-07-29T07:12:55.114720Z,,,,,,,,,2025-07-29T07:12:00.114720Z,
HE.KY02.00.CZ | 2025-07-29T07:11:26.931410Z - 2025-07-29T07:12:26.931410Z,,,,,,,2025-07-29T07:11:31.931410Z,,2025-07-29T07:11:40.023370Z,
HE.LOVF.00.CZ | 2025-07-29T07:11:25.995760Z - 2025-07-29T07:12:25.995760Z,,,,,,,2025-07-29T07:11:30.995760Z,,2025-07-29T07:11:38.483050Z,
HE.MEF.00.BHZ | 2025-07-29T07:11:43.440890Z - 2025-07-29T07:12:43.440890Z,,,,,,,2025-07-29T07:11:48.440890Z,,2025-07-29T07:12:07.962660Z,
HE.NUR.00.SHZ | 2025-07-29T07:11:40.568130Z - 2025-07-29T07:12:40.568130Z,,,,,,,2025-07-29T07:11:45.568130Z,,2025-07-29T07:12:03.051690Z,
HE.PVF.00.CZ | 2025-07-29T07:11:29.780180Z - 2025-07-29T07:12:29.780180Z,,,,,,,2025-07-29T07:11:34.780180Z,,2025-07-29T07:11:44.805090Z,
HE.RAF.00.BHZ | 2025-07-29T07:12:41.117930Z - 2025-07-29T07:13:41.117930Z,,,,,,,,,2025-07-29T07:12:46.117930Z,
HE.RUF.00.BHZ | 2025-07-29T07:11:37.545940Z - 2025-07-29T07:12:37.545940Z,,,,,,,2025-07-29T07:11:42.545940Z,,2025-07-29T07:11:59.001630Z,
HE.SUF.00.BHZ | 2025-07-29T07:12:26.895690Z - 2025-07-29T07:13:26.895690Z,,,,,,,,,2025-07-29T07:12:31.895690Z,
HE.TRE03.00.CZ | 2025-07-29T07:11:50.511440Z - 2025-07-29T07:12:50.511440Z,,,,,,,2025-07-29T07:11:55.511440Z,,2025-07-29T07:12:21.255770Z,
HE.VJF.00.?HZ | 2025-07-29T07:11:17.899150Z - 2025-07-29T07:12:17.899150Z,,,,,,,2025-07-29T07:11:22.899150Z,,2025-07-29T07:11:24.627790Z,
FN.KLF.00.BHZ | 2025-08-04T05:11:44.029390Z - 2025-08-04T05:12:44.029390Z,,,,,,,2025-08-04T05:11:49.029390Z,,2025-08-04T05:12:11.459990Z,
FN.OLKF.00.BHZ | 2025-08-04T05:11:37.755140Z - 2025-08-04T05:12:37.755140Z,,,,,,,2025-08-04T05:11:42.755140Z,,2025-08-04T05:11:59.767250Z,
FN.OUL.00.BHZ | 2025-08-04T05:11:25.777180Z - 2025-08-04T05:12:25.777180Z,,,,,,,2025-08-04T05:11:30.777180Z,,2025-08-04T05:11:39.599350Z,
FN.RANF.00.?HZ | 2025-08-04T05:11:19.120000Z - 2025-08-04T05:12:19.120000Z,,,,,,,2025-08-04T05:11:24.120000Z,,2025-08-04T05:11:28.269520Z,
FN.RNF.00.BHZ | 2025-08-04T05:11:29.028960Z - 2025-08-04T05:12:29.028960Z,,,,,,,2025-08-04T05:11:34.028960Z,,2025-08-04T05:11:44.686840Z,
HE.KU1.00.SHZ | 2025-08-04T05:11:37.010560Z - 2025-08-04T05:12:37.010560Z,,,,,,,2025-08-04T05:11:42.010560Z,,2025-08-04T05:11:58.690680Z,
HE.KU2.00.SHZ | 2025-08-04T05:11:27.167280Z - 2025-08-04T05:12:27.167280Z,,,,,,,2025-08-04T05:11:32.167280Z,,2025-08-04T05:11:41.973760Z,
HE.KU6.00.BHZ | 2025-08-04T05:11:58.348980Z - 2025-08-04T05:12:58.348980Z,,,,,,,,,2025-08-04T05:12:03.348980Z,
HE.OBF0.00.BHZ | 2025-08-04T05:11:40.592510Z - 2025-08-04T05:12:40.592510Z,,,,,,,2025-08-04T05:11:45.592510Z,,2025-08-04T05:12:04.244480Z,
HE.OBF3.00.BHZ | 2025-08-04T05:11:34.042150Z - 2025-08-04T05:12:34.042150Z,,,,,,,2025-08-04T05:11:39.042150Z,,2025-08-04T05:11:53.805480Z,
HE.TOF.00.BHZ | 2025-08-04T05:11:28.856920Z - 2025-08-04T05:12:28.856920Z,,,,,,,2025-08-04T05:11:33.856920Z,,2025-08-04T05:11:45.230170Z,
FN.KLF.00.BHZ | 2025-08-03T08:13:03.368390Z - 2025-08-03T08:14:03.368390Z,,,,,,,2025-08-03T08:13:08.368390Z,,2025-08-03T08:13:29.011500Z,
FN.KMNF.00.?HZ | 2025-08-03T08:13:24.952630Z - 2025-08-03T08:14:24.952630Z,,,,,,,2025-08-03T08:13:29.952630Z,,2025-08-03T08:14:06.686220Z,
FN.RAJF.00.?HZ | 2025-08-03T08:14:06.167790Z - 2025-08-03T08:15:06.167790Z,,,,,,,,,2025-08-03T08:14:11.167790Z,
FN.RNF.00.BHN | 2025-08-03T08:13:19.142820Z - 2025-08-03T08:14:19.142820Z,,,,,,,,,2025-08-03T08:13:55.986890Z,
FN.RNF.00.BHZ | 2025-08-03T08:13:19.142820Z - 2025-08-03T08:14:19.142820Z,,,,,,,2025-08-03T08:13:24.142820Z,,,
FN.SGF.00.BHZ | 2025-08-03T08:13:18.843790Z - 2025-08-03T08:14:18.843790Z,,,,,,,2025-08-03T08:13:23.843790Z,,2025-08-03T08:13:56.093830Z,
HE.HEF.00.BHZ | 2025-08-03T08:13:05.119630Z - 2025-08-03T08:14:05.119630Z,,,,,,,2025-08-03T08:13:10.119630Z,,2025-08-03T08:13:31.461550Z,
HE.KIF.00.BHZ | 2025-08-03T08:13:03.959230Z - 2025-08-03T08:14:03.959230Z,,,,,,,2025-08-03T08:13:08.959230Z,,2025-08-03T08:13:29.338640Z,
HE.TOF.00.BHZ | 2025-08-03T08:13:14.115910Z - 2025-08-03T08:14:14.115910Z,,,,,,,2025-08-03T08:13:19.115910Z,,2025-08-03T08:13:47.947900Z,
HE.FIA0.00.?HZ | 2025-08-01T00:20:05.028780Z - 2025-08-01T00:21:05.028780Z,,,,,,,2025-08-01T00:20:10.028780Z,,2025-08-01T00:20:26.794920Z,
HE.FIA1.00.?HZ | 2025-08-01T00:20:05.028780Z - 2025-08-01T00:21:05.028780Z,,,,,,,2025-08-01T00:20:10.028780Z,,2025-08-01T00:20:26.794920Z,
HE.HEL1.00.BHZ | 2025-08-01T00:20:06.699110Z - 2025-08-01T00:21:06.699110Z,,,,,,,2025-08-01T00:20:11.699110Z,,2025-08-01T00:20:28.570470Z,
HE.HEL5.00.BHZ | 2025-08-01T00:20:08.207210Z - 2025-08-01T00:21:08.207210Z,,,,,,,2025-08-01T00:20:13.207210Z,,2025-08-01T00:20:31.178600Z,
HE.KAF.00.?HZ | 2025-08-01T00:20:14.685500Z - 2025-08-01T00:21:14.685500Z,,,,,,,2025-08-01T00:20:19.685500Z,,2025-08-01T00:20:43.491620Z,
HE.KEF.00.?HZ | 2025-08-01T00:20:20.997110Z - 2025-08-01T00:21:20.997110Z,,,,,,,2025-08-01T00:20:25.997110Z,,2025-08-01T00:20:53.510710Z,
HE.KUNI.00.BHZ | 2025-08-01T00:20:06.122740Z - 2025-08-01T00:21:06.122740Z,,,,,,,2025-08-01T00:20:11.122740Z,,2025-08-01T00:20:27.873670Z,
HE.KY02.00.CZ | 2025-08-01T00:19:54.819980Z - 2025-08-01T00:20:54.819980Z,,,,,,,2025-08-01T00:19:59.819980Z,,2025-08-01T00:20:07.350170Z,
HE.LOVF.00.CZ | 2025-08-01T00:19:53.903730Z - 2025-08-01T00:20:53.903730Z,,,,,,,2025-08-01T00:19:58.903730Z,,2025-08-01T00:20:06.216960Z,
HE.MEF.00.BHZ | 2025-08-01T00:20:10.970320Z - 2025-08-01T00:21:10.970320Z,,,,,,,2025-08-01T00:20:15.970320Z,,2025-08-01T00:20:35.513370Z,
HE.NUR.00.SHZ | 2025-08-01T00:20:08.189240Z - 2025-08-01T00:21:08.189240Z,,,,,,,2025-08-01T00:20:13.189240Z,,2025-08-01T00:20:31.097090Z,
HE.PVF.00.CZ | 2025-08-01T00:19:57.696970Z - 2025-08-01T00:20:57.696970Z,,,,,,,2025-08-01T00:20:02.696970Z,,2025-08-01T00:20:12.868400Z,
HE.RSUO.00.BHZ | 2025-08-01T00:20:06.617850Z - 2025-08-01T00:21:06.617850Z,,,,,,,2025-08-01T00:20:11.617850Z,,2025-08-01T00:20:28.100980Z,
HE.RUF.00.BHZ | 2025-08-01T00:20:05.515630Z - 2025-08-01T00:21:05.515630Z,,,,,,,2025-08-01T00:20:10.515630Z,,2025-08-01T00:20:27.191740Z,
HE.SUF.00.BHZ | 2025-08-01T00:20:24.523650Z - 2025-08-01T00:21:24.523650Z,,,,,,,2025-08-01T00:20:29.523650Z,,2025-08-01T00:20:59.740400Z,
HE.TRE03.00.CZ | 2025-08-01T00:20:18.658190Z - 2025-08-01T00:21:18.658190Z,,,,,,,2025-08-01T00:20:23.658190Z,,2025-08-01T00:20:49.544820Z,
HE.TVF.00.BHZ | 2025-08-01T00:20:20.710220Z - 2025-08-01T00:21:20.710220Z,,,,,,,2025-08-01T00:20:25.710220Z,,2025-08-01T00:20:54.293450Z,
HE.VJF.00.?HZ | 2025-08-01T00:19:45.814350Z - 2025-08-01T00:20:45.814350Z,,,,,,,2025-08-01T00:19:50.814350Z,,2025-08-01T00:19:52.479340Z,
HE.FIA0.00.?HZ | 2025-08-03T17:11:16.632730Z - 2025-08-03T17:12:16.632730Z,,,,,,,2025-08-03T17:11:21.632730Z,,2025-08-03T17:11:38.232580Z,
HE.FIA1.00.?HE | 2025-08-03T17:11:16.823820Z - 2025-08-03T17:12:16.823820Z,,,,,,,,,2025-08-03T17:11:38.473110Z,
HE.FIA1.00.?HZ | 2025-08-03T17:11:16.823820Z - 2025-08-03T17:12:16.823820Z,,,,,,,2025-08-03T17:11:21.823820Z,,,
HE.KAF.00.?HZ | 2025-08-03T17:11:49.963380Z - 2025-08-03T17:12:49.963380Z,,,,,,,,,2025-08-03T17:11:54.963380Z,
HE.KEF.00.?HZ | 2025-08-03T17:12:00.697200Z - 2025-08-03T17:13:00.697200Z,,,,,,,,,2025-08-03T17:12:05.697200Z,
HE.KY02.00.CZ | 2025-08-03T17:11:06.254490Z - 2025-08-03T17:12:06.254490Z,,,,,,,2025-08-03T17:11:11.254490Z,,2025-08-03T17:11:19.638380Z,
HE.KY17.00.CZ | 2025-08-03T17:11:04.478390Z - 2025-08-03T17:12:04.478390Z,,,,,,,2025-08-03T17:11:09.478390Z,,,
HE.LOVF.00.CZ | 2025-08-03T17:11:05.085110Z - 2025-08-03T17:12:05.085110Z,,,,,,,2025-08-03T17:11:10.085110Z,,2025-08-03T17:11:17.219060Z,
HE.MEF.00.BHZ | 2025-08-03T17:11:42.120340Z - 2025-08-03T17:12:42.120340Z,,,,,,,,,2025-08-03T17:11:47.120340Z,
HE.PVF.00.CZ | 2025-08-03T17:11:08.899430Z - 2025-08-03T17:12:08.899430Z,,,,,,,2025-08-03T17:11:13.899430Z,,2025-08-03T17:11:24.678380Z,
HE.RUF.00.BHZ | 2025-08-03T17:11:32.875090Z - 2025-08-03T17:12:32.875090Z,,,,,,,,,2025-08-03T17:11:37.875090Z,
HE.TRE03.00.CZ | 2025-08-03T17:11:56.075220Z - 2025-08-03T17:12:56.075220Z,,,,,,,,,2025-08-03T17:12:01.075220Z,
HE.TVF.00.BHN | 2025-08-03T17:12:00.135120Z - 2025-08-03T17:13:00.135120Z,,,,,,,,,2025-08-03T17:12:05.135120Z,
HE.VJF.00.?HZ | 2025-08-03T17:10:57.024740Z - 2025-08-03T17:11:57.024740Z,,,,,,,2025-08-03T17:11:02.024740Z,,2025-08-03T17:11:03.796540Z,
FN.KMNF.00.?HZ | 2025-08-02T20:36:52.504610Z - 2025-08-02T20:37:52.504610Z,,,,,,,,,2025-08-02T20:36:57.504610Z,
FN.MSF.00.BHZ | 2025-08-02T20:35:43.822420Z - 2025-08-02T20:36:43.822420Z,,,,,,,2025-08-02T20:35:48.822420Z,,2025-08-02T20:36:07.614520Z,
FN.OLKF.00.BHZ | 2025-08-02T20:35:40.359650Z - 2025-08-02T20:36:40.359650Z,,,,,,,2025-08-02T20:35:45.359650Z,,2025-08-02T20:36:00.499230Z,
FN.OUL.00.BHZ | 2025-08-02T20:36:46.612810Z - 2025-08-02T20:37:46.612810Z,,,,,,,,,2025-08-02T20:36:51.612810Z,
FN.RAJF.00.?HZ | 2025-08-02T20:36:32.025680Z - 2025-08-02T20:37:32.025680Z,,,,,,,,,2025-08-02T20:36:37.025680Z,
FN.RANF.00.?HZ | 2025-08-02T20:36:27.338530Z - 2025-08-02T20:37:27.338530Z,,,,,,,,,2025-08-02T20:36:32.338530Z,
FN.RNF.00.BHZ | 2025-08-02T20:36:00.526980Z - 2025-08-02T20:37:00.526980Z,,,,,,,2025-08-02T20:36:05.526980Z,,2025-08-02T20:36:39.518160Z,
FN.SGF.00.BHZ | 2025-08-02T20:36:33.859950Z - 2025-08-02T20:37:33.859950Z,,,,,,,,,2025-08-02T20:36:38.859950Z,
HE.KEV.00.?HZ | 2025-08-02T20:37:04.053300Z - 2025-08-02T20:38:04.053300Z,,,,,,,,,2025-08-02T20:37:09.053300Z,
HE.KJNF.00.CZ | 2025-08-02T20:36:40.494680Z - 2025-08-02T20:37:40.494680Z,,,,,,,,,2025-08-02T20:36:45.494680Z,
HE.KU1.00.SHZ | 2025-08-02T20:35:43.840810Z - 2025-08-02T20:36:43.840810Z,,,,,,,2025-08-02T20:35:48.840810Z,,2025-08-02T20:36:06.886640Z,
HE.KU2.00.SHZ | 2025-08-02T20:36:13.279490Z - 2025-08-02T20:37:13.279490Z,,,,,,,,,2025-08-02T20:36:18.279490Z,
HE.KU6.00.BHZ | 2025-08-02T20:35:37.658760Z - 2025-08-02T20:36:37.658760Z,,,,,,,2025-08-02T20:35:42.658760Z,,2025-08-02T20:35:56.694340Z,
HE.RMF.00.BHZ | 2025-08-02T20:36:29.966550Z - 2025-08-02T20:37:29.966550Z,,,,,,,,,2025-08-02T20:36:34.966550Z,
HE.VRF.00.BHZ | 2025-08-02T20:35:49.053570Z - 2025-08-02T20:36:49.053570Z,,,,,,,2025-08-02T20:35:54.053570Z,,2025-08-02T20:36:16.294030Z,
HE.ECKF.00.CZ | 2025-08-06T13:24:21.819600Z - 2025-08-06T13:25:21.819600Z,,,,,,,2025-08-06T13:24:26.819600Z,,2025-08-06T13:24:50.966420Z,
HE.KORF.00.CZ | 2025-08-06T13:25:01.866910Z - 2025-08-06T13:26:01.866910Z,,,,,,,,,2025-08-06T13:25:06.866910Z,
HE.KPF.00.BHZ | 2025-08-06T13:24:23.475380Z - 2025-08-06T13:25:23.475380Z,,,,,,,2025-08-06T13:24:28.475380Z,,2025-08-06T13:24:53.864030Z,
HE.RAF.00.BHZ | 2025-08-06T13:24:25.269140Z - 2025-08-06T13:25:25.269140Z,,,,,,,2025-08-06T13:24:30.269140Z,,2025-08-06T13:24:56.901050Z,
HE.VAF.00.BHZ | 2025-08-06T13:24:31.064380Z - 2025-08-06T13:25:31.064380Z,,,,,,,2025-08-06T13:24:36.064380Z,,2025-08-06T13:25:07.562200Z,
UP.AAL.00.BHZ | 2025-08-06T13:24:24.321120Z - 2025-08-06T13:25:24.321120Z,,,,,,,2025-08-06T13:24:29.321120Z,,2025-08-06T13:24:56.485690Z,
HE.ECKF.00.CZ | 2025-08-11T20:58:48.507960Z - 2025-08-11T20:59:48.507960Z,,,,,,,2025-08-11T20:58:53.507960Z,,2025-08-11T20:59:10.017730Z,
HE.HEL5.00.BHZ | 2025-08-11T20:59:01.304260Z - 2025-08-11T21:00:01.304260Z,,,,,,,2025-08-11T20:59:06.304260Z,,2025-08-11T20:59:32.513430Z,
HE.KEF.00.?HZ | 2025-08-11T20:59:02.148670Z - 2025-08-11T21:00:02.148670Z,,,,,,,2025-08-11T20:59:07.148670Z,,2025-08-11T20:59:32.480950Z,
HE.KORF.00.CZ | 2025-08-11T20:58:44.985230Z - 2025-08-11T20:59:44.985230Z,,,,,,,2025-08-11T20:58:49.985230Z,,2025-08-11T20:59:03.362620Z,
HE.KPF.00.BHZ | 2025-08-11T20:58:40.719270Z - 2025-08-11T20:59:40.719270Z,,,,,,,2025-08-11T20:58:45.719270Z,,2025-08-11T20:58:55.767040Z,
HE.KUNI.00.BHZ | 2025-08-11T20:59:01.304260Z - 2025-08-11T21:00:01.304260Z,,,,,,,2025-08-11T20:59:06.304260Z,,2025-08-11T20:59:32.123700Z,
HE.MEF.00.BHZ | 2025-08-11T20:58:57.894140Z - 2025-08-11T20:59:57.894140Z,,,,,,,2025-08-11T20:59:02.894140Z,,2025-08-11T20:59:26.050450Z,
HE.NUR.00.SHZ | 2025-08-11T20:58:57.569370Z - 2025-08-11T20:59:57.569370Z,,,,,,,2025-08-11T20:59:02.569370Z,,2025-08-11T20:59:25.530810Z,
HE.RAF.00.BHZ | 2025-08-11T20:58:30.482080Z - 2025-08-11T20:59:30.482080Z,,,,,,,2025-08-11T20:58:35.482080Z,,2025-08-11T20:58:38.666340Z,
HE.TRE03.00.CZ | 2025-08-11T20:58:53.134850Z - 2025-08-11T20:59:53.134850Z,,,,,,,2025-08-11T20:58:58.134850Z,,2025-08-11T20:59:17.342320Z,
HE.TVF.00.BHZ | 2025-08-11T20:58:55.321580Z - 2025-08-11T20:59:55.321580Z,,,,,,,2025-08-11T20:59:00.321580Z,,2025-08-11T20:59:21.129130Z,
HE.VAF.00.BHZ | 2025-08-11T20:59:02.542530Z - 2025-08-11T21:00:02.542530Z,,,,,,,2025-08-11T20:59:07.542530Z,,,
UP.AAL.00.BHZ | 2025-08-11T20:58:47.002300Z - 2025-08-11T20:59:47.002300Z,,,,,,,2025-08-11T20:58:52.002300Z,,2025-08-11T20:59:07.430170Z,
HE.FIA0.00.?HZ | 2025-08-13T15:06:37.369260Z - 2025-08-13T15:07:37.369260Z,,,,,,,2025-08-13T15:06:42.369260Z,,2025-08-13T15:06:51.914360Z,
HE.FIA1.00.?HZ | 2025-08-13T15:06:37.464440Z - 2025-08-13T15:07:37.464440Z,,,,,,,2025-08-13T15:06:42.464440Z,,2025-08-13T15:06:51.914360Z,
HE.HEL1.00.BHZ | 2025-08-13T15:07:01.539940Z - 2025-08-13T15:08:01.539940Z,,,,,,,,,2025-08-13T15:07:06.539940Z,
HE.KAF.00.?HZ | 2025-08-13T15:07:04.416860Z - 2025-08-13T15:08:04.416860Z,,,,,,,,,2025-08-13T15:07:09.416860Z,
HE.KEF.00.?HZ | 2025-08-13T15:06:53.792560Z - 2025-08-13T15:07:53.792560Z,,,,,,,2025-08-13T15:06:58.792560Z,,2025-08-13T15:07:20.158030Z,
HE.KPF.00.BHZ | 2025-08-13T15:07:42.338690Z - 2025-08-13T15:08:42.338690Z,,,,,,,,,2025-08-13T15:07:47.338690Z,
HE.KUNI.00.BHZ | 2025-08-13T15:06:44.936950Z - 2025-08-13T15:07:44.936950Z,,,,,,,2025-08-13T15:06:49.936950Z,,2025-08-13T15:07:04.532020Z,
HE.KY02.00.CZ | 2025-08-13T15:06:26.407650Z - 2025-08-13T15:07:26.407650Z,,,,,,,2025-08-13T15:06:31.407650Z,,2025-08-13T15:06:33.347800Z,
HE.KY17.00.CZ | 2025-08-13T15:06:25.591590Z - 2025-08-13T15:07:25.591590Z,,,,,,,2025-08-13T15:06:30.591590Z,,2025-08-13T15:06:31.963360Z,
HE.LAUT.00.BHZ | 2025-08-13T15:07:02.612410Z - 2025-08-13T15:08:02.612410Z,,,,,,,,,2025-08-13T15:07:07.612410Z,
HE.LOVF.00.CZ | 2025-08-13T15:06:33.449190Z - 2025-08-13T15:07:33.449190Z,,,,,,,2025-08-13T15:06:38.449190Z,,2025-08-13T15:06:45.391700Z,
HE.MEF.00.BHZ | 2025-08-13T15:06:48.836770Z - 2025-08-13T15:07:48.836770Z,,,,,,,2025-08-13T15:06:53.836770Z,,2025-08-13T15:07:12.204430Z,
HE.NUR.00.SHZ | 2025-08-13T15:06:45.322750Z - 2025-08-13T15:07:45.322750Z,,,,,,,2025-08-13T15:06:50.322750Z,,2025-08-13T15:07:05.135100Z,
HE.PVF.00.CZ | 2025-08-13T15:06:35.162640Z - 2025-08-13T15:07:35.162640Z,,,,,,,2025-08-13T15:06:40.162640Z,,2025-08-13T15:06:48.319410Z,
HE.RAF.00.BHZ | 2025-08-13T15:07:41.725950Z - 2025-08-13T15:08:41.725950Z,,,,,,,,,2025-08-13T15:07:46.725950Z,
HE.RUF.00.BHZ | 2025-08-13T15:06:44.194810Z - 2025-08-13T15:07:44.194810Z,,,,,,,2025-08-13T15:06:49.194810Z,,2025-08-13T15:07:03.550360Z,
HE.SUF.00.BHZ | 2025-08-13T15:07:22.156470Z - 2025-08-13T15:08:22.156470Z,,,,,,,,,2025-08-13T15:07:27.156470Z,
HE.TVF.00.BHZ | 2025-08-13T15:07:27.300840Z - 2025-08-13T15:08:27.300840Z,,,,,,,,,2025-08-13T15:07:32.300840Z,
HE.VJF.00.?HZ | 2025-08-13T15:06:31.631820Z - 2025-08-13T15:07:31.631820Z,,,,,,,2025-08-13T15:06:36.631820Z,,2025-08-13T15:06:42.424690Z,
HE.FIA0.00.?HZ | 2025-08-13T15:18:40.500610Z - 2025-08-13T15:19:40.500610Z,,,,,,,2025-08-13T15:18:45.500610Z,,2025-08-13T15:18:55.159620Z,
HE.FIA1.00.?HZ | 2025-08-13T15:18:40.581530Z - 2025-08-13T15:19:40.581530Z,,,,,,,2025-08-13T15:18:45.581530Z,,2025-08-13T15:18:55.023830Z,
HE.KAF.00.?HZ | 2025-08-13T15:19:07.445490Z - 2025-08-13T15:20:07.445490Z,,,,,,,,,2025-08-13T15:19:12.445490Z,
HE.KEF.00.?HZ | 2025-08-13T15:19:18.809730Z - 2025-08-13T15:20:18.809730Z,,,,,,,,,2025-08-13T15:19:23.809730Z,
HE.KY02.00.CZ | 2025-08-13T15:18:29.606310Z - 2025-08-13T15:19:29.606310Z,,,,,,,2025-08-13T15:18:34.606310Z,,,
HE.KY17.00.CZ | 2025-08-13T15:18:28.791540Z - 2025-08-13T15:19:28.791540Z,,,,,,,2025-08-13T15:18:33.791540Z,,2025-08-13T15:18:35.162270Z,
HE.LOVF.00.CZ | 2025-08-13T15:18:36.767380Z - 2025-08-13T15:19:36.767380Z,,,,,,,2025-08-13T15:18:41.767380Z,,2025-08-13T15:18:48.545710Z,
HE.MEF.00.BHZ | 2025-08-13T15:19:10.872650Z - 2025-08-13T15:20:10.872650Z,,,,,,,,,2025-08-13T15:19:15.872650Z,
HE.PVF.00.CZ | 2025-08-13T15:18:38.404020Z - 2025-08-13T15:19:38.404020Z,,,,,,,2025-08-13T15:18:43.404020Z,,2025-08-13T15:18:51.492100Z,
HE.SUF.00.BHZ | 2025-08-13T15:19:26.106290Z - 2025-08-13T15:20:26.106290Z,,,,,,,,,2025-08-13T15:19:31.106290Z,
HE.VJF.00.?HZ | 2025-08-13T15:18:34.780180Z - 2025-08-13T15:19:34.780180Z,,,,,,,2025-08-13T15:18:39.780180Z,,2025-08-13T15:18:45.122810Z,
HE.FIA0.00.?HZ | 2025-08-13T15:22:30.720310Z - 2025-08-13T15:23:30.720310Z,,,,,,,2025-08-13T15:22:35.720310Z,,2025-08-13T15:22:45.110050Z,
HE.FIA1.00.?HZ | 2025-08-13T15:22:30.709910Z - 2025-08-13T15:23:30.709910Z,,,,,,,2025-08-13T15:22:35.709910Z,,2025-08-13T15:22:45.262260Z,
HE.HEL5.00.BHZ | 2025-08-13T15:22:40.782920Z - 2025-08-13T15:23:40.782920Z,,,,,,,2025-08-13T15:22:45.782920Z,,,
HE.KAF.00.?HZ | 2025-08-13T15:22:57.940660Z - 2025-08-13T15:23:57.940660Z,,,,,,,,,2025-08-13T15:23:02.940660Z,
HE.KEF.00.?HZ | 2025-08-13T15:22:47.028990Z - 2025-08-13T15:23:47.028990Z,,,,,,,2025-08-13T15:22:52.028990Z,,2025-08-13T15:23:13.055540Z,
HE.KPF.00.BHZ | 2025-08-13T15:23:01.391550Z - 2025-08-13T15:24:01.391550Z,,,,,,,2025-08-13T15:23:06.391550Z,,2025-08-13T15:23:38.643370Z,
HE.KY02.00.CZ | 2025-08-13T15:22:19.763340Z - 2025-08-13T15:23:19.763340Z,,,,,,,2025-08-13T15:22:24.763340Z,,2025-08-13T15:22:26.699050Z,
HE.KY17.00.CZ | 2025-08-13T15:22:18.935750Z - 2025-08-13T15:23:18.935750Z,,,,,,,2025-08-13T15:22:23.935750Z,,2025-08-13T15:22:25.259610Z,
HE.LOVF.00.CZ | 2025-08-13T15:22:26.823190Z - 2025-08-13T15:23:26.823190Z,,,,,,,2025-08-13T15:22:31.823190Z,,2025-08-13T15:22:38.765770Z,
HE.NIF.00.BHZ | 2025-08-13T15:23:34.579000Z - 2025-08-13T15:24:34.579000Z,,,,,,,,,2025-08-13T15:23:39.579000Z,
HE.NUR.00.SHZ | 2025-08-13T15:22:38.700780Z - 2025-08-13T15:23:38.700780Z,,,,,,,2025-08-13T15:22:43.700780Z,,2025-08-13T15:22:58.675860Z,
HE.PVF.00.CN | 2025-08-13T15:22:28.563760Z - 2025-08-13T15:23:28.563760Z,,,,,,,2025-08-13T15:22:33.563760Z,,,
HE.PVF.00.CZ | 2025-08-13T15:22:28.563760Z - 2025-08-13T15:23:28.563760Z,,,,,,,,,2025-08-13T15:22:41.665260Z,
HE.RAF.00.BHZ | 2025-08-13T15:23:00.928710Z - 2025-08-13T15:24:00.928710Z,,,,,,,2025-08-13T15:23:05.928710Z,,2025-08-13T15:23:39.406050Z,
HE.RUF.00.BHZ | 2025-08-13T15:22:37.526560Z - 2025-08-13T15:23:37.526560Z,,,,,,,2025-08-13T15:22:42.526560Z,,2025-08-13T15:22:56.265510Z,
HE.SUF.00.BHZ | 2025-08-13T15:23:16.643040Z - 2025-08-13T15:24:16.643040Z,,,,,,,,,2025-08-13T15:23:21.643040Z,
HE.TRE03.00.CZ | 2025-08-13T15:22:45.162220Z - 2025-08-13T15:23:45.162220Z,,,,,,,2025-08-13T15:22:50.162220Z,,2025-08-13T15:23:09.540590Z,
HE.TVF.00.BHZ | 2025-08-13T15:23:21.494040Z - 2025-08-13T15:24:21.494040Z,,,,,,,,,2025-08-13T15:23:26.494040Z,
HE.VJF.00.?HZ | 2025-08-13T15:22:24.914830Z - 2025-08-13T15:23:24.914830Z,,,,,,,2025-08-13T15:22:29.914830Z,,2025-08-13T15:22:35.494700Z,
HE.FIA0.00.?HZ | 2025-08-13T15:25:49.181590Z - 2025-08-13T15:26:49.181590Z,,,,,,,2025-08-13T15:25:54.181590Z,,2025-08-13T15:26:03.418160Z,
HE.FIA1.00.?HZ | 2025-08-13T15:25:49.322820Z - 2025-08-13T15:26:49.322820Z,,,,,,,2025-08-13T15:25:54.322820Z,,2025-08-13T15:26:03.366620Z,
HE.KY02.00.CZ | 2025-08-13T15:25:38.360530Z - 2025-08-13T15:26:38.360530Z,,,,,,,2025-08-13T15:25:43.360530Z,,2025-08-13T15:25:45.251230Z,
HE.KY17.00.CZ | 2025-08-13T15:25:37.541220Z - 2025-08-13T15:26:37.541220Z,,,,,,,2025-08-13T15:25:42.541220Z,,2025-08-13T15:25:43.903250Z,
HE.LOVF.00.CZ | 2025-08-13T15:25:52.315950Z - 2025-08-13T15:26:52.315950Z,,,,,,,,,2025-08-13T15:25:57.315950Z,
HE.PVF.00.CN | 2025-08-13T15:25:47.230240Z - 2025-08-13T15:26:47.230240Z,,,,,,,,,2025-08-13T15:26:00.128260Z,
HE.PVF.00.CZ | 2025-08-13T15:25:47.230240Z - 2025-08-13T15:26:47.230240Z,,,,,,,2025-08-13T15:25:52.230240Z,,,
HE.VJF.00.?HZ | 2025-08-13T15:25:43.566440Z - 2025-08-13T15:26:43.566440Z,,,,,,,2025-08-13T15:25:48.566440Z,,2025-08-13T15:25:53.848040Z,
HE.FIA0.00.?HZ | 2025-08-13T15:18:04.192370Z - 2025-08-13T15:19:04.192370Z,,,,,,,2025-08-13T15:18:09.192370Z,,2025-08-13T15:18:18.208480Z,
HE.FIA1.00.?HZ | 2025-08-13T15:18:04.251500Z - 2025-08-13T15:19:04.251500Z,,,,,,,2025-08-13T15:18:09.251500Z,,2025-08-13T15:18:18.156790Z,
HE.KY02.00.CZ | 2025-08-13T15:17:53.300120Z - 2025-08-13T15:18:53.300120Z,,,,,,,2025-08-13T15:17:58.300120Z,,2025-08-13T15:18:00.257540Z,
HE.KY17.00.CZ | 2025-08-13T15:17:52.488580Z - 2025-08-13T15:18:52.488580Z,,,,,,,2025-08-13T15:17:57.488580Z,,2025-08-13T15:17:58.834800Z,
HE.LOVF.00.CZ | 2025-08-13T15:18:00.516540Z - 2025-08-13T15:19:00.516540Z,,,,,,,2025-08-13T15:18:05.516540Z,,2025-08-13T15:18:12.263510Z,
HE.PVF.00.CZ | 2025-08-13T15:18:02.083630Z - 2025-08-13T15:19:02.083630Z,,,,,,,2025-08-13T15:18:07.083630Z,,2025-08-13T15:18:15.201100Z,
HE.VJF.00.?HZ | 2025-08-13T15:17:58.427410Z - 2025-08-13T15:18:58.427410Z,,,,,,,2025-08-13T15:18:03.427410Z,,2025-08-13T15:18:08.837510Z,
HE.FIA0.00.?HZ | 2025-08-13T10:40:28.046570Z - 2025-08-13T10:41:28.046570Z,,,,,,,2025-08-13T10:40:33.046570Z,,2025-08-13T10:40:49.981390Z,
HE.FIA1.00.?HZ | 2025-08-13T10:40:28.494120Z - 2025-08-13T10:41:28.494120Z,,,,,,,2025-08-13T10:40:33.494120Z,,2025-08-13T10:40:50.047790Z,
HE.KAF.00.?HZ | 2025-08-13T10:40:32.512560Z - 2025-08-13T10:41:32.512560Z,,,,,,,2025-08-13T10:40:37.512560Z,,2025-08-13T10:40:57.059190Z,
HE.KY02.00.CZ | 2025-08-13T10:40:21.717840Z - 2025-08-13T10:41:21.717840Z,,,,,,,2025-08-13T10:40:26.717840Z,,2025-08-13T10:40:40.099550Z,
HE.KY17.00.CZ | 2025-08-13T10:40:19.514960Z - 2025-08-13T10:41:19.514960Z,,,,,,,2025-08-13T10:40:24.514960Z,,2025-08-13T10:40:36.026770Z,
HE.LOVF.00.CZ | 2025-08-13T10:40:46.958750Z - 2025-08-13T10:41:46.958750Z,,,,,,,,,2025-08-13T10:40:51.958750Z,
HE.PVF.00.CZ | 2025-08-13T10:40:31.166520Z - 2025-08-13T10:41:31.166520Z,,,,,,,2025-08-13T10:40:36.166520Z,,2025-08-13T10:40:56.401640Z,
HE.RUF.00.BHZ | 2025-08-13T10:40:11.457090Z - 2025-08-13T10:41:11.457090Z,,,,,,,2025-08-13T10:40:16.457090Z,,2025-08-13T10:40:20.676050Z,
HE.SUF.00.BHZ | 2025-08-13T10:40:41.127460Z - 2025-08-13T10:41:41.127460Z,,,,,,,2025-08-13T10:40:46.127460Z,,2025-08-13T10:41:11.106160Z,
HE.VJF.00.?HZ | 2025-08-13T10:40:19.473570Z - 2025-08-13T10:41:19.473570Z,,,,,,,2025-08-13T10:40:24.473570Z,,2025-08-13T10:40:35.422330Z,
FN.KLF.00.BHZ | 2025-08-17T03:15:33.396350Z - 2025-08-17T03:16:33.396350Z,,,,,,,2025-08-17T03:15:38.396350Z,,2025-08-17T03:16:06.609250Z,
FN.KMNF.00.?HZ | 2025-08-17T03:16:54.079560Z - 2025-08-17T03:17:54.079560Z,,,,,,,,,2025-08-17T03:16:59.079560Z,
FN.MSF.00.BHZ | 2025-08-17T03:16:24.174590Z - 2025-08-17T03:17:24.174590Z,,,,,,,,,2025-08-17T03:16:29.174590Z,
FN.OUL.00.BHZ | 2025-08-17T03:15:26.878380Z - 2025-08-17T03:16:26.878380Z,,,,,,,2025-08-17T03:15:31.878380Z,,2025-08-17T03:15:55.853190Z,
FN.RANF.00.?HZ | 2025-08-17T03:15:33.573290Z - 2025-08-17T03:16:33.573290Z,,,,,,,2025-08-17T03:15:38.573290Z,,2025-08-17T03:16:08.266500Z,
FN.RNF.00.BHZ | 2025-08-17T03:16:08.166800Z - 2025-08-17T03:17:08.166800Z,,,,,,,,,2025-08-17T03:16:13.166800Z,
FN.SGF.00.BHZ | 2025-08-17T03:16:19.337360Z - 2025-08-17T03:17:19.337360Z,,,,,,,,,2025-08-17T03:16:24.337360Z,
HE.FIA1.00.?HZ | 2025-08-17T03:16:45.453340Z - 2025-08-17T03:17:45.453340Z,,,,,,,,,2025-08-17T03:16:50.453340Z,
HE.HEF.00.BHZ | 2025-08-17T03:16:25.887450Z - 2025-08-17T03:17:25.887450Z,,,,,,,,,2025-08-17T03:16:30.887450Z,
HE.JOF.00.BHN | 2025-08-17T03:17:01.587660Z - 2025-08-17T03:18:01.587660Z,,,,,,,,,2025-08-17T03:17:06.587660Z,
HE.KAF.00.?HZ | 2025-08-17T03:16:33.952280Z - 2025-08-17T03:17:33.952280Z,,,,,,,,,2025-08-17T03:16:38.952280Z,
HE.KEF.00.?HZ | 2025-08-17T03:15:46.928000Z - 2025-08-17T03:16:46.928000Z,,,,,,,2025-08-17T03:15:51.928000Z,,2025-08-17T03:16:29.347080Z,
HE.KJNF.00.CZ | 2025-08-17T03:15:39.090100Z - 2025-08-17T03:16:39.090100Z,,,,,,,2025-08-17T03:15:44.090100Z,,2025-08-17T03:16:16.878610Z,
HE.KPF.00.BHZ | 2025-08-17T03:15:46.503010Z - 2025-08-17T03:16:46.503010Z,,,,,,,2025-08-17T03:15:51.503010Z,,2025-08-17T03:16:28.659110Z,
HE.KU1.00.SHZ | 2025-08-17T03:15:47.938890Z - 2025-08-17T03:16:47.938890Z,,,,,,,2025-08-17T03:15:52.938890Z,,2025-08-17T03:16:32.934820Z,
HE.KU2.00.SHZ | 2025-08-17T03:16:15.141250Z - 2025-08-17T03:17:15.141250Z,,,,,,,,,2025-08-17T03:16:20.141250Z,
HE.KU6.00.BHZ | 2025-08-17T03:16:32.251110Z - 2025-08-17T03:17:32.251110Z,,,,,,,,,2025-08-17T03:16:37.251110Z,
HE.NIF.00.BHZ | 2025-08-17T03:15:46.193880Z - 2025-08-17T03:16:46.193880Z,,,,,,,2025-08-17T03:15:51.193880Z,,,
HE.OBF0.00.BHZ | 2025-08-17T03:15:19.557560Z - 2025-08-17T03:16:19.557560Z,,,,,,,2025-08-17T03:15:24.557560Z,,2025-08-17T03:15:42.827190Z,
HE.OBF3.00.BHZ | 2025-08-17T03:15:20.702520Z - 2025-08-17T03:16:20.702520Z,,,,,,,2025-08-17T03:15:25.702520Z,,2025-08-17T03:15:44.862680Z,
HE.OBF8.00.BHZ | 2025-08-17T03:15:32.499100Z - 2025-08-17T03:16:32.499100Z,,,,,,,,,2025-08-17T03:15:37.499100Z,
HE.OUF.00.BHZ | 2025-08-17T03:15:44.946230Z - 2025-08-17T03:16:44.946230Z,,,,,,,,,2025-08-17T03:15:49.946230Z,
HE.RMF.00.BHN | 2025-08-17T03:16:35.392510Z - 2025-08-17T03:17:35.392510Z,,,,,,,,,2025-08-17T03:16:40.392510Z,
HE.SUF.00.BHZ | 2025-08-17T03:15:45.097150Z - 2025-08-17T03:16:45.097150Z,,,,,,,2025-08-17T03:15:50.097150Z,,2025-08-17T03:16:26.059700Z,
HE.TOF.00.BHZ | 2025-08-17T03:15:22.565080Z - 2025-08-17T03:16:22.565080Z,,,,,,,2025-08-17T03:15:27.565080Z,,2025-08-17T03:15:48.247190Z,
HE.VAF.00.BHZ | 2025-08-17T03:15:30.707380Z - 2025-08-17T03:16:30.707380Z,,,,,,,2025-08-17T03:15:35.707380Z,,2025-08-17T03:16:00.988180Z,
HE.FIA0.00.?HZ | 2025-08-17T04:59:45.693780Z - 2025-08-17T05:00:45.693780Z,,,,,,,,,2025-08-17T04:59:50.693780Z,
HE.FIA1.00.?HZ | 2025-08-17T04:59:45.833510Z - 2025-08-17T05:00:45.833510Z,,,,,,,,,2025-08-17T04:59:50.833510Z,
HE.KEF.00.?HZ | 2025-08-17T04:59:46.907290Z - 2025-08-17T05:00:46.907290Z,,,,,,,,,2025-08-17T04:59:51.907290Z,
HE.KORF.00.CZ | 2025-08-17T04:58:29.865470Z - 2025-08-17T04:59:29.865470Z,,,,,,,2025-08-17T04:58:34.865470Z,,2025-08-17T04:58:36.172850Z,
HE.KPF.00.BHZ | 2025-08-17T04:58:59.728410Z - 2025-08-17T04:59:59.728410Z,,,,,,,2025-08-17T04:59:04.728410Z,,2025-08-17T04:59:28.025150Z,
HE.LAUT.00.BHZ | 2025-08-17T04:59:18.970980Z - 2025-08-17T05:00:18.970980Z,,,,,,,,,2025-08-17T04:59:23.970980Z,
HE.MEF.00.BHZ | 2025-08-17T04:58:52.901090Z - 2025-08-17T04:59:52.901090Z,,,,,,,2025-08-17T04:58:57.901090Z,,2025-08-17T04:59:15.291780Z,
HE.NUR.00.SHZ | 2025-08-17T04:58:55.887010Z - 2025-08-17T04:59:55.887010Z,,,,,,,2025-08-17T04:59:00.887010Z,,2025-08-17T04:59:20.671660Z,
HE.PVF.00.CZ | 2025-08-17T04:59:32.369050Z - 2025-08-17T05:00:32.369050Z,,,,,,,,,2025-08-17T04:59:37.369050Z,
HE.RAF.00.BHZ | 2025-08-17T04:58:45.049500Z - 2025-08-17T04:59:45.049500Z,,,,,,,2025-08-17T04:58:50.049500Z,,2025-08-17T04:59:02.366760Z,
HE.TRE03.00.CZ | 2025-08-17T04:59:03.253730Z - 2025-08-17T05:00:03.253730Z,,,,,,,2025-08-17T04:59:08.253730Z,,2025-08-17T04:59:33.462360Z,
HE.TVF.00.BHZ | 2025-08-17T04:58:43.604260Z - 2025-08-17T04:59:43.604260Z,,,,,,,2025-08-17T04:58:48.604260Z,,2025-08-17T04:58:58.705580Z,
UP.AAL.00.BHZ | 2025-08-17T04:58:43.944300Z - 2025-08-17T04:59:43.944300Z,,,,,,,2025-08-17T04:58:48.944300Z,,2025-08-17T04:58:59.557860Z,
FN.MSF.00.BHZ | 2025-08-13T06:08:06.386190Z - 2025-08-13T06:09:06.386190Z,,,,,,,,,2025-08-13T06:08:11.386190Z,
FN.OLKF.00.BHZ | 2025-08-13T06:08:00.248640Z - 2025-08-13T06:09:00.248640Z,,,,,,,2025-08-13T06:08:05.248640Z,,2025-08-13T06:08:09.148160Z,
HE.KU1.00.SHZ | 2025-08-13T06:08:04.529750Z - 2025-08-13T06:09:04.529750Z,,,,,,,2025-08-13T06:08:09.529750Z,,2025-08-13T06:08:16.204940Z,
HE.KU2.00.SHZ | 2025-08-13T06:08:06.923840Z - 2025-08-13T06:09:06.923840Z,,,,,,,2025-08-13T06:08:11.923840Z,,2025-08-13T06:08:21.401260Z,
HE.KU6.00.BHZ | 2025-08-13T06:07:58.210000Z - 2025-08-13T06:08:58.210000Z,,,,,,,2025-08-13T06:08:03.211340Z,,2025-08-13T06:08:06.193970Z,
FN.MSF.00.BHZ | 2025-08-18T08:06:02.940040Z - 2025-08-18T08:07:02.940040Z,,,,,,,2025-08-18T08:06:07.940040Z,,2025-08-18T08:06:11.692960Z,
FN.OLKF.00.BHZ | 2025-08-18T08:06:08.158630Z - 2025-08-18T08:07:08.158630Z,,,,,,,2025-08-18T08:06:13.158630Z,,2025-08-18T08:06:20.441720Z,
FN.RANF.00.?HZ | 2025-08-18T08:06:17.029670Z - 2025-08-18T08:07:17.029670Z,,,,,,,2025-08-18T08:06:22.029670Z,,2025-08-18T08:06:35.499720Z,
HE.KU1.00.SHZ | 2025-08-18T08:06:03.484870Z - 2025-08-18T08:07:03.484870Z,,,,,,,2025-08-18T08:06:08.484870Z,,2025-08-18T08:06:12.603950Z,
HE.KU2.00.SHZ | 2025-08-18T08:06:06.887360Z - 2025-08-18T08:07:06.887360Z,,,,,,,2025-08-18T08:06:11.887360Z,,2025-08-18T08:06:18.285210Z,
HE.KU6.00.BHZ | 2025-08-18T08:06:04.849130Z - 2025-08-18T08:07:04.849130Z,,,,,,,2025-08-18T08:06:09.849130Z,,2025-08-18T08:06:15.038690Z,
HE.FIA0.00.?HZ | 2025-08-18T20:13:43.165190Z - 2025-08-18T20:14:43.165190Z,,,,,,,2025-08-18T20:13:48.165190Z,,2025-08-18T20:14:15.405350Z,
HE.FIA1.00.?HZ | 2025-08-18T20:13:43.133220Z - 2025-08-18T20:14:43.133220Z,,,,,,,2025-08-18T20:13:48.133220Z,,2025-08-18T20:14:15.342000Z,
HE.HEL1.00.BHZ | 2025-08-18T20:13:35.749780Z - 2025-08-18T20:14:35.749780Z,,,,,,,,,2025-08-18T20:13:40.749780Z,
HE.HEL5.00.BHZ | 2025-08-18T20:13:21.772100Z - 2025-08-18T20:14:21.772100Z,,,,,,,2025-08-18T20:13:26.772100Z,,2025-08-18T20:13:37.789670Z,
HE.KORF.00.CZ | 2025-08-18T20:13:20.506590Z - 2025-08-18T20:14:20.506590Z,,,,,,,2025-08-18T20:13:25.506590Z,,2025-08-18T20:13:35.314080Z,
HE.KPF.00.BHZ | 2025-08-18T20:13:41.224320Z - 2025-08-18T20:14:41.224320Z,,,,,,,2025-08-18T20:13:46.224320Z,,2025-08-18T20:14:10.986970Z,
HE.LOVF.00.CZ | 2025-08-18T20:13:36.636370Z - 2025-08-18T20:14:36.636370Z,,,,,,,2025-08-18T20:13:41.636370Z,,2025-08-18T20:14:02.432660Z,
HE.MEF.00.BHZ | 2025-08-18T20:13:19.290940Z - 2025-08-18T20:14:19.290940Z,,,,,,,2025-08-18T20:13:24.290940Z,,2025-08-18T20:13:33.856960Z,
HE.NUR.00.SHZ | 2025-08-18T20:13:23.796450Z - 2025-08-18T20:14:23.796450Z,,,,,,,2025-08-18T20:13:28.796450Z,,2025-08-18T20:13:42.073470Z,
HE.PVF.00.CZ | 2025-08-18T20:13:33.545200Z - 2025-08-18T20:14:33.545200Z,,,,,,,2025-08-18T20:13:38.545200Z,,2025-08-18T20:13:57.947600Z,
HE.RAF.00.BHZ | 2025-08-18T20:13:28.703820Z - 2025-08-18T20:14:28.703820Z,,,,,,,2025-08-18T20:13:33.703820Z,,2025-08-18T20:13:50.140100Z,
HE.TVF.00.BHZ | 2025-08-18T20:13:07.861150Z - 2025-08-18T20:14:07.861150Z,,,,,,,2025-08-18T20:13:12.861150Z,,2025-08-18T20:13:14.694870Z,
UP.AAL.00.BHZ | 2025-08-18T20:13:33.482640Z - 2025-08-18T20:14:33.482640Z,,,,,,,2025-08-18T20:13:38.482640Z,,2025-08-18T20:13:58.409700Z,
HE.FIA0.00.?HZ | 2025-08-20T13:06:52.477080Z - 2025-08-20T13:07:52.477080Z,,,,,,,,,2025-08-20T13:06:57.477080Z,
HE.FIA1.00.?HZ | 2025-08-20T13:06:52.477080Z - 2025-08-20T13:07:52.477080Z,,,,,,,,,2025-08-20T13:06:57.477080Z,
HE.KEF.00.?HZ | 2025-08-20T13:06:49.742720Z - 2025-08-20T13:07:49.742720Z,,,,,,,,,2025-08-20T13:06:54.742720Z,
HE.KORF.00.CZ | 2025-08-20T13:05:50.245570Z - 2025-08-20T13:06:50.245570Z,,,,,,,2025-08-20T13:05:55.245570Z,,2025-08-20T13:06:01.999990Z,
HE.KPF.00.BHZ | 2025-08-20T13:06:03.324170Z - 2025-08-20T13:07:03.324170Z,,,,,,,2025-08-20T13:06:08.324170Z,,2025-08-20T13:06:24.448810Z,
HE.PVF.00.CZ | 2025-08-20T13:06:47.292880Z - 2025-08-20T13:07:47.292880Z,,,,,,,,,2025-08-20T13:06:52.292880Z,
HE.RAF.00.BHZ | 2025-08-20T13:05:48.489980Z - 2025-08-20T13:06:48.489980Z,,,,,,,2025-08-20T13:05:53.489980Z,,2025-08-20T13:05:58.925680Z,
UP.AAL.00.BHZ | 2025-08-20T13:05:56.838450Z - 2025-08-20T13:06:56.838450Z,,,,,,,2025-08-20T13:06:01.838450Z,,2025-08-20T13:06:12.979370Z,
FN.KLF.00.BHZ | 2025-08-22T03:37:53.778400Z - 2025-08-22T03:38:53.778400Z,,,,,,,2025-08-22T03:37:58.778400Z,,2025-08-22T03:38:22.144120Z,
FN.KMNF.00.?HZ | 2025-08-22T03:38:10.401950Z - 2025-08-22T03:39:10.401950Z,,,,,,,2025-08-22T03:38:15.401950Z,,2025-08-22T03:38:47.005910Z,
FN.MSF.00.BHZ | 2025-08-22T03:38:27.690600Z - 2025-08-22T03:39:27.690600Z,,,,,,,2025-08-22T03:38:32.690600Z,,,
FN.OLKF.00.BHZ | 2025-08-22T03:38:25.142070Z - 2025-08-22T03:39:25.142070Z,,,,,,,2025-08-22T03:38:30.142070Z,,2025-08-22T03:39:17.988870Z,
FN.OUL.00.BHZ | 2025-08-22T03:39:06.421700Z - 2025-08-22T03:40:06.421700Z,,,,,,,,,2025-08-22T03:39:11.421700Z,
FN.RAJF.00.?HZ | 2025-08-22T03:38:12.394390Z - 2025-08-22T03:39:12.394390Z,,,,,,,2025-08-22T03:38:17.394390Z,,2025-08-22T03:38:54.881600Z,
FN.RANF.00.?HZ | 2025-08-22T03:38:16.034770Z - 2025-08-22T03:39:16.034770Z,,,,,,,2025-08-22T03:38:21.034770Z,,2025-08-22T03:39:08.896450Z,
FN.RNF.00.BHZ | 2025-08-22T03:38:10.395210Z - 2025-08-22T03:39:10.395210Z,,,,,,,2025-08-22T03:38:15.395210Z,,2025-08-22T03:38:51.372960Z,
FN.SGF.00.BHZ | 2025-08-22T03:38:05.006310Z - 2025-08-22T03:39:05.006310Z,,,,,,,2025-08-22T03:38:10.006310Z,,2025-08-22T03:38:45.701250Z,
HE.HEF.00.BHZ | 2025-08-22T03:37:48.692310Z - 2025-08-22T03:38:48.692310Z,,,,,,,2025-08-22T03:37:53.692310Z,,2025-08-22T03:38:12.702380Z,
HE.KIF.00.BHZ | 2025-08-22T03:37:40.406500Z - 2025-08-22T03:38:40.406500Z,,,,,,,2025-08-22T03:37:45.406500Z,,2025-08-22T03:37:59.108560Z,
HE.KU2.00.SHZ | 2025-08-22T03:38:25.033430Z - 2025-08-22T03:39:25.033430Z,,,,,,,2025-08-22T03:38:30.033430Z,,2025-08-22T03:39:17.129480Z,
HE.OBF0.00.BHZ | 2025-08-22T03:39:10.633800Z - 2025-08-22T03:40:10.633800Z,,,,,,,,,2025-08-22T03:39:15.633800Z,
HE.TOF.00.BHN | 2025-08-22T03:38:06.143820Z - 2025-08-22T03:39:06.143820Z,,,,,,,,,2025-08-22T03:38:46.994320Z,
HE.TOF.00.BHZ | 2025-08-22T03:38:06.143820Z - 2025-08-22T03:39:06.143820Z,,,,,,,2025-08-22T03:38:11.143820Z,,,
FN.KLF.00.BHZ | 2025-08-23T20:59:42.096360Z - 2025-08-23T21:00:42.096360Z,,,,,,,2025-08-23T20:59:47.096360Z,,2025-08-23T20:59:55.166450Z,
FN.MSF.00.BHZ | 2025-08-23T21:00:09.811190Z - 2025-08-23T21:01:09.811190Z,,,,,,,2025-08-23T21:00:14.811190Z,,2025-08-23T21:00:43.850680Z,
FN.OLKF.00.BHZ | 2025-08-23T21:00:39.748260Z - 2025-08-23T21:01:39.748260Z,,,,,,,,,2025-08-23T21:00:44.748260Z,
FN.OUL.00.BHZ | 2025-08-23T21:00:03.285680Z - 2025-08-23T21:01:03.285680Z,,,,,,,2025-08-23T21:00:08.285680Z,,2025-08-23T21:00:31.361000Z,
FN.RAJF.00.?HZ | 2025-08-23T21:00:13.810530Z - 2025-08-23T21:01:13.810530Z,,,,,,,2025-08-23T21:00:18.810530Z,,2025-08-23T21:00:51.872840Z,
FN.RANF.00.?HZ | 2025-08-23T20:59:56.442210Z - 2025-08-23T21:00:56.442210Z,,,,,,,2025-08-23T21:00:01.442210Z,,2025-08-23T21:00:19.764060Z,
FN.RNF.00.BHZ | 2025-08-23T20:59:47.888300Z - 2025-08-23T21:00:47.888300Z,,,,,,,2025-08-23T20:59:52.888300Z,,2025-08-23T21:00:05.067440Z,
FN.SGF.00.BHZ | 2025-08-23T20:59:55.835490Z - 2025-08-23T21:00:55.835490Z,,,,,,,2025-08-23T21:00:00.835490Z,,2025-08-23T21:00:18.655560Z,
HE.HEF.00.BHZ | 2025-08-23T21:00:02.534750Z - 2025-08-23T21:01:02.534750Z,,,,,,,2025-08-23T21:00:07.534750Z,,2025-08-23T21:00:31.064550Z,
HE.KIF.00.BHZ | 2025-08-23T21:00:16.160590Z - 2025-08-23T21:01:16.160590Z,,,,,,,2025-08-23T21:00:21.160590Z,,,
HE.KU1.00.SHZ | 2025-08-23T21:00:15.173850Z - 2025-08-23T21:01:15.173850Z,,,,,,,2025-08-23T21:00:20.173850Z,,,
HE.KU2.00.SHZ | 2025-08-23T21:00:07.697830Z - 2025-08-23T21:01:07.697830Z,,,,,,,2025-08-23T21:00:12.697830Z,,2025-08-23T21:00:37.992770Z,
HE.KU6.00.BHZ | 2025-08-23T21:00:48.106260Z - 2025-08-23T21:01:48.106260Z,,,,,,,,,2025-08-23T21:00:53.106260Z,
HE.OBF0.00.BHZ | 2025-08-23T21:00:37.276850Z - 2025-08-23T21:01:37.276850Z,,,,,,,,,2025-08-23T21:00:42.276850Z,
HE.OBF3.00.BHZ | 2025-08-23T21:00:04.687750Z - 2025-08-23T21:01:04.687750Z,,,,,,,2025-08-23T21:00:09.687750Z,,,
HE.TOF.00.BHZ | 2025-08-23T20:59:42.259860Z - 2025-08-23T21:00:42.259860Z,,,,,,,2025-08-23T20:59:47.259860Z,,2025-08-23T20:59:55.305450Z,
FN.MSF.00.BHZ | 2025-08-24T10:42:26.230640Z - 2025-08-24T10:43:26.230640Z,,,,,,,2025-08-24T10:42:31.230640Z,,2025-08-24T10:42:35.263110Z,
FN.OLKF.00.BHZ | 2025-08-24T10:42:33.843420Z - 2025-08-24T10:43:33.843420Z,,,,,,,2025-08-24T10:42:38.843420Z,,2025-08-24T10:42:47.965600Z,
FN.OUL.00.BHZ | 2025-08-24T10:42:43.485900Z - 2025-08-24T10:43:43.485900Z,,,,,,,2025-08-24T10:42:48.485900Z,,2025-08-24T10:43:04.387170Z,
FN.RANF.00.?HZ | 2025-08-24T10:42:35.642020Z - 2025-08-24T10:43:35.642020Z,,,,,,,2025-08-24T10:42:40.642020Z,,2025-08-24T10:42:51.249910Z,
FN.RNF.00.BHZ | 2025-08-24T10:42:46.249910Z - 2025-08-24T10:43:46.249910Z,,,,,,,2025-08-24T10:42:51.249910Z,,2025-08-24T10:43:09.756760Z,
HE.KJNF.00.CZ | 2025-08-24T10:43:04.339710Z - 2025-08-24T10:44:04.339710Z,,,,,,,,,2025-08-24T10:43:09.339710Z,
HE.KU1.00.SHZ | 2025-08-24T10:42:27.609080Z - 2025-08-24T10:43:27.609080Z,,,,,,,2025-08-24T10:42:32.609080Z,,2025-08-24T10:42:37.568010Z,
HE.KU2.00.SHZ | 2025-08-24T10:42:24.392140Z - 2025-08-24T10:43:24.392140Z,,,,,,,2025-08-24T10:42:29.392140Z,,2025-08-24T10:42:32.201010Z,
HE.KU6.00.BHZ | 2025-08-24T10:42:31.762260Z - 2025-08-24T10:43:31.762260Z,,,,,,,2025-08-24T10:42:36.762260Z,,2025-08-24T10:42:45.012680Z,
HE.NIF.00.BHZ | 2025-08-24T10:43:28.392480Z - 2025-08-24T10:44:28.392480Z,,,,,,,,,2025-08-24T10:43:33.392480Z,
HE.OBF3.00.BHN | 2025-08-24T10:43:16.330060Z - 2025-08-24T10:44:16.330060Z,,,,,,,,,2025-08-24T10:43:21.330060Z,
HE.RMF.00.BHZ | 2025-08-24T10:43:06.685650Z - 2025-08-24T10:44:06.685650Z,,,,,,,,,2025-08-24T10:43:11.685650Z,
HE.TOF.00.BHZ | 2025-08-24T10:43:14.974630Z - 2025-08-24T10:44:14.974630Z,,,,,,,,,2025-08-24T10:43:19.974630Z,
HE.ECKF.00.CZ | 2025-08-24T01:20:40.363080Z - 2025-08-24T01:21:40.363080Z,,,,,,,,,2025-08-24T01:20:45.363080Z,
HE.FIA0.00.?HZ | 2025-08-24T01:20:23.752920Z - 2025-08-24T01:21:23.752920Z,,,,,,,2025-08-24T01:20:28.752920Z,,2025-08-24T01:20:56.555730Z,
HE.FIA1.00.?HZ | 2025-08-24T01:20:23.511620Z - 2025-08-24T01:21:23.511620Z,,,,,,,2025-08-24T01:20:28.511620Z,,2025-08-24T01:20:55.957280Z,
HE.HEL1.00.BHZ | 2025-08-24T01:20:02.583090Z - 2025-08-24T01:21:02.583090Z,,,,,,,2025-08-24T01:20:07.583090Z,,2025-08-24T01:20:20.124220Z,
HE.HEL5.00.BHZ | 2025-08-24T01:20:01.205510Z - 2025-08-24T01:21:01.205510Z,,,,,,,2025-08-24T01:20:06.205510Z,,2025-08-24T01:20:17.441370Z,
HE.KAF.00.?HZ | 2025-08-24T01:21:06.897560Z - 2025-08-24T01:22:06.897560Z,,,,,,,,,2025-08-24T01:21:11.897560Z,
HE.KEF.00.?HZ | 2025-08-24T01:20:28.798180Z - 2025-08-24T01:21:28.798180Z,,,,,,,2025-08-24T01:20:33.798180Z,,2025-08-24T01:21:04.049270Z,
HE.KORF.00.CZ | 2025-08-24T01:20:00.181810Z - 2025-08-24T01:21:00.181810Z,,,,,,,2025-08-24T01:20:05.181810Z,,2025-08-24T01:20:15.903290Z,
HE.KPF.00.BHZ | 2025-08-24T01:20:20.517820Z - 2025-08-24T01:21:20.517820Z,,,,,,,2025-08-24T01:20:25.517820Z,,2025-08-24T01:20:51.248950Z,
HE.LAUT.00.BHN | 2025-08-24T01:20:02.387340Z - 2025-08-24T01:21:02.387340Z,,,,,,,,,2025-08-24T01:20:19.678410Z,
HE.LAUT.00.BHZ | 2025-08-24T01:20:02.387340Z - 2025-08-24T01:21:02.387340Z,,,,,,,2025-08-24T01:20:07.387340Z,,,
HE.LOVF.00.CZ | 2025-08-24T01:20:16.324360Z - 2025-08-24T01:21:16.324360Z,,,,,,,2025-08-24T01:20:21.324360Z,,2025-08-24T01:20:42.636310Z,
HE.MEF.00.BHZ | 2025-08-24T01:19:58.812450Z - 2025-08-24T01:20:58.812450Z,,,,,,,2025-08-24T01:20:03.812450Z,,2025-08-24T01:20:13.416710Z,
HE.NUR.00.SHZ | 2025-08-24T01:20:03.681030Z - 2025-08-24T01:21:03.681030Z,,,,,,,2025-08-24T01:20:08.681030Z,,2025-08-24T01:20:21.764590Z,
HE.PVF.00.CN | 2025-08-24T01:20:13.112270Z - 2025-08-24T01:21:13.112270Z,,,,,,,2025-08-24T01:20:18.112270Z,,,
HE.PVF.00.CZ | 2025-08-24T01:20:13.112270Z - 2025-08-24T01:21:13.112270Z,,,,,,,,,2025-08-24T01:20:37.630430Z,
HE.RAF.00.BHZ | 2025-08-24T01:20:08.286190Z - 2025-08-24T01:21:08.286190Z,,,,,,,2025-08-24T01:20:13.286190Z,,2025-08-24T01:20:30.366070Z,
HE.TRE03.00.CZ | 2025-08-24T01:20:17.697390Z - 2025-08-24T01:21:17.697390Z,,,,,,,2025-08-24T01:20:22.697390Z,,2025-08-24T01:20:45.475130Z,
HE.TVF.00.BHZ | 2025-08-24T01:19:47.432370Z - 2025-08-24T01:20:47.432370Z,,,,,,,2025-08-24T01:19:52.432370Z,,2025-08-24T01:19:54.273120Z,
FN.KLF.00.BHZ | 2025-08-26T10:52:44.293350Z - 2025-08-26T10:53:44.293350Z,,,,,,,2025-08-26T10:52:49.293350Z,,2025-08-26T10:53:10.917770Z,
FN.OUL.00.BHZ | 2025-08-26T10:52:40.491700Z - 2025-08-26T10:53:40.491700Z,,,,,,,2025-08-26T10:52:45.491700Z,,2025-08-26T10:53:05.753600Z,
FN.RANF.00.?HZ | 2025-08-26T10:52:45.445620Z - 2025-08-26T10:53:45.445620Z,,,,,,,2025-08-26T10:52:50.445620Z,,2025-08-26T10:53:14.746700Z,
FN.RNF.00.BHZ | 2025-08-26T10:52:44.856060Z - 2025-08-26T10:53:44.856060Z,,,,,,,2025-08-26T10:52:49.856060Z,,2025-08-26T10:53:12.072350Z,
FN.SGF.00.BHZ | 2025-08-26T10:53:25.728430Z - 2025-08-26T10:54:25.728430Z,,,,,,,,,2025-08-26T10:53:30.728430Z,
HE.KU2.00.SHZ | 2025-08-26T10:53:24.937990Z - 2025-08-26T10:54:24.937990Z,,,,,,,,,2025-08-26T10:53:29.937990Z,
HE.OBF0.00.BHZ | 2025-08-26T10:52:55.791950Z - 2025-08-26T10:53:55.791950Z,,,,,,,,,2025-08-26T10:53:00.791950Z,
HE.OBF3.00.BHZ | 2025-08-26T10:52:36.143550Z - 2025-08-26T10:53:36.143550Z,,,,,,,2025-08-26T10:52:41.143550Z,,2025-08-26T10:52:57.486560Z,
HE.OBF8.00.BHZ | 2025-08-26T10:52:56.115500Z - 2025-08-26T10:53:56.115500Z,,,,,,,,,2025-08-26T10:53:01.115500Z,
HE.TOF.00.BHZ | 2025-08-26T10:52:29.415630Z - 2025-08-26T10:53:29.415630Z,,,,,,,2025-08-26T10:52:34.415630Z,,2025-08-26T10:52:45.518240Z,
FN.KLF.00.BHZ | 2025-08-26T17:49:32.585890Z - 2025-08-26T17:50:32.585890Z,,,,,,,2025-08-26T17:49:37.585890Z,,2025-08-26T17:49:46.971980Z,
FN.KMNF.00.?HZ | 2025-08-26T17:50:29.081600Z - 2025-08-26T17:51:29.081600Z,,,,,,,,,2025-08-26T17:50:34.081600Z,
FN.RANF.00.?HZ | 2025-08-26T17:50:30.570920Z - 2025-08-26T17:51:30.570920Z,,,,,,,,,2025-08-26T17:50:35.570920Z,
FN.RNF.00.BHZ | 2025-08-26T17:49:50.091150Z - 2025-08-26T17:50:50.091150Z,,,,,,,2025-08-26T17:49:55.091150Z,,2025-08-26T17:50:17.320530Z,
FN.SGF.00.BHZ | 2025-08-26T17:49:47.912520Z - 2025-08-26T17:50:47.912520Z,,,,,,,2025-08-26T17:49:52.912520Z,,2025-08-26T17:50:14.111150Z,
HE.HEF.00.BHZ | 2025-08-26T17:49:36.706980Z - 2025-08-26T17:50:36.706980Z,,,,,,,2025-08-26T17:49:41.706980Z,,2025-08-26T17:49:54.315540Z,
HE.KIF.00.BHZ | 2025-08-26T17:50:07.045110Z - 2025-08-26T17:51:07.045110Z,,,,,,,,,2025-08-26T17:50:12.045110Z,
HE.TOF.00.BHZ | 2025-08-26T17:49:49.521440Z - 2025-08-26T17:50:49.521440Z,,,,,,,2025-08-26T17:49:54.521440Z,,2025-08-26T17:50:16.518180Z,
HE.FIA0.00.?HZ | 2025-08-28T13:04:49.010000Z - 2025-08-28T13:05:49.010000Z,,,,,,,2025-08-28T13:04:54.010000Z,,2025-08-28T13:05:06.380000Z,
HE.FIA1.00.?HZ | 2025-08-28T13:04:49.020000Z - 2025-08-28T13:05:49.020000Z,,,,,,,2025-08-28T13:04:54.020000Z,,2025-08-28T13:05:06.380000Z,
HE.HEL5.00.BHZ | 2025-08-28T13:04:49.023650Z - 2025-08-28T13:05:49.023650Z,,,,,,,,,2025-08-28T13:04:54.023650Z,
HE.KAF.00.?HZ | 2025-08-28T13:05:21.420430Z - 2025-08-28T13:06:21.420430Z,,,,,,,,,2025-08-28T13:05:26.420430Z,
HE.KEF.00.?HZ | 2025-08-28T13:05:23.437300Z - 2025-08-28T13:06:23.437300Z,,,,,,,,,2025-08-28T13:05:28.437300Z,
HE.KUNI.00.BHZ | 2025-08-28T13:04:39.114000Z - 2025-08-28T13:05:39.114000Z,,,,,,,2025-08-28T13:04:44.114000Z,,2025-08-28T13:04:48.986660Z,
HE.KY17.00.CZ | 2025-08-28T13:04:47.265940Z - 2025-08-28T13:05:47.265940Z,,,,,,,2025-08-28T13:04:52.265940Z,,2025-08-28T13:05:04.535620Z,
HE.LOVF.00.CZ | 2025-08-28T13:04:39.670000Z - 2025-08-28T13:05:39.670000Z,,,,,,,2025-08-28T13:04:44.670000Z,,2025-08-28T13:04:49.790000Z,
HE.MEF.00.BHZ | 2025-08-28T13:04:50.994640Z - 2025-08-28T13:05:50.994640Z,,,,,,,,,2025-08-28T13:04:55.994640Z,
HE.NUR.00.SHZ | 2025-08-28T13:04:43.987630Z - 2025-08-28T13:05:43.987630Z,,,,,,,,,2025-08-28T13:04:48.987630Z,
HE.PVF.00.CZ | 2025-08-28T13:04:35.590000Z - 2025-08-28T13:05:35.590000Z,,,,,,,2025-08-28T13:04:40.590000Z,,2025-08-28T13:04:43.160000Z,
HE.RAF.00.BHZ | 2025-08-28T13:05:28.496600Z - 2025-08-28T13:06:28.496600Z,,,,,,,,,2025-08-28T13:05:33.496600Z,
HE.VJF.00.?HZ | 2025-08-28T13:05:04.463110Z - 2025-08-28T13:06:04.463110Z,,,,,,,,,2025-08-28T13:05:09.463110Z,
HE.ECKF.00.CZ | 2025-08-29T19:17:04.341890Z - 2025-08-29T19:18:04.341890Z,,,,,,,2025-08-29T19:17:09.341890Z,,2025-08-29T19:17:14.803690Z,
HE.KORF.00.CZ | 2025-08-29T19:17:09.180200Z - 2025-08-29T19:18:09.180200Z,,,,,,,2025-08-29T19:17:14.180200Z,,2025-08-29T19:17:23.016340Z,
HE.KPF.00.BHZ | 2025-08-29T19:17:48.667160Z - 2025-08-29T19:18:48.667160Z,,,,,,,,,2025-08-29T19:17:53.667160Z,
HE.MEF.00.BHZ | 2025-08-29T19:18:00.620030Z - 2025-08-29T19:19:00.620030Z,,,,,,,,,2025-08-29T19:18:05.620030Z,
HE.RAF.00.BHZ | 2025-08-29T19:17:14.215850Z - 2025-08-29T19:18:14.215850Z,,,,,,,2025-08-29T19:17:19.215850Z,,2025-08-29T19:17:31.567450Z,
HE.TVF.00.BHZ | 2025-08-29T19:17:45.900000Z - 2025-08-29T19:18:45.900000Z,,,,,,,,,2025-08-29T19:17:50.900000Z,
UP.AAL.00.BHZ | 2025-08-29T19:17:01.987660Z - 2025-08-29T19:18:01.987660Z,,,,,,,2025-08-29T19:17:06.987660Z,,2025-08-29T19:17:10.566080Z,
FN.MSF.00.BHZ | 2025-09-03T17:13:25.920740Z - 2025-09-03T17:14:25.920740Z,,,,,,,2025-09-03T17:13:30.920740Z,,2025-09-03T17:13:51.388160Z,
FN.OLKF.00.BHZ | 2025-09-03T17:13:20.557600Z - 2025-09-03T17:14:20.557600Z,,,,,,,2025-09-03T17:13:25.557600Z,,2025-09-03T17:13:41.730160Z,
FN.RAJF.00.?HZ | 2025-09-03T17:14:08.589000Z - 2025-09-03T17:15:08.589000Z,,,,,,,,,2025-09-03T17:14:13.589000Z,
FN.RANF.00.?HZ | 2025-09-03T17:13:38.694810Z - 2025-09-03T17:14:38.694810Z,,,,,,,2025-09-03T17:13:43.694810Z,,2025-09-03T17:14:13.463570Z,
FN.RNF.00.BHZ | 2025-09-03T17:14:13.606140Z - 2025-09-03T17:15:13.606140Z,,,,,,,,,2025-09-03T17:14:18.606140Z,
FN.SGF.00.BHZ | 2025-09-03T17:14:09.592430Z - 2025-09-03T17:15:09.592430Z,,,,,,,,,2025-09-03T17:14:14.592430Z,
HE.KU1.00.SHZ | 2025-09-03T17:13:26.493200Z - 2025-09-03T17:14:26.493200Z,,,,,,,2025-09-03T17:13:31.493200Z,,2025-09-03T17:13:51.617540Z,
HE.KU2.00.SHZ | 2025-09-03T17:13:32.089310Z - 2025-09-03T17:14:32.089310Z,,,,,,,2025-09-03T17:13:37.089310Z,,2025-09-03T17:14:01.623930Z,
HE.KU6.00.BHZ | 2025-09-03T17:13:19.340840Z - 2025-09-03T17:14:19.340840Z,,,,,,,2025-09-03T17:13:24.340840Z,,2025-09-03T17:13:40.225020Z,
HE.VRF.00.BHZ | 2025-09-03T17:13:24.712240Z - 2025-09-03T17:14:24.712240Z,,,,,,,2025-09-03T17:13:29.712240Z,,2025-09-03T17:13:48.628730Z,
HE.ECKF.00.CZ | 2025-09-03T11:34:14.186770Z - 2025-09-03T11:35:14.186770Z,,,,,,,2025-09-03T11:34:19.186770Z,,2025-09-03T11:34:38.823300Z,
HE.KORF.00.CZ | 2025-09-03T11:34:53.403310Z - 2025-09-03T11:35:53.403310Z,,,,,,,,,2025-09-03T11:34:58.403310Z,
HE.KPF.00.BHZ | 2025-09-03T11:34:46.964440Z - 2025-09-03T11:35:46.964440Z,,,,,,,,,2025-09-03T11:34:51.964440Z,
HE.RAF.00.BHZ | 2025-09-03T11:34:21.837710Z - 2025-09-03T11:35:21.837710Z,,,,,,,2025-09-03T11:34:26.837710Z,,2025-09-03T11:34:50.382960Z,
UP.AAL.00.BHZ | 2025-09-03T11:34:40.031710Z - 2025-09-03T11:35:40.031710Z,,,,,,,,,2025-09-03T11:34:45.031710Z,
HE.KPF.00.BHZ | 2025-09-02T16:01:44.549100Z - 2025-09-02T16:02:44.549100Z,,,,,,,,,2025-09-02T16:01:49.549100Z,
HE.VAF.00.BHZ | 2025-09-02T16:01:13.737110Z - 2025-09-02T16:02:13.737110Z,,,,,,,2025-09-02T16:01:18.737110Z,,2025-09-02T16:01:42.199450Z,
FN.KLF.00.BHZ | 2025-09-04T12:08:57.966590Z - 2025-09-04T12:09:57.966590Z,,,,,,,2025-09-04T12:09:02.966590Z,,,
FN.KMNF.00.?HZ | 2025-09-04T12:08:57.387090Z - 2025-09-04T12:09:57.387090Z,,,,,,,2025-09-04T12:09:02.387090Z,,2025-09-04T12:09:33.182550Z,
FN.MSF.00.BHZ | 2025-09-04T12:08:37.811760Z - 2025-09-04T12:09:37.811760Z,,,,,,,2025-09-04T12:08:42.811760Z,,2025-09-04T12:08:58.634880Z,
FN.OLKF.00.BHZ | 2025-09-04T12:08:30.769800Z - 2025-09-04T12:09:30.769800Z,,,,,,,2025-09-04T12:08:35.769800Z,,2025-09-04T12:08:46.836730Z,
FN.RAJF.00.?HZ | 2025-09-04T12:08:45.850710Z - 2025-09-04T12:09:45.850710Z,,,,,,,2025-09-04T12:08:50.850710Z,,2025-09-04T12:09:13.330840Z,
FN.RANF.00.?HZ | 2025-09-04T12:08:47.281290Z - 2025-09-04T12:09:47.281290Z,,,,,,,2025-09-04T12:08:52.281290Z,,2025-09-04T12:09:15.467380Z,
FN.RNF.00.BHZ | 2025-09-04T12:08:47.773960Z - 2025-09-04T12:09:47.773960Z,,,,,,,2025-09-04T12:08:52.773960Z,,2025-09-04T12:09:17.187380Z,
FN.SGF.00.BHZ | 2025-09-04T12:08:45.493000Z - 2025-09-04T12:09:45.493000Z,,,,,,,2025-09-04T12:08:50.493000Z,,2025-09-04T12:09:12.449450Z,
HE.HEF.00.BHZ | 2025-09-04T12:09:03.558030Z - 2025-09-04T12:10:03.558030Z,,,,,,,2025-09-04T12:09:08.558030Z,,2025-09-04T12:09:44.076070Z,
HE.KU1.00.SHZ | 2025-09-04T12:08:41.139180Z - 2025-09-04T12:09:41.139180Z,,,,,,,2025-09-04T12:08:46.139180Z,,2025-09-04T12:09:04.888710Z,
HE.KU2.00.SHZ | 2025-09-04T12:08:43.696010Z - 2025-09-04T12:09:43.696010Z,,,,,,,2025-09-04T12:08:48.696010Z,,2025-09-04T12:09:09.099260Z,
HE.KU6.00.BHZ | 2025-09-04T12:08:33.246780Z - 2025-09-04T12:09:33.246780Z,,,,,,,2025-09-04T12:08:38.246780Z,,2025-09-04T12:08:50.859890Z,
HE.RMF.00.BHZ | 2025-09-04T12:08:58.731610Z - 2025-09-04T12:09:58.731610Z,,,,,,,2025-09-04T12:09:03.731610Z,,2025-09-04T12:09:35.469560Z,
FN.KLF.00.BHZ | 2025-09-05T17:08:34.688170Z - 2025-09-05T17:09:34.688170Z,,,,,,,2025-09-05T17:08:39.688170Z,,2025-09-05T17:08:54.851800Z,
FN.OLKF.00.BHZ | 2025-09-05T17:09:20.160510Z - 2025-09-05T17:10:20.160510Z,,,,,,,,,2025-09-05T17:09:25.160510Z,
FN.OUL.00.BHZ | 2025-09-05T17:08:36.727060Z - 2025-09-05T17:09:36.727060Z,,,,,,,2025-09-05T17:08:41.727060Z,,2025-09-05T17:08:58.783620Z,
FN.RANF.00.?HZ | 2025-09-05T17:08:35.760980Z - 2025-09-05T17:09:35.760980Z,,,,,,,2025-09-05T17:08:40.760980Z,,2025-09-05T17:08:56.848930Z,
FN.RNF.00.BHZ | 2025-09-05T17:08:32.825200Z - 2025-09-05T17:09:32.825200Z,,,,,,,2025-09-05T17:08:37.825200Z,,2025-09-05T17:08:51.681040Z,
FN.SGF.00.BHZ | 2025-09-05T17:08:44.585200Z - 2025-09-05T17:09:44.585200Z,,,,,,,2025-09-05T17:08:49.585200Z,,2025-09-05T17:09:12.290150Z,
HE.HEF.00.BHZ | 2025-09-05T17:09:24.083460Z - 2025-09-05T17:10:24.083460Z,,,,,,,,,2025-09-05T17:09:29.083460Z,
HE.KU2.00.SHZ | 2025-09-05T17:09:09.269560Z - 2025-09-05T17:10:09.269560Z,,,,,,,,,2025-09-05T17:09:14.269560Z,
HE.OBF0.00.BHZ | 2025-09-05T17:08:41.048680Z - 2025-09-05T17:09:41.048680Z,,,,,,,2025-09-05T17:08:46.048680Z,,2025-09-05T17:09:06.119060Z,
HE.OBF3.00.BHZ | 2025-09-05T17:08:36.551140Z - 2025-09-05T17:09:36.551140Z,,,,,,,2025-09-05T17:08:41.551140Z,,2025-09-05T17:08:58.069390Z,
HE.OBF8.00.BHZ | 2025-09-05T17:08:43.436170Z - 2025-09-05T17:09:43.436170Z,,,,,,,2025-09-05T17:08:48.436170Z,,2025-09-05T17:09:10.681850Z,
HE.TOF.00.BHZ | 2025-09-05T17:08:18.013540Z - 2025-09-05T17:09:18.013540Z,,,,,,,2025-09-05T17:08:23.013540Z,,2025-09-05T17:08:26.396840Z,
FN.KLF.00.BHZ | 2025-09-06T18:10:41.262890Z - 2025-09-06T18:11:41.262890Z,,,,,,,,,2025-09-06T18:10:46.262890Z,
FN.MSF.00.BHZ | 2025-09-06T18:09:50.638420Z - 2025-09-06T18:10:50.638420Z,,,,,,,,,2025-09-06T18:09:55.638420Z,
FN.OLKF.00.BHZ | 2025-09-06T18:10:03.440410Z - 2025-09-06T18:11:03.440410Z,,,,,,,,,2025-09-06T18:10:08.440410Z,
FN.OUL.00.BHZ | 2025-09-06T18:09:41.025960Z - 2025-09-06T18:10:41.025960Z,,,,,,,2025-09-06T18:09:46.025960Z,,2025-09-06T18:09:59.677480Z,
FN.RANF.00.?HZ | 2025-09-06T18:09:43.344700Z - 2025-09-06T18:10:43.344700Z,,,,,,,2025-09-06T18:09:48.344700Z,,2025-09-06T18:10:04.048520Z,
FN.RNF.00.BHZ | 2025-09-06T18:09:54.827300Z - 2025-09-06T18:10:54.827300Z,,,,,,,2025-09-06T18:09:59.827300Z,,2025-09-06T18:10:23.415590Z,
FN.SGF.00.BHZ | 2025-09-06T18:10:37.977020Z - 2025-09-06T18:11:37.977020Z,,,,,,,,,2025-09-06T18:10:42.977020Z,
HE.JOF.00.BHZ | 2025-09-06T18:10:29.429580Z - 2025-09-06T18:11:29.429580Z,,,,,,,,,2025-09-06T18:10:34.429580Z,
HE.KJNF.00.CZ | 2025-09-06T18:09:36.031400Z - 2025-09-06T18:10:36.031400Z,,,,,,,2025-09-06T18:09:41.031400Z,,2025-09-06T18:09:51.488700Z,
HE.KU1.00.SHZ | 2025-09-06T18:09:34.869480Z - 2025-09-06T18:10:34.869480Z,,,,,,,2025-09-06T18:09:39.869480Z,,2025-09-06T18:09:49.220180Z,
HE.KU2.00.SHZ | 2025-09-06T18:09:34.703490Z - 2025-09-06T18:10:34.703490Z,,,,,,,2025-09-06T18:09:39.703490Z,,2025-09-06T18:09:49.164850Z,
HE.KU6.00.BHZ | 2025-09-06T18:09:57.665280Z - 2025-09-06T18:10:57.665280Z,,,,,,,,,2025-09-06T18:10:02.665280Z,
HE.NIF.00.BHZ | 2025-09-06T18:09:49.489690Z - 2025-09-06T18:10:49.489690Z,,,,,,,2025-09-06T18:09:54.489690Z,,2025-09-06T18:10:14.716500Z,
HE.OBF0.00.BHZ | 2025-09-06T18:10:16.620350Z - 2025-09-06T18:11:16.620350Z,,,,,,,,,2025-09-06T18:10:21.620350Z,
HE.OBF3.00.BHZ | 2025-09-06T18:09:49.141540Z - 2025-09-06T18:10:49.141540Z,,,,,,,2025-09-06T18:09:54.141540Z,,2025-09-06T18:10:14.654640Z,
HE.RMF.00.BHZ | 2025-09-06T18:09:39.074530Z - 2025-09-06T18:10:39.074530Z,,,,,,,2025-09-06T18:09:44.074530Z,,2025-09-06T18:09:56.689680Z,
HE.SUF.00.BHZ | 2025-09-06T18:10:35.129810Z - 2025-09-06T18:11:35.129810Z,,,,,,,,,2025-09-06T18:10:40.129810Z,
HE.TOF.00.BHZ | 2025-09-06T18:09:56.322900Z - 2025-09-06T18:10:56.322900Z,,,,,,,2025-09-06T18:10:01.322900Z,,2025-09-06T18:10:25.444480Z,
HE.FIA0.00.?HZ | 2025-09-06T05:02:56.209950Z - 2025-09-06T05:03:56.209950Z,,,,,,,2025-09-06T05:03:01.209950Z,,2025-09-06T05:03:08.663870Z,
HE.FIA1.00.?HZ | 2025-09-06T05:02:56.209950Z - 2025-09-06T05:03:56.209950Z,,,,,,,2025-09-06T05:03:01.209950Z,,2025-09-06T05:03:08.663870Z,
HE.KAF.00.?HZ | 2025-09-06T05:03:04.832150Z - 2025-09-06T05:04:04.832150Z,,,,,,,2025-09-06T05:03:09.832150Z,,2025-09-06T05:03:23.383300Z,
HE.KEF.00.?HZ | 2025-09-06T05:03:31.604250Z - 2025-09-06T05:04:31.604250Z,,,,,,,,,2025-09-06T05:03:36.604250Z,
HE.KY02.00.CZ | 2025-09-06T05:02:49.799060Z - 2025-09-06T05:03:49.799060Z,,,,,,,2025-09-06T05:02:54.799060Z,,2025-09-06T05:02:57.693230Z,
HE.KY17.00.CZ | 2025-09-06T05:02:49.495180Z - 2025-09-06T05:03:49.495180Z,,,,,,,2025-09-06T05:02:54.495180Z,,2025-09-06T05:02:57.135730Z,
HE.LOVF.00.CZ | 2025-09-06T05:03:10.430730Z - 2025-09-06T05:04:10.430730Z,,,,,,,,,2025-09-06T05:03:15.430730Z,
HE.MEF.00.BHZ | 2025-09-06T05:03:35.167990Z - 2025-09-06T05:04:35.167990Z,,,,,,,,,2025-09-06T05:03:40.167990Z,
HE.NUR.00.SHZ | 2025-09-06T05:03:26.963940Z - 2025-09-06T05:04:26.963940Z,,,,,,,,,2025-09-06T05:03:31.963940Z,
HE.PVF.00.CZ | 2025-09-06T05:03:00.951110Z - 2025-09-06T05:04:00.951110Z,,,,,,,2025-09-06T05:03:05.951110Z,,2025-09-06T05:03:16.589150Z,
HE.RUF.00.BHZ | 2025-09-06T05:03:16.064210Z - 2025-09-06T05:04:16.064210Z,,,,,,,,,2025-09-06T05:03:21.064210Z,
HE.SUF.00.BHZ | 2025-09-06T05:03:36.936030Z - 2025-09-06T05:04:36.936030Z,,,,,,,,,2025-09-06T05:03:41.936030Z,
HE.VJF.00.?HZ | 2025-09-06T05:03:06.155100Z - 2025-09-06T05:04:06.155100Z,,,,,,,,,2025-09-06T05:03:11.155100Z,
HE.FIA0.00.?HZ | 2025-09-09T16:31:01.652120Z - 2025-09-09T16:32:01.652120Z,,,,,,,2025-09-09T16:31:06.652120Z,,2025-09-09T16:31:16.420520Z,
HE.FIA1.00.?HZ | 2025-09-09T16:31:01.652120Z - 2025-09-09T16:32:01.652120Z,,,,,,,2025-09-09T16:31:06.652120Z,,2025-09-09T16:31:16.420520Z,
HE.HEL1.00.BHZ | 2025-09-09T16:31:26.339400Z - 2025-09-09T16:32:26.339400Z,,,,,,,,,2025-09-09T16:31:31.339400Z,
HE.HEL5.00.BHZ | 2025-09-09T16:31:29.349590Z - 2025-09-09T16:32:29.349590Z,,,,,,,,,2025-09-09T16:31:34.349590Z,
HE.KAF.00.?HZ | 2025-09-09T16:31:28.840020Z - 2025-09-09T16:32:28.840020Z,,,,,,,,,2025-09-09T16:31:33.840020Z,
HE.KEF.00.?HZ | 2025-09-09T16:31:17.976840Z - 2025-09-09T16:32:17.976840Z,,,,,,,2025-09-09T16:31:22.976840Z,,2025-09-09T16:31:44.940230Z,
HE.KPF.00.BHZ | 2025-09-09T16:31:32.399380Z - 2025-09-09T16:32:32.399380Z,,,,,,,2025-09-09T16:31:37.399380Z,,2025-09-09T16:32:10.267780Z,
HE.KUNI.00.BHZ | 2025-09-09T16:31:09.257800Z - 2025-09-09T16:32:09.257800Z,,,,,,,2025-09-09T16:31:14.257800Z,,2025-09-09T16:31:29.359500Z,
HE.KY02.00.CZ | 2025-09-09T16:30:50.727200Z - 2025-09-09T16:31:50.727200Z,,,,,,,2025-09-09T16:30:55.727200Z,,2025-09-09T16:30:57.686860Z,
HE.KY17.00.CZ | 2025-09-09T16:30:49.906930Z - 2025-09-09T16:31:49.906930Z,,,,,,,2025-09-09T16:30:54.906930Z,,2025-09-09T16:30:56.289620Z,
HE.LAUT.00.BHZ | 2025-09-09T16:31:10.740350Z - 2025-09-09T16:32:10.740350Z,,,,,,,2025-09-09T16:31:15.740350Z,,2025-09-09T16:31:31.893480Z,
HE.LOVF.00.CZ | 2025-09-09T16:30:57.777250Z - 2025-09-09T16:31:57.777250Z,,,,,,,2025-09-09T16:31:02.777250Z,,2025-09-09T16:31:09.699460Z,
HE.MEF.00.BHZ | 2025-09-09T16:31:13.444610Z - 2025-09-09T16:32:13.444610Z,,,,,,,2025-09-09T16:31:18.444610Z,,2025-09-09T16:31:37.140700Z,
HE.NIF.00.BHZ | 2025-09-09T16:32:05.683070Z - 2025-09-09T16:33:05.683070Z,,,,,,,,,2025-09-09T16:32:10.683070Z,
HE.NUR.00.SHZ | 2025-09-09T16:31:09.515630Z - 2025-09-09T16:32:09.515630Z,,,,,,,2025-09-09T16:31:14.515630Z,,2025-09-09T16:31:29.895660Z,
HE.PVF.00.CZ | 2025-09-09T16:30:59.505740Z - 2025-09-09T16:31:59.505740Z,,,,,,,2025-09-09T16:31:04.505740Z,,2025-09-09T16:31:12.611280Z,
HE.RAF.00.BHZ | 2025-09-09T16:31:31.530950Z - 2025-09-09T16:32:31.530950Z,,,,,,,2025-09-09T16:31:36.530950Z,,2025-09-09T16:32:09.905820Z,
HE.RSUO.00.BHZ | 2025-09-09T16:31:25.225440Z - 2025-09-09T16:32:25.225440Z,,,,,,,,,2025-09-09T16:31:30.225440Z,
HE.RUF.00.BHZ | 2025-09-09T16:31:08.096080Z - 2025-09-09T16:32:08.096080Z,,,,,,,2025-09-09T16:31:13.096080Z,,2025-09-09T16:31:27.751030Z,
HE.SUF.00.BHZ | 2025-09-09T16:31:22.085120Z - 2025-09-09T16:32:22.085120Z,,,,,,,2025-09-09T16:31:27.085120Z,,2025-09-09T16:31:51.512550Z,
HE.TRE03.00.CZ | 2025-09-09T16:31:15.702920Z - 2025-09-09T16:32:15.702920Z,,,,,,,2025-09-09T16:31:20.702920Z,,2025-09-09T16:31:40.799560Z,
HE.TVF.00.BHZ | 2025-09-09T16:31:52.233180Z - 2025-09-09T16:32:52.233180Z,,,,,,,,,2025-09-09T16:31:57.233180Z,
HE.VJF.00.?HZ | 2025-09-09T16:30:55.891800Z - 2025-09-09T16:31:55.891800Z,,,,,,,2025-09-09T16:31:00.891800Z,,2025-09-09T16:31:06.391500Z,
HE.ALAJF.00.?HZ | 2025-09-14T06:03:13.819150Z - 2025-09-14T06:04:13.819150Z,,,,,,,,,2025-09-14T06:03:18.819150Z,
HE.FIA0.00.?HZ | 2025-09-14T06:02:08.583710Z - 2025-09-14T06:03:08.583710Z,,,,,,,2025-09-14T06:02:13.583710Z,,2025-09-14T06:02:22.895740Z,
HE.FIA1.00.?HZ | 2025-09-14T06:02:08.583710Z - 2025-09-14T06:03:08.583710Z,,,,,,,2025-09-14T06:02:13.583710Z,,2025-09-14T06:02:22.895740Z,
HE.HEL1.00.BHZ | 2025-09-14T06:02:21.141860Z - 2025-09-14T06:03:21.141860Z,,,,,,,,,2025-09-14T06:02:26.141860Z,
HE.HEL5.00.BHZ | 2025-09-14T06:02:23.934800Z - 2025-09-14T06:03:23.934800Z,,,,,,,,,2025-09-14T06:02:28.934800Z,
HE.KAF.00.?HZ | 2025-09-14T06:02:20.577760Z - 2025-09-14T06:03:20.577760Z,,,,,,,2025-09-14T06:02:25.577760Z,,2025-09-14T06:02:43.668950Z,
HE.KEF.00.?HZ | 2025-09-14T06:02:23.652320Z - 2025-09-14T06:03:23.652320Z,,,,,,,2025-09-14T06:02:28.652320Z,,2025-09-14T06:02:48.519750Z,
HE.KORF.00.CZ | 2025-09-14T06:02:36.921840Z - 2025-09-14T06:03:36.921840Z,,,,,,,2025-09-14T06:02:41.921840Z,,2025-09-14T06:03:12.059350Z,
HE.KPF.00.BHZ | 2025-09-14T06:02:34.833310Z - 2025-09-14T06:03:34.833310Z,,,,,,,2025-09-14T06:02:39.833310Z,,2025-09-14T06:03:09.328750Z,
HE.KUNI.00.BHZ | 2025-09-14T06:02:18.821270Z - 2025-09-14T06:03:18.821270Z,,,,,,,,,2025-09-14T06:02:23.821270Z,
HE.KY02.00.CZ | 2025-09-14T06:02:03.415510Z - 2025-09-14T06:03:03.415510Z,,,,,,,2025-09-14T06:02:08.415510Z,,2025-09-14T06:02:13.627310Z,
HE.KY17.00.CZ | 2025-09-14T06:02:05.270560Z - 2025-09-14T06:03:05.270560Z,,,,,,,2025-09-14T06:02:10.270560Z,,2025-09-14T06:02:17.028230Z,
HE.LAUT.00.BHZ | 2025-09-14T06:02:21.838030Z - 2025-09-14T06:03:21.838030Z,,,,,,,,,2025-09-14T06:02:26.838030Z,
HE.LOVF.00.CZ | 2025-09-14T06:02:01.844230Z - 2025-09-14T06:03:01.844230Z,,,,,,,2025-09-14T06:02:06.844230Z,,2025-09-14T06:02:10.951620Z,
HE.MEF.00.BHZ | 2025-09-14T06:02:26.382920Z - 2025-09-14T06:03:26.382920Z,,,,,,,,,2025-09-14T06:02:31.382920Z,
HE.NIF.00.BHZ | 2025-09-14T06:03:19.205780Z - 2025-09-14T06:04:19.205780Z,,,,,,,,,2025-09-14T06:03:24.205780Z,
HE.NUR.00.SHZ | 2025-09-14T06:02:09.069560Z - 2025-09-14T06:03:09.069560Z,,,,,,,2025-09-14T06:02:14.069560Z,,2025-09-14T06:02:23.651990Z,
HE.PVF.00.CZ | 2025-09-14T06:01:59.926250Z - 2025-09-14T06:02:59.926250Z,,,,,,,2025-09-14T06:02:04.926250Z,,2025-09-14T06:02:07.929660Z,
HE.RAF.00.BHZ | 2025-09-14T06:02:32.744790Z - 2025-09-14T06:03:32.744790Z,,,,,,,2025-09-14T06:02:37.744790Z,,2025-09-14T06:03:06.315680Z,
HE.RUF.00.BHZ | 2025-09-14T06:02:23.545100Z - 2025-09-14T06:03:23.545100Z,,,,,,,2025-09-14T06:02:28.545100Z,,2025-09-14T06:02:48.802220Z,
HE.SUF.00.BHZ | 2025-09-14T06:02:30.888320Z - 2025-09-14T06:03:30.888320Z,,,,,,,2025-09-14T06:02:35.888320Z,,2025-09-14T06:03:00.950640Z,
HE.TRE03.00.CZ | 2025-09-14T06:02:18.850240Z - 2025-09-14T06:03:18.850240Z,,,,,,,2025-09-14T06:02:23.850240Z,,2025-09-14T06:02:39.763010Z,
HE.TVF.00.BHZ | 2025-09-14T06:02:25.650950Z - 2025-09-14T06:03:25.650950Z,,,,,,,2025-09-14T06:02:30.650950Z,,2025-09-14T06:02:51.900930Z,
HE.VJF.00.?HZ | 2025-09-14T06:02:09.444490Z - 2025-09-14T06:03:09.444490Z,,,,,,,2025-09-14T06:02:14.444490Z,,2025-09-14T06:02:24.296180Z,
HE.FIA0.00.?HZ | 2025-09-14T19:07:49.164810Z - 2025-09-14T19:08:49.164810Z,,,,,,,2025-09-14T19:07:54.164810Z,,2025-09-14T19:08:03.840880Z,
HE.FIA1.00.?HZ | 2025-09-14T19:07:49.164810Z - 2025-09-14T19:08:49.164810Z,,,,,,,2025-09-14T19:07:54.164810Z,,2025-09-14T19:08:03.840880Z,
HE.KAF.00.?HZ | 2025-09-14T19:08:16.001000Z - 2025-09-14T19:09:16.001000Z,,,,,,,,,2025-09-14T19:08:21.001000Z,
HE.KEF.00.?HZ | 2025-09-14T19:08:26.655790Z - 2025-09-14T19:09:26.655790Z,,,,,,,,,2025-09-14T19:08:31.655790Z,
HE.KY02.00.CZ | 2025-09-14T19:07:38.359330Z - 2025-09-14T19:08:38.359330Z,,,,,,,2025-09-14T19:07:43.359330Z,,2025-09-14T19:07:45.287760Z,
HE.KY17.00.CZ | 2025-09-14T19:07:37.542210Z - 2025-09-14T19:08:37.542210Z,,,,,,,2025-09-14T19:07:42.542210Z,,2025-09-14T19:07:43.914980Z,
HE.LOVF.00.CZ | 2025-09-14T19:07:45.266510Z - 2025-09-14T19:08:45.266510Z,,,,,,,2025-09-14T19:07:50.266510Z,,2025-09-14T19:07:57.036570Z,
HE.PVF.00.CN | 2025-09-14T19:07:46.862700Z - 2025-09-14T19:08:46.862700Z,,,,,,,,,2025-09-14T19:08:00.228960Z,
HE.PVF.00.CZ | 2025-09-14T19:07:46.862700Z - 2025-09-14T19:08:46.862700Z,,,,,,,2025-09-14T19:07:51.862700Z,,,
HE.VJF.00.?HZ | 2025-09-14T19:07:43.450150Z - 2025-09-14T19:08:43.450150Z,,,,,,,2025-09-14T19:07:48.450150Z,,2025-09-14T19:07:53.679060Z,
FN.KLF.00.BHZ | 2025-09-11T13:16:55.985090Z - 2025-09-11T13:17:55.985090Z,,,,,,,2025-09-11T13:17:00.985090Z,,2025-09-11T13:17:02.741680Z,
FN.RANF.00.?HZ | 2025-09-11T13:17:41.678340Z - 2025-09-11T13:18:41.678340Z,,,,,,,,,2025-09-11T13:17:46.678340Z,
FN.RNF.00.BHZ | 2025-09-11T13:17:10.742160Z - 2025-09-11T13:18:10.742160Z,,,,,,,2025-09-11T13:17:15.742160Z,,2025-09-11T13:17:27.497350Z,
HE.HEF.00.BHZ | 2025-09-11T13:17:17.033450Z - 2025-09-11T13:18:17.033450Z,,,,,,,2025-09-11T13:17:22.033450Z,,2025-09-11T13:17:38.244260Z,
HE.TOF.00.BHZ | 2025-09-11T13:17:12.544870Z - 2025-09-11T13:18:12.544870Z,,,,,,,2025-09-11T13:17:17.544870Z,,2025-09-11T13:17:31.090140Z,
FN.KLF.00.BHZ | 2025-09-11T13:17:25.799980Z - 2025-09-11T13:18:25.799980Z,,,,,,,2025-09-11T13:17:30.799980Z,,2025-09-11T13:17:32.551610Z,
FN.OUL.00.BHZ | 2025-09-11T13:18:28.981340Z - 2025-09-11T13:19:28.981340Z,,,,,,,,,2025-09-11T13:18:33.981340Z,
FN.RAJF.00.?HZ | 2025-09-11T13:18:26.279950Z - 2025-09-11T13:19:26.279950Z,,,,,,,,,2025-09-11T13:18:31.279950Z,
FN.RANF.00.?HZ | 2025-09-11T13:17:51.009940Z - 2025-09-11T13:18:51.009940Z,,,,,,,2025-09-11T13:17:56.009940Z,,2025-09-11T13:18:16.000270Z,
FN.RNF.00.BHZ | 2025-09-11T13:17:40.270990Z - 2025-09-11T13:18:40.270990Z,,,,,,,2025-09-11T13:17:45.270990Z,,2025-09-11T13:17:56.935050Z,
FN.SGF.00.BHZ | 2025-09-11T13:17:54.933300Z - 2025-09-11T13:18:54.933300Z,,,,,,,,,2025-09-11T13:17:59.933300Z,
HE.HEF.00.BHZ | 2025-09-11T13:17:46.863330Z - 2025-09-11T13:18:46.863330Z,,,,,,,2025-09-11T13:17:51.863330Z,,2025-09-11T13:18:08.811300Z,
HE.TOF.00.BHZ | 2025-09-11T13:17:42.539680Z - 2025-09-11T13:18:42.539680Z,,,,,,,2025-09-11T13:17:47.539680Z,,2025-09-11T13:18:00.508170Z,
FN.KLF.00.BHZ | 2025-09-15T10:17:23.712530Z - 2025-09-15T10:18:23.712530Z,,,,,,,2025-09-15T10:17:28.712530Z,,2025-09-15T10:17:30.462010Z,
FN.KMNF.00.?HZ | 2025-09-15T10:18:30.944270Z - 2025-09-15T10:19:30.944270Z,,,,,,,,,2025-09-15T10:18:35.944270Z,
FN.OLKF.00.BHZ | 2025-09-15T10:18:29.724460Z - 2025-09-15T10:19:29.724460Z,,,,,,,,,2025-09-15T10:18:34.724460Z,
FN.OUL.00.BHZ | 2025-09-15T10:18:26.643780Z - 2025-09-15T10:19:26.643780Z,,,,,,,,,2025-09-15T10:18:31.643780Z,
FN.RAJF.00.?HZ | 2025-09-15T10:18:23.563100Z - 2025-09-15T10:19:23.563100Z,,,,,,,,,2025-09-15T10:18:28.563100Z,
FN.RANF.00.?HZ | 2025-09-15T10:17:48.461070Z - 2025-09-15T10:18:48.461070Z,,,,,,,2025-09-15T10:17:53.461070Z,,2025-09-15T10:18:13.570470Z,
FN.RNF.00.BHZ | 2025-09-15T10:17:37.951810Z - 2025-09-15T10:18:37.951810Z,,,,,,,2025-09-15T10:17:42.951810Z,,2025-09-15T10:17:54.935980Z,
HE.HEF.00.BHZ | 2025-09-15T10:17:44.514540Z - 2025-09-15T10:18:44.514540Z,,,,,,,2025-09-15T10:17:49.514540Z,,2025-09-15T10:18:06.279530Z,
HE.KEV.00.?HZ | 2025-09-15T10:18:46.730370Z - 2025-09-15T10:19:46.730370Z,,,,,,,,,2025-09-15T10:18:51.730370Z,
HE.KIF.00.BHZ | 2025-09-15T10:18:29.783520Z - 2025-09-15T10:19:29.783520Z,,,,,,,,,2025-09-15T10:18:34.783520Z,
HE.KU2.00.CZ | 2025-09-15T10:18:27.157230Z - 2025-09-15T10:19:27.157230Z,,,,,,,,,2025-09-15T10:18:32.157230Z,
HE.TOF.00.BHZ | 2025-09-15T10:17:40.251730Z - 2025-09-15T10:18:40.251730Z,,,,,,,2025-09-15T10:17:45.251730Z,,2025-09-15T10:17:58.716350Z,
HE.VRF.00.BHZ | 2025-09-15T10:18:28.594880Z - 2025-09-15T10:19:28.594880Z,,,,,,,,,2025-09-15T10:18:33.594880Z,
HE.ECKF.00.CZ | 2025-09-15T17:23:54.352000Z - 2025-09-15T17:24:54.352000Z,,,,,,,2025-09-15T17:23:59.352000Z,,2025-09-15T17:24:08.699150Z,
HE.KORF.00.CZ | 2025-09-15T17:23:53.978110Z - 2025-09-15T17:24:53.978110Z,,,,,,,2025-09-15T17:23:58.978110Z,,2025-09-15T17:24:08.231800Z,
HE.MEF.00.BHZ | 2025-09-15T17:24:44.219140Z - 2025-09-15T17:25:44.219140Z,,,,,,,,,2025-09-15T17:24:49.219140Z,
HE.RAF.00.BHZ | 2025-09-15T17:24:08.421100Z - 2025-09-15T17:25:08.421100Z,,,,,,,2025-09-15T17:24:13.421100Z,,2025-09-15T17:24:33.205860Z,
HE.TVF.00.BHZ | 2025-09-15T17:24:26.608190Z - 2025-09-15T17:25:26.608190Z,,,,,,,,,2025-09-15T17:24:31.608190Z,
UP.AAL.00.BHZ | 2025-09-15T17:23:50.908020Z - 2025-09-15T17:24:50.908020Z,,,,,,,2025-09-15T17:23:55.908020Z,,2025-09-15T17:24:02.961360Z,
FN.OUL.00.BHZ | 2025-09-14T14:26:39.989510Z - 2025-09-14T14:27:39.989510Z,,,,,,,,,2025-09-14T14:26:44.989510Z,
HE.ALAJF.00.?HZ | 2025-09-14T14:26:39.114670Z - 2025-09-14T14:27:39.114670Z,,,,,,,,,2025-09-14T14:26:44.114670Z,
HE.OBF0.00.BHZ | 2025-09-14T14:26:04.540160Z - 2025-09-14T14:27:04.540160Z,,,,,,,2025-09-14T14:26:09.540160Z,,2025-09-14T14:26:23.284610Z,
HE.OBF3.00.BHZ | 2025-09-14T14:26:08.115560Z - 2025-09-14T14:27:08.115560Z,,,,,,,2025-09-14T14:26:13.115560Z,,2025-09-14T14:26:29.104530Z,
HE.OBF8.00.BHZ | 2025-09-14T14:25:59.685000Z - 2025-09-14T14:26:59.685000Z,,,,,,,2025-09-14T14:26:04.685000Z,,2025-09-14T14:26:15.136730Z,
HE.OUF.00.BHZ | 2025-09-14T14:26:08.080170Z - 2025-09-14T14:27:08.080170Z,,,,,,,2025-09-14T14:26:13.080170Z,,2025-09-14T14:26:30.268510Z,
HE.TOF.00.BHZ | 2025-09-14T14:26:39.770800Z - 2025-09-14T14:27:39.770800Z,,,,,,,,,2025-09-14T14:26:44.770800Z,
HE.VAF.00.BHZ | 2025-09-14T14:26:34.172450Z - 2025-09-14T14:27:34.172450Z,,,,,,,,,2025-09-14T14:26:39.172450Z,
HE.ECKF.00.CZ | 2025-09-16T20:35:15.433380Z - 2025-09-16T20:36:15.433380Z,,,,,,,2025-09-16T20:35:20.433380Z,,2025-09-16T20:35:44.224180Z,
HE.KPF.00.BHZ | 2025-09-16T20:35:18.964050Z - 2025-09-16T20:36:18.964050Z,,,,,,,2025-09-16T20:35:23.964050Z,,2025-09-16T20:35:51.247670Z,
HE.RAF.00.BHZ | 2025-09-16T20:35:19.866030Z - 2025-09-16T20:36:19.866030Z,,,,,,,2025-09-16T20:35:24.866030Z,,2025-09-16T20:35:52.067080Z,
HE.VAF.00.BHZ | 2025-09-16T20:35:27.051230Z - 2025-09-16T20:36:27.051230Z,,,,,,,2025-09-16T20:35:32.051230Z,,2025-09-16T20:36:04.592320Z,
UP.AAL.00.BHZ | 2025-09-16T20:35:18.447570Z - 2025-09-16T20:36:18.447570Z,,,,,,,2025-09-16T20:35:23.447570Z,,2025-09-16T20:35:49.491800Z,
FN.KLF.00.BHZ | 2025-09-15T23:29:33.939730Z - 2025-09-15T23:30:33.939730Z,,,,,,,,,2025-09-15T23:29:38.939730Z,
FN.RNF.00.BHZ | 2025-09-15T23:29:57.675650Z - 2025-09-15T23:30:57.675650Z,,,,,,,,,2025-09-15T23:30:02.675650Z,
HE.HEF.00.BHZ | 2025-09-15T23:29:36.491350Z - 2025-09-15T23:30:36.491350Z,,,,,,,,,2025-09-15T23:29:41.491350Z,
HE.KIF.00.BHZ | 2025-09-15T23:29:31.520040Z - 2025-09-15T23:30:31.520040Z,,,,,,,,,2025-09-15T23:29:36.520040Z,
FN.KLF.00.BHZ | 2025-09-21T10:26:19.826330Z - 2025-09-21T10:27:19.826330Z,,,,,,,2025-09-21T10:26:24.826330Z,,2025-09-21T10:26:41.580410Z,
FN.OUL.00.BHZ | 2025-09-21T10:26:18.265540Z - 2025-09-21T10:27:18.265540Z,,,,,,,2025-09-21T10:26:23.265540Z,,2025-09-21T10:26:38.191760Z,
FN.RANF.00.?HZ | 2025-09-21T10:26:18.567010Z - 2025-09-21T10:27:18.567010Z,,,,,,,2025-09-21T10:26:23.567010Z,,2025-09-21T10:26:38.756530Z,
FN.RNF.00.BHZ | 2025-09-21T10:26:16.635840Z - 2025-09-21T10:27:16.635840Z,,,,,,,2025-09-21T10:26:21.635840Z,,2025-09-21T10:26:35.744400Z,
HE.KU2.00.CZ | 2025-09-21T10:26:51.641050Z - 2025-09-21T10:27:51.641050Z,,,,,,,,,2025-09-21T10:26:56.641050Z,
HE.OBF0.00.BHZ | 2025-09-21T10:26:40.627950Z - 2025-09-21T10:27:40.627950Z,,,,,,,,,2025-09-21T10:26:45.627950Z,
HE.OBF3.00.BHZ | 2025-09-21T10:26:32.626990Z - 2025-09-21T10:27:32.626990Z,,,,,,,,,2025-09-21T10:26:37.626990Z,
HE.OBF8.00.BHZ | 2025-09-21T10:26:45.522670Z - 2025-09-21T10:27:45.522670Z,,,,,,,,,2025-09-21T10:26:50.522670Z,
HE.OUF.00.BHZ | 2025-09-21T10:26:46.369830Z - 2025-09-21T10:27:46.369830Z,,,,,,,,,2025-09-21T10:26:51.369830Z,
HE.TOF.00.BHZ | 2025-09-21T10:26:01.389430Z - 2025-09-21T10:27:01.389430Z,,,,,,,2025-09-21T10:26:06.389430Z,,2025-09-21T10:26:09.747620Z,
FN.OUL.00.BHZ | 2025-09-19T20:46:55.804740Z - 2025-09-19T20:47:55.804740Z,,,,,,,,,2025-09-19T20:47:00.804740Z,
HE.ALAJF.00.?HZ | 2025-09-19T20:46:50.592180Z - 2025-09-19T20:47:50.592180Z,,,,,,,,,2025-09-19T20:46:55.592180Z,
HE.OBF0.00.BHZ | 2025-09-19T20:46:14.356230Z - 2025-09-19T20:47:14.356230Z,,,,,,,2025-09-19T20:46:19.356230Z,,2025-09-19T20:46:40.417490Z,
HE.OBF3.00.BHZ | 2025-09-19T20:46:17.134800Z - 2025-09-19T20:47:17.134800Z,,,,,,,2025-09-19T20:46:22.134800Z,,2025-09-19T20:46:45.457040Z,
HE.OBF8.00.BHZ | 2025-09-19T20:46:09.468590Z - 2025-09-19T20:47:09.468590Z,,,,,,,2025-09-19T20:46:14.468590Z,,2025-09-19T20:46:32.241810Z,
HE.OUF.00.BHZ | 2025-09-19T20:46:17.983360Z - 2025-09-19T20:47:17.983360Z,,,,,,,2025-09-19T20:46:22.983360Z,,2025-09-19T20:46:46.985390Z,
HE.TOF.00.BHZ | 2025-09-19T20:46:47.327170Z - 2025-09-19T20:47:47.327170Z,,,,,,,,,2025-09-19T20:46:52.327170Z,
HE.VAF.00.BHZ | 2025-09-19T20:46:19.140760Z - 2025-09-19T20:47:19.140760Z,,,,,,,2025-09-19T20:46:24.140760Z,,2025-09-19T20:46:49.061870Z,
HE.ALAJF.00.?HZ | 2025-09-19T03:22:18.944540Z - 2025-09-19T03:23:18.944540Z,,,,,,,,,2025-09-19T03:22:23.944540Z,
HE.ECKF.00.CZ | 2025-09-19T03:22:05.689640Z - 2025-09-19T03:23:05.689640Z,,,,,,,,,2025-09-19T03:22:10.689640Z,
HE.KEF.00.?HZ | 2025-09-19T03:22:21.061600Z - 2025-09-19T03:23:21.061600Z,,,,,,,,,2025-09-19T03:22:26.061600Z,
HE.KORF.00.CZ | 2025-09-19T03:22:14.621530Z - 2025-09-19T03:23:14.621530Z,,,,,,,,,2025-09-19T03:22:19.621530Z,
HE.KPF.00.BHZ | 2025-09-19T03:21:31.618010Z - 2025-09-19T03:22:31.618010Z,,,,,,,2025-09-19T03:21:36.618010Z,,2025-09-19T03:21:53.144860Z,
HE.RAF.00.BHZ | 2025-09-19T03:21:36.557860Z - 2025-09-19T03:22:36.557860Z,,,,,,,2025-09-19T03:21:41.557860Z,,2025-09-19T03:22:02.317260Z,
HE.TRE03.00.CZ | 2025-09-19T03:22:18.485570Z - 2025-09-19T03:23:18.485570Z,,,,,,,,,2025-09-19T03:22:23.485570Z,
HE.VAF.00.BHZ | 2025-09-19T03:21:39.223920Z - 2025-09-19T03:22:39.223920Z,,,,,,,2025-09-19T03:21:44.223920Z,,2025-09-19T03:22:06.271330Z,
UP.AAL.00.BHZ | 2025-09-19T03:22:08.896440Z - 2025-09-19T03:23:08.896440Z,,,,,,,,,2025-09-19T03:22:13.896440Z,
HE.ECKF.00.CZ | 2025-09-21T11:45:56.917290Z - 2025-09-21T11:46:56.917290Z,,,,,,,2025-09-21T11:46:01.917290Z,,2025-09-21T11:46:28.516780Z,
HE.KPF.00.BHZ | 2025-09-21T11:46:33.983110Z - 2025-09-21T11:47:33.983110Z,,,,,,,,,2025-09-21T11:46:38.983110Z,
HE.RAF.00.BHZ | 2025-09-21T11:46:03.349220Z - 2025-09-21T11:47:03.349220Z,,,,,,,2025-09-21T11:46:08.349220Z,,2025-09-21T11:46:40.633550Z,
UP.AAL.00.BHZ | 2025-09-21T11:46:00.268820Z - 2025-09-21T11:47:00.268820Z,,,,,,,2025-09-21T11:46:05.268820Z,,2025-09-21T11:46:34.444720Z,
FN.KLF.00.BHZ | 2025-09-20T16:19:46.072120Z - 2025-09-20T16:20:46.072120Z,,,,,,,,,2025-09-20T16:19:51.072120Z,
FN.MSF.00.BHZ | 2025-09-20T16:18:39.736190Z - 2025-09-20T16:19:39.736190Z,,,,,,,2025-09-20T16:18:44.736190Z,,2025-09-20T16:18:51.276480Z,
FN.OLKF.00.BHZ | 2025-09-20T16:18:46.357360Z - 2025-09-20T16:19:46.357360Z,,,,,,,2025-09-20T16:18:51.357360Z,,2025-09-20T16:19:02.657470Z,
FN.OUL.00.BHZ | 2025-09-20T16:18:56.118360Z - 2025-09-20T16:19:56.118360Z,,,,,,,2025-09-20T16:19:01.118360Z,,2025-09-20T16:19:19.195240Z,
FN.RANF.00.?HZ | 2025-09-20T16:18:50.929620Z - 2025-09-20T16:19:50.929620Z,,,,,,,2025-09-20T16:18:55.929620Z,,2025-09-20T16:19:10.388350Z,
FN.RNF.00.BHZ | 2025-09-20T16:19:00.302820Z - 2025-09-20T16:20:00.302820Z,,,,,,,2025-09-20T16:19:05.302820Z,,2025-09-20T16:19:26.978340Z,
HE.JOF.00.BHZ | 2025-09-20T16:19:44.792920Z - 2025-09-20T16:20:44.792920Z,,,,,,,,,2025-09-20T16:19:49.792920Z,
HE.KJNF.00.CZ | 2025-09-20T16:19:12.450080Z - 2025-09-20T16:20:12.450080Z,,,,,,,,,2025-09-20T16:19:17.450080Z,
HE.KU1.00.CZ | 2025-09-20T16:18:36.319860Z - 2025-09-20T16:19:36.319860Z,,,,,,,2025-09-20T16:18:41.319860Z,,2025-09-20T16:18:45.128000Z,
HE.KU2.00.CZ | 2025-09-20T16:18:40.101380Z - 2025-09-20T16:19:40.101380Z,,,,,,,2025-09-20T16:18:45.101380Z,,2025-09-20T16:18:51.807670Z,
HE.KU6.00.BHZ | 2025-09-20T16:18:42.516910Z - 2025-09-20T16:19:42.516910Z,,,,,,,2025-09-20T16:18:47.516910Z,,2025-09-20T16:18:55.746440Z,
HE.NIF.00.BHZ | 2025-09-20T16:19:31.987490Z - 2025-09-20T16:20:31.987490Z,,,,,,,,,2025-09-20T16:19:36.987490Z,
HE.OBF0.00.BHZ | 2025-09-20T16:19:35.784660Z - 2025-09-20T16:20:35.784660Z,,,,,,,,,2025-09-20T16:19:40.784660Z,
HE.OBF3.00.BHZ | 2025-09-20T16:19:28.452150Z - 2025-09-20T16:20:28.452150Z,,,,,,,,,2025-09-20T16:19:33.452150Z,
HE.OBF8.00.BHZ | 2025-09-20T16:19:45.012820Z - 2025-09-20T16:20:45.012820Z,,,,,,,,,2025-09-20T16:19:50.012820Z,
HE.OUF.00.BHZ | 2025-09-20T16:19:32.975900Z - 2025-09-20T16:20:32.975900Z,,,,,,,,,2025-09-20T16:19:37.975900Z,
HE.RMF.00.BHZ | 2025-09-20T16:18:53.105540Z - 2025-09-20T16:19:53.105540Z,,,,,,,2025-09-20T16:18:58.105540Z,,2025-09-20T16:19:14.341260Z,
HE.TOF.00.BHZ | 2025-09-20T16:19:30.871060Z - 2025-09-20T16:20:30.871060Z,,,,,,,,,2025-09-20T16:19:35.871060Z,
FN.KMNF.00.?HZ | 2025-09-22T08:34:18.327960Z - 2025-09-22T08:35:18.327960Z,,,,,,,2025-09-22T08:34:23.327960Z,,2025-09-22T08:34:44.582350Z,
FN.RAJF.00.?HZ | 2025-09-22T08:35:00.745990Z - 2025-09-22T08:36:00.745990Z,,,,,,,,,2025-09-22T08:35:05.745990Z,
HE.HEF.00.BHZ | 2025-09-22T08:34:48.660190Z - 2025-09-22T08:35:48.660190Z,,,,,,,,,2025-09-22T08:34:53.660190Z,
HE.KEV.00.?HZ | 2025-09-22T08:34:11.647020Z - 2025-09-22T08:35:11.647020Z,,,,,,,2025-09-22T08:34:16.647020Z,,2025-09-22T08:34:32.883080Z,
HE.KIF.00.BHZ | 2025-09-22T08:34:18.972780Z - 2025-09-22T08:35:18.972780Z,,,,,,,2025-09-22T08:34:23.972780Z,,2025-09-22T08:34:45.513530Z,
HE.FIA0.00.?HZ | 2025-09-24T12:25:29.677810Z - 2025-09-24T12:26:29.677810Z,,,,,,,,,2025-09-24T12:25:34.677810Z,
HE.FIA1.00.?HZ | 2025-09-24T12:25:29.677810Z - 2025-09-24T12:26:29.677810Z,,,,,,,,,2025-09-24T12:25:34.677810Z,
HE.HEL5.00.BHZ | 2025-09-24T12:25:24.472270Z - 2025-09-24T12:26:24.472270Z,,,,,,,,,2025-09-24T12:25:29.472270Z,
HE.KAF.00.?HZ | 2025-09-24T12:25:49.808090Z - 2025-09-24T12:26:49.808090Z,,,,,,,,,2025-09-24T12:25:54.808090Z,
HE.KEF.00.?HZ | 2025-09-24T12:25:56.329070Z - 2025-09-24T12:26:56.329070Z,,,,,,,,,2025-09-24T12:26:01.329070Z,
HE.KY02.00.CZ | 2025-09-24T12:25:07.369630Z - 2025-09-24T12:26:07.369630Z,,,,,,,2025-09-24T12:25:12.369630Z,,2025-09-24T12:25:20.065400Z,
HE.KY17.00.CZ | 2025-09-24T12:25:08.015620Z - 2025-09-24T12:26:08.015620Z,,,,,,,2025-09-24T12:25:13.015620Z,,2025-09-24T12:25:20.854800Z,
HE.LAUT.00.BHZ | 2025-09-24T12:25:22.650340Z - 2025-09-24T12:26:22.650340Z,,,,,,,,,2025-09-24T12:25:27.650340Z,
HE.LOVF.00.CZ | 2025-09-24T12:24:58.483400Z - 2025-09-24T12:25:58.483400Z,,,,,,,2025-09-24T12:25:03.483400Z,,2025-09-24T12:25:04.634710Z,
HE.MEF.00.BHZ | 2025-09-24T12:25:28.896980Z - 2025-09-24T12:26:28.896980Z,,,,,,,,,2025-09-24T12:25:33.896980Z,
HE.NUR.00.SHZ | 2025-09-24T12:25:24.472270Z - 2025-09-24T12:26:24.472270Z,,,,,,,,,2025-09-24T12:25:29.472270Z,
HE.PVF.00.CZ | 2025-09-24T12:25:02.825890Z - 2025-09-24T12:26:02.825890Z,,,,,,,2025-09-24T12:25:07.825890Z,,2025-09-24T12:25:11.999050Z,
HE.RUF.00.BHZ | 2025-09-24T12:25:45.716490Z - 2025-09-24T12:26:45.716490Z,,,,,,,,,2025-09-24T12:25:50.716490Z,
HE.SUF.00.BHZ | 2025-09-24T12:26:07.197390Z - 2025-09-24T12:27:07.197390Z,,,,,,,,,2025-09-24T12:26:12.197390Z,
HE.TRE03.00.CZ | 2025-09-24T12:25:47.378700Z - 2025-09-24T12:26:47.378700Z,,,,,,,,,2025-09-24T12:25:52.378700Z,
HE.TVF.00.BHZ | 2025-09-24T12:25:49.680220Z - 2025-09-24T12:26:49.680220Z,,,,,,,,,2025-09-24T12:25:54.680220Z,
HE.VJF.00.?HZ | 2025-09-24T12:25:06.973320Z - 2025-09-24T12:26:06.973320Z,,,,,,,2025-09-24T12:25:11.973320Z,,2025-09-24T12:25:19.488240Z,
FN.KLF.00.BHZ | 2025-09-22T02:27:55.635900Z - 2025-09-22T02:28:55.635900Z,,,,,,,,,2025-09-22T02:28:00.635900Z,
HE.KIF.00.BHZ | 2025-09-22T02:28:00.323810Z - 2025-09-22T02:29:00.323810Z,,,,,,,,,2025-09-22T02:28:05.323810Z,
FN.KLF.00.BHZ | 2025-09-30T14:49:28.043750Z - 2025-09-30T14:50:28.043750Z,,,,,,,2025-09-30T14:49:33.043750Z,,2025-09-30T14:49:57.336550Z,
FN.MSF.00.BHZ | 2025-09-30T14:50:00.493180Z - 2025-09-30T14:51:00.493180Z,,,,,,,,,2025-09-30T14:50:05.493180Z,
FN.OUL.00.BHZ | 2025-09-30T14:49:10.248490Z - 2025-09-30T14:50:10.248490Z,,,,,,,2025-09-30T14:49:15.248490Z,,2025-09-30T14:49:26.569600Z,
FN.RANF.00.?HZ | 2025-09-30T14:49:18.788810Z - 2025-09-30T14:50:18.788810Z,,,,,,,2025-09-30T14:49:23.788810Z,,2025-09-30T14:49:41.470040Z,
FN.RNF.00.BHZ | 2025-09-30T14:49:22.206400Z - 2025-09-30T14:50:22.206400Z,,,,,,,2025-09-30T14:49:27.206400Z,,2025-09-30T14:49:46.436850Z,
HE.ALAJF.00.?HZ | 2025-09-30T14:50:00.885220Z - 2025-09-30T14:51:00.885220Z,,,,,,,,,2025-09-30T14:50:05.885220Z,
HE.KU2.00.CZ | 2025-09-30T14:49:49.850020Z - 2025-09-30T14:50:49.850020Z,,,,,,,,,2025-09-30T14:49:54.850020Z,
HE.OBF0.00.BHZ | 2025-09-30T14:49:10.213020Z - 2025-09-30T14:50:10.213020Z,,,,,,,2025-09-30T14:49:15.213020Z,,2025-09-30T14:49:25.955760Z,
HE.OBF3.00.BHZ | 2025-09-30T14:49:06.388370Z - 2025-09-30T14:50:06.388370Z,,,,,,,2025-09-30T14:49:11.388370Z,,2025-09-30T14:49:19.351550Z,
HE.OUF.00.BHZ | 2025-09-30T14:49:13.375030Z - 2025-09-30T14:50:13.375030Z,,,,,,,2025-09-30T14:49:18.375030Z,,2025-09-30T14:49:31.130960Z,
HE.TOF.00.BHZ | 2025-09-30T14:49:09.134840Z - 2025-09-30T14:50:09.134840Z,,,,,,,2025-09-30T14:49:14.134840Z,,2025-09-30T14:49:23.832790Z,
HE.ECKF.00.CZ | 2025-10-02T09:35:03.442900Z - 2025-10-02T09:36:03.442900Z,,,,,,,2025-10-02T09:35:08.442900Z,,2025-10-02T09:35:34.634940Z,
HE.KPF.00.BHZ | 2025-10-02T09:35:11.230710Z - 2025-10-02T09:36:11.230710Z,,,,,,,2025-10-02T09:35:16.230710Z,,2025-10-02T09:35:48.479370Z,
HE.RAF.00.BHZ | 2025-10-02T09:35:47.718520Z - 2025-10-02T09:36:47.718520Z,,,,,,,,,2025-10-02T09:35:52.718520Z,
UP.AAL.00.BHZ | 2025-10-02T09:35:06.666850Z - 2025-10-02T09:36:06.666850Z,,,,,,,2025-10-02T09:35:11.666850Z,,2025-10-02T09:35:40.657700Z,
HE.FIA0.00.?HZ | 2025-10-03T17:15:52.963760Z - 2025-10-03T17:16:52.963760Z,,,,,,,2025-10-03T17:15:57.963760Z,,2025-10-03T17:16:08.969020Z,
HE.FIA1.00.?HZ | 2025-10-03T17:15:52.964600Z - 2025-10-03T17:16:52.964600Z,,,,,,,2025-10-03T17:15:57.964600Z,,2025-10-03T17:16:08.969930Z,
HE.HEL1.00.BHZ | 2025-10-03T17:15:59.494210Z - 2025-10-03T17:16:59.494210Z,,,,,,,,,2025-10-03T17:16:04.494210Z,
HE.HEL5.00.BHZ | 2025-10-03T17:15:52.366390Z - 2025-10-03T17:16:52.366390Z,,,,,,,2025-10-03T17:15:57.366390Z,,2025-10-03T17:16:07.166670Z,
HE.KAF.00.?HZ | 2025-10-03T17:16:04.916520Z - 2025-10-03T17:17:04.916520Z,,,,,,,2025-10-03T17:16:09.916520Z,,2025-10-03T17:16:29.675020Z,
HE.KEF.00.?HZ | 2025-10-03T17:16:07.393950Z - 2025-10-03T17:17:07.393950Z,,,,,,,2025-10-03T17:16:12.393950Z,,2025-10-03T17:16:34.428770Z,
HE.KORF.00.CZ | 2025-10-03T17:16:48.661320Z - 2025-10-03T17:17:48.661320Z,,,,,,,,,2025-10-03T17:16:53.661320Z,
HE.KPF.00.BHZ | 2025-10-03T17:16:17.660220Z - 2025-10-03T17:17:17.660220Z,,,,,,,2025-10-03T17:16:22.660220Z,,2025-10-03T17:16:52.005710Z,
HE.KUNI.00.BHZ | 2025-10-03T17:15:57.256810Z - 2025-10-03T17:16:57.256810Z,,,,,,,,,2025-10-03T17:16:02.256810Z,
HE.KY02.00.CZ | 2025-10-03T17:15:46.844720Z - 2025-10-03T17:16:46.844720Z,,,,,,,2025-10-03T17:15:51.844720Z,,2025-10-03T17:15:58.403510Z,
HE.KY17.00.CZ | 2025-10-03T17:15:48.278750Z - 2025-10-03T17:16:48.278750Z,,,,,,,2025-10-03T17:15:53.278750Z,,2025-10-03T17:16:01.013810Z,
HE.LAUT.00.BHZ | 2025-10-03T17:15:59.991410Z - 2025-10-03T17:16:59.991410Z,,,,,,,,,2025-10-03T17:16:04.991410Z,
HE.LOVF.00.CZ | 2025-10-03T17:15:40.690510Z - 2025-10-03T17:16:40.690510Z,,,,,,,2025-10-03T17:15:45.690510Z,,2025-10-03T17:15:48.138820Z,
HE.MEF.00.BHZ | 2025-10-03T17:15:53.799240Z - 2025-10-03T17:16:53.799240Z,,,,,,,2025-10-03T17:15:58.799240Z,,2025-10-03T17:16:10.017610Z,
HE.NUR.00.SHZ | 2025-10-03T17:15:58.313360Z - 2025-10-03T17:16:58.313360Z,,,,,,,,,2025-10-03T17:16:03.313360Z,
HE.PVF.00.CZ | 2025-10-03T17:15:39.234560Z - 2025-10-03T17:16:39.234560Z,,,,,,,2025-10-03T17:15:44.234560Z,,2025-10-03T17:15:45.666490Z,
HE.RAF.00.BHZ | 2025-10-03T17:16:14.410190Z - 2025-10-03T17:17:14.410190Z,,,,,,,2025-10-03T17:16:19.410190Z,,2025-10-03T17:16:47.596120Z,
HE.RUF.00.BHZ | 2025-10-03T17:16:27.837820Z - 2025-10-03T17:17:27.837820Z,,,,,,,,,2025-10-03T17:16:32.837820Z,
HE.SUF.00.BHZ | 2025-10-03T17:16:14.868570Z - 2025-10-03T17:17:14.868570Z,,,,,,,2025-10-03T17:16:19.868570Z,,2025-10-03T17:16:48.569260Z,
HE.TVF.00.BHZ | 2025-10-03T17:16:26.023280Z - 2025-10-03T17:17:26.023280Z,,,,,,,,,2025-10-03T17:16:31.023280Z,
HE.VJF.00.?HZ | 2025-10-03T17:15:50.658170Z - 2025-10-03T17:16:50.658170Z,,,,,,,2025-10-03T17:15:55.658170Z,,2025-10-03T17:16:05.426470Z,
HE.KPF.00.BHZ | 2025-10-03T00:59:34.213050Z - 2025-10-03T01:00:34.213050Z,,,,,,,,,2025-10-03T00:59:39.213050Z,
HE.OBF0.00.BHZ | 2025-10-03T00:59:16.247600Z - 2025-10-03T01:00:16.247600Z,,,,,,,,,2025-10-03T00:59:21.247600Z,
HE.OBF3.00.BHZ | 2025-10-03T00:59:25.690980Z - 2025-10-03T01:00:25.690980Z,,,,,,,,,2025-10-03T00:59:30.690980Z,
HE.OUF.00.BHZ | 2025-10-03T00:59:20.854130Z - 2025-10-03T01:00:20.854130Z,,,,,,,,,2025-10-03T00:59:25.854130Z,
FN.KLF.00.BHZ | 2025-10-03T23:33:20.792970Z - 2025-10-03T23:34:20.792970Z,,,,,,,,,2025-10-03T23:33:25.792970Z,
FN.KMNF.00.?HZ | 2025-10-03T23:33:55.014890Z - 2025-10-03T23:34:55.014890Z,,,,,,,,,2025-10-03T23:34:00.014890Z,
FN.RNF.00.BHZ | 2025-10-03T23:33:49.619300Z - 2025-10-03T23:34:49.619300Z,,,,,,,,,2025-10-03T23:33:54.619300Z,
FN.SGF.00.BHZ | 2025-10-03T23:33:43.099640Z - 2025-10-03T23:34:43.099640Z,,,,,,,,,2025-10-03T23:33:48.099640Z,
HE.HEF.00.BHZ | 2025-10-03T23:33:13.548990Z - 2025-10-03T23:34:13.548990Z,,,,,,,,,2025-10-03T23:33:18.548990Z,
FN.MSF.00.BHZ | 2025-10-07T10:37:58.100600Z - 2025-10-07T10:38:58.100600Z,,,,,,,2025-10-07T10:38:03.100600Z,,2025-10-07T10:38:06.796800Z,
HE.KU1.00.CZ | 2025-10-07T10:37:58.854530Z - 2025-10-07T10:38:58.854530Z,,,,,,,2025-10-07T10:38:03.854530Z,,2025-10-07T10:38:07.923810Z,
HE.KU6.00.BHZ | 2025-10-07T10:37:56.901180Z - 2025-10-07T10:38:56.901180Z,,,,,,,2025-10-07T10:38:01.901180Z,,2025-10-07T10:38:04.708500Z,
HE.FIA0.00.?HZ | 2025-10-08T06:13:05.507410Z - 2025-10-08T06:14:05.507410Z,,,,,,,2025-10-08T06:13:10.507410Z,,2025-10-08T06:13:26.134390Z,
HE.FIA1.00.?HZ | 2025-10-08T06:13:05.502690Z - 2025-10-08T06:14:05.502690Z,,,,,,,2025-10-08T06:13:10.502690Z,,2025-10-08T06:13:26.137120Z,
HE.HEL1.00.BHZ | 2025-10-08T06:13:28.317050Z - 2025-10-08T06:14:28.317050Z,,,,,,,,,2025-10-08T06:13:33.317050Z,
HE.HEL5.00.BHZ | 2025-10-08T06:13:30.746700Z - 2025-10-08T06:14:30.746700Z,,,,,,,,,2025-10-08T06:13:35.746700Z,
HE.KAF.00.?HZ | 2025-10-08T06:13:36.498430Z - 2025-10-08T06:14:36.498430Z,,,,,,,,,2025-10-08T06:13:41.498430Z,
HE.KUNI.00.BHZ | 2025-10-08T06:13:26.984180Z - 2025-10-08T06:14:26.984180Z,,,,,,,,,2025-10-08T06:13:31.984180Z,
HE.KY02.00.CZ | 2025-10-08T06:12:55.119740Z - 2025-10-08T06:13:55.119740Z,,,,,,,2025-10-08T06:13:00.119740Z,,2025-10-08T06:13:08.200600Z,
HE.KY17.00.CZ | 2025-10-08T06:12:53.307030Z - 2025-10-08T06:13:53.307030Z,,,,,,,2025-10-08T06:12:58.307030Z,,2025-10-08T06:13:04.765110Z,
HE.LAUT.00.BHZ | 2025-10-08T06:13:28.492980Z - 2025-10-08T06:14:28.492980Z,,,,,,,,,2025-10-08T06:13:33.492980Z,
HE.LOVF.00.CZ | 2025-10-08T06:12:56.316240Z - 2025-10-08T06:13:56.316240Z,,,,,,,2025-10-08T06:13:01.316240Z,,2025-10-08T06:13:10.270150Z,
HE.NUR.00.SHZ | 2025-10-08T06:13:30.194190Z - 2025-10-08T06:14:30.194190Z,,,,,,,,,2025-10-08T06:13:35.194190Z,
HE.PVF.00.CZ | 2025-10-08T06:13:00.143390Z - 2025-10-08T06:14:00.143390Z,,,,,,,2025-10-08T06:13:05.143390Z,,2025-10-08T06:13:16.841180Z,
HE.RSUO.00.BHZ | 2025-10-08T06:13:27.429160Z - 2025-10-08T06:14:27.429160Z,,,,,,,,,2025-10-08T06:13:32.429160Z,
HE.RUF.00.BHZ | 2025-10-08T06:13:17.470750Z - 2025-10-08T06:14:17.470750Z,,,,,,,,,2025-10-08T06:13:22.470750Z,
HE.VJF.00.?HZ | 2025-10-08T06:12:45.038060Z - 2025-10-08T06:13:45.038060Z,,,,,,,2025-10-08T06:12:50.038060Z,,2025-10-08T06:12:50.699940Z,
HE.KPF.00.BHZ | 2025-10-08T13:19:59.750000Z - 2025-10-08T13:20:59.750000Z,,,,,,,,,2025-10-08T13:20:04.750000Z,
HE.VAF.00.BHZ | 2025-10-08T13:19:53.120000Z - 2025-10-08T13:20:53.120000Z,,,,,,,,,2025-10-08T13:19:58.120000Z,
HE.ECKF.00.CZ | 2025-10-08T21:39:01.343520Z - 2025-10-08T21:40:01.343520Z,,,,,,,,,2025-10-08T21:39:06.343520Z,
HE.KPF.00.BHZ | 2025-10-08T21:38:48.661340Z - 2025-10-08T21:39:48.661340Z,,,,,,,2025-10-08T21:38:53.661340Z,,2025-10-08T21:39:27.516130Z,
HE.RAF.00.BHZ | 2025-10-08T21:39:20.350260Z - 2025-10-08T21:40:20.350260Z,,,,,,,,,2025-10-08T21:39:25.350260Z,
UP.AAL.00.BHZ | 2025-10-08T21:39:09.318380Z - 2025-10-08T21:40:09.318380Z,,,,,,,,,2025-10-08T21:39:14.318380Z,
FN.KLF.00.BHZ | 2025-10-09T11:32:25.718320Z - 2025-10-09T11:33:25.718320Z,,,,,,,2025-10-09T11:32:30.718320Z,,2025-10-09T11:32:42.184390Z,
FN.KMNF.00.?HZ | 2025-10-09T11:33:07.326070Z - 2025-10-09T11:34:07.326070Z,,,,,,,,,2025-10-09T11:33:12.326070Z,
HE.HEF.00.BHZ | 2025-10-09T11:32:20.119870Z - 2025-10-09T11:33:20.119870Z,,,,,,,2025-10-09T11:32:25.119870Z,,2025-10-09T11:32:31.134180Z,
HE.ALAJF.00.?HZ | 2025-10-07T22:51:22.108760Z - 2025-10-07T22:52:22.108760Z,,,,,,,,,2025-10-07T22:51:27.108760Z,
HE.OBF0.00.BHZ | 2025-10-07T22:50:40.162300Z - 2025-10-07T22:51:40.162300Z,,,,,,,2025-10-07T22:50:45.162300Z,,2025-10-07T22:51:03.400680Z,
HE.OBF3.00.BHZ | 2025-10-07T22:51:01.853310Z - 2025-10-07T22:52:01.853310Z,,,,,,,,,2025-10-07T22:51:06.853310Z,
HE.OUF.00.BHZ | 2025-10-07T22:50:44.444770Z - 2025-10-07T22:51:44.444770Z,,,,,,,2025-10-07T22:50:49.444770Z,,2025-10-07T22:51:10.421030Z,
HE.VAF.00.BHZ | 2025-10-07T22:51:16.584540Z - 2025-10-07T22:52:16.584540Z,,,,,,,,,2025-10-07T22:51:21.584540Z,
HE.FIA0.00.?HZ | 2025-10-11T13:31:30.509010Z - 2025-10-11T13:32:30.509010Z,,,,,,,2025-10-11T13:31:35.509010Z,,2025-10-11T13:31:44.789650Z,
HE.FIA1.00.?HZ | 2025-10-11T13:31:30.509010Z - 2025-10-11T13:32:30.509010Z,,,,,,,2025-10-11T13:31:35.509010Z,,2025-10-11T13:31:44.789650Z,
HE.HEL1.00.BHZ | 2025-10-11T13:31:43.201220Z - 2025-10-11T13:32:43.201220Z,,,,,,,,,2025-10-11T13:31:48.201220Z,
HE.HEL5.00.BHZ | 2025-10-11T13:31:45.981950Z - 2025-10-11T13:32:45.981950Z,,,,,,,,,2025-10-11T13:31:50.981950Z,
HE.KAF.00.?HZ | 2025-10-11T13:31:42.618380Z - 2025-10-11T13:32:42.618380Z,,,,,,,2025-10-11T13:31:47.618380Z,,2025-10-11T13:32:05.545970Z,
HE.KEF.00.?HZ | 2025-10-11T13:31:45.399390Z - 2025-10-11T13:32:45.399390Z,,,,,,,2025-10-11T13:31:50.399390Z,,2025-10-11T13:32:10.372900Z,
HE.KPF.00.BHZ | 2025-10-11T13:31:57.761550Z - 2025-10-11T13:32:57.761550Z,,,,,,,2025-10-11T13:32:02.761550Z,,2025-10-11T13:32:31.072690Z,
HE.KUNI.00.BHZ | 2025-10-11T13:31:41.061990Z - 2025-10-11T13:32:41.061990Z,,,,,,,,,2025-10-11T13:31:46.061990Z,
HE.KY02.00.CZ | 2025-10-11T13:31:25.675540Z - 2025-10-11T13:32:25.675540Z,,,,,,,2025-10-11T13:31:30.675540Z,,2025-10-11T13:31:35.589960Z,
HE.KY17.00.CZ | 2025-10-11T13:31:27.316290Z - 2025-10-11T13:32:27.316290Z,,,,,,,2025-10-11T13:31:32.316290Z,,2025-10-11T13:31:38.937200Z,
HE.LAUT.00.BHZ | 2025-10-11T13:31:43.978350Z - 2025-10-11T13:32:43.978350Z,,,,,,,,,2025-10-11T13:31:48.978350Z,
HE.LOVF.00.CZ | 2025-10-11T13:31:23.858700Z - 2025-10-11T13:32:23.858700Z,,,,,,,2025-10-11T13:31:28.858700Z,,2025-10-11T13:31:33.089010Z,
HE.MEF.00.BHZ | 2025-10-11T13:31:47.896080Z - 2025-10-11T13:32:47.896080Z,,,,,,,,,2025-10-11T13:31:52.896080Z,
HE.NUR.00.SHZ | 2025-10-11T13:31:31.085040Z - 2025-10-11T13:32:31.085040Z,,,,,,,2025-10-11T13:31:36.085040Z,,2025-10-11T13:31:45.572460Z,
HE.PVF.00.CZ | 2025-10-11T13:31:22.019560Z - 2025-10-11T13:32:22.019560Z,,,,,,,2025-10-11T13:31:27.019560Z,,2025-10-11T13:31:30.072530Z,
HE.RAF.00.BHZ | 2025-10-11T13:31:54.976840Z - 2025-10-11T13:32:54.976840Z,,,,,,,2025-10-11T13:31:59.976840Z,,2025-10-11T13:32:26.199460Z,
HE.RUF.00.BHZ | 2025-10-11T13:31:45.649060Z - 2025-10-11T13:32:45.649060Z,,,,,,,2025-10-11T13:31:50.649060Z,,2025-10-11T13:32:10.651540Z,
HE.SUF.00.BHZ | 2025-10-11T13:31:52.424200Z - 2025-10-11T13:32:52.424200Z,,,,,,,2025-10-11T13:31:57.424200Z,,2025-10-11T13:32:22.950640Z,
HE.TRE03.00.CZ | 2025-10-11T13:31:40.738900Z - 2025-10-11T13:32:40.738900Z,,,,,,,2025-10-11T13:31:45.738900Z,,2025-10-11T13:32:01.301600Z,
HE.TVF.00.BHZ | 2025-10-11T13:31:47.550970Z - 2025-10-11T13:32:47.550970Z,,,,,,,2025-10-11T13:31:52.550970Z,,2025-10-11T13:32:13.900360Z,
HE.VJF.00.?HZ | 2025-10-11T13:31:31.556820Z - 2025-10-11T13:32:31.556820Z,,,,,,,2025-10-11T13:31:36.556820Z,,2025-10-11T13:31:46.820800Z,
HE.ECKF.00.CZ | 2025-10-12T17:38:21.402880Z - 2025-10-12T17:39:21.402880Z,,,,,,,2025-10-12T17:38:26.402880Z,,2025-10-12T17:38:43.217300Z,
HE.FIA0.00.?HZ | 2025-10-12T17:38:40.374560Z - 2025-10-12T17:39:40.374560Z,,,,,,,2025-10-12T17:38:45.374560Z,,2025-10-12T17:39:15.191130Z,
HE.FIA1.00.?HZ | 2025-10-12T17:38:40.189420Z - 2025-10-12T17:39:40.189420Z,,,,,,,2025-10-12T17:38:45.189420Z,,2025-10-12T17:39:15.203930Z,
HE.HEL5.00.BHZ | 2025-10-12T17:38:34.066680Z - 2025-10-12T17:39:34.066680Z,,,,,,,2025-10-12T17:38:39.066680Z,,2025-10-12T17:39:04.210980Z,
HE.KEF.00.?HZ | 2025-10-12T17:38:34.591820Z - 2025-10-12T17:39:34.591820Z,,,,,,,2025-10-12T17:38:39.591820Z,,2025-10-12T17:39:05.185300Z,
HE.KORF.00.CZ | 2025-10-12T17:38:17.875300Z - 2025-10-12T17:39:17.875300Z,,,,,,,2025-10-12T17:38:22.875300Z,,2025-10-12T17:38:36.019930Z,
HE.KPF.00.BHZ | 2025-10-12T17:38:13.644390Z - 2025-10-12T17:39:13.644390Z,,,,,,,2025-10-12T17:38:18.644390Z,,2025-10-12T17:38:28.538310Z,
HE.KUNI.00.BHZ | 2025-10-12T17:38:33.966350Z - 2025-10-12T17:39:33.966350Z,,,,,,,2025-10-12T17:38:38.966350Z,,2025-10-12T17:39:04.849820Z,
HE.MEF.00.BHZ | 2025-10-12T17:38:30.782510Z - 2025-10-12T17:39:30.782510Z,,,,,,,2025-10-12T17:38:35.782510Z,,2025-10-12T17:38:58.947660Z,
HE.NUR.00.SHZ | 2025-10-12T17:38:30.417450Z - 2025-10-12T17:39:30.417450Z,,,,,,,2025-10-12T17:38:35.417450Z,,2025-10-12T17:38:58.163020Z,
HE.PVF.00.CZ | 2025-10-12T17:38:39.593260Z - 2025-10-12T17:39:39.593260Z,,,,,,,2025-10-12T17:38:44.593260Z,,2025-10-12T17:39:15.038080Z,
HE.RAF.00.BHZ | 2025-10-12T17:38:03.400010Z - 2025-10-12T17:39:03.400010Z,,,,,,,2025-10-12T17:38:08.400010Z,,2025-10-12T17:38:11.606340Z,
HE.TRE03.00.CZ | 2025-10-12T17:38:26.016780Z - 2025-10-12T17:39:26.016780Z,,,,,,,2025-10-12T17:38:31.016780Z,,2025-10-12T17:38:50.359330Z,
HE.TVF.00.BHZ | 2025-10-12T17:38:28.017070Z - 2025-10-12T17:39:28.017070Z,,,,,,,2025-10-12T17:38:33.017070Z,,2025-10-12T17:38:53.759900Z,
HE.VAF.00.BHZ | 2025-10-12T17:38:34.880130Z - 2025-10-12T17:39:34.880130Z,,,,,,,2025-10-12T17:38:39.880130Z,,2025-10-12T17:39:06.687490Z,
UP.AAL.00.BHZ | 2025-10-12T17:38:19.829700Z - 2025-10-12T17:39:19.829700Z,,,,,,,2025-10-12T17:38:24.829700Z,,2025-10-12T17:38:40.516450Z,
FN.KLF.00.BHZ | 2025-10-12T00:48:45.038930Z - 2025-10-12T00:49:45.038930Z,,,,,,,2025-10-12T00:48:50.038930Z,,2025-10-12T00:49:02.496500Z,
FN.KMNF.00.?HZ | 2025-10-12T00:48:49.764020Z - 2025-10-12T00:49:49.764020Z,,,,,,,2025-10-12T00:48:54.764020Z,,2025-10-12T00:49:10.799750Z,
FN.OLKF.00.BHZ | 2025-10-12T00:49:06.758630Z - 2025-10-12T00:50:06.758630Z,,,,,,,2025-10-12T00:49:11.758630Z,,2025-10-12T00:49:39.885410Z,
FN.RAJF.00.?HZ | 2025-10-12T00:48:47.600830Z - 2025-10-12T00:49:47.600830Z,,,,,,,2025-10-12T00:48:52.600830Z,,2025-10-12T00:49:06.697780Z,
FN.RANF.00.?HZ | 2025-10-12T00:49:03.156240Z - 2025-10-12T00:50:03.156240Z,,,,,,,2025-10-12T00:49:08.156240Z,,2025-10-12T00:49:33.836990Z,
FN.RNF.00.BHZ | 2025-10-12T00:48:52.659150Z - 2025-10-12T00:49:52.659150Z,,,,,,,2025-10-12T00:48:57.659150Z,,2025-10-12T00:49:15.342570Z,
FN.SGF.00.BHZ | 2025-10-12T00:48:39.566950Z - 2025-10-12T00:49:39.566950Z,,,,,,,2025-10-12T00:48:44.566950Z,,2025-10-12T00:48:52.963370Z,
HE.HEF.00.BHZ | 2025-10-12T00:48:42.158950Z - 2025-10-12T00:49:42.158950Z,,,,,,,2025-10-12T00:48:47.158950Z,,2025-10-12T00:48:57.322980Z,
HE.KEV.00.?HZ | 2025-10-12T00:48:59.466210Z - 2025-10-12T00:49:59.466210Z,,,,,,,2025-10-12T00:49:04.466210Z,,2025-10-12T00:49:27.022180Z,
HE.KIF.00.BHZ | 2025-10-12T00:49:02.903070Z - 2025-10-12T00:50:02.903070Z,,,,,,,2025-10-12T00:49:07.903070Z,,2025-10-12T00:49:32.650120Z,
HE.KU2.00.CZ | 2025-10-12T00:49:11.691480Z - 2025-10-12T00:50:11.691480Z,,,,,,,2025-10-12T00:49:16.691480Z,,,
HE.TOF.00.BHZ | 2025-10-12T00:49:27.168770Z - 2025-10-12T00:50:27.168770Z,,,,,,,,,2025-10-12T00:49:32.168770Z,
HE.VRF.00.BHZ | 2025-10-12T00:48:55.244640Z - 2025-10-12T00:49:55.244640Z,,,,,,,2025-10-12T00:49:00.244640Z,,2025-10-12T00:49:19.583830Z,
FN.KLF.00.BHZ | 2025-10-12T11:54:48.637190Z - 2025-10-12T11:55:48.637190Z,,,,,,,2025-10-12T11:54:53.637190Z,,2025-10-12T11:55:02.468450Z,
FN.RNF.00.BHZ | 2025-10-12T11:55:28.291240Z - 2025-10-12T11:56:28.291240Z,,,,,,,,,2025-10-12T11:55:33.291240Z,
FN.SGF.00.BHZ | 2025-10-12T11:55:24.683570Z - 2025-10-12T11:56:24.683570Z,,,,,,,,,2025-10-12T11:55:29.683570Z,
HE.HEF.00.BHZ | 2025-10-12T11:54:53.274590Z - 2025-10-12T11:55:53.274590Z,,,,,,,2025-10-12T11:54:58.274590Z,,2025-10-12T11:55:09.939350Z,
HE.KIF.00.BHZ | 2025-10-12T11:55:23.486240Z - 2025-10-12T11:56:23.486240Z,,,,,,,,,2025-10-12T11:55:28.486240Z,
HE.ALAJF.00.?HZ | 2025-10-18T04:40:48.277590Z - 2025-10-18T04:41:48.277590Z,,,,,,,,,2025-10-18T04:40:53.277590Z,
HE.FIA0.00.?HZ | 2025-10-18T04:39:43.390660Z - 2025-10-18T04:40:43.390660Z,,,,,,,2025-10-18T04:39:48.390660Z,,2025-10-18T04:39:57.264560Z,
HE.FIA1.00.?HZ | 2025-10-18T04:39:43.390660Z - 2025-10-18T04:40:43.390660Z,,,,,,,2025-10-18T04:39:48.390660Z,,2025-10-18T04:39:57.264560Z,
HE.HEL1.00.BHZ | 2025-10-18T04:39:56.235120Z - 2025-10-18T04:40:56.235120Z,,,,,,,,,2025-10-18T04:40:01.235120Z,
HE.KAF.00.?HZ | 2025-10-18T04:39:55.605980Z - 2025-10-18T04:40:55.605980Z,,,,,,,2025-10-18T04:40:00.605980Z,,2025-10-18T04:40:18.231920Z,
HE.KEF.00.?HZ | 2025-10-18T04:39:58.935460Z - 2025-10-18T04:40:58.935460Z,,,,,,,2025-10-18T04:40:03.935460Z,,2025-10-18T04:40:23.330960Z,
HE.KORF.00.CZ | 2025-10-18T04:40:12.007150Z - 2025-10-18T04:41:12.007150Z,,,,,,,2025-10-18T04:40:17.007150Z,,2025-10-18T04:40:46.877940Z,
HE.KPF.00.BHZ | 2025-10-18T04:40:09.732580Z - 2025-10-18T04:41:09.732580Z,,,,,,,2025-10-18T04:40:14.732580Z,,2025-10-18T04:40:43.127230Z,
HE.KY02.00.CZ | 2025-10-18T04:39:38.340480Z - 2025-10-18T04:40:38.340480Z,,,,,,,2025-10-18T04:39:43.340480Z,,2025-10-18T04:39:48.534950Z,
HE.KY17.00.CZ | 2025-10-18T04:39:40.216260Z - 2025-10-18T04:40:40.216260Z,,,,,,,2025-10-18T04:39:45.216260Z,,2025-10-18T04:39:51.925790Z,
HE.LAUT.00.BHZ | 2025-10-18T04:39:56.934990Z - 2025-10-18T04:40:56.934990Z,,,,,,,,,2025-10-18T04:40:01.934990Z,
HE.LOVF.00.CZ | 2025-10-18T04:39:36.753270Z - 2025-10-18T04:40:36.753270Z,,,,,,,2025-10-18T04:39:41.753270Z,,2025-10-18T04:39:45.865570Z,
HE.MEF.00.BHZ | 2025-10-18T04:40:01.334160Z - 2025-10-18T04:41:01.334160Z,,,,,,,,,2025-10-18T04:40:06.334160Z,
HE.NUR.00.SHZ | 2025-10-18T04:39:44.184260Z - 2025-10-18T04:40:44.184260Z,,,,,,,2025-10-18T04:39:49.184260Z,,2025-10-18T04:39:58.635610Z,
HE.PVF.00.CE | 2025-10-18T04:39:34.877490Z - 2025-10-18T04:40:34.877490Z,,,,,,,,,2025-10-18T04:39:42.907600Z,
HE.PVF.00.CZ | 2025-10-18T04:39:34.877490Z - 2025-10-18T04:40:34.877490Z,,,,,,,2025-10-18T04:39:39.877490Z,,,
HE.RAF.00.BHZ | 2025-10-18T04:40:36.327570Z - 2025-10-18T04:41:36.327570Z,,,,,,,,,2025-10-18T04:40:41.327570Z,
HE.RUF.00.BHZ | 2025-10-18T04:40:18.347710Z - 2025-10-18T04:41:18.347710Z,,,,,,,,,2025-10-18T04:40:23.347710Z,
HE.SUF.00.BHZ | 2025-10-18T04:40:05.352430Z - 2025-10-18T04:41:05.352430Z,,,,,,,2025-10-18T04:40:10.352430Z,,2025-10-18T04:40:36.807110Z,
HE.TRE03.00.CZ | 2025-10-18T04:39:53.435650Z - 2025-10-18T04:40:53.435650Z,,,,,,,2025-10-18T04:39:58.435650Z,,2025-10-18T04:40:14.761550Z,
HE.TVF.00.BHZ | 2025-10-18T04:40:00.634290Z - 2025-10-18T04:41:00.634290Z,,,,,,,2025-10-18T04:40:05.634290Z,,2025-10-18T04:40:27.130240Z,
HE.VJF.00.?HZ | 2025-10-18T04:39:44.472840Z - 2025-10-18T04:40:44.472840Z,,,,,,,2025-10-18T04:39:49.472840Z,,2025-10-18T04:39:59.435460Z,
FN.OUL.00.BHZ | 2025-10-16T14:26:07.190840Z - 2025-10-16T14:27:07.190840Z,,,,,,,,,2025-10-16T14:26:12.190840Z,
FN.RANF.00.?HZ | 2025-10-16T14:26:26.067940Z - 2025-10-16T14:27:26.067940Z,,,,,,,,,2025-10-16T14:26:31.067940Z,
HE.JOF.00.BHZ | 2025-10-16T14:25:59.023720Z - 2025-10-16T14:26:59.023720Z,,,,,,,2025-10-16T14:26:04.023720Z,,2025-10-16T14:26:27.713440Z,
HE.KJNF.00.CZ | 2025-10-16T14:25:30.382130Z - 2025-10-16T14:26:30.382130Z,,,,,,,2025-10-16T14:25:35.382130Z,,2025-10-16T14:25:38.387250Z,
HE.KU1.00.CZ | 2025-10-16T14:26:14.814330Z - 2025-10-16T14:27:14.814330Z,,,,,,,,,2025-10-16T14:26:19.814330Z,
HE.NIF.00.BHZ | 2025-10-16T14:25:38.828450Z - 2025-10-16T14:26:38.828450Z,,,,,,,2025-10-16T14:25:43.828450Z,,2025-10-16T14:25:52.660150Z,
HE.OBF0.00.BHZ | 2025-10-16T14:26:18.995640Z - 2025-10-16T14:27:18.995640Z,,,,,,,,,2025-10-16T14:26:23.995640Z,
HE.OUF.00.BHZ | 2025-10-16T14:26:10.597110Z - 2025-10-16T14:27:10.597110Z,,,,,,,,,2025-10-16T14:26:15.597110Z,
HE.RMF.00.BHZ | 2025-10-16T14:25:41.273650Z - 2025-10-16T14:26:41.273650Z,,,,,,,2025-10-16T14:25:46.273650Z,,2025-10-16T14:25:56.784320Z,
HE.SUF.00.BHZ | 2025-10-16T14:25:54.771020Z - 2025-10-16T14:26:54.771020Z,,,,,,,2025-10-16T14:25:59.771020Z,,2025-10-16T14:26:20.645620Z,
FN.KLF.00.BHZ | 2025-10-17T20:06:53.462230Z - 2025-10-17T20:07:53.462230Z,,,,,,,,,2025-10-17T20:06:58.462230Z,
HE.HEF.00.BHZ | 2025-10-17T20:06:20.868500Z - 2025-10-17T20:07:20.868500Z,,,,,,,2025-10-17T20:06:25.868500Z,,2025-10-17T20:06:41.429280Z,
HE.KIF.00.BHZ | 2025-10-17T20:06:11.117300Z - 2025-10-17T20:07:11.117300Z,,,,,,,2025-10-17T20:06:16.117300Z,,2025-10-17T20:06:24.479950Z,
FN.MSF.00.BHZ | 2025-10-20T00:19:03.313410Z - 2025-10-20T00:20:03.313410Z,,,,,,,2025-10-20T00:19:08.313410Z,,2025-10-20T00:19:20.376180Z,
FN.OLKF.00.BHZ | 2025-10-20T00:18:58.789880Z - 2025-10-20T00:19:58.789880Z,,,,,,,2025-10-20T00:19:03.789880Z,,2025-10-20T00:19:11.694240Z,
FN.OUL.00.BHZ | 2025-10-20T00:20:00.611560Z - 2025-10-20T00:21:00.611560Z,,,,,,,,,2025-10-20T00:20:05.611560Z,
FN.RANF.00.?HZ | 2025-10-20T00:19:17.115830Z - 2025-10-20T00:20:17.115830Z,,,,,,,2025-10-20T00:19:22.115830Z,,2025-10-20T00:19:44.123550Z,
FN.RNF.00.BHZ | 2025-10-20T00:19:46.536680Z - 2025-10-20T00:20:46.536680Z,,,,,,,,,2025-10-20T00:19:51.536680Z,
FN.SGF.00.BHZ | 2025-10-20T00:19:48.016610Z - 2025-10-20T00:20:48.016610Z,,,,,,,,,2025-10-20T00:19:53.016610Z,
HE.KU1.00.CZ | 2025-10-20T00:19:04.998650Z - 2025-10-20T00:20:04.998650Z,,,,,,,2025-10-20T00:19:09.998650Z,,2025-10-20T00:19:22.593600Z,
HE.KU2.00.CZ | 2025-10-20T00:19:10.231770Z - 2025-10-20T00:20:10.231770Z,,,,,,,2025-10-20T00:19:15.231770Z,,2025-10-20T00:19:32.077220Z,
HE.KU6.00.BHZ | 2025-10-20T00:18:57.373990Z - 2025-10-20T00:19:57.373990Z,,,,,,,2025-10-20T00:19:02.373990Z,,2025-10-20T00:19:09.732560Z,
HE.RMF.00.BHZ | 2025-10-20T00:19:53.486490Z - 2025-10-20T00:20:53.486490Z,,,,,,,,,2025-10-20T00:19:58.486490Z,
HE.VRF.00.BHZ | 2025-10-20T00:19:12.019310Z - 2025-10-20T00:20:12.019310Z,,,,,,,2025-10-20T00:19:17.019310Z,,2025-10-20T00:19:35.632040Z,
HE.ALAJF.00.?HZ | 2025-10-18T03:59:45.201700Z - 2025-10-18T04:00:45.201700Z,,,,,,,,,2025-10-18T03:59:50.201700Z,
HE.FIA0.00.?HZ | 2025-10-18T03:58:39.965700Z - 2025-10-18T03:59:39.965700Z,,,,,,,2025-10-18T03:58:44.965700Z,,2025-10-18T03:58:54.365200Z,
HE.FIA1.00.?HZ | 2025-10-18T03:58:39.965700Z - 2025-10-18T03:59:39.965700Z,,,,,,,2025-10-18T03:58:44.965700Z,,2025-10-18T03:58:54.365200Z,
HE.KAF.00.?HZ | 2025-10-18T03:58:52.070090Z - 2025-10-18T03:59:52.070090Z,,,,,,,2025-10-18T03:58:57.070090Z,,2025-10-18T03:59:15.224340Z,
HE.KEF.00.?HZ | 2025-10-18T03:58:55.055040Z - 2025-10-18T03:59:55.055040Z,,,,,,,2025-10-18T03:59:00.055040Z,,2025-10-18T03:59:20.074990Z,
HE.KORF.00.CZ | 2025-10-18T03:59:38.575820Z - 2025-10-18T04:00:38.575820Z,,,,,,,,,2025-10-18T03:59:43.575820Z,
HE.KPF.00.BHZ | 2025-10-18T03:59:06.233330Z - 2025-10-18T04:00:06.233330Z,,,,,,,2025-10-18T03:59:11.233330Z,,2025-10-18T03:59:39.639630Z,
HE.KY02.00.CZ | 2025-10-18T03:58:34.838250Z - 2025-10-18T03:59:34.838250Z,,,,,,,2025-10-18T03:58:39.838250Z,,2025-10-18T03:58:45.029040Z,
HE.KY17.00.CZ | 2025-10-18T03:58:36.648990Z - 2025-10-18T03:59:36.648990Z,,,,,,,2025-10-18T03:58:41.648990Z,,2025-10-18T03:58:48.529800Z,
HE.LAUT.00.BHZ | 2025-10-18T03:58:53.634710Z - 2025-10-18T03:59:53.634710Z,,,,,,,,,2025-10-18T03:58:58.634710Z,
HE.LOVF.00.CZ | 2025-10-18T03:58:33.268950Z - 2025-10-18T03:59:33.268950Z,,,,,,,2025-10-18T03:58:38.268950Z,,2025-10-18T03:58:42.407230Z,
HE.MEF.00.BHZ | 2025-10-18T03:58:45.108330Z - 2025-10-18T03:59:45.108330Z,,,,,,,2025-10-18T03:58:50.108330Z,,2025-10-18T03:59:02.666480Z,
HE.NUR.00.SHZ | 2025-10-18T03:58:40.681040Z - 2025-10-18T03:59:40.681040Z,,,,,,,2025-10-18T03:58:45.681040Z,,2025-10-18T03:58:55.245720Z,
HE.PVF.00.CZ | 2025-10-18T03:58:31.458210Z - 2025-10-18T03:59:31.458210Z,,,,,,,2025-10-18T03:58:36.458210Z,,2025-10-18T03:58:39.536460Z,
HE.RAF.00.BHZ | 2025-10-18T03:59:31.984170Z - 2025-10-18T04:00:31.984170Z,,,,,,,,,2025-10-18T03:59:36.984170Z,
HE.RUF.00.BHZ | 2025-10-18T03:59:15.275950Z - 2025-10-18T04:00:15.275950Z,,,,,,,,,2025-10-18T03:59:20.275950Z,
HE.SUF.00.BHZ | 2025-10-18T03:59:02.197160Z - 2025-10-18T04:00:02.197160Z,,,,,,,2025-10-18T03:59:07.197160Z,,2025-10-18T03:59:32.303940Z,
HE.TRE03.00.CZ | 2025-10-18T03:58:50.213620Z - 2025-10-18T03:59:50.213620Z,,,,,,,2025-10-18T03:58:55.213620Z,,2025-10-18T03:59:11.457720Z,
HE.TVF.00.BHZ | 2025-10-18T03:59:18.988890Z - 2025-10-18T04:00:18.988890Z,,,,,,,,,2025-10-18T03:59:23.988890Z,
HE.VJF.00.?HZ | 2025-10-18T03:58:40.935970Z - 2025-10-18T03:59:40.935970Z,,,,,,,2025-10-18T03:58:45.935970Z,,2025-10-18T03:58:55.857820Z,
FN.KLF.00.BHZ | 2025-10-20T06:37:33.131080Z - 2025-10-20T06:38:33.131080Z,,,,,,,,,2025-10-20T06:37:38.131080Z,
HE.HEF.00.BHZ | 2025-10-20T06:37:35.691810Z - 2025-10-20T06:38:35.691810Z,,,,,,,,,2025-10-20T06:37:40.691810Z,
HE.KIF.00.BHZ | 2025-10-20T06:37:28.009600Z - 2025-10-20T06:38:28.009600Z,,,,,,,,,2025-10-20T06:37:33.009600Z,
FN.KLF.00.BHZ | 2025-10-21T06:16:32.392660Z - 2025-10-21T06:17:32.392660Z,,,,,,,,,2025-10-21T06:16:37.392660Z,
FN.OUL.00.BHZ | 2025-10-21T06:16:11.849340Z - 2025-10-21T06:17:11.849340Z,,,,,,,2025-10-21T06:16:16.849340Z,,2025-10-21T06:16:33.869400Z,
FN.RANF.00.?HZ | 2025-10-21T06:16:14.099760Z - 2025-10-21T06:17:14.099760Z,,,,,,,2025-10-21T06:16:19.099760Z,,2025-10-21T06:16:37.716430Z,
FN.RNF.00.BHZ | 2025-10-21T06:16:29.902560Z - 2025-10-21T06:17:29.902560Z,,,,,,,,,2025-10-21T06:16:34.902560Z,
HE.OBF0.00.BHZ | 2025-10-21T06:16:31.389150Z - 2025-10-21T06:17:31.389150Z,,,,,,,,,2025-10-21T06:16:36.389150Z,
HE.OUF.00.BHZ | 2025-10-21T06:16:36.917440Z - 2025-10-21T06:17:36.917440Z,,,,,,,,,2025-10-21T06:16:41.917440Z,
HE.TOF.00.BHZ | 2025-10-21T06:15:57.828270Z - 2025-10-21T06:16:57.828270Z,,,,,,,2025-10-21T06:16:02.828270Z,,2025-10-21T06:16:09.143890Z,
FN.MSF.00.BHZ | 2025-10-21T03:43:02.233250Z - 2025-10-21T03:44:02.233250Z,,,,,,,2025-10-21T03:43:07.233250Z,,2025-10-21T03:43:17.132030Z,
FN.OLKF.00.BHZ | 2025-10-21T03:42:56.708640Z - 2025-10-21T03:43:56.708640Z,,,,,,,2025-10-21T03:43:01.708640Z,,2025-10-21T03:43:07.232540Z,
FN.OUL.00.BHZ | 2025-10-21T03:43:54.137760Z - 2025-10-21T03:44:54.137760Z,,,,,,,,,2025-10-21T03:43:59.137760Z,
FN.RAJF.00.?HZ | 2025-10-21T03:43:50.445830Z - 2025-10-21T03:44:50.445830Z,,,,,,,,,2025-10-21T03:43:55.445830Z,
FN.RANF.00.?HZ | 2025-10-21T03:43:14.680230Z - 2025-10-21T03:44:14.680230Z,,,,,,,2025-10-21T03:43:19.680230Z,,2025-10-21T03:43:38.705080Z,
FN.RNF.00.BHZ | 2025-10-21T03:43:17.914490Z - 2025-10-21T03:44:17.914490Z,,,,,,,2025-10-21T03:43:22.914490Z,,2025-10-21T03:43:44.258760Z,
FN.SGF.00.BHZ | 2025-10-21T03:43:41.238770Z - 2025-10-21T03:44:41.238770Z,,,,,,,,,2025-10-21T03:43:46.238770Z,
HE.KU1.00.CZ | 2025-10-21T03:43:05.103550Z - 2025-10-21T03:44:05.103550Z,,,,,,,2025-10-21T03:43:10.103550Z,,2025-10-21T03:43:22.326440Z,
HE.KU2.00.CZ | 2025-10-21T03:43:08.505740Z - 2025-10-21T03:44:08.505740Z,,,,,,,2025-10-21T03:43:13.505740Z,,2025-10-21T03:43:28.108900Z,
HE.KU6.00.BHZ | 2025-10-21T03:42:57.581810Z - 2025-10-21T03:43:57.581810Z,,,,,,,2025-10-21T03:43:02.581810Z,,2025-10-21T03:43:08.717550Z,
HE.VRF.00.BHZ | 2025-10-21T03:43:12.429600Z - 2025-10-21T03:44:12.429600Z,,,,,,,2025-10-21T03:43:17.429600Z,,2025-10-21T03:43:34.577410Z,
FN.KLF.00.BHZ | 2025-10-22T08:38:32.648670Z - 2025-10-22T08:39:32.648670Z,,,,,,,,,2025-10-22T08:38:37.648670Z,
HE.HEF.00.BHZ | 2025-10-22T08:38:28.061670Z - 2025-10-22T08:39:28.061670Z,,,,,,,2025-10-22T08:38:33.061670Z,,2025-10-22T08:38:46.892930Z,
HE.KIF.00.BHZ | 2025-10-22T08:38:58.039300Z - 2025-10-22T08:39:58.039300Z,,,,,,,,,2025-10-22T08:39:03.039300Z,
HE.TOF.00.BHZ | 2025-10-22T08:39:00.254150Z - 2025-10-22T08:40:00.254150Z,,,,,,,,,2025-10-22T08:39:05.254150Z,
HE.ALAJF.00.?HZ | 2025-10-24T16:39:33.776450Z - 2025-10-24T16:40:33.776450Z,,,,,,,2025-10-24T16:39:38.776450Z,,2025-10-24T16:40:04.072100Z,
HE.OBF0.00.BHZ | 2025-10-24T16:39:27.623910Z - 2025-10-24T16:40:27.623910Z,,,,,,,2025-10-24T16:39:32.623910Z,,2025-10-24T16:39:52.614480Z,
HE.OBF3.00.BHZ | 2025-10-24T16:39:54.566940Z - 2025-10-24T16:40:54.566940Z,,,,,,,,,2025-10-24T16:39:59.566940Z,
HE.OBF8.00.BHZ | 2025-10-24T16:39:21.837170Z - 2025-10-24T16:40:21.837170Z,,,,,,,2025-10-24T16:39:26.837170Z,,2025-10-24T16:39:42.425810Z,
HE.OUF.00.BHZ | 2025-10-24T16:39:31.306390Z - 2025-10-24T16:40:31.306390Z,,,,,,,2025-10-24T16:39:36.306390Z,,2025-10-24T16:39:59.014970Z,
HE.TOF.00.BHZ | 2025-10-24T16:40:09.095570Z - 2025-10-24T16:41:09.095570Z,,,,,,,,,2025-10-24T16:40:14.095570Z,
HE.VAF.00.BHZ | 2025-10-24T16:39:29.552830Z - 2025-10-24T16:40:29.552830Z,,,,,,,2025-10-24T16:39:34.552830Z,,2025-10-24T16:39:54.622250Z,
FN.KMNF.00.?HZ | 2025-10-24T17:52:50.802010Z - 2025-10-24T17:53:50.802010Z,,,,,,,2025-10-24T17:52:55.802010Z,,2025-10-24T17:53:01.735620Z,
FN.RAJF.00.?HZ | 2025-10-24T17:53:00.499890Z - 2025-10-24T17:54:00.499890Z,,,,,,,2025-10-24T17:53:05.499890Z,,2025-10-24T17:53:18.957300Z,
HE.HEF.00.BHZ | 2025-10-24T17:53:37.920940Z - 2025-10-24T17:54:37.920940Z,,,,,,,,,2025-10-24T17:53:42.920940Z,
HE.KEV.00.?HZ | 2025-10-24T17:52:49.117580Z - 2025-10-24T17:53:49.117580Z,,,,,,,2025-10-24T17:52:54.117580Z,,2025-10-24T17:52:59.101430Z,
HE.VRF.00.BHZ | 2025-10-24T17:53:37.448750Z - 2025-10-24T17:54:37.448750Z,,,,,,,,,2025-10-24T17:53:42.448750Z,
FN.KLF.00.BHZ | 2025-10-27T09:31:48.952580Z - 2025-10-27T09:32:48.952580Z,,,,,,,,,2025-10-27T09:31:53.952580Z,
FN.KMNF.00.?HZ | 2025-10-27T09:31:02.465650Z - 2025-10-27T09:32:02.465650Z,,,,,,,2025-10-27T09:31:07.465650Z,,2025-10-27T09:31:20.408230Z,
FN.RAJF.00.?HZ | 2025-10-27T09:31:14.665690Z - 2025-10-27T09:32:14.665690Z,,,,,,,2025-10-27T09:31:19.665690Z,,2025-10-27T09:31:42.084050Z,
FN.SGF.00.BHZ | 2025-10-27T09:31:48.474030Z - 2025-10-27T09:32:48.474030Z,,,,,,,,,2025-10-27T09:31:53.474030Z,
HE.HEF.00.BHZ | 2025-10-27T09:31:02.010130Z - 2025-10-27T09:32:02.010130Z,,,,,,,2025-10-27T09:31:07.010130Z,,2025-10-27T09:31:19.967220Z,
HE.KEV.00.?HZ | 2025-10-27T09:31:02.529530Z - 2025-10-27T09:32:02.529530Z,,,,,,,2025-10-27T09:31:07.529530Z,,2025-10-27T09:31:20.885220Z,
HE.KIF.00.BHZ | 2025-10-27T09:31:05.892310Z - 2025-10-27T09:32:05.892310Z,,,,,,,2025-10-27T09:31:10.892310Z,,2025-10-27T09:31:26.609080Z,
HE.VRF.00.BHZ | 2025-10-27T09:31:56.971310Z - 2025-10-27T09:32:56.971310Z,,,,,,,,,2025-10-27T09:32:01.971310Z,
FN.OUL.00.BHZ | 2025-10-27T19:50:33.695850Z - 2025-10-27T19:51:33.695850Z,,,,,,,,,2025-10-27T19:50:38.695850Z,
HE.ALAJF.00.?HZ | 2025-10-27T19:49:49.240720Z - 2025-10-27T19:50:49.240720Z,,,,,,,2025-10-27T19:49:54.240720Z,,2025-10-27T19:50:12.464380Z,
HE.KEF.00.?HZ | 2025-10-27T19:50:33.737520Z - 2025-10-27T19:51:33.737520Z,,,,,,,,,2025-10-27T19:50:38.737520Z,
HE.KPF.00.BHZ | 2025-10-27T19:50:24.444390Z - 2025-10-27T19:51:24.444390Z,,,,,,,,,2025-10-27T19:50:29.444390Z,
HE.OBF0.00.BHZ | 2025-10-27T19:49:49.182820Z - 2025-10-27T19:50:49.182820Z,,,,,,,2025-10-27T19:49:54.182820Z,,2025-10-27T19:50:12.757870Z,
HE.OBF3.00.BHZ | 2025-10-27T19:50:17.267530Z - 2025-10-27T19:51:17.267530Z,,,,,,,,,2025-10-27T19:50:22.267530Z,
HE.OUF.00.BHZ | 2025-10-27T19:50:12.233480Z - 2025-10-27T19:51:12.233480Z,,,,,,,,,2025-10-27T19:50:17.233480Z,
HE.TOF.00.BHZ | 2025-10-27T19:50:36.555700Z - 2025-10-27T19:51:36.555700Z,,,,,,,,,2025-10-27T19:50:41.555700Z,
HE.VAF.00.BHZ | 2025-10-27T19:49:42.382430Z - 2025-10-27T19:50:42.382430Z,,,,,,,2025-10-27T19:49:47.382430Z,,2025-10-27T19:50:00.364990Z,
FN.MSF.00.BHZ | 2025-10-30T05:34:48.649980Z - 2025-10-30T05:35:48.649980Z,,,,,,,2025-10-30T05:34:53.649980Z,,2025-10-30T05:34:57.115780Z,
FN.OLKF.00.BHZ | 2025-10-30T05:34:54.227980Z - 2025-10-30T05:35:54.227980Z,,,,,,,2025-10-30T05:34:59.227980Z,,2025-10-30T05:35:06.411570Z,
FN.OUL.00.BHZ | 2025-10-30T05:35:11.209490Z - 2025-10-30T05:36:11.209490Z,,,,,,,2025-10-30T05:35:16.209490Z,,2025-10-30T05:35:35.765730Z,
FN.RANF.00.?HZ | 2025-10-30T05:35:02.512160Z - 2025-10-30T05:36:02.512160Z,,,,,,,2025-10-30T05:35:07.512160Z,,2025-10-30T05:35:20.627070Z,
FN.RNF.00.BHZ | 2025-10-30T05:35:10.931730Z - 2025-10-30T05:36:10.931730Z,,,,,,,2025-10-30T05:35:15.931730Z,,2025-10-30T05:35:35.959710Z,
HE.KU1.00.CZ | 2025-10-30T05:34:49.679510Z - 2025-10-30T05:35:49.679510Z,,,,,,,2025-10-30T05:34:54.679510Z,,2025-10-30T05:34:58.831160Z,
HE.KU2.00.CZ | 2025-10-30T05:34:52.298720Z - 2025-10-30T05:35:52.298720Z,,,,,,,2025-10-30T05:34:57.298720Z,,2025-10-30T05:35:03.207440Z,
HE.KU6.00.BHZ | 2025-10-30T05:34:51.099250Z - 2025-10-30T05:35:51.099250Z,,,,,,,2025-10-30T05:34:56.099250Z,,2025-10-30T05:35:01.233610Z,
HE.OBF3.00.BHZ | 2025-10-30T05:35:44.381850Z - 2025-10-30T05:36:44.381850Z,,,,,,,,,2025-10-30T05:35:49.381850Z,
HE.RMF.00.BHZ | 2025-10-30T05:35:11.212070Z - 2025-10-30T05:36:11.212070Z,,,,,,,2025-10-30T05:35:16.212070Z,,2025-10-30T05:35:35.811490Z,
HE.TOF.00.BHZ | 2025-10-30T05:35:41.675550Z - 2025-10-30T05:36:41.675550Z,,,,,,,,,2025-10-30T05:35:46.675550Z,
HE.VRF.00.BHZ | 2025-10-30T05:35:39.744920Z - 2025-10-30T05:36:39.744920Z,,,,,,,,,2025-10-30T05:35:44.744920Z,
HE.ECKF.00.CZ | 2025-10-30T09:32:07.836780Z - 2025-10-30T09:33:07.836780Z,,,,,,,2025-10-30T09:32:12.836780Z,,2025-10-30T09:32:20.856030Z,
HE.HEL5.00.BHZ | 2025-10-30T09:32:32.337630Z - 2025-10-30T09:33:32.337630Z,,,,,,,2025-10-30T09:32:37.337630Z,,2025-10-30T09:33:02.850180Z,
HE.KORF.00.CZ | 2025-10-30T09:32:04.297390Z - 2025-10-30T09:33:04.297390Z,,,,,,,2025-10-30T09:32:09.297390Z,,2025-10-30T09:32:14.527000Z,
HE.KPF.00.BHZ | 2025-10-30T09:32:27.403010Z - 2025-10-30T09:33:27.403010Z,,,,,,,2025-10-30T09:32:32.403010Z,,2025-10-30T09:32:54.079810Z,
HE.MEF.00.BHZ | 2025-10-30T09:32:29.570460Z - 2025-10-30T09:33:29.570460Z,,,,,,,2025-10-30T09:32:34.570460Z,,2025-10-30T09:32:58.020060Z,
HE.NUR.00.SHZ | 2025-10-30T09:32:32.116820Z - 2025-10-30T09:33:32.116820Z,,,,,,,2025-10-30T09:32:37.116820Z,,2025-10-30T09:33:02.099220Z,
HE.RAF.00.BHZ | 2025-10-30T09:32:12.976420Z - 2025-10-30T09:33:12.976420Z,,,,,,,2025-10-30T09:32:17.976420Z,,2025-10-30T09:32:29.880410Z,
HE.TVF.00.BHZ | 2025-10-30T09:32:21.123010Z - 2025-10-30T09:33:21.123010Z,,,,,,,2025-10-30T09:32:26.123010Z,,2025-10-30T09:32:43.115930Z,
UP.AAL.00.BHZ | 2025-10-30T09:32:03.912700Z - 2025-10-30T09:33:03.912700Z,,,,,,,2025-10-30T09:32:08.912700Z,,2025-10-30T09:32:13.521880Z,
FN.MSF.00.BHZ | 2025-11-02T22:57:04.530180Z - 2025-11-02T22:58:04.530180Z,,,,,,,2025-11-02T22:57:09.530180Z,,2025-11-02T22:57:14.459600Z,
FN.OLKF.00.BHZ | 2025-11-02T22:57:07.438090Z - 2025-11-02T22:58:07.438090Z,,,,,,,2025-11-02T22:57:12.438090Z,,2025-11-02T22:57:19.043970Z,
FN.OUL.00.BHZ | 2025-11-02T22:57:29.863240Z - 2025-11-02T22:58:29.863240Z,,,,,,,2025-11-02T22:57:34.863240Z,,2025-11-02T22:57:57.591620Z,
FN.RANF.00.?HZ | 2025-11-02T22:57:20.940720Z - 2025-11-02T22:58:20.940720Z,,,,,,,2025-11-02T22:57:25.940720Z,,2025-11-02T22:57:41.994240Z,
FN.RNF.00.BHZ | 2025-11-02T22:57:29.005590Z - 2025-11-02T22:58:29.005590Z,,,,,,,2025-11-02T22:57:34.005590Z,,2025-11-02T22:57:56.257330Z,
HE.KU1.00.CZ | 2025-11-02T22:57:03.339910Z - 2025-11-02T22:58:03.339910Z,,,,,,,2025-11-02T22:57:08.339910Z,,2025-11-02T22:57:12.275220Z,
HE.KU2.00.CZ | 2025-11-02T22:57:10.325240Z - 2025-11-02T22:58:10.325240Z,,,,,,,2025-11-02T22:57:15.325240Z,,2025-11-02T22:57:24.096380Z,
HE.KU6.00.BHZ | 2025-11-02T22:57:01.559440Z - 2025-11-02T22:58:01.559440Z,,,,,,,2025-11-02T22:57:06.559440Z,,2025-11-02T22:57:09.411080Z,
HE.RMF.00.BHZ | 2025-11-02T22:57:25.111010Z - 2025-11-02T22:58:25.111010Z,,,,,,,2025-11-02T22:57:30.111010Z,,2025-11-02T22:57:50.675760Z,
HE.VRF.00.BHZ | 2025-11-02T22:57:55.038010Z - 2025-11-02T22:58:55.038010Z,,,,,,,,,2025-11-02T22:58:00.038010Z,
FN.KLF.00.BHZ | 2025-10-31T10:00:05.400340Z - 2025-10-31T10:01:05.400340Z,,,,,,,2025-10-31T10:00:10.400340Z,,2025-10-31T10:00:13.483530Z,
FN.RNF.00.BHZ | 2025-10-31T10:00:32.467180Z - 2025-10-31T10:01:32.467180Z,,,,,,,,,2025-10-31T10:00:37.467180Z,
HE.TOF.00.BHZ | 2025-10-31T10:00:31.088820Z - 2025-10-31T10:01:31.088820Z,,,,,,,,,2025-10-31T10:00:36.088820Z,
HE.FIA0.00.?HZ | 2025-10-28T01:21:00.312140Z - 2025-10-28T01:22:00.312140Z,,,,,,,,,2025-10-28T01:21:05.312140Z,
HE.FIA1.00.?HZ | 2025-10-28T01:21:00.312140Z - 2025-10-28T01:22:00.312140Z,,,,,,,,,2025-10-28T01:21:05.312140Z,
HE.KOFF.00.CZ | 2025-10-28T01:20:27.936200Z - 2025-10-28T01:21:27.936200Z,,,,,,,2025-10-28T01:20:32.936200Z,,2025-10-28T01:20:35.753600Z,
HE.KY02.00.CZ | 2025-10-28T01:20:33.837100Z - 2025-10-28T01:21:33.837100Z,,,,,,,2025-10-28T01:20:38.837100Z,,2025-10-28T01:20:47.331400Z,
HE.KY17.00.CZ | 2025-10-28T01:20:32.296090Z - 2025-10-28T01:21:32.296090Z,,,,,,,2025-10-28T01:20:37.296090Z,,2025-10-28T01:20:44.584000Z,
HE.LOVF.00.CZ | 2025-10-28T01:20:34.279930Z - 2025-10-28T01:21:34.279930Z,,,,,,,2025-10-28T01:20:39.279930Z,,2025-10-28T01:20:47.686810Z,
HE.PVF.00.CZ | 2025-10-28T01:20:38.053000Z - 2025-10-28T01:21:38.053000Z,,,,,,,2025-10-28T01:20:43.053000Z,,2025-10-28T01:20:54.179050Z,
HE.RUF.00.BHZ | 2025-10-28T01:20:58.540120Z - 2025-10-28T01:21:58.540120Z,,,,,,,,,2025-10-28T01:21:03.540120Z,
HE.VJF.00.?HZ | 2025-10-28T01:20:23.726790Z - 2025-10-28T01:21:23.726790Z,,,,,,,2025-10-28T01:20:28.726790Z,,2025-10-28T01:20:29.584690Z,
FN.KMNF.00.?HZ | 2025-10-31T14:34:52.240170Z - 2025-10-31T14:35:52.240170Z,,,,,,,2025-10-31T14:34:57.240170Z,,2025-10-31T14:35:12.338030Z,
FN.RAJF.00.?HZ | 2025-10-31T14:35:18.828590Z - 2025-10-31T14:36:18.828590Z,,,,,,,,,2025-10-31T14:35:23.828590Z,
HE.HEF.00.BHZ | 2025-10-31T14:35:45.466700Z - 2025-10-31T14:36:45.466700Z,,,,,,,,,2025-10-31T14:35:50.466700Z,
HE.KEV.00.?HZ | 2025-10-31T14:34:46.134440Z - 2025-10-31T14:35:46.134440Z,,,,,,,2025-10-31T14:34:51.134440Z,,2025-10-31T14:35:02.014850Z,
HE.VRF.00.BHZ | 2025-10-31T14:35:38.912930Z - 2025-10-31T14:36:38.912930Z,,,,,,,,,2025-10-31T14:35:43.912930Z,
FN.KLF.00.BHZ | 2025-11-03T22:17:40.637690Z - 2025-11-03T22:18:40.637690Z,,,,,,,2025-11-03T22:17:45.637690Z,,2025-11-03T22:18:06.652680Z,
FN.RNF.00.BHZ | 2025-11-03T22:17:56.589620Z - 2025-11-03T22:18:56.589620Z,,,,,,,2025-11-03T22:18:01.589620Z,,2025-11-03T22:18:36.090900Z,
FN.SGF.00.BHZ | 2025-11-03T22:17:52.741980Z - 2025-11-03T22:18:52.741980Z,,,,,,,2025-11-03T22:17:57.741980Z,,2025-11-03T22:18:27.393100Z,
HE.HEF.00.BHZ | 2025-11-03T22:17:36.150930Z - 2025-11-03T22:18:36.150930Z,,,,,,,2025-11-03T22:17:41.150930Z,,2025-11-03T22:17:58.202880Z,
HE.KIF.00.BHZ | 2025-11-03T22:17:31.023200Z - 2025-11-03T22:18:31.023200Z,,,,,,,2025-11-03T22:17:36.023200Z,,2025-11-03T22:17:50.060350Z,
HE.TOF.00.BHZ | 2025-11-03T22:17:53.510150Z - 2025-11-03T22:18:53.510150Z,,,,,,,2025-11-03T22:17:58.510150Z,,2025-11-03T22:18:32.309350Z,
FN.KLF.00.BHZ | 2025-11-09T11:21:34.110970Z - 2025-11-09T11:22:34.110970Z,,,,,,,,,2025-11-09T11:21:39.110970Z,
FN.OUL.00.BHZ | 2025-11-09T11:21:32.706480Z - 2025-11-09T11:22:32.706480Z,,,,,,,,,2025-11-09T11:21:37.706480Z,
FN.RANF.00.?HZ | 2025-11-09T11:21:35.416010Z - 2025-11-09T11:22:35.416010Z,,,,,,,,,2025-11-09T11:21:40.416010Z,
FN.RNF.00.BHZ | 2025-11-09T11:21:32.292270Z - 2025-11-09T11:22:32.292270Z,,,,,,,,,2025-11-09T11:21:37.292270Z,
HE.OBF3.00.BHZ | 2025-11-09T11:21:28.408350Z - 2025-11-09T11:22:28.408350Z,,,,,,,,,2025-11-09T11:21:33.408350Z,
HE.OUF.00.BHZ | 2025-11-09T11:21:40.685150Z - 2025-11-09T11:22:40.685150Z,,,,,,,,,2025-11-09T11:21:45.685150Z,
HE.TOF.00.BHZ | 2025-11-09T11:20:59.594590Z - 2025-11-09T11:21:59.594590Z,,,,,,,2025-11-09T11:21:04.594590Z,,2025-11-09T11:21:10.678030Z,
HE.FIA0.00.?HZ | 2025-11-07T20:57:05.658530Z - 2025-11-07T20:58:05.658530Z,,,,,,,2025-11-07T20:57:10.658530Z,,2025-11-07T20:57:24.813250Z,
HE.FIA1.00.?HZ | 2025-11-07T20:57:05.658530Z - 2025-11-07T20:58:05.658530Z,,,,,,,2025-11-07T20:57:10.658530Z,,2025-11-07T20:57:24.813250Z,
HE.HEL1.00.BHZ | 2025-11-07T20:57:05.492010Z - 2025-11-07T20:58:05.492010Z,,,,,,,2025-11-07T20:57:10.492010Z,,2025-11-07T20:57:24.313670Z,
HE.HEL5.00.BHZ | 2025-11-07T20:57:07.218260Z - 2025-11-07T20:58:07.218260Z,,,,,,,2025-11-07T20:57:12.218260Z,,2025-11-07T20:57:27.144620Z,
HE.KAF.00.?HZ | 2025-11-07T20:57:16.176630Z - 2025-11-07T20:58:16.176630Z,,,,,,,2025-11-07T20:57:21.176630Z,,2025-11-07T20:57:43.031890Z,
HE.KEF.00.?HZ | 2025-11-07T20:57:21.383290Z - 2025-11-07T20:58:21.383290Z,,,,,,,2025-11-07T20:57:26.383290Z,,2025-11-07T20:57:52.799070Z,
HE.KOFF.00.CZ | 2025-11-07T20:56:50.280130Z - 2025-11-07T20:57:50.280130Z,,,,,,,2025-11-07T20:56:55.280130Z,,2025-11-07T20:56:58.186610Z,
HE.KUNI.00.BHZ | 2025-11-07T20:57:04.860800Z - 2025-11-07T20:58:04.860800Z,,,,,,,2025-11-07T20:57:09.860800Z,,2025-11-07T20:57:23.397780Z,
HE.KY02.00.CZ | 2025-11-07T20:56:55.745270Z - 2025-11-07T20:57:55.745270Z,,,,,,,2025-11-07T20:57:00.745270Z,,2025-11-07T20:57:07.503330Z,
HE.KY17.00.CZ | 2025-11-07T20:56:55.195190Z - 2025-11-07T20:57:55.195190Z,,,,,,,2025-11-07T20:57:00.195190Z,,2025-11-07T20:57:06.560350Z,
HE.LAUT.00.BHZ | 2025-11-07T20:57:05.908320Z - 2025-11-07T20:58:05.908320Z,,,,,,,2025-11-07T20:57:10.908320Z,,2025-11-07T20:57:24.869990Z,
HE.LOVF.00.CZ | 2025-11-07T20:56:52.355610Z - 2025-11-07T20:57:52.355610Z,,,,,,,2025-11-07T20:56:57.355610Z,,2025-11-07T20:57:01.612600Z,
HE.MEF.00.BHZ | 2025-11-07T20:57:09.732890Z - 2025-11-07T20:58:09.732890Z,,,,,,,2025-11-07T20:57:14.732890Z,,2025-11-07T20:57:31.391030Z,
HE.NUR.00.SHZ | 2025-11-07T20:57:06.746770Z - 2025-11-07T20:58:06.746770Z,,,,,,,2025-11-07T20:57:11.746770Z,,2025-11-07T20:57:26.755960Z,
HE.PVF.00.CZ | 2025-11-07T20:56:56.138180Z - 2025-11-07T20:57:56.138180Z,,,,,,,2025-11-07T20:57:01.138180Z,,2025-11-07T20:57:08.289160Z,
HE.RAF.00.BHZ | 2025-11-07T20:58:04.604040Z - 2025-11-07T20:59:04.604040Z,,,,,,,,,2025-11-07T20:58:09.604040Z,
HE.RUF.00.BHZ | 2025-11-07T20:57:11.304530Z - 2025-11-07T20:58:11.304530Z,,,,,,,2025-11-07T20:57:16.304530Z,,2025-11-07T20:57:33.749770Z,
HE.SUF.00.BHZ | 2025-11-07T20:57:26.377870Z - 2025-11-07T20:58:26.377870Z,,,,,,,2025-11-07T20:57:31.377870Z,,2025-11-07T20:58:02.233280Z,
HE.TRE03.00.CZ | 2025-11-07T20:57:17.826850Z - 2025-11-07T20:58:17.826850Z,,,,,,,2025-11-07T20:57:22.826850Z,,2025-11-07T20:57:45.362700Z,
HE.TVF.00.BHZ | 2025-11-07T20:57:45.723520Z - 2025-11-07T20:58:45.723520Z,,,,,,,,,2025-11-07T20:57:50.723520Z,
HE.VJF.00.?HZ | 2025-11-07T20:56:52.170240Z - 2025-11-07T20:57:52.170240Z,,,,,,,2025-11-07T20:56:57.170240Z,,2025-11-07T20:57:01.324900Z,
HE.VUOS.00.BHZ | 2025-11-07T20:57:03.289160Z - 2025-11-07T20:58:03.289160Z,,,,,,,2025-11-07T20:57:08.289160Z,,2025-11-07T20:57:20.469390Z,
FN.OUL.00.BHZ | 2025-11-11T02:24:58.904600Z - 2025-11-11T02:25:58.904600Z,,,,,,,,,2025-11-11T02:25:03.904600Z,
HE.ALAJF.00.?HZ | 2025-11-11T02:24:54.183330Z - 2025-11-11T02:25:54.183330Z,,,,,,,,,2025-11-11T02:24:59.183330Z,
HE.OBF0.00.BHZ | 2025-11-11T02:24:22.665730Z - 2025-11-11T02:25:22.665730Z,,,,,,,2025-11-11T02:24:27.665730Z,,2025-11-11T02:24:46.054220Z,
HE.OBF3.00.BHZ | 2025-11-11T02:24:25.650260Z - 2025-11-11T02:25:25.650260Z,,,,,,,2025-11-11T02:24:30.650260Z,,2025-11-11T02:24:51.701120Z,
HE.OBF8.00.BHN | 2025-11-11T02:24:17.456600Z - 2025-11-11T02:25:17.456600Z,,,,,,,,,2025-11-11T02:24:37.519960Z,
HE.OBF8.00.BHZ | 2025-11-11T02:24:17.456600Z - 2025-11-11T02:25:17.456600Z,,,,,,,2025-11-11T02:24:22.456600Z,,,
HE.OUF.00.BHZ | 2025-11-11T02:24:26.021350Z - 2025-11-11T02:25:26.021350Z,,,,,,,2025-11-11T02:24:31.021350Z,,2025-11-11T02:24:52.308760Z,
HE.TOF.00.BHZ | 2025-11-11T02:24:57.901770Z - 2025-11-11T02:25:57.901770Z,,,,,,,,,2025-11-11T02:25:02.901770Z,
HE.VAF.00.BHZ | 2025-11-11T02:24:26.758410Z - 2025-11-11T02:25:26.758410Z,,,,,,,2025-11-11T02:24:31.758410Z,,2025-11-11T02:24:52.452620Z,
FN.KLF.00.BHZ | 2025-11-13T07:51:50.313580Z - 2025-11-13T07:52:50.313580Z,,,,,,,2025-11-13T07:51:55.313580Z,,2025-11-13T07:52:14.111700Z,
FN.KMNF.00.?HZ | 2025-11-13T07:51:54.927450Z - 2025-11-13T07:52:54.927450Z,,,,,,,2025-11-13T07:51:59.927450Z,,2025-11-13T07:52:22.158970Z,
FN.SGF.00.BHZ | 2025-11-13T07:52:21.752260Z - 2025-11-13T07:53:21.752260Z,,,,,,,,,2025-11-13T07:52:26.752260Z,
HE.HEF.00.BHZ | 2025-11-13T07:51:33.598840Z - 2025-11-13T07:52:33.598840Z,,,,,,,2025-11-13T07:51:38.598840Z,,2025-11-13T07:51:45.105880Z,
HE.KEV.00.?HZ | 2025-11-13T07:51:58.949540Z - 2025-11-13T07:52:58.949540Z,,,,,,,2025-11-13T07:52:03.949540Z,,2025-11-13T07:52:29.027790Z,
HE.KIF.00.BHZ | 2025-11-13T07:51:37.025120Z - 2025-11-13T07:52:37.025120Z,,,,,,,2025-11-13T07:51:42.025120Z,,2025-11-13T07:51:51.142360Z,
FN.OUL.00.BHZ | 2025-11-13T03:29:46.969230Z - 2025-11-13T03:30:46.969230Z,,,,,,,,,2025-11-13T03:29:51.969230Z,
HE.ALAJF.00.?HZ | 2025-11-13T03:28:59.803950Z - 2025-11-13T03:29:59.803950Z,,,,,,,2025-11-13T03:29:04.803950Z,,2025-11-13T03:29:19.190980Z,
HE.KEF.00.?HZ | 2025-11-13T03:29:14.995800Z - 2025-11-13T03:30:14.995800Z,,,,,,,2025-11-13T03:29:19.995800Z,,2025-11-13T03:29:46.138050Z,
HE.KPF.00.BHZ | 2025-11-13T03:29:12.387730Z - 2025-11-13T03:30:12.387730Z,,,,,,,2025-11-13T03:29:17.387730Z,,2025-11-13T03:29:41.504180Z,
HE.OBF0.00.BHZ | 2025-11-13T03:29:03.502520Z - 2025-11-13T03:30:03.502520Z,,,,,,,2025-11-13T03:29:08.502520Z,,2025-11-13T03:29:25.423040Z,
HE.OBF3.00.BHZ | 2025-11-13T03:29:09.241450Z - 2025-11-13T03:30:09.241450Z,,,,,,,2025-11-13T03:29:14.241450Z,,2025-11-13T03:29:35.878190Z,
HE.OUF.00.BHZ | 2025-11-13T03:29:23.883510Z - 2025-11-13T03:30:23.883510Z,,,,,,,,,2025-11-13T03:29:28.883510Z,
HE.SUF.00.BHZ | 2025-11-13T03:29:17.073370Z - 2025-11-13T03:30:17.073370Z,,,,,,,2025-11-13T03:29:22.073370Z,,2025-11-13T03:29:49.865300Z,
HE.VAF.00.BHZ | 2025-11-13T03:28:52.768260Z - 2025-11-13T03:29:52.768260Z,,,,,,,2025-11-13T03:28:57.768260Z,,2025-11-13T03:29:07.185440Z,
FN.KLF.00.BHZ | 2025-11-17T22:30:07.125660Z - 2025-11-17T22:31:07.125660Z,,,,,,,,,2025-11-17T22:30:12.125660Z,
FN.MSF.00.BHZ | 2025-11-17T22:29:12.663940Z - 2025-11-17T22:30:12.663940Z,,,,,,,2025-11-17T22:29:17.663940Z,,2025-11-17T22:29:22.031420Z,
FN.OLKF.00.BHZ | 2025-11-17T22:29:15.725370Z - 2025-11-17T22:30:15.725370Z,,,,,,,2025-11-17T22:29:20.725370Z,,2025-11-17T22:29:27.413580Z,
FN.OUL.00.BHZ | 2025-11-17T22:29:49.192900Z - 2025-11-17T22:30:49.192900Z,,,,,,,,,2025-11-17T22:29:54.192900Z,
FN.RANF.00.?HZ | 2025-11-17T22:29:19.843080Z - 2025-11-17T22:30:19.843080Z,,,,,,,2025-11-17T22:29:24.843080Z,,2025-11-17T22:29:34.118060Z,
FN.RNF.00.BHZ | 2025-11-17T22:29:27.274590Z - 2025-11-17T22:30:27.274590Z,,,,,,,2025-11-17T22:29:32.274590Z,,2025-11-17T22:29:47.164720Z,
FN.SGF.00.BHZ | 2025-11-17T22:29:53.979500Z - 2025-11-17T22:30:53.979500Z,,,,,,,,,2025-11-17T22:29:58.979500Z,
HE.KU1.00.CZ | 2025-11-17T22:29:18.098710Z - 2025-11-17T22:30:18.098710Z,,,,,,,2025-11-17T22:29:23.098710Z,,2025-11-17T22:29:31.267490Z,
HE.KU2.00.CZ | 2025-11-17T22:29:13.752580Z - 2025-11-17T22:30:13.752580Z,,,,,,,2025-11-17T22:29:18.752580Z,,2025-11-17T22:29:23.949180Z,
HE.KU6.00.BHZ | 2025-11-17T22:29:17.120160Z - 2025-11-17T22:30:17.120160Z,,,,,,,2025-11-17T22:29:22.120160Z,,2025-11-17T22:29:29.820940Z,
HE.OBF3.00.BHZ | 2025-11-17T22:30:02.503960Z - 2025-11-17T22:31:02.503960Z,,,,,,,,,2025-11-17T22:30:07.503960Z,
HE.OUF.00.BHZ | 2025-11-17T22:30:14.644330Z - 2025-11-17T22:31:14.644330Z,,,,,,,,,2025-11-17T22:30:19.644330Z,
HE.RMF.00.BHZ | 2025-11-17T22:30:00.244460Z - 2025-11-17T22:31:00.244460Z,,,,,,,,,2025-11-17T22:30:05.244460Z,
HE.TOF.00.BHZ | 2025-11-17T22:29:55.534230Z - 2025-11-17T22:30:55.534230Z,,,,,,,,,2025-11-17T22:30:00.534230Z,
HE.VRF.00.BHZ | 2025-11-17T22:29:57.471440Z - 2025-11-17T22:30:57.471440Z,,,,,,,,,2025-11-17T22:30:02.471440Z,
FN.KLF.00.BHZ | 2025-11-18T18:58:12.185350Z - 2025-11-18T18:59:12.185350Z,,,,,,,2025-11-18T18:58:17.185350Z,,2025-11-18T18:58:43.519800Z,
FN.OUL.00.BHZ | 2025-11-18T18:58:01.858530Z - 2025-11-18T18:59:01.858530Z,,,,,,,2025-11-18T18:58:06.858530Z,,2025-11-18T18:58:26.074950Z,
FN.RANF.00.?HZ | 2025-11-18T18:58:10.011230Z - 2025-11-18T18:59:10.011230Z,,,,,,,2025-11-18T18:58:15.011230Z,,2025-11-18T18:58:41.149620Z,
FN.RNF.00.BHZ | 2025-11-18T18:58:11.604910Z - 2025-11-18T18:59:11.604910Z,,,,,,,2025-11-18T18:58:16.604910Z,,2025-11-18T18:58:41.807440Z,
HE.ALAJF.00.?HZ | 2025-11-18T18:58:14.610040Z - 2025-11-18T18:59:14.610040Z,,,,,,,2025-11-18T18:58:19.610040Z,,2025-11-18T18:58:45.881590Z,
HE.OBF0.00.BHZ | 2025-11-18T18:57:54.085750Z - 2025-11-18T18:58:54.085750Z,,,,,,,2025-11-18T18:57:59.085750Z,,2025-11-18T18:58:12.296200Z,
HE.OBF3.00.BHZ | 2025-11-18T18:57:53.976070Z - 2025-11-18T18:58:53.976070Z,,,,,,,2025-11-18T18:57:58.976070Z,,2025-11-18T18:58:12.649500Z,
HE.OBF8.00.BHZ | 2025-11-18T18:57:52.640380Z - 2025-11-18T18:58:52.640380Z,,,,,,,2025-11-18T18:57:57.640380Z,,2025-11-18T18:58:09.747100Z,
HE.OUF.00.BHZ | 2025-11-18T18:57:58.339530Z - 2025-11-18T18:58:58.339530Z,,,,,,,2025-11-18T18:58:03.339530Z,,2025-11-18T18:58:19.854290Z,
HE.TOF.00.BHZ | 2025-11-18T18:57:57.176060Z - 2025-11-18T18:58:57.176060Z,,,,,,,2025-11-18T18:58:02.176060Z,,2025-11-18T18:58:17.615490Z,
HE.VAF.00.BHZ | 2025-11-18T18:58:13.766840Z - 2025-11-18T18:59:13.766840Z,,,,,,,2025-11-18T18:58:18.766840Z,,,
FN.KLF.00.BHZ | 2025-11-17T23:28:50.792970Z - 2025-11-17T23:29:50.792970Z,,,,,,,,,2025-11-17T23:28:55.792970Z,
HE.HEF.00.BHZ | 2025-11-17T23:28:53.586500Z - 2025-11-17T23:29:53.586500Z,,,,,,,,,2025-11-17T23:28:58.586500Z,
HE.KIF.00.BHZ | 2025-11-17T23:28:47.301050Z - 2025-11-17T23:29:47.301050Z,,,,,,,,,2025-11-17T23:28:52.301050Z,
HE.TOF.00.BHZ | 2025-11-17T23:29:04.062250Z - 2025-11-17T23:30:04.062250Z,,,,,,,,,2025-11-17T23:29:09.062250Z,
FN.KLF.00.BHZ | 2025-11-19T12:11:46.080000Z - 2025-11-19T12:12:46.080000Z,,,,,,,2025-11-19T12:11:51.080000Z,,2025-11-19T12:11:59.960000Z,
FN.KMNF.00.?HZ | 2025-11-19T12:12:41.329300Z - 2025-11-19T12:13:41.329300Z,,,,,,,,,2025-11-19T12:12:46.329300Z,
FN.OUL.00.BHZ | 2025-11-19T12:12:51.711520Z - 2025-11-19T12:13:51.711520Z,,,,,,,,,2025-11-19T12:12:56.711520Z,
FN.RAJF.00.?HZ | 2025-11-19T12:12:42.900570Z - 2025-11-19T12:13:42.900570Z,,,,,,,,,2025-11-19T12:12:47.900570Z,
FN.RANF.00.?HZ | 2025-11-19T12:12:39.579350Z - 2025-11-19T12:13:39.579350Z,,,,,,,,,2025-11-19T12:12:44.579350Z,
FN.RNF.00.BHZ | 2025-11-19T12:12:25.840000Z - 2025-11-19T12:13:25.840000Z,,,,,,,,,2025-11-19T12:12:30.840000Z,
FN.SGF.00.BHZ | 2025-11-19T12:12:22.434250Z - 2025-11-19T12:13:22.434250Z,,,,,,,,,2025-11-19T12:12:27.434250Z,
HE.HEF.00.BHZ | 2025-11-19T12:11:51.880000Z - 2025-11-19T12:12:51.880000Z,,,,,,,2025-11-19T12:11:56.880000Z,,2025-11-19T12:12:09.942870Z,
HE.TOF.00.BHZ | 2025-11-19T12:12:22.542350Z - 2025-11-19T12:13:22.542350Z,,,,,,,,,2025-11-19T12:12:27.542350Z,
HE.VRF.00.BHZ | 2025-11-19T12:12:50.952210Z - 2025-11-19T12:13:50.952210Z,,,,,,,,,2025-11-19T12:12:55.952210Z,
FN.KLF.00.BHZ | 2025-11-23T12:18:38.812670Z - 2025-11-23T12:19:38.812670Z,,,,,,,2025-11-23T12:18:43.812670Z,,2025-11-23T12:19:19.046290Z,
FN.OUL.00.BHZ | 2025-11-23T12:18:31.863320Z - 2025-11-23T12:19:31.863320Z,,,,,,,2025-11-23T12:18:36.863320Z,,2025-11-23T12:19:04.918600Z,
FN.RANF.00.?HZ | 2025-11-23T12:18:39.501500Z - 2025-11-23T12:19:39.501500Z,,,,,,,2025-11-23T12:18:44.501500Z,,,
HE.ALAJF.00.?HZ | 2025-11-23T12:18:34.777220Z - 2025-11-23T12:19:34.777220Z,,,,,,,2025-11-23T12:18:39.777220Z,,2025-11-23T12:19:10.651930Z,
HE.OBF0.00.BHZ | 2025-11-23T12:18:23.043650Z - 2025-11-23T12:19:23.043650Z,,,,,,,2025-11-23T12:18:28.043650Z,,2025-11-23T12:18:47.629760Z,
HE.OBF3.00.BHZ | 2025-11-23T12:18:25.121250Z - 2025-11-23T12:19:25.121250Z,,,,,,,2025-11-23T12:18:30.121250Z,,2025-11-23T12:18:51.814660Z,
HE.OBF8.00.BHZ | 2025-11-23T12:18:18.921110Z - 2025-11-23T12:19:18.921110Z,,,,,,,2025-11-23T12:18:23.921110Z,,2025-11-23T12:18:40.578260Z,
HE.OUF.00.BHZ | 2025-11-23T12:18:26.946210Z - 2025-11-23T12:19:26.946210Z,,,,,,,2025-11-23T12:18:31.946210Z,,2025-11-23T12:18:54.324380Z,
HE.TOF.00.BHZ | 2025-11-23T12:18:28.359040Z - 2025-11-23T12:19:28.359040Z,,,,,,,2025-11-23T12:18:33.359040Z,,2025-11-23T12:18:56.728910Z,
HE.VAF.00.BHZ | 2025-11-23T12:18:31.854790Z - 2025-11-23T12:19:31.854790Z,,,,,,,2025-11-23T12:18:36.854790Z,,2025-11-23T12:19:04.747130Z,
FN.KLF.00.BHZ | 2025-11-21T06:47:37.451740Z - 2025-11-21T06:48:37.451740Z,,,,,,,2025-11-21T06:47:42.451740Z,,2025-11-21T06:47:52.285740Z,
FN.OUL.00.BHZ | 2025-11-21T06:48:33.618580Z - 2025-11-21T06:49:33.618580Z,,,,,,,,,2025-11-21T06:48:38.618580Z,
FN.RANF.00.?HZ | 2025-11-21T06:47:58.631450Z - 2025-11-21T06:48:58.631450Z,,,,,,,2025-11-21T06:48:03.631450Z,,2025-11-21T06:48:29.965640Z,
FN.RNF.00.BHZ | 2025-11-21T06:48:10.111420Z - 2025-11-21T06:49:10.111420Z,,,,,,,,,2025-11-21T06:48:15.111420Z,
FN.SGF.00.BHZ | 2025-11-21T06:47:55.387670Z - 2025-11-21T06:48:55.387670Z,,,,,,,2025-11-21T06:48:00.387670Z,,2025-11-21T06:48:22.969610Z,
HE.HEF.00.BHZ | 2025-11-21T06:48:13.139950Z - 2025-11-21T06:49:13.139950Z,,,,,,,,,2025-11-21T06:48:18.139950Z,
HE.KIF.00.BHZ | 2025-11-21T06:48:29.580540Z - 2025-11-21T06:49:29.580540Z,,,,,,,,,2025-11-21T06:48:34.580540Z,
HE.OBF3.00.BHZ | 2025-11-21T06:48:32.753280Z - 2025-11-21T06:49:32.753280Z,,,,,,,,,2025-11-21T06:48:37.753280Z,
HE.TOF.00.BHZ | 2025-11-21T06:47:44.585250Z - 2025-11-21T06:48:44.585250Z,,,,,,,2025-11-21T06:47:49.585250Z,,2025-11-21T06:48:04.727900Z,
FN.KLF.00.BHZ | 2025-11-22T21:54:19.253160Z - 2025-11-22T21:55:19.253160Z,,,,,,,2025-11-22T21:54:24.253160Z,,2025-11-22T21:54:28.815590Z,
FN.OLKF.00.BHZ | 2025-11-22T21:55:20.347920Z - 2025-11-22T21:56:20.347920Z,,,,,,,,,2025-11-22T21:55:25.347920Z,
FN.OUL.00.BHZ | 2025-11-22T21:55:12.391670Z - 2025-11-22T21:56:12.391670Z,,,,,,,,,2025-11-22T21:55:17.391670Z,
FN.RANF.00.?HZ | 2025-11-22T21:54:56.825930Z - 2025-11-22T21:55:56.825930Z,,,,,,,,,2025-11-22T21:55:01.825930Z,
FN.RNF.00.BHZ | 2025-11-22T21:54:28.464930Z - 2025-11-22T21:55:28.464930Z,,,,,,,2025-11-22T21:54:33.464930Z,,2025-11-22T21:54:44.855830Z,
HE.HEF.00.BHZ | 2025-11-22T21:54:45.803460Z - 2025-11-22T21:55:45.803460Z,,,,,,,2025-11-22T21:54:50.803460Z,,2025-11-22T21:55:04.440210Z,
HE.KU2.00.CZ | 2025-11-22T21:55:15.909970Z - 2025-11-22T21:56:15.909970Z,,,,,,,,,2025-11-22T21:55:20.909970Z,
HE.OBF3.00.BHZ | 2025-11-22T21:55:15.909970Z - 2025-11-22T21:56:15.909970Z,,,,,,,,,2025-11-22T21:55:20.909970Z,
HE.TOF.00.BHZ | 2025-11-22T21:54:27.724850Z - 2025-11-22T21:55:27.724850Z,,,,,,,2025-11-22T21:54:32.724850Z,,2025-11-22T21:54:43.344790Z,
FN.KLF.00.BHZ | 2025-11-21T01:33:34.600000Z - 2025-11-21T01:34:34.600000Z,,,,,,,2025-11-21T01:33:39.600000Z,,2025-11-21T01:34:01.535440Z,
FN.RNF.00.BHZ | 2025-11-21T01:34:21.969730Z - 2025-11-21T01:35:21.969730Z,,,,,,,,,2025-11-21T01:34:26.969730Z,
HE.HEF.00.BHZ | 2025-11-21T01:33:37.450000Z - 2025-11-21T01:34:37.450000Z,,,,,,,2025-11-21T01:33:42.450000Z,,2025-11-21T01:34:05.987050Z,
HE.TOF.00.BHZ | 2025-11-21T01:34:10.545280Z - 2025-11-21T01:35:10.545280Z,,,,,,,,,2025-11-21T01:34:15.545280Z,
HE.ECKF.00.CZ | 2025-11-20T23:09:18.071080Z - 2025-11-20T23:10:18.071080Z,,,,,,,2025-11-20T23:09:23.071080Z,,2025-11-20T23:09:50.141220Z,
HE.KPF.00.BHZ | 2025-11-20T23:09:23.730270Z - 2025-11-20T23:10:23.730270Z,,,,,,,2025-11-20T23:09:28.730270Z,,2025-11-20T23:09:59.752620Z,
HE.VAF.00.BHZ | 2025-11-20T23:09:31.865960Z - 2025-11-20T23:10:31.865960Z,,,,,,,2025-11-20T23:09:36.865960Z,,2025-11-20T23:10:12.232460Z,
UP.AAL.00.BHZ | 2025-11-20T23:09:21.006460Z - 2025-11-20T23:10:21.006460Z,,,,,,,2025-11-20T23:09:26.006460Z,,2025-11-20T23:09:54.340290Z,
HE.KIF.00.BHZ | 2025-11-18T01:42:48.620000Z - 2025-11-18T01:43:48.620000Z,,,,,,,,,2025-11-18T01:42:53.620000Z,
FN.KMNF.00.?HZ | 2025-11-25T06:47:53.090000Z - 2025-11-25T06:48:53.090000Z,,,,,,,2025-11-25T06:47:58.090000Z,,2025-11-25T06:48:09.140000Z,
FN.RAJF.00.?HZ | 2025-11-25T06:48:06.010000Z - 2025-11-25T06:49:06.010000Z,,,,,,,2025-11-25T06:48:11.010000Z,,2025-11-25T06:48:32.010000Z,
HE.HEF.00.BHZ | 2025-11-25T06:48:01.110000Z - 2025-11-25T06:49:01.110000Z,,,,,,,2025-11-25T06:48:06.110000Z,,2025-11-25T06:48:23.180000Z,
HE.KEV.00.?HZ | 2025-11-25T06:47:50.270000Z - 2025-11-25T06:48:50.270000Z,,,,,,,2025-11-25T06:47:55.270000Z,,2025-11-25T06:48:04.157700Z,
HE.KIF.00.BHZ | 2025-11-25T06:48:05.250000Z - 2025-11-25T06:49:05.250000Z,,,,,,,2025-11-25T06:48:10.250000Z,,2025-11-25T06:48:30.670000Z,
FN.KMNF.00.?HZ | 2025-11-29T23:36:16.969240Z - 2025-11-29T23:37:16.969240Z,,,,,,,,,2025-11-29T23:36:21.969240Z,
FN.MSF.00.BHZ | 2025-11-29T23:35:24.291180Z - 2025-11-29T23:36:24.291180Z,,,,,,,2025-11-29T23:35:29.291180Z,,2025-11-29T23:35:47.965620Z,
FN.OLKF.00.BHZ | 2025-11-29T23:35:17.746430Z - 2025-11-29T23:36:17.746430Z,,,,,,,2025-11-29T23:35:22.746430Z,,2025-11-29T23:35:36.612330Z,
FN.RAJF.00.?HZ | 2025-11-29T23:35:57.161140Z - 2025-11-29T23:36:57.161140Z,,,,,,,,,2025-11-29T23:36:02.161140Z,
FN.RANF.00.?HZ | 2025-11-29T23:36:02.184940Z - 2025-11-29T23:37:02.184940Z,,,,,,,,,2025-11-29T23:36:07.184940Z,
FN.RNF.00.BHZ | 2025-11-29T23:36:04.912140Z - 2025-11-29T23:37:04.912140Z,,,,,,,,,2025-11-29T23:36:09.912140Z,
FN.SGF.00.BHZ | 2025-11-29T23:35:58.022360Z - 2025-11-29T23:36:58.022360Z,,,,,,,,,2025-11-29T23:36:03.022360Z,
HE.KU1.00.CZ | 2025-11-29T23:35:27.161910Z - 2025-11-29T23:36:27.161910Z,,,,,,,2025-11-29T23:35:32.161910Z,,2025-11-29T23:35:52.400630Z,
HE.KU2.00.CZ | 2025-11-29T23:35:53.566570Z - 2025-11-29T23:36:53.566570Z,,,,,,,,,2025-11-29T23:35:58.566570Z,
HE.KU6.00.BHN | 2025-11-29T23:35:18.836770Z - 2025-11-29T23:36:18.836770Z,,,,,,,,,2025-11-29T23:35:38.752710Z,
HE.KU6.00.BHZ | 2025-11-29T23:35:18.836770Z - 2025-11-29T23:36:18.836770Z,,,,,,,2025-11-29T23:35:23.836770Z,,,
HE.VRF.00.BHZ | 2025-11-29T23:35:18.583970Z - 2025-11-29T23:36:18.583970Z,,,,,,,2025-11-29T23:35:23.583970Z,,2025-11-29T23:35:38.101290Z,
FN.MSF.00.BHN | 2025-12-02T12:21:39.010190Z - 2025-12-02T12:22:39.010190Z,,,,,,,2025-12-02T12:21:44.010190Z,,,
FN.MSF.00.BHZ | 2025-12-02T12:21:39.010190Z - 2025-12-02T12:22:39.010190Z,,,,,,,,,2025-12-02T12:21:57.164640Z,
FN.OLKF.00.BHZ | 2025-12-02T12:21:35.282250Z - 2025-12-02T12:22:35.282250Z,,,,,,,2025-12-02T12:21:40.282250Z,,2025-12-02T12:21:51.202780Z,
FN.RANF.00.?HZ | 2025-12-02T12:22:16.957930Z - 2025-12-02T12:23:16.957930Z,,,,,,,,,2025-12-02T12:22:21.957930Z,
FN.RNF.00.BHZ | 2025-12-02T12:22:23.796320Z - 2025-12-02T12:23:23.796320Z,,,,,,,,,2025-12-02T12:22:28.796320Z,
FN.SGF.00.BHZ | 2025-12-02T12:22:25.589190Z - 2025-12-02T12:23:25.589190Z,,,,,,,,,2025-12-02T12:22:30.589190Z,
HE.KU1.00.CZ | 2025-12-02T12:21:38.672690Z - 2025-12-02T12:22:38.672690Z,,,,,,,2025-12-02T12:21:43.672690Z,,2025-12-02T12:21:56.978860Z,
HE.KU2.00.CZ | 2025-12-02T12:22:03.389970Z - 2025-12-02T12:23:03.389970Z,,,,,,,,,2025-12-02T12:22:08.389970Z,
HE.KU6.00.BHZ | 2025-12-02T12:21:32.479180Z - 2025-12-02T12:22:32.479180Z,,,,,,,2025-12-02T12:21:37.479180Z,,2025-12-02T12:21:46.580550Z,
HE.VRF.00.BHZ | 2025-12-02T12:22:10.232190Z - 2025-12-02T12:23:10.232190Z,,,,,,,,,2025-12-02T12:22:15.232190Z,
FN.KLF.00.BHZ | 2025-12-02T00:43:09.570320Z - 2025-12-02T00:44:09.570320Z,,,,,,,2025-12-02T00:43:14.570320Z,,2025-12-02T00:43:24.212020Z,
FN.KMNF.00.?HZ | 2025-12-02T00:44:01.032470Z - 2025-12-02T00:45:01.032470Z,,,,,,,,,2025-12-02T00:44:06.032470Z,
FN.RNF.00.BHZ | 2025-12-02T00:43:28.013150Z - 2025-12-02T00:44:28.013150Z,,,,,,,2025-12-02T00:43:33.013150Z,,2025-12-02T00:43:55.895870Z,
FN.SGF.00.BHZ | 2025-12-02T00:43:24.206610Z - 2025-12-02T00:44:24.206610Z,,,,,,,2025-12-02T00:43:29.206610Z,,2025-12-02T00:43:49.301100Z,
HE.HEF.00.BHZ | 2025-12-02T00:43:10.400620Z - 2025-12-02T00:44:10.400620Z,,,,,,,2025-12-02T00:43:15.400620Z,,2025-12-02T00:43:25.396810Z,
HE.KIF.00.BHZ | 2025-12-02T00:43:39.877390Z - 2025-12-02T00:44:39.877390Z,,,,,,,,,2025-12-02T00:43:44.877390Z,
HE.TOF.00.BHZ | 2025-12-02T00:43:29.610800Z - 2025-12-02T00:44:29.610800Z,,,,,,,2025-12-02T00:43:34.610800Z,,2025-12-02T00:43:57.133110Z,
FN.KLF.00.BHZ | 2025-12-04T21:03:53.578480Z - 2025-12-04T21:04:53.578480Z,,,,,,,2025-12-04T21:03:58.578480Z,,2025-12-04T21:04:13.556550Z,
FN.KMNF.00.?HZ | 2025-12-04T21:03:50.217710Z - 2025-12-04T21:04:50.217710Z,,,,,,,2025-12-04T21:03:55.217710Z,,2025-12-04T21:04:07.945950Z,
FN.RAJF.00.?HZ | 2025-12-04T21:03:47.964440Z - 2025-12-04T21:04:47.964440Z,,,,,,,2025-12-04T21:03:52.964440Z,,2025-12-04T21:04:03.873310Z,
FN.RANF.00.?HZ | 2025-12-04T21:04:35.640620Z - 2025-12-04T21:05:35.640620Z,,,,,,,,,2025-12-04T21:04:40.640620Z,
FN.RNF.00.BHZ | 2025-12-04T21:03:58.587960Z - 2025-12-04T21:04:58.587960Z,,,,,,,2025-12-04T21:04:03.587960Z,,2025-12-04T21:04:23.141850Z,
FN.SGF.00.BHZ | 2025-12-04T21:03:44.770510Z - 2025-12-04T21:04:44.770510Z,,,,,,,2025-12-04T21:03:49.770510Z,,2025-12-04T21:03:58.630860Z,
HE.HEF.00.BHZ | 2025-12-04T21:03:48.558750Z - 2025-12-04T21:04:48.558750Z,,,,,,,2025-12-04T21:03:53.558750Z,,2025-12-04T21:04:04.558120Z,
HE.KEV.00.?HZ | 2025-12-04T21:04:00.774290Z - 2025-12-04T21:05:00.774290Z,,,,,,,2025-12-04T21:04:05.774290Z,,2025-12-04T21:04:25.722440Z,
HE.KIF.00.BHZ | 2025-12-04T21:04:33.795670Z - 2025-12-04T21:05:33.795670Z,,,,,,,,,2025-12-04T21:04:38.795670Z,
HE.TOF.00.BHZ | 2025-12-04T21:04:37.557060Z - 2025-12-04T21:05:37.557060Z,,,,,,,,,2025-12-04T21:04:42.557060Z,
HE.VRF.00.BHZ | 2025-12-04T21:03:55.491060Z - 2025-12-04T21:04:55.491060Z,,,,,,,2025-12-04T21:04:00.491060Z,,2025-12-04T21:04:19.248010Z,
HE.ALAJF.00.?HZ | 2025-12-03T19:28:02.415870Z - 2025-12-03T19:29:02.415870Z,,,,,,,2025-12-03T19:28:07.415870Z,,2025-12-03T19:28:27.775350Z,
HE.ECKF.00.CZ | 2025-12-03T19:28:10.752620Z - 2025-12-03T19:29:10.752620Z,,,,,,,2025-12-03T19:28:15.752620Z,,2025-12-03T19:28:42.185770Z,
HE.FIA0.00.?HN | 2025-12-03T19:28:12.362010Z - 2025-12-03T19:29:12.362010Z,,,,,,,2025-12-03T19:28:17.362010Z,,,
HE.FIA0.00.?HZ | 2025-12-03T19:28:12.362010Z - 2025-12-03T19:29:12.362010Z,,,,,,,,,2025-12-03T19:28:45.799230Z,
HE.KAF.00.?HZ | 2025-12-03T19:28:12.363470Z - 2025-12-03T19:29:12.363470Z,,,,,,,2025-12-03T19:28:17.363470Z,,2025-12-03T19:28:46.473890Z,
HE.KEF.00.?HZ | 2025-12-03T19:28:01.481500Z - 2025-12-03T19:29:01.481500Z,,,,,,,2025-12-03T19:28:06.481500Z,,2025-12-03T19:28:26.451860Z,
HE.KORF.00.CN | 2025-12-03T19:28:08.668670Z - 2025-12-03T19:29:08.668670Z,,,,,,,2025-12-03T19:28:13.668670Z,,,
HE.KORF.00.CZ | 2025-12-03T19:28:08.668670Z - 2025-12-03T19:29:08.668670Z,,,,,,,,,2025-12-03T19:28:38.386630Z,
HE.KPF.00.BHZ | 2025-12-03T19:27:39.313200Z - 2025-12-03T19:28:39.313200Z,,,,,,,2025-12-03T19:27:44.313200Z,,2025-12-03T19:27:47.736870Z,
HE.NUR.00.SHZ | 2025-12-03T19:28:11.320510Z - 2025-12-03T19:29:11.320510Z,,,,,,,2025-12-03T19:28:16.320510Z,,2025-12-03T19:28:44.281250Z,
HE.OBF0.00.BHZ | 2025-12-03T19:28:20.109810Z - 2025-12-03T19:29:20.109810Z,,,,,,,2025-12-03T19:28:25.109810Z,,,
HE.RAF.00.BHZ | 2025-12-03T19:27:52.890600Z - 2025-12-03T19:28:52.890600Z,,,,,,,2025-12-03T19:27:57.890600Z,,2025-12-03T19:28:10.908100Z,
HE.SUF.00.BHZ | 2025-12-03T19:28:12.418470Z - 2025-12-03T19:29:12.418470Z,,,,,,,2025-12-03T19:28:17.418470Z,,2025-12-03T19:28:46.726880Z,
HE.TRE03.00.CZ | 2025-12-03T19:27:57.502250Z - 2025-12-03T19:28:57.502250Z,,,,,,,2025-12-03T19:28:02.502250Z,,2025-12-03T19:28:19.303570Z,
HE.TVF.00.BHZ | 2025-12-03T19:28:45.291700Z - 2025-12-03T19:29:45.291700Z,,,,,,,,,2025-12-03T19:28:50.291700Z,
HE.VAF.00.BHZ | 2025-12-03T19:27:55.292550Z - 2025-12-03T19:28:55.292550Z,,,,,,,2025-12-03T19:28:00.292550Z,,2025-12-03T19:28:14.807150Z,
UP.AAL.00.BHZ | 2025-12-03T19:28:11.085130Z - 2025-12-03T19:29:11.085130Z,,,,,,,2025-12-03T19:28:16.085130Z,,2025-12-03T19:28:41.661330Z,
FN.KLF.00.BHZ | 2025-12-08T05:16:07.432960Z - 2025-12-08T05:17:07.432960Z,,,,,,,,,2025-12-08T05:16:12.432960Z,
FN.KMNF.00.?HZ | 2025-12-08T05:15:57.540620Z - 2025-12-08T05:16:57.540620Z,,,,,,,2025-12-08T05:16:02.540620Z,,2025-12-08T05:16:33.970710Z,
FN.SGF.00.BHZ | 2025-12-08T05:16:24.676110Z - 2025-12-08T05:17:24.676110Z,,,,,,,,,2025-12-08T05:16:29.676110Z,
HE.HEF.00.BHZ | 2025-12-08T05:15:35.752440Z - 2025-12-08T05:16:35.752440Z,,,,,,,2025-12-08T05:15:40.752440Z,,2025-12-08T05:15:55.768670Z,
HE.KEV.00.?HZ | 2025-12-08T05:16:35.482120Z - 2025-12-08T05:17:35.482120Z,,,,,,,,,2025-12-08T05:16:40.482120Z,
HE.KIF.00.BHZ | 2025-12-08T05:15:26.924610Z - 2025-12-08T05:16:26.924610Z,,,,,,,2025-12-08T05:15:31.924610Z,,2025-12-08T05:15:40.877660Z,
HE.TOF.00.BHZ | 2025-12-08T05:16:36.465370Z - 2025-12-08T05:17:36.465370Z,,,,,,,,,2025-12-08T05:16:41.465370Z,
FN.KLF.00.BHZ | 2025-12-09T14:08:07.085890Z - 2025-12-09T14:09:07.085890Z,,,,,,,2025-12-09T14:08:12.085890Z,,2025-12-09T14:08:29.211660Z,
FN.MSF.00.BHZ | 2025-12-09T14:08:42.572840Z - 2025-12-09T14:09:42.572840Z,,,,,,,,,2025-12-09T14:08:47.572840Z,
FN.OLKF.00.BHZ | 2025-12-09T14:08:34.629710Z - 2025-12-09T14:09:34.629710Z,,,,,,,,,2025-12-09T14:08:39.629710Z,
FN.RAJF.00.?HZ | 2025-12-09T14:07:57.027890Z - 2025-12-09T14:08:57.027890Z,,,,,,,2025-12-09T14:08:02.027890Z,,2025-12-09T14:08:12.392850Z,
FN.RANF.00.?HZ | 2025-12-09T14:08:36.608370Z - 2025-12-09T14:09:36.608370Z,,,,,,,,,2025-12-09T14:08:41.608370Z,
FN.RNF.00.BHZ | 2025-12-09T14:08:05.290180Z - 2025-12-09T14:09:05.290180Z,,,,,,,2025-12-09T14:08:10.290180Z,,2025-12-09T14:08:26.581420Z,
FN.SGF.00.BHZ | 2025-12-09T14:07:50.348640Z - 2025-12-09T14:08:50.348640Z,,,,,,,2025-12-09T14:07:55.348640Z,,2025-12-09T14:08:00.938300Z,
HE.HEF.00.BHZ | 2025-12-09T14:08:08.881370Z - 2025-12-09T14:09:08.881370Z,,,,,,,2025-12-09T14:08:13.881370Z,,2025-12-09T14:08:32.420230Z,
HE.KEV.00.?HZ | 2025-12-09T14:08:40.979930Z - 2025-12-09T14:09:40.979930Z,,,,,,,,,2025-12-09T14:08:45.979930Z,
HE.KU6.00.BHZ | 2025-12-09T14:08:44.165760Z - 2025-12-09T14:09:44.165760Z,,,,,,,,,2025-12-09T14:08:49.165760Z,
HE.TOF.00.BHZ | 2025-12-09T14:08:43.938200Z - 2025-12-09T14:09:43.938200Z,,,,,,,,,2025-12-09T14:08:48.938200Z,
HE.VRF.00.BHZ | 2025-12-09T14:07:58.979230Z - 2025-12-09T14:08:58.979230Z,,,,,,,2025-12-09T14:08:03.979230Z,,2025-12-09T14:08:15.479000Z,
HE.KOFF.00.CZ | 2025-12-07T12:03:13.003490Z - 2025-12-07T12:04:13.003490Z,,,,,,,2025-12-07T12:03:18.003490Z,,2025-12-07T12:03:18.134800Z,
HE.KY02.00.CZ | 2025-12-07T12:03:32.064950Z - 2025-12-07T12:04:32.064950Z,,,,,,,,,2025-12-07T12:03:37.064950Z,
HE.KY17.00.CZ | 2025-12-07T12:03:31.101670Z - 2025-12-07T12:04:31.101670Z,,,,,,,,,2025-12-07T12:03:36.101670Z,
HE.LOVF.00.CZ | 2025-12-07T12:03:23.717670Z - 2025-12-07T12:04:23.717670Z,,,,,,,,,2025-12-07T12:03:28.717670Z,
HE.PVF.00.CZ | 2025-12-07T12:03:22.677290Z - 2025-12-07T12:04:22.677290Z,,,,,,,2025-12-07T12:03:27.677290Z,,2025-12-07T12:03:35.963440Z,
HE.VJF.00.?HZ | 2025-12-07T12:03:22.264450Z - 2025-12-07T12:04:22.264450Z,,,,,,,,,2025-12-07T12:03:27.264450Z,
HE.KOFF.00.CZ | 2025-12-07T12:07:10.106550Z - 2025-12-07T12:08:10.106550Z,,,,,,,2025-12-07T12:07:15.106550Z,,2025-12-07T12:07:15.232480Z,
HE.LOVF.00.CZ | 2025-12-07T12:07:22.476420Z - 2025-12-07T12:08:22.476420Z,,,,,,,,,2025-12-07T12:07:27.476420Z,
HE.PVF.00.CZ | 2025-12-07T12:07:29.810740Z - 2025-12-07T12:08:29.810740Z,,,,,,,,,2025-12-07T12:07:34.810740Z,
HE.VJF.00.?HZ | 2025-12-07T12:07:19.475350Z - 2025-12-07T12:08:19.475350Z,,,,,,,,,2025-12-07T12:07:24.475350Z,
FN.OUL.00.BHZ | 2025-12-11T11:19:34.863040Z - 2025-12-11T11:20:34.863040Z,,,,,,,,,2025-12-11T11:19:39.863040Z,
HE.ALAJF.00.?HZ | 2025-12-11T11:18:55.655070Z - 2025-12-11T11:19:55.655070Z,,,,,,,2025-12-11T11:19:00.655070Z,,2025-12-11T11:19:25.107940Z,
HE.OBF0.00.BHZ | 2025-12-11T11:18:50.945660Z - 2025-12-11T11:19:50.945660Z,,,,,,,2025-12-11T11:18:55.945660Z,,2025-12-11T11:19:16.111110Z,
HE.OBF3.00.BHZ | 2025-12-11T11:18:54.864050Z - 2025-12-11T11:19:54.864050Z,,,,,,,2025-12-11T11:18:59.864050Z,,2025-12-11T11:19:23.511570Z,
HE.OBF8.00.BHZ | 2025-12-11T11:18:44.886130Z - 2025-12-11T11:19:44.886130Z,,,,,,,2025-12-11T11:18:49.886130Z,,2025-12-11T11:19:05.481910Z,
HE.OUF.00.BHZ | 2025-12-11T11:18:54.232420Z - 2025-12-11T11:19:54.232420Z,,,,,,,2025-12-11T11:18:59.232420Z,,2025-12-11T11:19:21.657910Z,
HE.TOF.00.BHZ | 2025-12-11T11:19:31.294360Z - 2025-12-11T11:20:31.294360Z,,,,,,,,,2025-12-11T11:19:36.294360Z,
HE.VAF.00.BHZ | 2025-12-11T11:18:50.828230Z - 2025-12-11T11:19:50.828230Z,,,,,,,2025-12-11T11:18:55.828230Z,,2025-12-11T11:19:15.561480Z,
HE.ALAJF.00.?HZ | 2025-12-11T05:44:25.136790Z - 2025-12-11T05:45:25.136790Z,,,,,,,,,2025-12-11T05:44:30.136790Z,
HE.OBF0.00.BHZ | 2025-12-11T05:44:15.865030Z - 2025-12-11T05:45:15.865030Z,,,,,,,,,2025-12-11T05:44:20.865030Z,
HE.OBF3.00.BHZ | 2025-12-11T05:44:22.916790Z - 2025-12-11T05:45:22.916790Z,,,,,,,,,2025-12-11T05:44:27.916790Z,
HE.OBF8.00.BHZ | 2025-12-11T05:44:05.564600Z - 2025-12-11T05:45:05.564600Z,,,,,,,,,2025-12-11T05:44:10.564600Z,
HE.OUF.00.BHZ | 2025-12-11T05:44:21.590000Z - 2025-12-11T05:45:21.590000Z,,,,,,,,,2025-12-11T05:44:26.590000Z,
HE.VAF.00.BHZ | 2025-12-11T05:43:53.870000Z - 2025-12-11T05:44:53.870000Z,,,,,,,2025-12-11T05:43:58.870000Z,,2025-12-11T05:44:18.927800Z,
FN.KLF.00.BHZ | 2025-12-11T23:44:36.732320Z - 2025-12-11T23:45:36.732320Z,,,,,,,2025-12-11T23:44:41.732320Z,,2025-12-11T23:44:52.310900Z,
FN.OUL.00.BHZ | 2025-12-11T23:44:57.820880Z - 2025-12-11T23:45:57.820880Z,,,,,,,2025-12-11T23:45:02.820880Z,,2025-12-11T23:45:29.755600Z,
FN.RANF.00.?HZ | 2025-12-11T23:44:53.901540Z - 2025-12-11T23:45:53.901540Z,,,,,,,2025-12-11T23:44:58.901540Z,,2025-12-11T23:45:22.891780Z,
FN.RNF.00.BHZ | 2025-12-11T23:44:46.847400Z - 2025-12-11T23:45:46.847400Z,,,,,,,2025-12-11T23:44:51.847400Z,,2025-12-11T23:45:10.345830Z,
FN.SGF.00.BHZ | 2025-12-11T23:44:52.777600Z - 2025-12-11T23:45:52.777600Z,,,,,,,2025-12-11T23:44:57.777600Z,,2025-12-11T23:45:20.848170Z,
HE.HEF.00.BHZ | 2025-12-11T23:44:53.822430Z - 2025-12-11T23:45:53.822430Z,,,,,,,2025-12-11T23:44:58.822430Z,,2025-12-11T23:45:22.948510Z,
HE.OBF0.00.BHZ | 2025-12-11T23:45:31.871770Z - 2025-12-11T23:46:31.871770Z,,,,,,,,,2025-12-11T23:45:36.871770Z,
HE.TOF.00.BHZ | 2025-12-11T23:44:38.743370Z - 2025-12-11T23:45:38.743370Z,,,,,,,2025-12-11T23:44:43.743370Z,,2025-12-11T23:44:55.682740Z,
FN.KLF.00.BHZ | 2025-12-12T00:23:44.069910Z - 2025-12-12T00:24:44.069910Z,,,,,,,2025-12-12T00:23:49.069910Z,,2025-12-12T00:23:59.650720Z,
FN.OUL.00.BHZ | 2025-12-12T00:24:32.438580Z - 2025-12-12T00:25:32.438580Z,,,,,,,,,2025-12-12T00:24:37.438580Z,
FN.RANF.00.?HZ | 2025-12-12T00:24:25.025400Z - 2025-12-12T00:25:25.025400Z,,,,,,,,,2025-12-12T00:24:30.025400Z,
FN.RNF.00.BHZ | 2025-12-12T00:23:53.937830Z - 2025-12-12T00:24:53.937830Z,,,,,,,2025-12-12T00:23:58.937830Z,,2025-12-12T00:24:17.076780Z,
FN.SGF.00.BHZ | 2025-12-12T00:24:22.728330Z - 2025-12-12T00:25:22.728330Z,,,,,,,,,2025-12-12T00:24:27.728330Z,
HE.HEF.00.BHZ | 2025-12-12T00:24:23.916470Z - 2025-12-12T00:25:23.916470Z,,,,,,,,,2025-12-12T00:24:28.916470Z,
HE.OBF3.00.BHZ | 2025-12-12T00:24:30.886900Z - 2025-12-12T00:25:30.886900Z,,,,,,,,,2025-12-12T00:24:35.886900Z,
HE.TOF.00.BHZ | 2025-12-12T00:23:46.177900Z - 2025-12-12T00:24:46.177900Z,,,,,,,2025-12-12T00:23:51.177900Z,,2025-12-12T00:24:03.294350Z,
FN.KLF.00.BHZ | 2025-12-13T06:04:25.932240Z - 2025-12-13T06:05:25.932240Z,,,,,,,,,2025-12-13T06:04:30.932240Z,
FN.OUL.00.BHZ | 2025-12-13T06:03:47.901770Z - 2025-12-13T06:04:47.901770Z,,,,,,,2025-12-13T06:03:52.901770Z,,2025-12-13T06:04:12.146220Z,
FN.RANF.00.?HZ | 2025-12-13T06:03:55.942260Z - 2025-12-13T06:04:55.942260Z,,,,,,,2025-12-13T06:04:00.942260Z,,2025-12-13T06:04:27.501590Z,
FN.RNF.00.BHZ | 2025-12-13T06:03:56.337690Z - 2025-12-13T06:04:56.337690Z,,,,,,,2025-12-13T06:04:01.337690Z,,2025-12-13T06:04:27.196640Z,
HE.ALAJF.00.?HZ | 2025-12-13T06:04:28.499640Z - 2025-12-13T06:05:28.499640Z,,,,,,,,,2025-12-13T06:04:33.499640Z,
HE.OBF0.00.BHZ | 2025-12-13T06:03:41.047590Z - 2025-12-13T06:04:41.047590Z,,,,,,,2025-12-13T06:03:46.047590Z,,2025-12-13T06:04:00.283200Z,
HE.OBF3.00.BHZ | 2025-12-13T06:03:40.652150Z - 2025-12-13T06:04:40.652150Z,,,,,,,2025-12-13T06:03:45.652150Z,,2025-12-13T06:04:00.151390Z,
HE.OBF8.00.BHZ | 2025-12-13T06:03:53.306030Z - 2025-12-13T06:04:53.306030Z,,,,,,,,,2025-12-13T06:03:58.306030Z,
HE.OUF.00.BHZ | 2025-12-13T06:03:45.397360Z - 2025-12-13T06:04:45.397360Z,,,,,,,2025-12-13T06:03:50.397360Z,,2025-12-13T06:04:07.664630Z,
HE.TOF.00.BHZ | 2025-12-13T06:03:56.864940Z - 2025-12-13T06:04:56.864940Z,,,,,,,,,2025-12-13T06:04:01.864940Z,
HE.VAF.00.BHZ | 2025-12-13T06:04:27.685690Z - 2025-12-13T06:05:27.685690Z,,,,,,,,,2025-12-13T06:04:32.685690Z,
FN.KLF.00.BHZ | 2025-12-15T17:54:49.978500Z - 2025-12-15T17:55:49.978500Z,,,,,,,2025-12-15T17:54:54.978500Z,,2025-12-15T17:55:05.694790Z,
FN.KMNF.00.?HZ | 2025-12-15T17:55:10.756100Z - 2025-12-15T17:56:10.756100Z,,,,,,,2025-12-15T17:55:15.756100Z,,2025-12-15T17:55:41.846140Z,
FN.RAJF.00.?HZ | 2025-12-15T17:55:14.261780Z - 2025-12-15T17:56:14.261780Z,,,,,,,2025-12-15T17:55:19.261780Z,,2025-12-15T17:55:48.106220Z,
FN.RANF.00.?HZ | 2025-12-15T17:55:17.761770Z - 2025-12-15T17:56:17.761770Z,,,,,,,2025-12-15T17:55:22.761770Z,,2025-12-15T17:55:54.459240Z,
FN.RNF.00.BHZ | 2025-12-15T17:55:06.778850Z - 2025-12-15T17:56:06.778850Z,,,,,,,2025-12-15T17:55:11.778850Z,,2025-12-15T17:55:35.336210Z,
FN.SGF.00.BHZ | 2025-12-15T17:55:23.222810Z - 2025-12-15T17:56:23.222810Z,,,,,,,,,2025-12-15T17:55:28.222810Z,
HE.HEF.00.BHZ | 2025-12-15T17:54:48.311930Z - 2025-12-15T17:55:48.311930Z,,,,,,,2025-12-15T17:54:53.311930Z,,2025-12-15T17:55:02.646190Z,
HE.KEV.00.?HZ | 2025-12-15T17:55:18.459320Z - 2025-12-15T17:56:18.459320Z,,,,,,,2025-12-15T17:55:23.459320Z,,2025-12-15T17:55:55.567820Z,
HE.KIF.00.BHZ | 2025-12-15T17:54:59.144990Z - 2025-12-15T17:55:59.144990Z,,,,,,,2025-12-15T17:55:04.144990Z,,2025-12-15T17:55:21.643520Z,
HE.TOF.00.BHZ | 2025-12-15T17:55:08.072200Z - 2025-12-15T17:56:08.072200Z,,,,,,,2025-12-15T17:55:13.072200Z,,2025-12-15T17:55:36.999080Z,
HE.VRF.00.BHZ | 2025-12-15T17:55:55.429660Z - 2025-12-15T17:56:55.429660Z,,,,,,,,,2025-12-15T17:56:00.429660Z,
FN.KLF.00.BHZ | 2025-12-17T08:00:09.672730Z - 2025-12-17T08:01:09.672730Z,,,,,,,2025-12-17T08:00:14.672730Z,,2025-12-17T08:00:37.500050Z,
HE.HEF.00.BHZ | 2025-12-17T08:00:10.412460Z - 2025-12-17T08:01:10.412460Z,,,,,,,2025-12-17T08:00:15.412460Z,,2025-12-17T08:00:38.628050Z,
HE.KIF.00.BHZ | 2025-12-17T08:00:07.008550Z - 2025-12-17T08:01:07.008550Z,,,,,,,2025-12-17T08:00:12.008550Z,,2025-12-17T08:00:32.643220Z,
HE.TOF.00.BHZ | 2025-12-17T08:00:19.064000Z - 2025-12-17T08:01:19.064000Z,,,,,,,2025-12-17T08:00:24.064000Z,,2025-12-17T08:00:53.329910Z,
HE.ALAJF.00.?HZ | 2025-12-17T19:44:04.232200Z - 2025-12-17T19:45:04.232200Z,,,,,,,,,2025-12-17T19:44:09.232200Z,
HE.KPF.00.BHZ | 2025-12-17T19:43:31.464600Z - 2025-12-17T19:44:31.464600Z,,,,,,,2025-12-17T19:43:36.464600Z,,2025-12-17T19:44:01.242910Z,
HE.OBF0.00.BHZ | 2025-12-17T19:44:14.657530Z - 2025-12-17T19:45:14.657530Z,,,,,,,,,2025-12-17T19:44:19.657530Z,
HE.OBF8.00.BHZ | 2025-12-17T19:44:03.643260Z - 2025-12-17T19:45:03.643260Z,,,,,,,,,2025-12-17T19:44:08.643260Z,
HE.RAF.00.BHZ | 2025-12-17T19:44:13.066230Z - 2025-12-17T19:45:13.066230Z,,,,,,,,,2025-12-17T19:44:18.066230Z,
HE.VAF.00.BHZ | 2025-12-17T19:43:26.006720Z - 2025-12-17T19:44:26.006720Z,,,,,,,2025-12-17T19:43:31.006720Z,,2025-12-17T19:43:51.337910Z,
FN.KMNF.00.?HZ | 2025-12-18T00:57:14.528070Z - 2025-12-18T00:58:14.528070Z,,,,,,,2025-12-18T00:57:19.528070Z,,2025-12-18T00:57:49.574920Z,
FN.MSF.00.BHZ | 2025-12-18T00:56:54.159590Z - 2025-12-18T00:57:54.159590Z,,,,,,,2025-12-18T00:56:59.159590Z,,2025-12-18T00:57:18.241710Z,
FN.OLKF.00.BHZ | 2025-12-18T00:56:47.199480Z - 2025-12-18T00:57:47.199480Z,,,,,,,2025-12-18T00:56:52.199480Z,,2025-12-18T00:57:06.588680Z,
FN.RAJF.00.?HN | 2025-12-18T00:57:01.450060Z - 2025-12-18T00:58:01.450060Z,,,,,,,,,2025-12-18T00:57:30.956700Z,
FN.RAJF.00.?HZ | 2025-12-18T00:57:01.450060Z - 2025-12-18T00:58:01.450060Z,,,,,,,2025-12-18T00:57:06.450060Z,,,
FN.RANF.00.?HZ | 2025-12-18T00:57:05.341870Z - 2025-12-18T00:58:05.341870Z,,,,,,,2025-12-18T00:57:10.341870Z,,2025-12-18T00:57:37.558740Z,
FN.RNF.00.BHZ | 2025-12-18T00:57:05.005300Z - 2025-12-18T00:58:05.005300Z,,,,,,,2025-12-18T00:57:10.005300Z,,2025-12-18T00:57:37.558740Z,
FN.SGF.00.BHZ | 2025-12-18T00:57:03.488630Z - 2025-12-18T00:58:03.488630Z,,,,,,,2025-12-18T00:57:08.488630Z,,2025-12-18T00:57:32.641440Z,
HE.KU1.00.CZ | 2025-12-18T00:56:57.107590Z - 2025-12-18T00:57:57.107590Z,,,,,,,2025-12-18T00:57:02.107590Z,,2025-12-18T00:57:22.249110Z,
HE.KU2.00.CZ | 2025-12-18T00:57:00.578340Z - 2025-12-18T00:58:00.578340Z,,,,,,,2025-12-18T00:57:05.578340Z,,2025-12-18T00:57:28.710330Z,
HE.KU6.00.BHZ | 2025-12-18T00:56:48.482530Z - 2025-12-18T00:57:48.482530Z,,,,,,,2025-12-18T00:56:53.482530Z,,2025-12-18T00:57:08.821500Z,
HE.VRF.00.BHZ | 2025-12-18T00:56:47.103910Z - 2025-12-18T00:57:47.103910Z,,,,,,,2025-12-18T00:56:52.103910Z,,2025-12-18T00:57:06.043150Z,
FN.KLF.00.BHZ | 2025-12-18T15:53:21.500000Z - 2025-12-18T15:54:21.500000Z,,,,,,,,,2025-12-18T15:53:26.501160Z,
FN.KMNF.00.?HZ | 2025-12-18T15:52:39.261790Z - 2025-12-18T15:53:39.261790Z,,,,,,,2025-12-18T15:52:44.261790Z,,2025-12-18T15:52:59.538990Z,
HE.HEF.00.BHZ | 2025-12-18T15:52:34.196570Z - 2025-12-18T15:53:34.196570Z,,,,,,,2025-12-18T15:52:39.196570Z,,2025-12-18T15:52:50.444030Z,
HE.KEV.00.?HZ | 2025-12-18T15:52:40.154690Z - 2025-12-18T15:53:40.154690Z,,,,,,,2025-12-18T15:52:45.154690Z,,2025-12-18T15:53:03.802250Z,
HE.KIF.00.BHZ | 2025-12-18T15:52:35.604410Z - 2025-12-18T15:53:35.604410Z,,,,,,,2025-12-18T15:52:40.604410Z,,2025-12-18T15:52:54.349640Z,
FN.KLF.00.BHZ | 2025-12-19T21:33:41.701350Z - 2025-12-19T21:34:41.701350Z,,,,,,,,,2025-12-19T21:33:46.701350Z,
FN.OUL.00.BHZ | 2025-12-19T21:33:38.992340Z - 2025-12-19T21:34:38.992340Z,,,,,,,,,2025-12-19T21:33:43.992340Z,
FN.RANF.00.?HZ | 2025-12-19T21:33:22.821280Z - 2025-12-19T21:34:22.821280Z,,,,,,,2025-12-19T21:33:27.821280Z,,2025-12-19T21:33:50.811300Z,
FN.RNF.00.BHZ | 2025-12-19T21:33:21.408480Z - 2025-12-19T21:34:21.408480Z,,,,,,,2025-12-19T21:33:26.408480Z,,2025-12-19T21:33:48.114150Z,
FN.SGF.00.BHZ | 2025-12-19T21:34:02.797860Z - 2025-12-19T21:35:02.797860Z,,,,,,,,,2025-12-19T21:34:07.797860Z,
HE.KU2.00.CZ | 2025-12-19T21:34:02.797860Z - 2025-12-19T21:35:02.797860Z,,,,,,,,,2025-12-19T21:34:07.797860Z,
HE.OBF0.00.BHZ | 2025-12-19T21:33:16.913230Z - 2025-12-19T21:34:16.913230Z,,,,,,,2025-12-19T21:33:21.913230Z,,2025-12-19T21:33:39.827070Z,
HE.OBF3.00.BHZ | 2025-12-19T21:33:14.614230Z - 2025-12-19T21:34:14.614230Z,,,,,,,2025-12-19T21:33:19.614230Z,,2025-12-19T21:33:36.336580Z,
HE.OUF.00.BHZ | 2025-12-19T21:33:41.572920Z - 2025-12-19T21:34:41.572920Z,,,,,,,,,2025-12-19T21:33:46.572920Z,
HE.TOF.00.BHZ | 2025-12-19T21:33:07.023670Z - 2025-12-19T21:34:07.023670Z,,,,,,,2025-12-19T21:33:12.023670Z,,2025-12-19T21:33:22.683840Z,
HE.VAF.00.BHZ | 2025-12-19T21:34:10.984730Z - 2025-12-19T21:35:10.984730Z,,,,,,,,,2025-12-19T21:34:15.984730Z,
FN.KLF.00.BHZ | 2025-12-19T08:37:13.435560Z - 2025-12-19T08:38:13.435560Z,,,,,,,2025-12-19T08:37:18.435560Z,,2025-12-19T08:37:23.328540Z,
FN.KMNF.00.?HZ | 2025-12-19T08:38:13.566100Z - 2025-12-19T08:39:13.566100Z,,,,,,,,,2025-12-19T08:38:18.566100Z,
FN.MSF.00.BHZ | 2025-12-19T08:37:43.471540Z - 2025-12-19T08:38:43.471540Z,,,,,,,2025-12-19T08:37:48.471540Z,,2025-12-19T08:38:15.355510Z,
FN.OLKF.00.BHZ | 2025-12-19T08:37:40.217380Z - 2025-12-19T08:38:40.217380Z,,,,,,,2025-12-19T08:37:45.217380Z,,2025-12-19T08:38:09.555730Z,
FN.OUL.00.BHZ | 2025-12-19T08:38:08.594860Z - 2025-12-19T08:39:08.594860Z,,,,,,,,,2025-12-19T08:38:13.594860Z,
FN.RANF.00.?HZ | 2025-12-19T08:37:31.021450Z - 2025-12-19T08:38:31.021450Z,,,,,,,2025-12-19T08:37:36.021450Z,,2025-12-19T08:37:53.502780Z,
FN.RNF.00.BHZ | 2025-12-19T08:37:20.188720Z - 2025-12-19T08:38:20.188720Z,,,,,,,2025-12-19T08:37:25.188720Z,,2025-12-19T08:37:34.723790Z,
FN.SGF.00.BHZ | 2025-12-19T08:37:21.874800Z - 2025-12-19T08:38:21.874800Z,,,,,,,2025-12-19T08:37:26.874800Z,,2025-12-19T08:37:37.688960Z,
HE.HEF.00.BHZ | 2025-12-19T08:37:30.792750Z - 2025-12-19T08:38:30.792750Z,,,,,,,2025-12-19T08:37:35.792750Z,,2025-12-19T08:37:53.192080Z,
HE.KIF.00.BHZ | 2025-12-19T08:38:13.367540Z - 2025-12-19T08:39:13.367540Z,,,,,,,,,2025-12-19T08:38:18.367540Z,
HE.KU1.00.CZ | 2025-12-19T08:37:46.507850Z - 2025-12-19T08:38:46.507850Z,,,,,,,2025-12-19T08:37:51.507850Z,,2025-12-19T08:38:20.703160Z,
HE.KU2.00.CZ | 2025-12-19T08:37:39.699550Z - 2025-12-19T08:38:39.699550Z,,,,,,,2025-12-19T08:37:44.699550Z,,2025-12-19T08:38:08.520060Z,
HE.KU6.00.BHZ | 2025-12-19T08:37:44.639360Z - 2025-12-19T08:38:44.639360Z,,,,,,,2025-12-19T08:37:49.639360Z,,2025-12-19T08:38:17.219720Z,
HE.TOF.00.BHZ | 2025-12-19T08:37:25.096540Z - 2025-12-19T08:38:25.096540Z,,,,,,,2025-12-19T08:37:30.096540Z,,2025-12-19T08:37:43.018470Z,
HE.VRF.00.BHZ | 2025-12-19T08:38:07.455620Z - 2025-12-19T08:39:07.455620Z,,,,,,,,,2025-12-19T08:38:12.455620Z,
HE.KOFF.00.CZ | 2025-12-20T22:08:53.032130Z - 2025-12-20T22:09:53.032130Z,,,,,,,2025-12-20T22:08:58.032130Z,,2025-12-20T22:08:59.084930Z,
HE.KY02.00.CZ | 2025-12-20T22:09:14.524820Z - 2025-12-20T22:10:14.524820Z,,,,,,,,,2025-12-20T22:09:19.524820Z,
HE.KY17.00.CZ | 2025-12-20T22:09:12.505390Z - 2025-12-20T22:10:12.505390Z,,,,,,,,,2025-12-20T22:09:17.505390Z,
HE.LOVF.00.CZ | 2025-12-20T22:09:01.457910Z - 2025-12-20T22:10:01.457910Z,,,,,,,2025-12-20T22:09:06.457910Z,,2025-12-20T22:09:13.704110Z,
HE.PVF.00.CZ | 2025-12-20T22:09:15.950310Z - 2025-12-20T22:10:15.950310Z,,,,,,,,,2025-12-20T22:09:20.950310Z,
HE.VJF.00.?HZ | 2025-12-20T22:08:56.740320Z - 2025-12-20T22:09:56.740320Z,,,,,,,2025-12-20T22:09:01.740320Z,,2025-12-20T22:09:05.330480Z,
HE.ALAJF.00.?HZ | 2025-12-20T02:35:50.920460Z - 2025-12-20T02:36:50.920460Z,,,,,,,,,2025-12-20T02:35:55.920460Z,
HE.OBF0.00.BHZ | 2025-12-20T02:35:35.895370Z - 2025-12-20T02:36:35.895370Z,,,,,,,,,2025-12-20T02:35:40.895370Z,
HE.OUF.00.BHZ | 2025-12-20T02:35:42.630790Z - 2025-12-20T02:36:42.630790Z,,,,,,,,,2025-12-20T02:35:47.630790Z,
HE.TOF.00.BHZ | 2025-12-20T02:35:58.546920Z - 2025-12-20T02:36:58.546920Z,,,,,,,,,2025-12-20T02:36:03.546920Z,
HE.VAF.00.BHZ | 2025-12-20T02:35:23.911580Z - 2025-12-20T02:36:23.911580Z,,,,,,,2025-12-20T02:35:28.911580Z,,2025-12-20T02:35:48.155620Z,
HE.FIA0.00.?HZ | 2025-12-21T06:18:48.005150Z - 2025-12-21T06:19:48.005150Z,,,,,,,2025-12-21T06:18:53.005150Z,,2025-12-21T06:19:02.140110Z,
HE.FIA1.00.?HZ | 2025-12-21T06:18:48.009060Z - 2025-12-21T06:19:48.009060Z,,,,,,,2025-12-21T06:18:53.009060Z,,2025-12-21T06:19:02.137370Z,
HE.KAF.00.?HZ | 2025-12-21T06:18:59.969980Z - 2025-12-21T06:19:59.969980Z,,,,,,,2025-12-21T06:19:04.969980Z,,2025-12-21T06:19:22.971420Z,
HE.KEF.00.?HZ | 2025-12-21T06:19:03.197880Z - 2025-12-21T06:20:03.197880Z,,,,,,,2025-12-21T06:19:08.197880Z,,2025-12-21T06:19:28.549210Z,
HE.KOFF.00.CZ | 2025-12-21T06:18:47.533540Z - 2025-12-21T06:19:47.533540Z,,,,,,,2025-12-21T06:18:52.533540Z,,2025-12-21T06:19:01.437930Z,
HE.KPF.00.BHZ | 2025-12-21T06:19:15.730370Z - 2025-12-21T06:20:15.730370Z,,,,,,,2025-12-21T06:19:20.730370Z,,2025-12-21T06:19:49.189440Z,
HE.KUNI.00.BHZ | 2025-12-21T06:18:58.589340Z - 2025-12-21T06:19:58.589340Z,,,,,,,,,2025-12-21T06:19:03.589340Z,
HE.KY02.00.CZ | 2025-12-21T06:18:42.269110Z - 2025-12-21T06:19:42.269110Z,,,,,,,2025-12-21T06:18:47.269110Z,,2025-12-21T06:18:52.251970Z,
HE.KY17.00.CZ | 2025-12-21T06:18:44.032680Z - 2025-12-21T06:19:44.032680Z,,,,,,,2025-12-21T06:18:49.032680Z,,2025-12-21T06:18:55.469320Z,
HE.LAUT.00.BHZ | 2025-12-21T06:19:01.627100Z - 2025-12-21T06:20:01.627100Z,,,,,,,,,2025-12-21T06:19:06.627100Z,
HE.LOVF.00.CZ | 2025-12-21T06:18:40.556200Z - 2025-12-21T06:19:40.556200Z,,,,,,,2025-12-21T06:18:45.556200Z,,2025-12-21T06:18:49.494250Z,
HE.MEF.00.BHZ | 2025-12-21T06:18:53.162790Z - 2025-12-21T06:19:53.162790Z,,,,,,,2025-12-21T06:18:58.162790Z,,2025-12-21T06:19:10.747330Z,
HE.NUR.00.SHZ | 2025-12-21T06:18:48.836910Z - 2025-12-21T06:19:48.836910Z,,,,,,,2025-12-21T06:18:53.836910Z,,2025-12-21T06:19:03.589340Z,
HE.PVF.00.CZ | 2025-12-21T06:18:39.137140Z - 2025-12-21T06:19:39.137140Z,,,,,,,2025-12-21T06:18:44.137140Z,,2025-12-21T06:18:47.250220Z,
HE.RAF.00.BHZ | 2025-12-21T06:19:41.425570Z - 2025-12-21T06:20:41.425570Z,,,,,,,,,2025-12-21T06:19:46.425570Z,
HE.RUF.00.BHZ | 2025-12-21T06:19:22.289120Z - 2025-12-21T06:20:22.289120Z,,,,,,,,,2025-12-21T06:19:27.289120Z,
HE.SUF.00.BHZ | 2025-12-21T06:19:35.782650Z - 2025-12-21T06:20:35.782650Z,,,,,,,,,2025-12-21T06:19:40.782650Z,
HE.TRE03.00.CZ | 2025-12-21T06:18:58.485280Z - 2025-12-21T06:19:58.485280Z,,,,,,,2025-12-21T06:19:03.485280Z,,2025-12-21T06:19:19.814180Z,
HE.TVF.00.BHZ | 2025-12-21T06:19:27.864100Z - 2025-12-21T06:20:27.864100Z,,,,,,,,,2025-12-21T06:19:32.864100Z,
HE.VJF.00.?HZ | 2025-12-21T06:18:48.198070Z - 2025-12-21T06:19:48.198070Z,,,,,,,2025-12-21T06:18:53.198070Z,,2025-12-21T06:19:02.558270Z,
HE.VUOS.00.BHZ | 2025-12-21T06:18:48.005150Z - 2025-12-21T06:19:48.005150Z,,,,,,,2025-12-21T06:18:53.005150Z,,2025-12-21T06:19:02.510180Z,
FN.KLF.00.BHZ | 2025-12-22T12:52:17.693060Z - 2025-12-22T12:53:17.693060Z,,,,,,,2025-12-22T12:52:22.693060Z,,2025-12-22T12:52:43.537660Z,
FN.KMNF.00.?HZ | 2025-12-22T12:52:55.070890Z - 2025-12-22T12:53:55.070890Z,,,,,,,,,2025-12-22T12:53:00.070890Z,
FN.SGF.00.BHZ | 2025-12-22T12:52:57.969370Z - 2025-12-22T12:53:57.969370Z,,,,,,,,,2025-12-22T12:53:02.969370Z,
HE.HEF.00.BHZ | 2025-12-22T12:52:07.078940Z - 2025-12-22T12:53:07.078940Z,,,,,,,2025-12-22T12:52:12.078940Z,,2025-12-22T12:52:24.681430Z,
HE.KIF.00.BHZ | 2025-12-22T12:52:00.512040Z - 2025-12-22T12:53:00.512040Z,,,,,,,2025-12-22T12:52:05.512040Z,,2025-12-22T12:52:13.866240Z,
HE.ECKF.00.CZ | 2025-12-22T22:17:30.013680Z - 2025-12-22T22:18:30.013680Z,,,,,,,,,2025-12-22T22:17:35.013680Z,
HE.FIA0.00.?HZ | 2025-12-22T22:16:58.175180Z - 2025-12-22T22:17:58.175180Z,,,,,,,2025-12-22T22:17:03.175180Z,,2025-12-22T22:17:26.949780Z,
HE.FIA1.00.?HZ | 2025-12-22T22:16:58.175180Z - 2025-12-22T22:17:58.175180Z,,,,,,,2025-12-22T22:17:03.175180Z,,2025-12-22T22:17:26.949780Z,
HE.HEL1.00.BHZ | 2025-12-22T22:16:42.574860Z - 2025-12-22T22:17:42.574860Z,,,,,,,,,2025-12-22T22:16:47.574860Z,
HE.HEL5.00.BHZ | 2025-12-22T22:16:39.508200Z - 2025-12-22T22:17:39.508200Z,,,,,,,,,2025-12-22T22:16:44.508200Z,
HE.KOFF.00.CZ | 2025-12-22T22:17:18.032560Z - 2025-12-22T22:18:18.032560Z,,,,,,,,,2025-12-22T22:17:23.032560Z,
HE.KORF.00.CZ | 2025-12-22T22:16:45.438620Z - 2025-12-22T22:17:45.438620Z,,,,,,,2025-12-22T22:16:50.438620Z,,2025-12-22T22:17:05.587520Z,
HE.KPF.00.BHZ | 2025-12-22T22:17:02.026520Z - 2025-12-22T22:18:02.026520Z,,,,,,,2025-12-22T22:17:07.026520Z,,2025-12-22T22:17:34.306320Z,
HE.KUNI.00.BHZ | 2025-12-22T22:16:44.314370Z - 2025-12-22T22:17:44.314370Z,,,,,,,,,2025-12-22T22:16:49.314370Z,
HE.KY17.00.CZ | 2025-12-22T22:17:22.928870Z - 2025-12-22T22:18:22.928870Z,,,,,,,,,2025-12-22T22:17:27.928870Z,
HE.LAUT.00.BHZ | 2025-12-22T22:16:41.941690Z - 2025-12-22T22:17:41.941690Z,,,,,,,,,2025-12-22T22:16:46.941690Z,
HE.LOVF.00.CZ | 2025-12-22T22:16:48.177900Z - 2025-12-22T22:17:48.177900Z,,,,,,,2025-12-22T22:16:53.177900Z,,2025-12-22T22:17:10.764180Z,
HE.MEF.00.BHZ | 2025-12-22T22:16:31.982860Z - 2025-12-22T22:17:31.982860Z,,,,,,,2025-12-22T22:16:36.982860Z,,2025-12-22T22:16:42.374160Z,
HE.NUR.00.SHZ | 2025-12-22T22:16:37.528660Z - 2025-12-22T22:17:37.528660Z,,,,,,,2025-12-22T22:16:42.528660Z,,2025-12-22T22:16:51.618890Z,
HE.PVF.00.CZ | 2025-12-22T22:16:46.274890Z - 2025-12-22T22:17:46.274890Z,,,,,,,2025-12-22T22:16:51.274890Z,,2025-12-22T22:17:06.253470Z,
HE.RAF.00.BHZ | 2025-12-22T22:16:51.332260Z - 2025-12-22T22:17:51.332260Z,,,,,,,2025-12-22T22:16:56.332260Z,,2025-12-22T22:17:15.827370Z,
HE.RSUO.00.BHZ | 2025-12-22T22:16:43.208040Z - 2025-12-22T22:17:43.208040Z,,,,,,,,,2025-12-22T22:16:48.208040Z,
HE.TRE03.00.CZ | 2025-12-22T22:16:54.759290Z - 2025-12-22T22:17:54.759290Z,,,,,,,2025-12-22T22:16:59.759290Z,,2025-12-22T22:17:22.847090Z,
HE.TVF.00.BHZ | 2025-12-22T22:16:29.105720Z - 2025-12-22T22:17:29.105720Z,,,,,,,2025-12-22T22:16:34.105720Z,,2025-12-22T22:16:37.915430Z,
HE.VJF.00.?HZ | 2025-12-22T22:17:23.420570Z - 2025-12-22T22:18:23.420570Z,,,,,,,,,2025-12-22T22:17:28.420570Z,
HE.VUOS.00.BHZ | 2025-12-22T22:16:46.205260Z - 2025-12-22T22:17:46.205260Z,,,,,,,,,2025-12-22T22:16:51.205260Z,
UP.AAL.00.BHZ | 2025-12-22T22:17:23.049420Z - 2025-12-22T22:18:23.049420Z,,,,,,,,,2025-12-22T22:17:28.049420Z,
FN.MSF.00.BHZ | 2025-12-28T22:31:52.452960Z - 2025-12-28T22:32:52.452960Z,,,,,,,2025-12-28T22:31:57.452960Z,,2025-12-28T22:32:11.528220Z,
FN.OLKF.00.BHZ | 2025-12-28T22:31:59.403020Z - 2025-12-28T22:32:59.403020Z,,,,,,,2025-12-28T22:32:04.403020Z,,2025-12-28T22:32:23.128220Z,
FN.OUL.00.BHZ | 2025-12-28T22:31:44.514730Z - 2025-12-28T22:32:44.514730Z,,,,,,,2025-12-28T22:31:49.514730Z,,2025-12-28T22:31:57.721600Z,
FN.RANF.00.?HZ | 2025-12-28T22:31:50.604520Z - 2025-12-28T22:32:50.604520Z,,,,,,,2025-12-28T22:31:55.604520Z,,2025-12-28T22:32:08.474290Z,
FN.RNF.00.BHZ | 2025-12-28T22:32:01.433070Z - 2025-12-28T22:33:01.433070Z,,,,,,,2025-12-28T22:32:06.433070Z,,2025-12-28T22:32:26.991810Z,
HE.KJNF.00.CZ | 2025-12-28T22:31:47.384500Z - 2025-12-28T22:32:47.384500Z,,,,,,,2025-12-28T22:31:52.384500Z,,2025-12-28T22:32:02.705220Z,
HE.KU1.00.CZ | 2025-12-28T22:31:51.422750Z - 2025-12-28T22:32:51.422750Z,,,,,,,2025-12-28T22:31:56.422750Z,,2025-12-28T22:32:09.849690Z,
HE.KU2.00.CZ | 2025-12-28T22:31:46.704990Z - 2025-12-28T22:32:46.704990Z,,,,,,,2025-12-28T22:31:51.704990Z,,2025-12-28T22:32:01.444440Z,
HE.KU6.00.BHZ | 2025-12-28T22:31:57.646440Z - 2025-12-28T22:32:57.646440Z,,,,,,,2025-12-28T22:32:02.646440Z,,2025-12-28T22:32:20.602860Z,
HE.NIF.00.BHZ | 2025-12-28T22:32:01.408690Z - 2025-12-28T22:33:01.408690Z,,,,,,,2025-12-28T22:32:06.408690Z,,2025-12-28T22:32:26.991810Z,
HE.OBF3.00.BHZ | 2025-12-28T22:31:52.998240Z - 2025-12-28T22:32:52.998240Z,,,,,,,2025-12-28T22:31:57.998240Z,,2025-12-28T22:32:12.686540Z,
HE.OUF.00.BHZ | 2025-12-28T22:31:55.556980Z - 2025-12-28T22:32:55.556980Z,,,,,,,2025-12-28T22:32:00.556980Z,,2025-12-28T22:32:17.672390Z,
HE.RMF.00.BHZ | 2025-12-28T22:31:56.744150Z - 2025-12-28T22:32:56.744150Z,,,,,,,2025-12-28T22:32:01.744150Z,,2025-12-28T22:32:19.024500Z,
HE.TOF.00.BHZ | 2025-12-28T22:32:00.762490Z - 2025-12-28T22:33:00.762490Z,,,,,,,2025-12-28T22:32:05.762490Z,,2025-12-28T22:32:26.104400Z,
FN.KLF.00.BHZ | 2025-12-27T01:38:38.462220Z - 2025-12-27T01:39:38.462220Z,,,,,,,2025-12-27T01:38:43.462220Z,,2025-12-27T01:38:53.285250Z,
FN.MSF.00.BHZ | 2025-12-27T01:39:15.491210Z - 2025-12-27T01:40:15.491210Z,,,,,,,,,2025-12-27T01:39:20.491210Z,
FN.OLKF.00.BHZ | 2025-12-27T01:38:52.741220Z - 2025-12-27T01:39:52.741220Z,,,,,,,2025-12-27T01:38:57.741220Z,,2025-12-27T01:39:18.046830Z,
FN.OUL.00.BHZ | 2025-12-27T01:39:19.680690Z - 2025-12-27T01:40:19.680690Z,,,,,,,,,2025-12-27T01:39:24.680690Z,
FN.RAJF.00.?HZ | 2025-12-27T01:39:21.774220Z - 2025-12-27T01:40:21.774220Z,,,,,,,,,2025-12-27T01:39:26.774220Z,
FN.RANF.00.?HZ | 2025-12-27T01:38:42.432420Z - 2025-12-27T01:39:42.432420Z,,,,,,,2025-12-27T01:38:47.432420Z,,2025-12-27T01:38:59.965310Z,
FN.RNF.00.BHZ | 2025-12-27T01:38:30.501210Z - 2025-12-27T01:39:30.501210Z,,,,,,,2025-12-27T01:38:35.501210Z,,2025-12-27T01:38:39.321760Z,
FN.SGF.00.BHZ | 2025-12-27T01:38:36.486250Z - 2025-12-27T01:39:36.486250Z,,,,,,,2025-12-27T01:38:41.486250Z,,2025-12-27T01:38:49.524420Z,
HE.HEF.00.BHZ | 2025-12-27T01:39:16.703950Z - 2025-12-27T01:40:16.703950Z,,,,,,,,,2025-12-27T01:39:21.703950Z,
HE.KU1.00.CZ | 2025-12-27T01:39:25.553870Z - 2025-12-27T01:40:25.553870Z,,,,,,,,,2025-12-27T01:39:30.553870Z,
HE.KU2.00.CZ | 2025-12-27T01:39:12.308110Z - 2025-12-27T01:40:12.308110Z,,,,,,,,,2025-12-27T01:39:17.308110Z,
HE.KU6.00.BHZ | 2025-12-27T01:39:21.747180Z - 2025-12-27T01:40:21.747180Z,,,,,,,,,2025-12-27T01:39:26.747180Z,
HE.TOF.00.BHZ | 2025-12-27T01:38:42.483170Z - 2025-12-27T01:39:42.483170Z,,,,,,,2025-12-27T01:38:47.483170Z,,2025-12-27T01:38:59.965310Z,
HE.VRF.00.BHZ | 2025-12-27T01:39:17.686390Z - 2025-12-27T01:40:17.686390Z,,,,,,,,,2025-12-27T01:39:22.686390Z,
HE.ALAJF.00.?HZ | 2025-12-25T16:38:18.114650Z - 2025-12-25T16:39:18.114650Z,,,,,,,,,2025-12-25T16:38:23.114650Z,
HE.KEF.00.?HZ | 2025-12-25T16:38:43.124300Z - 2025-12-25T16:39:43.124300Z,,,,,,,,,2025-12-25T16:38:48.124300Z,
HE.KPF.00.BHZ | 2025-12-25T16:38:31.903190Z - 2025-12-25T16:39:31.903190Z,,,,,,,,,2025-12-25T16:38:36.903190Z,
HE.OBF0.00.BHZ | 2025-12-25T16:38:21.957350Z - 2025-12-25T16:39:21.957350Z,,,,,,,,,2025-12-25T16:38:26.957350Z,
HE.OBF3.00.BHZ | 2025-12-25T16:38:31.903190Z - 2025-12-25T16:39:31.903190Z,,,,,,,,,2025-12-25T16:38:36.903190Z,
HE.OUF.00.BHZ | 2025-12-25T16:38:25.965060Z - 2025-12-25T16:39:25.965060Z,,,,,,,,,2025-12-25T16:38:30.965060Z,
HE.VAF.00.BHZ | 2025-12-25T16:37:51.252140Z - 2025-12-25T16:38:51.252140Z,,,,,,,2025-12-25T16:37:56.252140Z,,2025-12-25T16:38:08.751030Z,
HE.FIA0.00.?HZ | 2025-12-26T11:13:07.602260Z - 2025-12-26T11:14:07.602260Z,,,,,,,2025-12-26T11:13:12.602260Z,,,
HE.FIA1.00.?HZ | 2025-12-26T11:13:07.542860Z - 2025-12-26T11:14:07.542860Z,,,,,,,2025-12-26T11:13:12.542860Z,,,
HE.JOF.00.BHZ | 2025-12-26T11:13:27.168320Z - 2025-12-26T11:14:27.168320Z,,,,,,,2025-12-26T11:13:32.168320Z,,,
HE.KAF.00.?HZ | 2025-12-26T11:13:34.444980Z - 2025-12-26T11:14:34.444980Z,,,,,,,,,2025-12-26T11:13:39.444980Z,
HE.KEF.00.?HZ | 2025-12-26T11:13:48.396190Z - 2025-12-26T11:14:48.396190Z,,,,,,,,,2025-12-26T11:13:53.396190Z,
HE.KOFF.00.CZ | 2025-12-26T11:12:58.422620Z - 2025-12-26T11:13:58.422620Z,,,,,,,2025-12-26T11:13:03.422620Z,,2025-12-26T11:13:13.197770Z,
HE.KY02.00.CZ | 2025-12-26T11:12:58.738180Z - 2025-12-26T11:13:58.738180Z,,,,,,,2025-12-26T11:13:03.738180Z,,,
HE.KY17.00.CE | 2025-12-26T11:13:04.589820Z - 2025-12-26T11:14:04.589820Z,,,,,,,,,2025-12-26T11:13:09.589820Z,
HE.LAUT.00.BHZ | 2025-12-26T11:13:40.484660Z - 2025-12-26T11:14:40.484660Z,,,,,,,,,2025-12-26T11:13:45.484660Z,
HE.LOVF.00.CZ | 2025-12-26T11:13:04.039620Z - 2025-12-26T11:14:04.039620Z,,,,,,,2025-12-26T11:13:09.039620Z,,,
HE.MEF.00.BHZ | 2025-12-26T11:13:45.298510Z - 2025-12-26T11:14:45.298510Z,,,,,,,,,2025-12-26T11:13:50.298510Z,
HE.NUR.00.SHZ | 2025-12-26T11:13:16.905680Z - 2025-12-26T11:14:16.905680Z,,,,,,,2025-12-26T11:13:21.905680Z,,2025-12-26T11:13:45.321350Z,
HE.PVF.00.CZ | 2025-12-26T11:13:22.870590Z - 2025-12-26T11:14:22.870590Z,,,,,,,,,2025-12-26T11:13:27.870590Z,
HE.RUF.00.BHZ | 2025-12-26T11:12:57.453990Z - 2025-12-26T11:13:57.453990Z,,,,,,,2025-12-26T11:13:02.453990Z,,2025-12-26T11:13:11.197210Z,
HE.SUF.00.BHZ | 2025-12-26T11:13:49.016170Z - 2025-12-26T11:14:49.016170Z,,,,,,,,,2025-12-26T11:13:54.016170Z,
HE.TRE03.00.CZ | 2025-12-26T11:13:48.434290Z - 2025-12-26T11:14:48.434290Z,,,,,,,,,2025-12-26T11:13:53.434290Z,
HE.VJF.00.?HE | 2025-12-26T11:12:53.139980Z - 2025-12-26T11:13:53.139980Z,,,,,,,2025-12-26T11:12:58.139980Z,,,
HE.VJF.00.?HZ | 2025-12-26T11:12:53.139980Z - 2025-12-26T11:13:53.139980Z,,,,,,,,,2025-12-26T11:13:04.084110Z,
HE.VUOS.00.BHE | 2025-12-26T11:13:36.204330Z - 2025-12-26T11:14:36.204330Z,,,,,,,,,2025-12-26T11:13:41.204330Z,
HE.FIA0.00.?HZ | 2025-12-23T08:57:01.157800Z - 2025-12-23T08:58:01.157800Z,,,,,,,,,2025-12-23T08:57:06.157800Z,
HE.HEL1.00.BHZ | 2025-12-23T08:56:15.082560Z - 2025-12-23T08:57:15.082560Z,,,,,,,2025-12-23T08:56:20.082560Z,,2025-12-23T08:56:23.131140Z,
HE.HEL5.00.BHZ | 2025-12-23T08:56:13.599750Z - 2025-12-23T08:57:13.599750Z,,,,,,,2025-12-23T08:56:18.599750Z,,2025-12-23T08:56:20.684670Z,
HE.KAF.00.?HZ | 2025-12-23T08:57:22.038770Z - 2025-12-23T08:58:22.038770Z,,,,,,,,,2025-12-23T08:57:27.038770Z,
HE.KEF.00.?HZ | 2025-12-23T08:56:50.303510Z - 2025-12-23T08:57:50.303510Z,,,,,,,2025-12-23T08:56:55.303510Z,,2025-12-23T08:57:24.116560Z,
HE.KORF.00.CZ | 2025-12-23T08:56:39.861650Z - 2025-12-23T08:57:39.861650Z,,,,,,,2025-12-23T08:56:44.861650Z,,2025-12-23T08:57:05.439110Z,
HE.KPF.00.BHZ | 2025-12-23T08:57:20.153460Z - 2025-12-23T08:58:20.153460Z,,,,,,,,,2025-12-23T08:57:25.153460Z,
HE.KUNI.00.BHZ | 2025-12-23T08:56:21.016540Z - 2025-12-23T08:57:21.016540Z,,,,,,,,,2025-12-23T08:56:26.016540Z,
HE.KY02.00.CZ | 2025-12-23T08:56:55.671730Z - 2025-12-23T08:57:55.671730Z,,,,,,,,,2025-12-23T08:57:00.671730Z,
HE.KY17.00.CZ | 2025-12-23T08:57:00.959060Z - 2025-12-23T08:58:00.959060Z,,,,,,,,,2025-12-23T08:57:05.959060Z,
HE.LAUT.00.BHZ | 2025-12-23T08:56:14.558240Z - 2025-12-23T08:57:14.558240Z,,,,,,,2025-12-23T08:56:19.558240Z,,2025-12-23T08:56:22.356590Z,
HE.MEF.00.BHZ | 2025-12-23T08:56:16.023600Z - 2025-12-23T08:57:16.023600Z,,,,,,,2025-12-23T08:56:21.023600Z,,2025-12-23T08:56:24.792330Z,
HE.NUR.00.SHZ | 2025-12-23T08:56:20.631010Z - 2025-12-23T08:57:20.631010Z,,,,,,,2025-12-23T08:56:25.631010Z,,2025-12-23T08:56:32.673720Z,
HE.PVF.00.CZ | 2025-12-23T08:56:36.329250Z - 2025-12-23T08:57:36.329250Z,,,,,,,,,2025-12-23T08:56:41.329250Z,
HE.RAF.00.BHZ | 2025-12-23T08:56:43.384760Z - 2025-12-23T08:57:43.384760Z,,,,,,,2025-12-23T08:56:48.384760Z,,2025-12-23T08:57:11.207040Z,
HE.RSUO.00.BHZ | 2025-12-23T08:56:19.274660Z - 2025-12-23T08:57:19.274660Z,,,,,,,,,2025-12-23T08:56:24.274660Z,
HE.TVF.00.BHZ | 2025-12-23T08:56:33.100270Z - 2025-12-23T08:57:33.100270Z,,,,,,,,,2025-12-23T08:56:38.100270Z,
HE.VUOS.00.BHN | 2025-12-23T08:56:20.927420Z - 2025-12-23T08:57:20.927420Z,,,,,,,,,2025-12-23T08:56:25.927420Z,
UP.AAL.00.BHZ | 2025-12-23T08:57:22.543090Z - 2025-12-23T08:58:22.543090Z,,,,,,,,,2025-12-23T08:57:27.543090Z,
FN.OUL.00.BHZ | 2025-12-23T22:38:10.975140Z - 2025-12-23T22:39:10.975140Z,,,,,,,,,2025-12-23T22:38:15.975140Z,
HE.ALAJF.00.?HZ | 2025-12-23T22:38:12.617210Z - 2025-12-23T22:39:12.617210Z,,,,,,,,,2025-12-23T22:38:17.617210Z,
HE.OBF0.00.BHZ | 2025-12-23T22:37:50.704060Z - 2025-12-23T22:38:50.704060Z,,,,,,,,,2025-12-23T22:37:55.704060Z,
HE.OBF3.00.BHZ | 2025-12-23T22:37:56.431980Z - 2025-12-23T22:38:56.431980Z,,,,,,,,,2025-12-23T22:38:01.431980Z,
HE.OUF.00.BHZ | 2025-12-23T22:37:59.354290Z - 2025-12-23T22:38:59.354290Z,,,,,,,,,2025-12-23T22:38:04.354290Z,
HE.TOF.00.BHZ | 2025-12-23T22:38:08.701490Z - 2025-12-23T22:39:08.701490Z,,,,,,,,,2025-12-23T22:38:13.701490Z,
HE.VAF.00.BHZ | 2025-12-23T22:38:06.048910Z - 2025-12-23T22:39:06.048910Z,,,,,,,,,2025-12-23T22:38:11.048910Z,
HE.ALAJF.00.?HZ | 2025-12-30T11:43:41.275730Z - 2025-12-30T11:44:41.275730Z,,,,,,,2025-12-30T11:43:46.275730Z,,2025-12-30T11:44:06.019420Z,
HE.FIA0.00.?HZ | 2025-12-30T11:43:28.312310Z - 2025-12-30T11:44:28.312310Z,,,,,,,2025-12-30T11:43:33.312310Z,,2025-12-30T11:43:44.648640Z,
HE.FIA1.00.?HZ | 2025-12-30T11:43:28.328220Z - 2025-12-30T11:44:28.328220Z,,,,,,,2025-12-30T11:43:33.328220Z,,2025-12-30T11:43:44.648640Z,
HE.HEL5.00.BHZ | 2025-12-30T11:43:57.420700Z - 2025-12-30T11:44:57.420700Z,,,,,,,,,2025-12-30T11:44:02.420700Z,
HE.KAF.00.?HZ | 2025-12-30T11:43:32.481450Z - 2025-12-30T11:44:32.481450Z,,,,,,,2025-12-30T11:43:37.481450Z,,2025-12-30T11:43:51.780710Z,
HE.KEF.00.?HZ | 2025-12-30T11:43:24.434660Z - 2025-12-30T11:44:24.434660Z,,,,,,,2025-12-30T11:43:29.434660Z,,2025-12-30T11:43:37.844870Z,
HE.KORF.00.CZ | 2025-12-30T11:43:48.058480Z - 2025-12-30T11:44:48.058480Z,,,,,,,2025-12-30T11:43:53.058480Z,,2025-12-30T11:44:17.585660Z,
HE.KPF.00.BHZ | 2025-12-30T11:43:31.558950Z - 2025-12-30T11:44:31.558950Z,,,,,,,2025-12-30T11:43:36.558950Z,,2025-12-30T11:43:50.568720Z,
HE.KY17.00.CZ | 2025-12-30T11:43:57.953840Z - 2025-12-30T11:44:57.953840Z,,,,,,,,,2025-12-30T11:44:02.953840Z,
HE.LOVF.00.CZ | 2025-12-30T11:43:39.168450Z - 2025-12-30T11:44:39.168450Z,,,,,,,2025-12-30T11:43:44.168450Z,,2025-12-30T11:44:03.220420Z,
HE.MEF.00.BHZ | 2025-12-30T11:43:36.818690Z - 2025-12-30T11:44:36.818690Z,,,,,,,2025-12-30T11:43:41.818690Z,,2025-12-30T11:43:58.924630Z,
HE.NIF.00.BHZ | 2025-12-30T11:43:54.761310Z - 2025-12-30T11:44:54.761310Z,,,,,,,2025-12-30T11:43:59.761310Z,,2025-12-30T11:44:31.096080Z,
HE.NUR.00.SHZ | 2025-12-30T11:43:31.698220Z - 2025-12-30T11:44:31.698220Z,,,,,,,2025-12-30T11:43:36.698220Z,,2025-12-30T11:43:50.781070Z,
HE.PVF.00.CZ | 2025-12-30T11:43:35.301610Z - 2025-12-30T11:44:35.301610Z,,,,,,,2025-12-30T11:43:40.301610Z,,2025-12-30T11:43:57.135010Z,
HE.RUF.00.BHZ | 2025-12-30T11:43:50.496290Z - 2025-12-30T11:44:50.496290Z,,,,,,,2025-12-30T11:43:55.496290Z,,2025-12-30T11:44:24.963200Z,
HE.SUF.00.BHZ | 2025-12-30T11:43:38.418930Z - 2025-12-30T11:44:38.418930Z,,,,,,,2025-12-30T11:43:43.418930Z,,2025-12-30T11:44:01.991740Z,
HE.TVF.00.BHZ | 2025-12-30T11:44:07.597680Z - 2025-12-30T11:45:07.597680Z,,,,,,,,,2025-12-30T11:44:12.597680Z,
HE.VAF.00.BHZ | 2025-12-30T11:43:42.443070Z - 2025-12-30T11:44:42.443070Z,,,,,,,2025-12-30T11:43:47.443070Z,,2025-12-30T11:44:08.572080Z,
HE.VJF.00.?HZ | 2025-12-30T11:43:45.864200Z - 2025-12-30T11:44:45.864200Z,,,,,,,2025-12-30T11:43:50.864200Z,,2025-12-30T11:44:16.135630Z,
HE.VUOS.00.BHZ | 2025-12-30T11:43:56.991740Z - 2025-12-30T11:44:56.991740Z,,,,,,,,,2025-12-30T11:44:01.991740Z,
HE.FIA0.00.?HZ | 2025-09-14T07:49:28.989350Z - 2025-09-14T07:50:28.989350Z,,,,,,,2025-09-14T07:49:33.989350Z,,2025-09-14T07:49:43.352730Z,
HE.FIA1.00.?HZ | 2025-09-14T07:49:29.099220Z - 2025-09-14T07:50:29.099220Z,,,,,,,2025-09-14T07:49:34.099220Z,,2025-09-14T07:49:43.315410Z,
HE.KY02.00.CZ | 2025-09-14T07:49:23.186330Z - 2025-09-14T07:50:23.186330Z,,,,,,,2025-09-14T07:49:28.186330Z,,,
HE.KY17.00.CZ | 2025-09-14T07:49:25.532740Z - 2025-09-14T07:50:25.532740Z,,,,,,,2025-09-14T07:49:30.532740Z,,,
HE.LOVF.00.CZ | 2025-09-14T07:49:22.118560Z - 2025-09-14T07:50:22.118560Z,,,,,,,2025-09-14T07:49:27.118560Z,,2025-09-14T07:49:31.492520Z,
HE.PVF.00.CZ | 2025-09-14T07:49:20.151470Z - 2025-09-14T07:50:20.151470Z,,,,,,,2025-09-14T07:49:25.151470Z,,2025-09-14T07:49:28.237130Z,
HE.FIA0.00.?HZ | 2025-09-20T14:51:31.435230Z - 2025-09-20T14:52:31.435230Z,,,,,,,2025-09-20T14:51:36.435230Z,,2025-09-20T14:51:45.516460Z,
HE.FIA1.00.?HZ | 2025-09-20T14:51:31.473300Z - 2025-09-20T14:52:31.473300Z,,,,,,,2025-09-20T14:51:36.473300Z,,2025-09-20T14:51:45.505830Z,
HE.KEF.00.?HZ | 2025-09-20T14:52:06.370000Z - 2025-09-20T14:53:06.370000Z,,,,,,,,,2025-09-20T14:52:11.370000Z,
HE.KY02.00.CZ | 2025-09-20T14:51:26.374530Z - 2025-09-20T14:52:26.374530Z,,,,,,,2025-09-20T14:51:31.374530Z,,2025-09-20T14:51:36.203670Z,
HE.KY17.00.CZ | 2025-09-20T14:51:34.837810Z - 2025-09-20T14:52:34.837810Z,,,,,,,,,2025-09-20T14:51:39.837810Z,
HE.LOVF.00.CZ | 2025-09-20T14:51:24.324850Z - 2025-09-20T14:52:24.324850Z,,,,,,,2025-09-20T14:51:29.324850Z,,2025-09-20T14:51:33.637500Z,
HE.PVF.00.CZ | 2025-09-20T14:51:22.449620Z - 2025-09-20T14:52:22.449620Z,,,,,,,2025-09-20T14:51:27.449620Z,,2025-09-20T14:51:30.513120Z,
HE.VJF.00.?HZ | 2025-09-20T14:51:32.040230Z - 2025-09-20T14:52:32.040230Z,,,,,,,2025-09-20T14:51:37.040230Z,,2025-09-20T14:51:46.610620Z,
HE.FIA0.00.?HZ | 2025-09-24T02:54:31.874990Z - 2025-09-24T02:55:31.874990Z,,,,,,,2025-09-24T02:54:36.874990Z,,2025-09-24T02:54:46.197440Z,
HE.FIA1.00.?HZ | 2025-09-24T02:54:31.874990Z - 2025-09-24T02:55:31.874990Z,,,,,,,2025-09-24T02:54:36.874990Z,,2025-09-24T02:54:46.131630Z,
HE.KAF.00.?HZ | 2025-09-24T02:54:43.998450Z - 2025-09-24T02:55:43.998450Z,,,,,,,2025-09-24T02:54:48.998450Z,,2025-09-24T02:55:06.610080Z,
HE.KY02.00.CZ | 2025-09-24T02:54:26.912940Z - 2025-09-24T02:55:26.912940Z,,,,,,,2025-09-24T02:54:31.912940Z,,2025-09-24T02:54:36.795580Z,
HE.KY17.00.CZ | 2025-09-24T02:54:28.355640Z - 2025-09-24T02:55:28.355640Z,,,,,,,2025-09-24T02:54:33.355640Z,,2025-09-24T02:54:40.161400Z,
HE.LOVF.00.CZ | 2025-09-24T02:54:24.952730Z - 2025-09-24T02:55:24.952730Z,,,,,,,2025-09-24T02:54:29.952730Z,,2025-09-24T02:54:34.270280Z,
HE.PVF.00.CZ | 2025-09-24T02:54:23.087520Z - 2025-09-24T02:55:23.087520Z,,,,,,,2025-09-24T02:54:28.087520Z,,2025-09-24T02:54:31.121230Z,
HE.TRE03.00.CZ | 2025-09-24T02:54:42.149480Z - 2025-09-24T02:55:42.149480Z,,,,,,,2025-09-24T02:54:47.149480Z,,2025-09-24T02:55:03.250300Z,
HE.VJF.00.?HZ | 2025-09-24T02:54:32.393790Z - 2025-09-24T02:55:32.393790Z,,,,,,,2025-09-24T02:54:37.393790Z,,2025-09-24T02:54:47.673030Z,
HE.FIA0.00.?HZ | 2025-09-27T21:58:32.312100Z - 2025-09-27T21:59:32.312100Z,,,,,,,2025-09-27T21:58:37.312100Z,,2025-09-27T21:58:46.863420Z,
HE.FIA1.00.?HZ | 2025-09-27T21:58:32.700310Z - 2025-09-27T21:59:32.700310Z,,,,,,,2025-09-27T21:58:37.700310Z,,2025-09-27T21:58:46.845060Z,
HE.KY02.00.CZ | 2025-09-27T21:58:27.468580Z - 2025-09-27T21:59:27.468580Z,,,,,,,2025-09-27T21:58:32.468580Z,,2025-09-27T21:58:37.689100Z,
HE.KY17.00.CZ | 2025-09-27T21:58:29.220440Z - 2025-09-27T21:59:29.220440Z,,,,,,,2025-09-27T21:58:34.220440Z,,2025-09-27T21:58:41.071470Z,
HE.LOVF.00.CZ | 2025-09-27T21:58:25.820170Z - 2025-09-27T21:59:25.820170Z,,,,,,,2025-09-27T21:58:30.820170Z,,2025-09-27T21:58:35.118340Z,
HE.NUR.00.SHZ | 2025-09-27T21:58:43.405880Z - 2025-09-27T21:59:43.405880Z,,,,,,,,,2025-09-27T21:58:48.405880Z,
HE.PVF.00.CZ | 2025-09-27T21:58:23.983790Z - 2025-09-27T21:59:23.983790Z,,,,,,,2025-09-27T21:58:28.983790Z,,2025-09-27T21:58:31.948780Z,
HE.VJF.00.?HZ | 2025-09-27T21:58:43.956610Z - 2025-09-27T21:59:43.956610Z,,,,,,,,,2025-09-27T21:58:48.956610Z,
HE.FIA0.00.?HZ | 2025-10-09T01:55:45.614530Z - 2025-10-09T01:56:45.614530Z,,,,,,,2025-10-09T01:55:50.614530Z,,2025-10-09T01:56:00.024110Z,
HE.FIA1.00.?HZ | 2025-10-09T01:55:45.813140Z - 2025-10-09T01:56:45.813140Z,,,,,,,2025-10-09T01:55:50.813140Z,,2025-10-09T01:56:00.308710Z,
HE.KY02.00.CZ | 2025-10-09T01:55:46.988180Z - 2025-10-09T01:56:46.988180Z,,,,,,,,,2025-10-09T01:55:51.988180Z,
HE.KY17.00.CZ | 2025-10-09T01:55:42.210480Z - 2025-10-09T01:56:42.210480Z,,,,,,,2025-10-09T01:55:47.210480Z,,2025-10-09T01:55:53.983270Z,
HE.LOVF.00.CZ | 2025-10-09T01:55:38.659310Z - 2025-10-09T01:56:38.659310Z,,,,,,,2025-10-09T01:55:43.659310Z,,2025-10-09T01:55:47.913160Z,
HE.PVF.00.CZ | 2025-10-09T01:55:37.039710Z - 2025-10-09T01:56:37.039710Z,,,,,,,2025-10-09T01:55:42.039710Z,,2025-10-09T01:55:44.891780Z,
HE.FIA1.00.?HZ | 2025-10-11T13:36:27.744100Z - 2025-10-11T13:37:27.744100Z,,,,,,,2025-10-11T13:36:32.744100Z,,2025-10-11T13:36:41.730350Z,
HE.KY17.00.CZ | 2025-10-11T13:36:24.011140Z - 2025-10-11T13:37:24.011140Z,,,,,,,2025-10-11T13:36:29.011140Z,,2025-10-11T13:36:35.805140Z,
HE.LOVF.00.CZ | 2025-10-11T13:36:20.560780Z - 2025-10-11T13:37:20.560780Z,,,,,,,2025-10-11T13:36:25.560780Z,,2025-10-11T13:36:29.810890Z,
HE.PVF.00.CZ | 2025-10-11T13:36:18.702880Z - 2025-10-11T13:37:18.702880Z,,,,,,,2025-10-11T13:36:23.702880Z,,2025-10-11T13:36:26.723120Z,
HE.FIA0.00.?HZ | 2025-10-15T03:40:44.254290Z - 2025-10-15T03:41:44.254290Z,,,,,,,2025-10-15T03:40:49.254290Z,,2025-10-15T03:40:58.532140Z,
HE.FIA1.00.?HZ | 2025-10-15T03:40:44.390320Z - 2025-10-15T03:41:44.390320Z,,,,,,,2025-10-15T03:40:49.390320Z,,2025-10-15T03:40:58.588390Z,
HE.KY02.00.CZ | 2025-10-15T03:40:45.487850Z - 2025-10-15T03:41:45.487850Z,,,,,,,,,2025-10-15T03:40:50.487850Z,
HE.KY17.00.CZ | 2025-10-15T03:40:40.800310Z - 2025-10-15T03:41:40.800310Z,,,,,,,2025-10-15T03:40:45.800310Z,,2025-10-15T03:40:52.441220Z,
HE.LOVF.00.CZ | 2025-10-15T03:40:37.278650Z - 2025-10-15T03:41:37.278650Z,,,,,,,2025-10-15T03:40:42.278650Z,,2025-10-15T03:40:46.521330Z,
HE.PVF.00.CZ | 2025-10-15T03:40:35.479460Z - 2025-10-15T03:41:35.479460Z,,,,,,,2025-10-15T03:40:40.479460Z,,2025-10-15T03:40:43.450030Z,
HE.VJF.00.?HZ | 2025-10-15T03:40:55.529710Z - 2025-10-15T03:41:55.529710Z,,,,,,,,,2025-10-15T03:41:00.529710Z,
HE.FIA0.00.?HZ | 2025-11-10T01:45:39.094470Z - 2025-11-10T01:46:39.094470Z,,,,,,,2025-11-10T01:45:44.094470Z,,2025-11-10T01:45:53.461540Z,
HE.FIA1.00.?HZ | 2025-11-10T01:45:39.078950Z - 2025-11-10T01:46:39.078950Z,,,,,,,2025-11-10T01:45:44.078950Z,,2025-11-10T01:45:53.323080Z,
HE.KY02.00.CZ | 2025-11-10T01:45:39.067930Z - 2025-11-10T01:46:39.067930Z,,,,,,,,,2025-11-10T01:45:44.067930Z,
HE.KY17.00.CZ | 2025-11-10T01:45:35.562920Z - 2025-11-10T01:46:35.562920Z,,,,,,,2025-11-10T01:45:40.562920Z,,2025-11-10T01:45:47.332480Z,
HE.LOVF.00.CZ | 2025-11-10T01:45:32.088540Z - 2025-11-10T01:46:32.088540Z,,,,,,,2025-11-10T01:45:37.088540Z,,2025-11-10T01:45:41.443310Z,
HE.PVF.00.CZ | 2025-11-10T01:45:30.303730Z - 2025-11-10T01:46:30.303730Z,,,,,,,2025-11-10T01:45:35.303730Z,,2025-11-10T01:45:38.293170Z,
HE.VJF.00.?HZ | 2025-11-10T01:45:40.102750Z - 2025-11-10T01:46:40.102750Z,,,,,,,2025-11-10T01:45:45.102750Z,,2025-11-10T01:45:55.778810Z,
HE.VUOS.00.BHZ | 2025-11-10T01:45:49.140890Z - 2025-11-10T01:46:49.140890Z,,,,,,,,,2025-11-10T01:45:54.140890Z,
