file_name,network,station,instrument_type,station_lat,station_lon,station_elv,p_arrival_time,p_probability,s_arrival_time,s_probability
HE.LAUT.00.00 | 2025-06-23T12:58:02.972437Z - 2025-06-23T12:59:02.972437Z,,,,,,,,,,
FN.RAJF.00.00 | 2025-07-17T01:06:01.860362Z - 2025-07-17T01:07:01.860362Z,,,,,,,,,,
HE.OBF0.00.00 | 2025-09-15T08:28:59.384291Z - 2025-09-15T08:29:59.384291Z,,,,,,,,,,
HE.FIA3.00.00 | 2025-10-31T00:31:41.861942Z - 2025-10-31T00:32:41.861942Z,,,,,,,,,,
HE.TRE03.00.00 | 2025-04-15T07:33:16.943170Z - 2025-04-15T07:34:16.943170Z,,,,,,,,,,
HE.FIB5.00.00 | 2025-06-28T02:14:08.749197Z - 2025-06-28T02:15:08.749197Z,,,,,,,,,,
HE.HEL1.00.00 | 2025-08-17T16:08:15.968795Z - 2025-08-17T16:09:15.968795Z,,,,,,,,,,
HE.OBF3.00.00 | 2025-06-26T07:38:50.541615Z - 2025-06-26T07:39:50.541615Z,,,,,,,,,,
HE.RSUO.00.00 | 2025-03-08T10:01:03.718967Z - 2025-03-08T10:02:03.718967Z,,,,,,,,,,
HE.NIF.00.00 | 2025-10-24T18:39:15.887126Z - 2025-10-24T18:40:15.887126Z,,,,,,,,,,
HE.FIA1.00.00 | 2025-12-07T23:11:12.702911Z - 2025-12-07T23:12:12.702911Z,,,,,,,,,,
HE.RSUO.00.00 | 2025-09-03T00:37:37.578426Z - 2025-09-03T00:38:37.578426Z,,,,,,,,,,
HE.OBF8.00.00 | 2025-05-22T01:11:59.975849Z - 2025-05-22T01:12:59.975849Z,,,,,,,,,,
FN.KMNF.00.00 | 2025-06-14T19:34:05.010511Z - 2025-06-14T19:35:05.010511Z,,,,,,,,,,
HE.OBF0.00.00 | 2025-05-02T00:15:31.080190Z - 2025-05-02T00:16:31.080190Z,,,,,,,,,,
HE.LAUT.00.00 | 2025-07-30T02:18:36.383798Z - 2025-07-30T02:19:36.383798Z,,,,,,,,,,
HE.TVF.00.00 | 2025-01-07T19:06:05.497775Z - 2025-01-07T19:07:05.497775Z,,,,,,,,,,
HE.HEF.00.00 | 2025-09-27T03:18:59.061869Z - 2025-09-27T03:19:59.061869Z,,,,,,,,,,
HE.KU2.00.00 | 2025-09-16T00:23:03.030323Z - 2025-09-16T00:24:03.030323Z,,,,,,,,,,
HE.KAF.00.00 | 2025-11-28T17:10:55.857752Z - 2025-11-28T17:11:55.857752Z,,,,,,,,,,
HE.KORF.00.00 | 2025-04-12T06:17:03.422669Z - 2025-04-12T06:18:03.422669Z,,,,,,,,,,
HE.RAF.00.00 | 2025-04-19T08:33:01.163578Z - 2025-04-19T08:34:01.163578Z,,,,,,,,,,
FN.KLF.00.00 | 2025-05-19T10:55:03.482582Z - 2025-05-19T10:56:03.482582Z,,,,,,,,,,
HE.FIC6.00.00 | 2025-10-15T14:27:10.816417Z - 2025-10-15T14:28:10.816417Z,,,,,,,,,,
FN.KLF.00.00 | 2025-05-21T01:32:51.066167Z - 2025-05-21T01:33:51.066167Z,,,,,,,,,,
HE.KY02.00.00 | 2025-12-24T01:04:54.459996Z - 2025-12-24T01:05:54.459996Z,,,,,,,,,,
FN.OLKF.00.00 | 2025-01-15T10:37:18.283952Z - 2025-01-15T10:38:18.283952Z,,,,,,,,,,
FN.RANF.00.00 | 2025-04-12T12:25:24.693234Z - 2025-04-12T12:26:24.693234Z,,,,,,,,,,
HE.KY17.00.00 | 2025-06-25T12:34:50.222252Z - 2025-06-25T12:35:50.222252Z,,,,,,,,,,
HE.LAUT.00.00 | 2025-01-17T02:33:47.691584Z - 2025-01-17T02:34:47.691584Z,,,,,,,,,,
HE.KU1.00.00 | 2025-11-13T03:55:03.703836Z - 2025-11-13T03:56:03.703836Z,,,,,,,,,,
HE.LAUT.00.00 | 2025-10-08T22:42:35.956654Z - 2025-10-08T22:43:35.956654Z,,,,,,,,,,
HE.PVF.00.00 | 2025-06-18T21:30:48.437537Z - 2025-06-18T21:31:48.437537Z,,,,,,,,,,
FN.RANF.00.00 | 2025-09-29T00:55:42.376533Z - 2025-09-29T00:56:42.376533Z,,,,,,,,,,
HE.FIC6.00.00 | 2025-04-21T16:03:12.859165Z - 2025-04-21T16:04:12.859165Z,,,,,,,,,,
FN.MSF.00.00 | 2025-06-21T13:25:03.819009Z - 2025-06-21T13:26:03.819009Z,,,,,,,,,,
FN.SGF.00.00 | 2025-08-14T13:48:03.702008Z - 2025-08-14T13:49:03.702008Z,,,,,,,,,,
HE.RAF.00.00 | 2025-04-27T03:39:38.796142Z - 2025-04-27T03:40:38.796142Z,,,,,,,,,,
HE.FIC3.00.00 | 2025-04-15T03:16:43.238572Z - 2025-04-15T03:17:43.238572Z,,,,,,,,,,
HE.RUF.00.00 | 2025-03-01T22:20:08.991979Z - 2025-03-01T22:21:08.991979Z,,,,,,,,,,
HE.FIC4.00.00 | 2025-03-12T10:39:07.252749Z - 2025-03-12T10:40:07.252749Z,,,,,,,,,,
HE.SUF.00.00 | 2025-02-25T05:52:52.143264Z - 2025-02-25T05:53:52.143264Z,,,,,,,,,,
HE.KU1.00.00 | 2025-07-09T00:31:23.132175Z - 2025-07-09T00:32:23.132175Z,,,,,,,,,,
HE.HEL5.00.00 | 2025-06-29T17:00:06.486135Z - 2025-06-29T17:01:06.486135Z,,,,,,,,,,
FN.KLF.00.00 | 2025-02-08T22:09:57.274583Z - 2025-02-08T22:10:57.274583Z,,,,,,,,,,
HE.NUR.00.00 | 2025-07-30T11:55:40.498822Z - 2025-07-30T11:56:40.498822Z,,,,,,,,,,
HE.HEL2.00.00 | 2025-02-08T10:51:31.055087Z - 2025-02-08T10:52:31.055087Z,,,,,,,,,,
HE.HEF.00.00 | 2025-11-20T22:23:09.349730Z - 2025-11-20T22:24:09.349730Z,,,,,,,,,,
HE.FIA2.00.00 | 2025-07-11T19:24:31.129628Z - 2025-07-11T19:25:31.129628Z,,,,,,,,,,
HE.RUF.00.00 | 2025-08-03T06:38:15.362132Z - 2025-08-03T06:39:15.362132Z,,,,,,,,,,
HE.KU2.00.00 | 2025-12-22T00:19:11.836051Z - 2025-12-22T00:20:11.836051Z,,,,,,,,,,
HE.OBF0.00.00 | 2025-09-07T16:09:38.079490Z - 2025-09-07T16:10:38.079490Z,,,,,,,,,,
HE.ECKF.00.00 | 2025-05-02T04:42:25.766096Z - 2025-05-02T04:43:25.766096Z,,,,,,,,,,
FN.RANF.00.00 | 2025-01-05T20:47:21.135111Z - 2025-01-05T20:48:21.135111Z,,,,,,,,,,
HE.FIB1.00.00 | 2025-02-11T09:30:11.987396Z - 2025-02-11T09:31:11.987396Z,,,,,,,,,,
HE.KPF.00.00 | 2025-07-21T10:54:07.655173Z - 2025-07-21T10:55:07.655173Z,,,,,,,,,,
UP.AAL.00.00 | 2025-04-01T04:30:21.141504Z - 2025-04-01T04:31:21.141504Z,,,,,,,,,,
FN.SGF.00.00 | 2025-05-21T15:30:10.277361Z - 2025-05-21T15:31:10.277361Z,,,,,,,,,,
HE.NUR.00.00 | 2025-07-07T01:33:38.057949Z - 2025-07-07T01:34:38.057949Z,,,,,,,,,,
HE.JOF.00.00 | 2025-11-21T20:38:44.544738Z - 2025-11-21T20:39:44.544738Z,,,,,,,,,,
HE.FIA1.00.00 | 2025-07-01T09:11:30.735817Z - 2025-07-01T09:12:30.735817Z,,,,,,,,,,
HE.KAF.00.00 | 2025-04-16T22:37:41.900590Z - 2025-04-16T22:38:41.900590Z,,,,,,,,,,
HE.FIA0.00.00 | 2025-01-26T08:59:57.950996Z - 2025-01-26T09:00:57.950996Z,,,,,,,,,,
HE.ALAJF.00.00 | 2025-04-07T02:53:12.889724Z - 2025-04-07T02:54:12.889724Z,,,,,,,,,,
HE.NUR.00.00 | 2025-03-22T15:13:16.793660Z - 2025-03-22T15:14:16.793660Z,,,,,,,,,,
HE.HEL2.00.00 | 2025-07-29T03:25:09.973756Z - 2025-07-29T03:26:09.973756Z,,,,,,,,,,
HE.KJNF.00.00 | 2025-06-11T00:04:18.256008Z - 2025-06-11T00:05:18.256008Z,,,,,,,,,,
HE.FIB6.00.00 | 2025-03-14T04:59:50.963401Z - 2025-03-14T05:00:50.963401Z,,,,,,,,,,
HE.HEL1.00.00 | 2025-09-14T14:10:37.520142Z - 2025-09-14T14:11:37.520142Z,,,,,,,,,,
HE.FIB5.00.00 | 2025-06-30T03:31:15.152500Z - 2025-06-30T03:32:15.152500Z,,,,,,,,,,
FN.MSF.00.00 | 2025-10-09T01:56:13.579965Z - 2025-10-09T01:57:13.579965Z,,,,,,,,,,
HE.KU2.00.00 | 2025-10-22T06:00:39.511087Z - 2025-10-22T06:01:39.511087Z,,,,,,,,,,
HE.FIA1.00.00 | 2025-08-27T09:15:34.349105Z - 2025-08-27T09:16:34.349105Z,,,,,,,,,,
HE.RMF.00.00 | 2025-11-12T07:47:38.410106Z - 2025-11-12T07:48:38.410106Z,,,,,,,,,,
HE.NUR.00.00 | 2025-11-11T02:36:46.083374Z - 2025-11-11T02:37:46.083374Z,,,,,,,,,,
HE.JOF.00.00 | 2025-01-11T19:46:32.651732Z - 2025-01-11T19:47:32.651732Z,,,,,,,,,,
HE.VRF.00.00 | 2025-03-25T21:31:14.311018Z - 2025-03-25T21:32:14.311018Z,,,,,,,,,,
HE.SUF.00.00 | 2025-08-08T07:15:10.173690Z - 2025-08-08T07:16:10.173690Z,,,,,,,,,,
FN.KMNF.00.00 | 2025-11-10T20:14:44.469892Z - 2025-11-10T20:15:44.469892Z,,,,,,,,,,
HE.HEL5.00.00 | 2025-04-07T00:01:12.770538Z - 2025-04-07T00:02:12.770538Z,,,,,,,,,,
HE.TRE03.00.00 | 2025-10-27T21:29:21.575023Z - 2025-10-27T21:30:21.575023Z,,,,,,,,,,
FN.RNF.00.00 | 2025-08-25T08:26:09.932728Z - 2025-08-25T08:27:09.932728Z,,,,,,,,,,
HE.VRF.00.00 | 2025-01-26T03:46:02.554783Z - 2025-01-26T03:47:02.554783Z,,,,,,,,,,
HE.SUF.00.00 | 2025-04-07T20:21:17.567439Z - 2025-04-07T20:22:17.567439Z,,,,,,,,,,
HE.VRF.00.00 | 2025-09-28T22:34:21.631823Z - 2025-09-28T22:35:21.631823Z,,,,,,,,,,
HE.VRF.00.00 | 2025-07-28T09:34:00.081775Z - 2025-07-28T09:35:00.081775Z,,,,,,,,,,
HE.FIC2.00.00 | 2025-06-10T10:17:11.697197Z - 2025-06-10T10:18:11.697197Z,,,,,,,,,,
HE.KU1.00.00 | 2025-02-06T06:36:40.202300Z - 2025-02-06T06:37:40.202300Z,,,,,,,,,,
HE.TRE03.00.00 | 2025-09-12T20:10:11.844325Z - 2025-09-12T20:11:11.844325Z,,,,,,,,,,
FN.RAJF.00.00 | 2025-10-26T08:31:56.380575Z - 2025-10-26T08:32:56.380575Z,,,,,,,,,,
HE.FIA1.00.00 | 2025-06-24T03:01:22.296768Z - 2025-06-24T03:02:22.296768Z,,,,,,,,,,
FN.SGF.00.00 | 2025-03-28T09:11:15.306005Z - 2025-03-28T09:12:15.306005Z,,,,,,,,,,
HE.ECKF.00.00 | 2025-05-19T01:07:46.151294Z - 2025-05-19T01:08:46.151294Z,,,,,,,,,,
HE.RMF.00.00 | 2025-08-24T05:19:16.131890Z - 2025-08-24T05:20:16.131890Z,,,,,,,,,,
HE.FIB1.00.00 | 2025-03-05T11:21:21.039144Z - 2025-03-05T11:22:21.039144Z,,,,,,,,,,
HE.OBF3.00.00 | 2025-04-21T20:27:42.220042Z - 2025-04-21T20:28:42.220042Z,,,,,,,,,,
HE.KUNI.00.00 | 2025-02-13T20:41:02.398253Z - 2025-02-13T20:42:02.398253Z,,,,,,,,,,
HE.KU2.00.00 | 2025-07-14T04:05:14.889567Z - 2025-07-14T04:06:14.889567Z,,,,,,,,,,
HE.NUR.00.00 | 2025-02-12T03:08:45.566231Z - 2025-02-12T03:09:45.566231Z,,,,,,,,,,
HE.KU2.00.00 | 2025-06-26T08:14:55.941481Z - 2025-06-26T08:15:55.941481Z,,,,,,,,,,
FN.OUL.00.00 | 2025-03-12T14:04:27.968176Z - 2025-03-12T14:05:27.968176Z,,,,,,,,,,
HE.SUF.00.00 | 2025-03-27T14:55:07.224365Z - 2025-03-27T14:56:07.224365Z,,,,,,,,,,
HE.FIB3.00.00 | 2025-03-11T14:15:41.788273Z - 2025-03-11T14:16:41.788273Z,,,,,,,,,,
HE.HEL2.00.00 | 2025-04-30T16:49:09.287858Z - 2025-04-30T16:50:09.287858Z,,,,,,,,,,
HE.OUF.00.00 | 2025-10-24T07:50:18.628482Z - 2025-10-24T07:51:18.628482Z,,,,,,,,,,
HE.TRE03.00.00 | 2025-04-10T09:58:14.387683Z - 2025-04-10T09:59:14.387683Z,,,,,,,,,,
HE.LOVF.00.00 | 2025-10-06T12:27:16.652000Z - 2025-10-06T12:28:16.652000Z,,,,,,,,,,
HE.FIB2.00.00 | 2025-12-24T10:42:32.512745Z - 2025-12-24T10:43:32.512745Z,,,,,,,,,,
HE.FIA1.00.00 | 2025-07-01T01:08:05.066537Z - 2025-07-01T01:09:05.066537Z,,,,,,,,,,
UP.AAL.00.00 | 2025-10-30T01:49:27.951036Z - 2025-10-30T01:50:27.951036Z,,,,,,,,,,
HE.FIB5.00.00 | 2025-04-21T12:12:58.821878Z - 2025-04-21T12:13:58.821878Z,,,,,,,,,,
HE.KJNF.00.00 | 2025-12-27T02:46:29.408656Z - 2025-12-27T02:47:29.408656Z,,,,,,,,,,
FN.OLKF.00.00 | 2025-07-11T10:07:22.250677Z - 2025-07-11T10:08:22.250677Z,,,,,,,,,,
HE.PVF.00.00 | 2025-12-16T15:34:52.780756Z - 2025-12-16T15:35:52.780756Z,,,,,,,,,,
HE.PVF.00.00 | 2025-02-14T17:44:58.059119Z - 2025-02-14T17:45:58.059119Z,,,,,,,,,,
HE.TRE03.00.00 | 2025-12-11T09:39:53.742817Z - 2025-12-11T09:40:53.742817Z,,,,,,,,,,
FN.OUL.00.00 | 2025-08-15T22:57:13.575250Z - 2025-08-15T22:58:13.575250Z,,,,,,,,,,
HE.OBF0.00.00 | 2025-07-27T18:21:52.605686Z - 2025-07-27T18:22:52.605686Z,,,,,,,,,,
HE.OBF8.00.00 | 2025-04-01T04:04:03.718125Z - 2025-04-01T04:05:03.718125Z,,,,,,,,,,
HE.HEL1.00.00 | 2025-05-07T03:31:40.993306Z - 2025-05-07T03:32:40.993306Z,,,,,,,,,,
HE.HEL1.00.00 | 2025-12-07T23:18:44.890415Z - 2025-12-07T23:19:44.890415Z,,,,,,,,,,
HE.KY02.00.00 | 2025-10-17T21:04:25.227867Z - 2025-10-17T21:05:25.227867Z,,,,,,,,,,
HE.FIA0.00.00 | 2025-09-15T17:01:25.546334Z - 2025-09-15T17:02:25.546334Z,,,,,,,,,,
HE.FIB5.00.00 | 2025-05-28T16:37:01.604846Z - 2025-05-28T16:38:01.604846Z,,,,,,,,,,
HE.PVF.00.00 | 2025-11-08T16:58:00.464500Z - 2025-11-08T16:59:00.464500Z,,,,,,,,,,
HE.VRF.00.00 | 2025-04-07T16:32:57.076166Z - 2025-04-07T16:33:57.076166Z,,,,,,,,,,
HE.FIA3.00.00 | 2025-05-25T07:45:12.398910Z - 2025-05-25T07:46:12.398910Z,,,,,,,,,,
HE.KEF.00.00 | 2025-03-20T00:34:29.885761Z - 2025-03-20T00:35:29.885761Z,,,,,,,,,,
HE.NIF.00.00 | 2025-05-29T20:57:04.370420Z - 2025-05-29T20:58:04.370420Z,,,,,,,,,,
HE.OBF0.00.00 | 2025-10-06T13:17:19.409008Z - 2025-10-06T13:18:19.409008Z,,,,,,,,,,
HE.KY17.00.00 | 2025-12-21T10:38:51.282314Z - 2025-12-21T10:39:51.282314Z,,,,,,,,,,
HE.FIC2.00.00 | 2025-09-23T13:09:42.032433Z - 2025-09-23T13:10:42.032433Z,,,,,,,,,,
HE.SUF.00.00 | 2025-01-23T19:25:46.143205Z - 2025-01-23T19:26:46.143205Z,,,,,,,,,,
HE.FIB5.00.00 | 2025-06-01T06:49:39.066471Z - 2025-06-01T06:50:39.066471Z,,,,,,,,,,
HE.TVF.00.00 | 2025-09-15T02:32:10.852399Z - 2025-09-15T02:33:10.852399Z,,,,,,,,,,
HE.HEL5.00.00 | 2025-08-22T02:08:14.525368Z - 2025-08-22T02:09:14.525368Z,,,,,,,,,,
HE.JOF.00.00 | 2025-09-05T14:47:09.644751Z - 2025-09-05T14:48:09.644751Z,,,,,,,,,,
HE.KIF.00.00 | 2025-05-08T13:20:51.420853Z - 2025-05-08T13:21:51.420853Z,,,,,,,,,,
HE.TVF.00.00 | 2025-01-09T21:00:10.707703Z - 2025-01-09T21:01:10.707703Z,,,,,,,,,,
HE.FIC5.00.00 | 2025-04-06T15:59:05.077921Z - 2025-04-06T16:00:05.077921Z,,,,,,,,,,
HE.PVF.00.00 | 2025-03-30T21:26:35.717506Z - 2025-03-30T21:27:35.717506Z,,,,,,,,,,
HE.LAUT.00.00 | 2025-03-28T02:37:06.535357Z - 2025-03-28T02:38:06.535357Z,,,,,,,,,,
HE.HEF.00.00 | 2025-02-08T16:56:46.492038Z - 2025-02-08T16:57:46.492038Z,,,,,,,,,,
HE.FIC3.00.00 | 2025-05-23T14:25:29.761506Z - 2025-05-23T14:26:29.761506Z,,,,,,,,,,
HE.MEF.00.00 | 2025-09-11T18:13:51.327002Z - 2025-09-11T18:14:51.327002Z,,,,,,,,,,
HE.OBF8.00.00 | 2025-01-22T06:38:00.181321Z - 2025-01-22T06:39:00.181321Z,,,,,,,,,,
HE.TRE03.00.00 | 2025-08-03T08:32:36.831559Z - 2025-08-03T08:33:36.831559Z,,,,,,,,,,
HE.FIB3.00.00 | 2025-06-07T03:50:06.978118Z - 2025-06-07T03:51:06.978118Z,,,,,,,,,,
HE.SUF.00.00 | 2025-01-18T02:00:54.526210Z - 2025-01-18T02:01:54.526210Z,,,,,,,,,,
HE.FIC6.00.00 | 2025-02-07T22:27:16.157441Z - 2025-02-07T22:28:16.157441Z,,,,,,,,,,
HE.HEL1.00.00 | 2025-04-16T07:54:57.445966Z - 2025-04-16T07:55:57.445966Z,,,,,,,,,,
HE.FIA1.00.00 | 2025-01-26T22:50:20.182873Z - 2025-01-26T22:51:20.182873Z,,,,,,,,,,
HE.MEF.00.00 | 2025-05-23T13:36:27.625129Z - 2025-05-23T13:37:27.625129Z,,,,,,,,,,
HE.KUNI.00.00 | 2025-12-02T15:43:49.777205Z - 2025-12-02T15:44:49.777205Z,,,,,,,,,,
HE.HEL2.00.00 | 2025-08-26T14:48:28.031566Z - 2025-08-26T14:49:28.031566Z,,,,,,,,,,
HE.HEL1.00.00 | 2025-03-25T19:18:36.845457Z - 2025-03-25T19:19:36.845457Z,,,,,,,,,,
HE.KU2.00.00 | 2025-05-02T01:27:44.093199Z - 2025-05-02T01:28:44.093199Z,,,,,,,,,,
HE.ECKF.00.00 | 2025-03-21T22:47:22.841969Z - 2025-03-21T22:48:22.841969Z,,,,,,,,,,
HE.KEF.00.00 | 2025-01-26T00:06:37.664230Z - 2025-01-26T00:07:37.664230Z,,,,,,,,,,
HE.FIA3.00.00 | 2025-12-13T13:18:14.490633Z - 2025-12-13T13:19:14.490633Z,,,,,,,,,,
HE.HEL1.00.00 | 2025-12-21T00:32:10.767138Z - 2025-12-21T00:33:10.767138Z,,,,,,,,,,
HE.FIB4.00.00 | 2025-09-19T21:22:19.038735Z - 2025-09-19T21:23:19.038735Z,,,,,,,,,,
HE.HEF.00.00 | 2025-11-26T17:39:59.983261Z - 2025-11-26T17:40:59.983261Z,,,,,,,,,,
HE.NIF.00.00 | 2025-12-26T10:00:22.524343Z - 2025-12-26T10:01:22.524343Z,,,,,,,,,,
HE.KORF.00.00 | 2025-06-19T14:57:07.354398Z - 2025-06-19T14:58:07.354398Z,,,,,,,,,,
HE.JOF.00.00 | 2025-06-25T17:13:33.606429Z - 2025-06-25T17:14:33.606429Z,,,,,,,,,,
HE.FIA2.00.00 | 2025-06-07T14:51:20.874342Z - 2025-06-07T14:52:20.874342Z,,,,,,,,,,
HE.OBF0.00.00 | 2025-06-06T12:51:17.323497Z - 2025-06-06T12:52:17.323497Z,,,,,,,,,,
HE.HEL1.00.00 | 2025-03-21T23:28:18.268463Z - 2025-03-21T23:29:18.268463Z,,,,,,,,,,
HE.FIC5.00.00 | 2025-06-15T14:46:56.492105Z - 2025-06-15T14:47:56.492105Z,,,,,,,,,,
FN.SGF.00.00 | 2025-04-16T18:22:13.981693Z - 2025-04-16T18:23:13.981693Z,,,,,,,,,,
FN.MSF.00.00 | 2025-11-06T22:23:19.321013Z - 2025-11-06T22:24:19.321013Z,,,,,,,,,,
HE.OUF.00.00 | 2025-07-30T13:41:58.141662Z - 2025-07-30T13:42:58.141662Z,,,,,,,,,,
HE.OBF3.00.00 | 2025-11-03T09:43:10.445405Z - 2025-11-03T09:44:10.445405Z,,,,,,,,,,
HE.KIF.00.00 | 2025-10-14T08:33:32.479050Z - 2025-10-14T08:34:32.479050Z,,,,,,,,,,
HE.HEF.00.00 | 2025-09-01T18:03:52.366034Z - 2025-09-01T18:04:52.366034Z,,,,,,,,,,
HE.VAF.00.00 | 2025-06-13T08:31:43.604123Z - 2025-06-13T08:32:43.604123Z,,,,,,,,,,
HE.OUF.00.00 | 2025-09-11T07:22:17.741292Z - 2025-09-11T07:23:17.741292Z,,,,,,,,,,
HE.ALAJF.00.00 | 2025-11-30T03:15:06.335817Z - 2025-11-30T03:16:06.335817Z,,,,,,,,,,
HE.LOVF.00.00 | 2025-09-28T12:24:20.099495Z - 2025-09-28T12:25:20.099495Z,,,,,,,,,,
HE.FIB2.00.00 | 2025-12-18T23:59:28.275351Z - 2025-12-19T00:00:28.275351Z,,,,,,,,,,
FN.OUL.00.00 | 2025-11-28T09:24:03.083689Z - 2025-11-28T09:25:03.083689Z,,,,,,,,,,
HE.OBF0.00.00 | 2025-10-12T17:57:10.650928Z - 2025-10-12T17:58:10.650928Z,,,,,,,,,,
HE.PVF.00.00 | 2025-06-19T11:13:49.434880Z - 2025-06-19T11:14:49.434880Z,,,,,,,,,,
HE.RUF.00.00 | 2025-12-05T05:30:57.715270Z - 2025-12-05T05:31:57.715270Z,,,,,,,,,,
HE.RUF.00.00 | 2025-09-02T15:15:23.057889Z - 2025-09-02T15:16:23.057889Z,,,,,,,,,,
HE.NIF.00.00 | 2025-07-02T00:14:55.104583Z - 2025-07-02T00:15:55.104583Z,,,,,,,,,,
FN.MSF.00.00 | 2025-10-25T21:37:03.197298Z - 2025-10-25T21:38:03.197298Z,,,,,,,,,,
HE.FIC4.00.00 | 2025-07-27T21:17:16.747556Z - 2025-07-27T21:18:16.747556Z,,,,,,,,,,
HE.RAF.00.00 | 2025-01-18T00:04:47.355926Z - 2025-01-18T00:05:47.355926Z,,,,,,,,,,
HE.PVF.00.00 | 2025-01-13T00:12:52.279353Z - 2025-01-13T00:13:52.279353Z,,,,,,,,,,
HE.KPF.00.00 | 2025-04-01T07:46:45.970544Z - 2025-04-01T07:47:45.970544Z,,,,,,,,,,
HE.KAF.00.00 | 2025-10-28T23:51:26.969088Z - 2025-10-28T23:52:26.969088Z,,,,,,,,,,
FN.RANF.00.00 | 2025-03-26T14:11:43.345908Z - 2025-03-26T14:12:43.345908Z,,,,,,,,,,
HE.NUR.00.00 | 2025-05-07T02:49:43.241795Z - 2025-05-07T02:50:43.241795Z,,,,,,,,,,
HE.NIF.00.00 | 2025-02-04T04:52:23.072475Z - 2025-02-04T04:53:23.072475Z,,,,,,,,,,
HE.FIB2.00.00 | 2025-11-27T18:23:38.541729Z - 2025-11-27T18:24:38.541729Z,,,,,,,,,,
FN.MSF.00.00 | 2025-01-17T16:22:24.361814Z - 2025-01-17T16:23:24.361814Z,,,,,,,,,,
HE.FIA2.00.00 | 2025-11-05T15:43:45.548242Z - 2025-11-05T15:44:45.548242Z,,,,,,,,,,
HE.KY02.00.00 | 2025-08-31T21:21:48.471599Z - 2025-08-31T21:22:48.471599Z,,,,,,,,,,
HE.FIA3.00.00 | 2025-07-14T11:13:55.604699Z - 2025-07-14T11:14:55.604699Z,,,,,,,,,,
HE.VRF.00.00 | 2025-10-20T12:34:09.029365Z - 2025-10-20T12:35:09.029365Z,,,,,,,,,,
HE.KU2.00.00 | 2025-11-15T09:37:19.830923Z - 2025-11-15T09:38:19.830923Z,,,,,,,,,,
HE.OBF0.00.00 | 2025-03-11T23:14:27.993208Z - 2025-03-11T23:15:27.993208Z,,,,,,,,,,
HE.ECKF.00.00 | 2025-10-24T14:13:10.116404Z - 2025-10-24T14:14:10.116404Z,,,,,,,,,,
HE.RMF.00.00 | 2025-03-26T20:17:26.556791Z - 2025-03-26T20:18:26.556791Z,,,,,,,,,,
HE.RSUO.00.00 | 2025-03-29T20:02:39.608053Z - 2025-03-29T20:03:39.608053Z,,,,,,,,,,
HE.FIC4.00.00 | 2025-02-11T16:31:50.229176Z - 2025-02-11T16:32:50.229176Z,,,,,,,,,,
HE.VAF.00.00 | 2025-08-30T11:27:29.739862Z - 2025-08-30T11:28:29.739862Z,,,,,,,,,,
HE.KIF.00.00 | 2025-02-20T18:28:51.330443Z - 2025-02-20T18:29:51.330443Z,,,,,,,,,,
FN.KLF.00.00 | 2025-05-18T01:08:10.457131Z - 2025-05-18T01:09:10.457131Z,,,,,,,,,,
HE.HEL2.00.00 | 2025-06-12T02:15:13.589723Z - 2025-06-12T02:16:13.589723Z,,,,,,,,,,
HE.KU2.00.00 | 2025-02-25T19:51:51.237433Z - 2025-02-25T19:52:51.237433Z,,,,,,,,,,
HE.FIC4.00.00 | 2025-02-27T11:55:40.352514Z - 2025-02-27T11:56:40.352514Z,,,,,,,,,,
HE.HEL2.00.00 | 2025-07-04T08:30:06.216007Z - 2025-07-04T08:31:06.216007Z,,,,,,,,,,
HE.RAF.00.00 | 2025-10-01T19:48:18.182530Z - 2025-10-01T19:49:18.182530Z,,,,,,,,,,
HE.VJF.00.00 | 2025-04-17T11:21:56.096835Z - 2025-04-17T11:22:56.096835Z,,,,,,,,,,
FN.MSF.00.00 | 2025-12-15T20:38:10.071504Z - 2025-12-15T20:39:10.071504Z,,,,,,,,,,
HE.KORF.00.00 | 2025-07-04T19:43:49.348881Z - 2025-07-04T19:44:49.348881Z,,,,,,,,,,
HE.NUR.00.00 | 2025-12-08T04:28:09.649148Z - 2025-12-08T04:29:09.649148Z,,,,,,,,,,
HE.FIB4.00.00 | 2025-12-20T18:23:29.866284Z - 2025-12-20T18:24:29.866284Z,,,,,,,,,,
HE.FIA2.00.00 | 2025-04-03T20:28:04.483180Z - 2025-04-03T20:29:04.483180Z,,,,,,,,,,
HE.FIB5.00.00 | 2025-10-05T01:16:20.170481Z - 2025-10-05T01:17:20.170481Z,,,,,,,,,,
HE.OBF0.00.00 | 2025-05-02T09:27:06.451365Z - 2025-05-02T09:28:06.451365Z,,,,,,,,,,
HE.OBF0.00.00 | 2025-01-20T00:29:15.297824Z - 2025-01-20T00:30:15.297824Z,,,,,,,,,,
HE.ECKF.00.00 | 2025-12-09T13:57:53.819092Z - 2025-12-09T13:58:53.819092Z,,,,,,,,,,
FN.OUL.00.00 | 2025-04-17T17:59:22.462520Z - 2025-04-17T18:00:22.462520Z,,,,,,,,,,
HE.OUF.00.00 | 2025-11-10T00:09:30.934737Z - 2025-11-10T00:10:30.934737Z,,,,,,,,,,
HE.VJF.00.00 | 2025-10-10T11:00:59.536462Z - 2025-10-10T11:01:59.536462Z,,,,,,,,,,
HE.FIB1.00.00 | 2025-11-24T08:42:27.821902Z - 2025-11-24T08:43:27.821902Z,,,,,,,,,,
HE.KEF.00.00 | 2025-05-09T19:05:06.485160Z - 2025-05-09T19:06:06.485160Z,,,,,,,,,,
FN.SGF.00.00 | 2025-05-04T08:33:48.888524Z - 2025-05-04T08:34:48.888524Z,,,,,,,,,,
HE.KU2.00.00 | 2025-10-07T10:06:11.660504Z - 2025-10-07T10:07:11.660504Z,,,,,,,,,,
HE.KJNF.00.00 | 2025-07-04T21:15:59.917370Z - 2025-07-04T21:16:59.917370Z,,,,,,,,,,
HE.RUF.00.00 | 2025-09-07T21:44:06.817547Z - 2025-09-07T21:45:06.817547Z,,,,,,,,,,
HE.VAF.00.00 | 2025-04-13T08:28:00.916061Z - 2025-04-13T08:29:00.916061Z,,,,,,,,,,
FN.OUL.00.00 | 2025-05-20T03:46:29.878782Z - 2025-05-20T03:47:29.878782Z,,,,,,,,,,
HE.HEL1.00.00 | 2025-11-20T15:02:14.727013Z - 2025-11-20T15:03:14.727013Z,,,,,,,,,,
HE.FIB3.00.00 | 2025-11-10T06:31:47.042085Z - 2025-11-10T06:32:47.042085Z,,,,,,,,,,
HE.FIA0.00.00 | 2025-09-25T02:50:12.642991Z - 2025-09-25T02:51:12.642991Z,,,,,,,,,,
FN.RANF.00.00 | 2025-08-14T20:56:22.714298Z - 2025-08-14T20:57:22.714298Z,,,,,,,,,,
HE.KJNF.00.00 | 2025-02-24T09:26:25.182369Z - 2025-02-24T09:27:25.182369Z,,,,,,,,,,
HE.FIB4.00.00 | 2025-01-08T20:35:08.451794Z - 2025-01-08T20:36:08.451794Z,,,,,,,,,,
HE.FIB2.00.00 | 2025-03-18T01:46:33.765041Z - 2025-03-18T01:47:33.765041Z,,,,,,,,,,
HE.FIA3.00.00 | 2025-10-08T20:12:13.974512Z - 2025-10-08T20:13:13.974512Z,,,,,,,,,,
HE.FIA2.00.00 | 2025-08-10T08:02:53.239923Z - 2025-08-10T08:03:53.239923Z,,,,,,,,,,
HE.OBF8.00.00 | 2025-06-29T16:29:11.956998Z - 2025-06-29T16:30:11.956998Z,,,,,,,,,,
HE.FIB6.00.00 | 2025-12-21T11:27:10.616713Z - 2025-12-21T11:28:10.616713Z,,,,,,,,,,
HE.HEL1.00.00 | 2025-09-04T16:06:14.751393Z - 2025-09-04T16:07:14.751393Z,,,,,,,,,,
HE.KUNI.00.00 | 2025-08-01T11:27:23.809096Z - 2025-08-01T11:28:23.809096Z,,,,,,,,,,
HE.KY17.00.00 | 2025-10-10T16:06:33.829130Z - 2025-10-10T16:07:33.829130Z,,,,,,,,,,
HE.FIB3.00.00 | 2025-11-28T03:46:40.944613Z - 2025-11-28T03:47:40.944613Z,,,,,,,,,,
FN.OUL.00.00 | 2025-11-25T07:59:16.133809Z - 2025-11-25T08:00:16.133809Z,,,,,,,,,,
HE.FIC4.00.00 | 2025-05-15T01:23:36.209978Z - 2025-05-15T01:24:36.209978Z,,,,,,,,,,
HE.KIF.00.00 | 2025-12-08T18:57:50.438382Z - 2025-12-08T18:58:50.438382Z,,,,,,,,,,
HE.FIB4.00.00 | 2025-10-06T19:52:51.055439Z - 2025-10-06T19:53:51.055439Z,,,,,,,,,,
HE.FIB4.00.00 | 2025-06-20T04:48:24.427939Z - 2025-06-20T04:49:24.427939Z,,,,,,,,,,
HE.FIB2.00.00 | 2025-04-17T05:47:42.896177Z - 2025-04-17T05:48:42.896177Z,,,,,,,,,,
HE.MEF.00.00 | 2025-08-24T07:42:29.390956Z - 2025-08-24T07:43:29.390956Z,,,,,,,,,,
HE.FIC2.00.00 | 2025-01-31T20:34:45.967880Z - 2025-01-31T20:35:45.967880Z,,,,,,,,,,
HE.RMF.00.00 | 2025-09-28T00:34:27.243853Z - 2025-09-28T00:35:27.243853Z,,,,,,,,,,
HE.HEL5.00.00 | 2025-12-03T08:33:15.688203Z - 2025-12-03T08:34:15.688203Z,,,,,,,,,,
FN.OUL.00.00 | 2025-12-15T13:01:36.600721Z - 2025-12-15T13:02:36.600721Z,,,,,,,,,,
HE.ALAJF.00.00 | 2025-09-08T04:45:40.603035Z - 2025-09-08T04:46:40.603035Z,,,,,,,,,,
HE.RAF.00.00 | 2025-06-02T17:18:58.711491Z - 2025-06-02T17:19:58.711491Z,,,,,,,,,,
HE.KU1.00.00 | 2025-08-22T05:31:27.930052Z - 2025-08-22T05:32:27.930052Z,,,,,,,,,,
HE.SUF.00.00 | 2025-11-22T22:52:13.935203Z - 2025-11-22T22:53:13.935203Z,,,,,,,,,,
HE.FIA0.00.00 | 2025-10-15T21:02:09.272631Z - 2025-10-15T21:03:09.272631Z,,,,,,,,,,
HE.VRF.00.00 | 2025-04-12T11:56:13.861932Z - 2025-04-12T11:57:13.861932Z,,,,,,,,,,
HE.TOF.00.00 | 2025-12-19T03:08:28.787346Z - 2025-12-19T03:09:28.787346Z,,,,,,,,,,
UP.AAL.00.00 | 2025-02-14T15:52:10.524143Z - 2025-02-14T15:53:10.524143Z,,,,,,,,,,
FN.KLF.00.00 | 2025-12-22T14:17:10.137049Z - 2025-12-22T14:18:10.137049Z,,,,,,,,,,
HE.FIA2.00.00 | 2025-09-21T08:10:19.808299Z - 2025-09-21T08:11:19.808299Z,,,,,,,,,,
UP.AAL.00.00 | 2025-03-12T14:58:31.085231Z - 2025-03-12T14:59:31.085231Z,,,,,,,,,,
HE.PVF.00.00 | 2025-05-09T23:10:37.703536Z - 2025-05-09T23:11:37.703536Z,,,,,,,,,,
HE.KIF.00.00 | 2025-09-27T01:54:15.742454Z - 2025-09-27T01:55:15.742454Z,,,,,,,,,,
HE.LAUT.00.00 | 2025-12-12T11:18:42.113835Z - 2025-12-12T11:19:42.113835Z,,,,,,,,,,
HE.KORF.00.00 | 2025-09-17T22:18:45.955214Z - 2025-09-17T22:19:45.955214Z,,,,,,,,,,
HE.VAF.00.00 | 2025-03-22T22:41:46.909979Z - 2025-03-22T22:42:46.909979Z,,,,,,,,,,
HE.FIC3.00.00 | 2025-08-18T03:32:35.512663Z - 2025-08-18T03:33:35.512663Z,,,,,,,,,,
HE.FIB2.00.00 | 2025-01-24T01:03:10.000999Z - 2025-01-24T01:04:10.000999Z,,,,,,,,,,
FN.RNF.00.00 | 2025-05-13T22:13:03.472732Z - 2025-05-13T22:14:03.472732Z,,,,,,,,,,
HE.FIC5.00.00 | 2025-02-05T11:16:04.025895Z - 2025-02-05T11:17:04.025895Z,,,,,,,,,,
HE.KPF.00.00 | 2025-04-11T00:56:48.106314Z - 2025-04-11T00:57:48.106314Z,,,,,,,,,,
FN.OLKF.00.00 | 2025-08-29T16:21:45.318185Z - 2025-08-29T16:22:45.318185Z,,,,,,,,,,
HE.FIA3.00.00 | 2025-05-05T16:19:48.271461Z - 2025-05-05T16:20:48.271461Z,,,,,,,,,,
HE.TRE03.00.00 | 2025-11-23T02:52:25.678725Z - 2025-11-23T02:53:25.678725Z,,,,,,,,,,
HE.TOF.00.00 | 2025-08-18T22:31:18.643345Z - 2025-08-18T22:32:18.643345Z,,,,,,,,,,
HE.FIC2.00.00 | 2025-04-06T19:18:31.271372Z - 2025-04-06T19:19:31.271372Z,,,,,,,,,,
HE.TRE03.00.00 | 2025-09-11T07:31:54.810761Z - 2025-09-11T07:32:54.810761Z,,,,,,,,,,
HE.SUF.00.00 | 2025-07-20T00:50:28.287119Z - 2025-07-20T00:51:28.287119Z,,,,,,,,,,
HE.VRF.00.00 | 2025-02-11T01:51:33.985394Z - 2025-02-11T01:52:33.985394Z,,,,,,,,,,
HE.RSUO.00.00 | 2025-07-14T02:07:24.209240Z - 2025-07-14T02:08:24.209240Z,,,,,,,,,,
HE.FIC1.00.00 | 2025-03-04T11:19:23.702770Z - 2025-03-04T11:20:23.702770Z,,,,,,,,,,
HE.TVF.00.00 | 2025-11-30T02:07:52.733353Z - 2025-11-30T02:08:52.733353Z,,,,,,,,,,
HE.FIC4.00.00 | 2025-03-24T12:17:09.336500Z - 2025-03-24T12:18:09.336500Z,,,,,,,,,,
HE.TRE03.00.00 | 2025-02-23T14:03:02.079499Z - 2025-02-23T14:04:02.079499Z,,,,,,,,,,
HE.KJNF.00.00 | 2025-03-14T14:55:30.854694Z - 2025-03-14T14:56:30.854694Z,,,,,,,,,,
HE.ALAJF.00.00 | 2025-06-29T17:55:00.403978Z - 2025-06-29T17:56:00.403978Z,,,,,,,,,,
HE.FIB3.00.00 | 2025-01-10T17:23:01.213166Z - 2025-01-10T17:24:01.213166Z,,,,,,,,,,
HE.KY17.00.00 | 2025-05-27T12:12:21.269107Z - 2025-05-27T12:13:21.269107Z,,,,,,,,,,
HE.LAUT.00.00 | 2025-02-18T12:28:28.158313Z - 2025-02-18T12:29:28.158313Z,,,,,,,,,,
HE.ECKF.00.00 | 2025-11-14T21:08:23.853861Z - 2025-11-14T21:09:23.853861Z,,,,,,,,,,
HE.FIA2.00.00 | 2025-04-22T16:02:39.282747Z - 2025-04-22T16:03:39.282747Z,,,,,,,,,,
HE.TOF.00.00 | 2025-10-06T08:02:25.334571Z - 2025-10-06T08:03:25.334571Z,,,,,,,,,,
HE.HEL1.00.00 | 2025-09-13T01:50:58.495909Z - 2025-09-13T01:51:58.495909Z,,,,,,,,,,
HE.FIC3.00.00 | 2025-07-13T18:38:24.446988Z - 2025-07-13T18:39:24.446988Z,,,,,,,,,,
HE.SUF.00.00 | 2025-07-05T15:24:43.876389Z - 2025-07-05T15:25:43.876389Z,,,,,,,,,,
HE.OUF.00.00 | 2025-11-24T16:59:35.671707Z - 2025-11-24T17:00:35.671707Z,,,,,,,,,,
HE.KEF.00.00 | 2025-01-20T19:06:19.058990Z - 2025-01-20T19:07:19.058990Z,,,,,,,,,,
HE.KAF.00.00 | 2025-02-28T10:17:51.002876Z - 2025-02-28T10:18:51.002876Z,,,,,,,,,,
HE.OBF3.00.00 | 2025-04-23T01:12:16.786945Z - 2025-04-23T01:13:16.786945Z,,,,,,,,,,
FN.RAJF.00.00 | 2025-07-19T03:42:25.669762Z - 2025-07-19T03:43:25.669762Z,,,,,,,,,,
HE.LOVF.00.00 | 2025-09-09T23:42:37.170883Z - 2025-09-09T23:43:37.170883Z,,,,,,,,,,
HE.MEF.00.00 | 2025-04-16T13:31:09.392687Z - 2025-04-16T13:32:09.392687Z,,,,,,,,,,
FN.KMNF.00.00 | 2025-07-30T04:19:20.093796Z - 2025-07-30T04:20:20.093796Z,,,,,,,,,,
HE.OBF0.00.00 | 2025-05-19T20:21:37.134245Z - 2025-05-19T20:22:37.134245Z,,,,,,,,,,
HE.FIA0.00.00 | 2025-10-30T15:31:55.052758Z - 2025-10-30T15:32:55.052758Z,,,,,,,,,,
HE.FIB4.00.00 | 2025-01-17T07:20:02.805246Z - 2025-01-17T07:21:02.805246Z,,,,,,,,,,
HE.TRE03.00.00 | 2025-08-13T17:56:13.673352Z - 2025-08-13T17:57:13.673352Z,,,,,,,,,,
HE.KJNF.00.00 | 2025-09-08T08:48:54.715132Z - 2025-09-08T08:49:54.715132Z,,,,,,,,,,
FN.RAJF.00.00 | 2025-10-03T03:05:19.843092Z - 2025-10-03T03:06:19.843092Z,,,,,,,,,,
HE.KJNF.00.00 | 2025-01-16T01:56:49.344975Z - 2025-01-16T01:57:49.344975Z,,,,,,,,,,
HE.KORF.00.00 | 2025-07-29T00:34:49.829171Z - 2025-07-29T00:35:49.829171Z,,,,,,,,,,
HE.VRF.00.00 | 2025-05-11T07:31:47.880058Z - 2025-05-11T07:32:47.880058Z,,,,,,,,,,
FN.KMNF.00.00 | 2025-08-19T12:39:21.785120Z - 2025-08-19T12:40:21.785120Z,,,,,,,,,,
HE.FIB2.00.00 | 2025-03-24T21:30:02.043688Z - 2025-03-24T21:31:02.043688Z,,,,,,,,,,
HE.KY02.00.00 | 2025-09-03T02:58:19.461376Z - 2025-09-03T02:59:19.461376Z,,,,,,,,,,
HE.FIB6.00.00 | 2025-01-23T07:08:40.601447Z - 2025-01-23T07:09:40.601447Z,,,,,,,,,,
HE.HEL1.00.00 | 2025-07-10T13:00:00.981199Z - 2025-07-10T13:01:00.981199Z,,,,,,,,,,
HE.FIB1.00.00 | 2025-01-28T04:45:40.827484Z - 2025-01-28T04:46:40.827484Z,,,,,,,,,,
HE.FIC1.00.00 | 2025-08-30T10:33:52.846612Z - 2025-08-30T10:34:52.846612Z,,,,,,,,,,
HE.TOF.00.00 | 2025-04-08T13:13:15.503700Z - 2025-04-08T13:14:15.503700Z,,,,,,,,,,
FN.SGF.00.00 | 2025-05-16T16:55:39.946325Z - 2025-05-16T16:56:39.946325Z,,,,,,,,,,
HE.FIA1.00.00 | 2025-08-08T05:42:42.106889Z - 2025-08-08T05:43:42.106889Z,,,,,,,,,,
HE.VRF.00.00 | 2025-06-11T10:19:38.044787Z - 2025-06-11T10:20:38.044787Z,,,,,,,,,,
FN.KLF.00.00 | 2025-02-27T11:38:10.787212Z - 2025-02-27T11:39:10.787212Z,,,,,,,,,,
HE.SUF.00.00 | 2025-08-15T06:12:13.525624Z - 2025-08-15T06:13:13.525624Z,,,,,,,,,,
FN.SGF.00.00 | 2025-10-22T11:57:14.911981Z - 2025-10-22T11:58:14.911981Z,,,,,,,,,,
HE.FIC1.00.00 | 2025-04-02T12:25:47.423948Z - 2025-04-02T12:26:47.423948Z,,,,,,,,,,
FN.RAJF.00.00 | 2025-02-13T03:12:01.703871Z - 2025-02-13T03:13:01.703871Z,,,,,,,,,,
HE.RMF.00.00 | 2025-07-19T21:24:34.721143Z - 2025-07-19T21:25:34.721143Z,,,,,,,,,,
HE.FIC3.00.00 | 2025-09-21T00:15:41.487537Z - 2025-09-21T00:16:41.487537Z,,,,,,,,,,
HE.FIB1.00.00 | 2025-02-16T21:35:05.738563Z - 2025-02-16T21:36:05.738563Z,,,,,,,,,,
HE.HEL1.00.00 | 2025-09-18T18:11:04.481528Z - 2025-09-18T18:12:04.481528Z,,,,,,,,,,
FN.RNF.00.00 | 2025-05-03T07:55:49.808194Z - 2025-05-03T07:56:49.808194Z,,,,,,,,,,
HE.KIF.00.00 | 2025-09-01T08:40:33.939994Z - 2025-09-01T08:41:33.939994Z,,,,,,,,,,
HE.FIB3.00.00 | 2025-08-31T04:40:35.849547Z - 2025-08-31T04:41:35.849547Z,,,,,,,,,,
HE.ALAJF.00.00 | 2025-10-10T05:58:05.070151Z - 2025-10-10T05:59:05.070151Z,,,,,,,,,,
HE.NIF.00.00 | 2025-04-20T09:08:26.879050Z - 2025-04-20T09:09:26.879050Z,,,,,,,,,,
HE.FIA0.00.00 | 2025-10-03T15:27:04.198969Z - 2025-10-03T15:28:04.198969Z,,,,,,,,,,
HE.TVF.00.00 | 2025-02-07T20:09:48.219445Z - 2025-02-07T20:10:48.219445Z,,,,,,,,,,
HE.KY17.00.00 | 2025-12-03T05:48:42.749309Z - 2025-12-03T05:49:42.749309Z,,,,,,,,,,
HE.KIF.00.00 | 2025-12-22T16:15:14.231354Z - 2025-12-22T16:16:14.231354Z,,,,,,,,,,
FN.SGF.00.00 | 2025-04-04T20:12:35.655525Z - 2025-04-04T20:13:35.655525Z,,,,,,,,,,
HE.RAF.00.00 | 2025-10-11T00:21:52.209333Z - 2025-10-11T00:22:52.209333Z,,,,,,,,,,
FN.OLKF.00.00 | 2025-10-07T16:34:50.478615Z - 2025-10-07T16:35:50.478615Z,,,,,,,,,,
HE.VJF.00.00 | 2025-01-01T10:13:23.529339Z - 2025-01-01T10:14:23.529339Z,,,,,,,,,,
HE.KAF.00.00 | 2025-07-23T08:09:53.085087Z - 2025-07-23T08:10:53.085087Z,,,,,,,,,,
HE.FIC4.00.00 | 2025-10-29T15:14:11.570819Z - 2025-10-29T15:15:11.570819Z,,,,,,,,,,
HE.VRF.00.00 | 2025-12-27T19:26:44.963627Z - 2025-12-27T19:27:44.963627Z,,,,,,,,,,
FN.RANF.00.00 | 2025-10-04T19:23:44.908186Z - 2025-10-04T19:24:44.908186Z,,,,,,,,,,
HE.HEL2.00.00 | 2025-06-30T14:06:44.750862Z - 2025-06-30T14:07:44.750862Z,,,,,,,,,,
HE.KAF.00.00 | 2025-06-09T10:59:16.925806Z - 2025-06-09T11:00:16.925806Z,,,,,,,,,,
HE.VUOS.00.00 | 2025-03-31T10:07:06.958114Z - 2025-03-31T10:08:06.958114Z,,,,,,,,,,
HE.NUR.00.00 | 2025-07-23T10:45:08.548588Z - 2025-07-23T10:46:08.548588Z,,,,,,,,,,
HE.KU2.00.00 | 2025-05-30T16:21:27.634868Z - 2025-05-30T16:22:27.634868Z,,,,,,,,,,
HE.OBF3.00.00 | 2025-05-09T02:00:49.481263Z - 2025-05-09T02:01:49.481263Z,,,,,,,,,,
HE.OBF3.00.00 | 2025-11-27T05:42:34.251459Z - 2025-11-27T05:43:34.251459Z,,,,,,,,,,
FN.RNF.00.00 | 2025-07-03T01:54:17.862840Z - 2025-07-03T01:55:17.862840Z,,,,,,,,,,
HE.RUF.00.00 | 2025-04-24T11:36:08.919447Z - 2025-04-24T11:37:08.919447Z,,,,,,,,,,
HE.FIB4.00.00 | 2025-06-11T11:19:12.173027Z - 2025-06-11T11:20:12.173027Z,,,,,,,,,,
HE.OBF8.00.00 | 2025-03-17T18:32:38.355752Z - 2025-03-17T18:33:38.355752Z,,,,,,,,,,
HE.KIF.00.00 | 2025-09-24T14:51:25.313444Z - 2025-09-24T14:52:25.313444Z,,,,,,,,,,
HE.HEL1.00.00 | 2025-03-13T17:17:35.396807Z - 2025-03-13T17:18:35.396807Z,,,,,,,,,,
HE.KY02.00.00 | 2025-02-17T16:05:18.231095Z - 2025-02-17T16:06:18.231095Z,,,,,,,,,,
HE.KEV.00.00 | 2025-09-17T12:45:43.690639Z - 2025-09-17T12:46:43.690639Z,,,,,,,,,,
HE.FIC2.00.00 | 2025-10-16T13:34:05.795445Z - 2025-10-16T13:35:05.795445Z,,,,,,,,,,
HE.KORF.00.00 | 2025-05-16T09:47:06.600167Z - 2025-05-16T09:48:06.600167Z,,,,,,,,,,
HE.FIC1.00.00 | 2025-11-22T22:28:34.612008Z - 2025-11-22T22:29:34.612008Z,,,,,,,,,,
HE.KAF.00.00 | 2025-09-21T16:26:53.522065Z - 2025-09-21T16:27:53.522065Z,,,,,,,,,,
HE.FIA2.00.00 | 2025-02-26T12:57:59.948316Z - 2025-02-26T12:58:59.948316Z,,,,,,,,,,
HE.FIA0.00.00 | 2025-01-21T09:12:58.293100Z - 2025-01-21T09:13:58.293100Z,,,,,,,,,,
HE.HEL2.00.00 | 2025-06-19T04:45:48.576992Z - 2025-06-19T04:46:48.576992Z,,,,,,,,,,
HE.KEV.00.00 | 2025-05-24T05:06:53.989940Z - 2025-05-24T05:07:53.989940Z,,,,,,,,,,
HE.RMF.00.00 | 2025-06-20T12:48:08.528645Z - 2025-06-20T12:49:08.528645Z,,,,,,,,,,
HE.RUF.00.00 | 2025-04-10T01:18:49.304163Z - 2025-04-10T01:19:49.304163Z,,,,,,,,,,
HE.FIA0.00.00 | 2025-10-06T10:26:25.834880Z - 2025-10-06T10:27:25.834880Z,,,,,,,,,,
HE.MEF.00.00 | 2025-11-25T14:22:31.328633Z - 2025-11-25T14:23:31.328633Z,,,,,,,,,,
HE.FIB4.00.00 | 2025-04-25T15:17:26.840876Z - 2025-04-25T15:18:26.840876Z,,,,,,,,,,
FN.MSF.00.00 | 2025-03-15T02:59:52.144744Z - 2025-03-15T03:00:52.144744Z,,,,,,,,,,
HE.FIC4.00.00 | 2025-03-10T15:27:49.512764Z - 2025-03-10T15:28:49.512764Z,,,,,,,,,,
FN.KMNF.00.00 | 2025-07-27T04:30:05.698486Z - 2025-07-27T04:31:05.698486Z,,,,,,,,,,
HE.FIB5.00.00 | 2025-02-01T23:37:39.582730Z - 2025-02-01T23:38:39.582730Z,,,,,,,,,,
HE.KORF.00.00 | 2025-04-04T20:43:04.715049Z - 2025-04-04T20:44:04.715049Z,,,,,,,,,,
HE.FIB5.00.00 | 2025-07-10T01:40:34.155563Z - 2025-07-10T01:41:34.155563Z,,,,,,,,,,
HE.FIC5.00.00 | 2025-05-08T05:01:52.341333Z - 2025-05-08T05:02:52.341333Z,,,,,,,,,,
FN.RANF.00.00 | 2025-01-14T08:09:14.783009Z - 2025-01-14T08:10:14.783009Z,,,,,,,,,,
HE.KY17.00.00 | 2025-09-23T17:00:33.248330Z - 2025-09-23T17:01:33.248330Z,,,,,,,,,,
HE.FIC6.00.00 | 2025-12-22T19:25:37.791577Z - 2025-12-22T19:26:37.791577Z,,,,,,,,,,
HE.FIC6.00.00 | 2025-02-22T02:27:17.490640Z - 2025-02-22T02:28:17.490640Z,,,,,,,,,,
FN.MSF.00.00 | 2025-06-02T14:18:12.101852Z - 2025-06-02T14:19:12.101852Z,,,,,,,,,,
HE.VAF.00.00 | 2025-02-26T12:55:15.681593Z - 2025-02-26T12:56:15.681593Z,,,,,,,,,,
HE.RUF.00.00 | 2025-11-05T00:14:31.661624Z - 2025-11-05T00:15:31.661624Z,,,,,,,,,,
HE.OBF8.00.00 | 2025-02-15T14:11:00.921036Z - 2025-02-15T14:12:00.921036Z,,,,,,,,,,
HE.FIB1.00.00 | 2025-11-14T01:33:20.862575Z - 2025-11-14T01:34:20.862575Z,,,,,,,,,,
HE.FIC4.00.00 | 2025-10-19T05:31:05.125611Z - 2025-10-19T05:32:05.125611Z,,,,,,,,,,
HE.HEL1.00.00 | 2025-08-17T01:06:40.427857Z - 2025-08-17T01:07:40.427857Z,,,,,,,,,,
HE.KU1.00.00 | 2025-09-19T18:39:32.115527Z - 2025-09-19T18:40:32.115527Z,,,,,,,,,,
HE.VUOS.00.00 | 2025-05-19T04:11:28.590906Z - 2025-05-19T04:12:28.590906Z,,,,,,,,,,
HE.OUF.00.00 | 2025-08-26T10:23:10.235109Z - 2025-08-26T10:24:10.235109Z,,,,,,,,,,
HE.FIC1.00.00 | 2025-02-10T06:18:21.906048Z - 2025-02-10T06:19:21.906048Z,,,,,,,,,,
HE.FIC1.00.00 | 2025-05-07T06:28:23.066356Z - 2025-05-07T06:29:23.066356Z,,,,,,,,,,
HE.FIA2.00.00 | 2025-05-31T08:45:41.378132Z - 2025-05-31T08:46:41.378132Z,,,,,,,,,,
HE.FIC5.00.00 | 2025-08-15T10:31:37.775146Z - 2025-08-15T10:32:37.775146Z,,,,,,,,,,
HE.KIF.00.00 | 2025-09-24T14:51:52.152379Z - 2025-09-24T14:52:52.152379Z,,,,,,,,,,
HE.KY17.00.00 | 2025-08-11T17:33:14.134373Z - 2025-08-11T17:34:14.134373Z,,,,,,,,,,
HE.FIB5.00.00 | 2025-05-20T13:46:48.478525Z - 2025-05-20T13:47:48.478525Z,,,,,,,,,,
HE.FIA3.00.00 | 2025-07-27T03:57:02.253942Z - 2025-07-27T03:58:02.253942Z,,,,,,,,,,
HE.RUF.00.00 | 2025-02-05T13:31:59.720873Z - 2025-02-05T13:32:59.720873Z,,,,,,,,,,
HE.KIF.00.00 | 2025-05-13T04:37:33.115215Z - 2025-05-13T04:38:33.115215Z,,,,,,,,,,
FN.RAJF.00.00 | 2025-06-11T15:02:07.740658Z - 2025-06-11T15:03:07.740658Z,,,,,,,,,,
HE.PVF.00.00 | 2025-12-12T04:36:36.560001Z - 2025-12-12T04:37:36.560001Z,,,,,,,,,,
HE.NUR.00.00 | 2025-08-15T21:12:04.252293Z - 2025-08-15T21:13:04.252293Z,,,,,,,,,,
HE.TVF.00.00 | 2025-06-09T22:24:40.827513Z - 2025-06-09T22:25:40.827513Z,,,,,,,,,,
HE.KPF.00.00 | 2025-01-07T17:35:07.035734Z - 2025-01-07T17:36:07.035734Z,,,,,,,,,,
HE.FIC6.00.00 | 2025-02-25T06:38:30.074707Z - 2025-02-25T06:39:30.074707Z,,,,,,,,,,
FN.RANF.00.00 | 2025-05-18T09:50:02.804755Z - 2025-05-18T09:51:02.804755Z,,,,,,,,,,
HE.RAF.00.00 | 2025-07-23T03:28:32.234650Z - 2025-07-23T03:29:32.234650Z,,,,,,,,,,
HE.JOF.00.00 | 2025-09-24T23:25:27.983839Z - 2025-09-24T23:26:27.983839Z,,,,,,,,,,
HE.ALAJF.00.00 | 2025-12-26T19:07:49.676001Z - 2025-12-26T19:08:49.676001Z,,,,,,,,,,
HE.TRE03.00.00 | 2025-03-31T13:28:42.303872Z - 2025-03-31T13:29:42.303872Z,,,,,,,,,,
HE.VUOS.00.00 | 2025-08-12T22:14:02.050770Z - 2025-08-12T22:15:02.050770Z,,,,,,,,,,
HE.KOFF.00.00 | 2025-10-23T06:55:53.876243Z - 2025-10-23T06:56:53.876243Z,,,,,,,,,,
HE.FIB6.00.00 | 2025-01-02T00:54:07.969406Z - 2025-01-02T00:55:07.969406Z,,,,,,,,,,
HE.VAF.00.00 | 2025-07-29T22:27:54.259479Z - 2025-07-29T22:28:54.259479Z,,,,,,,,,,
HE.FIC4.00.00 | 2025-02-24T11:05:05.297099Z - 2025-02-24T11:06:05.297099Z,,,,,,,,,,
HE.ECKF.00.00 | 2025-05-21T07:24:56.016122Z - 2025-05-21T07:25:56.016122Z,,,,,,,,,,
HE.OBF3.00.00 | 2025-07-24T21:45:09.628792Z - 2025-07-24T21:46:09.628792Z,,,,,,,,,,
HE.KJNF.00.00 | 2025-10-29T08:37:41.889808Z - 2025-10-29T08:38:41.889808Z,,,,,,,,,,
FN.RANF.00.00 | 2025-07-04T12:42:20.068165Z - 2025-07-04T12:43:20.068165Z,,,,,,,,,,
HE.OBF3.00.00 | 2025-01-07T18:55:13.060364Z - 2025-01-07T18:56:13.060364Z,,,,,,,,,,
FN.OUL.00.00 | 2025-08-02T14:20:35.268866Z - 2025-08-02T14:21:35.268866Z,,,,,,,,,,
HE.FIB1.00.00 | 2025-10-15T04:28:04.452383Z - 2025-10-15T04:29:04.452383Z,,,,,,,,,,
FN.KLF.00.00 | 2025-11-09T04:49:43.421868Z - 2025-11-09T04:50:43.421868Z,,,,,,,,,,
FN.KMNF.00.00 | 2025-05-03T05:06:39.813976Z - 2025-05-03T05:07:39.813976Z,,,,,,,,,,
HE.FIA2.00.00 | 2025-12-24T23:39:27.537259Z - 2025-12-24T23:40:27.537259Z,,,,,,,,,,
HE.FIB2.00.00 | 2025-04-12T06:30:37.982741Z - 2025-04-12T06:31:37.982741Z,,,,,,,,,,
HE.RUF.00.00 | 2025-02-05T20:02:30.705047Z - 2025-02-05T20:03:30.705047Z,,,,,,,,,,
HE.FIB4.00.00 | 2025-07-05T21:29:57.460707Z - 2025-07-05T21:30:57.460707Z,,,,,,,,,,
HE.KIF.00.00 | 2025-03-01T13:31:55.518649Z - 2025-03-01T13:32:55.518649Z,,,,,,,,,,
FN.MSF.00.00 | 2025-08-25T14:05:25.400523Z - 2025-08-25T14:06:25.400523Z,,,,,,,,,,
HE.HEL1.00.00 | 2025-09-09T17:36:12.311075Z - 2025-09-09T17:37:12.311075Z,,,,,,,,,,
UP.AAL.00.00 | 2025-07-11T21:03:48.954686Z - 2025-07-11T21:04:48.954686Z,,,,,,,,,,
HE.FIC4.00.00 | 2025-05-01T04:20:15.716099Z - 2025-05-01T04:21:15.716099Z,,,,,,,,,,
HE.FIC6.00.00 | 2025-09-27T08:49:28.799833Z - 2025-09-27T08:50:28.799833Z,,,,,,,,,,
HE.OUF.00.00 | 2025-12-03T11:03:29.740011Z - 2025-12-03T11:04:29.740011Z,,,,,,,,,,
FN.RAJF.00.00 | 2025-10-18T06:04:44.101348Z - 2025-10-18T06:05:44.101348Z,,,,,,,,,,
HE.HEL2.00.00 | 2025-12-08T10:59:05.078816Z - 2025-12-08T11:00:05.078816Z,,,,,,,,,,
HE.TOF.00.00 | 2025-08-26T03:06:56.100269Z - 2025-08-26T03:07:56.100269Z,,,,,,,,,,
FN.OLKF.00.00 | 2025-09-18T17:01:40.503612Z - 2025-09-18T17:02:40.503612Z,,,,,,,,,,
HE.FIC2.00.00 | 2025-06-23T00:39:28.962761Z - 2025-06-23T00:40:28.962761Z,,,,,,,,,,
HE.KPF.00.00 | 2025-06-19T03:26:19.312870Z - 2025-06-19T03:27:19.312870Z,,,,,,,,,,
HE.HEL2.00.00 | 2025-08-26T22:48:03.217801Z - 2025-08-26T22:49:03.217801Z,,,,,,,,,,
HE.KEV.00.00 | 2025-11-21T11:15:33.793874Z - 2025-11-21T11:16:33.793874Z,,,,,,,,,,
HE.PVF.00.00 | 2025-10-20T15:43:22.746263Z - 2025-10-20T15:44:22.746263Z,,,,,,,,,,
HE.HEL5.00.00 | 2025-10-31T08:31:58.835630Z - 2025-10-31T08:32:58.835630Z,,,,,,,,,,
HE.FIC1.00.00 | 2025-04-12T07:56:58.809833Z - 2025-04-12T07:57:58.809833Z,,,,,,,,,,
HE.FIB2.00.00 | 2025-04-30T04:04:51.364313Z - 2025-04-30T04:05:51.364313Z,,,,,,,,,,
HE.RSUO.00.00 | 2025-07-28T14:06:24.787276Z - 2025-07-28T14:07:24.787276Z,,,,,,,,,,
HE.FIC6.00.00 | 2025-10-12T00:37:15.995698Z - 2025-10-12T00:38:15.995698Z,,,,,,,,,,
HE.HEF.00.00 | 2025-11-18T11:38:24.003146Z - 2025-11-18T11:39:24.003146Z,,,,,,,,,,
HE.FIC1.00.00 | 2025-07-15T07:00:34.277892Z - 2025-07-15T07:01:34.277892Z,,,,,,,,,,
HE.FIC1.00.00 | 2025-01-26T04:03:24.237053Z - 2025-01-26T04:04:24.237053Z,,,,,,,,,,
HE.FIC1.00.00 | 2025-04-07T11:57:22.447191Z - 2025-04-07T11:58:22.447191Z,,,,,,,,,,
HE.KAF.00.00 | 2025-01-05T21:03:21.275945Z - 2025-01-05T21:04:21.275945Z,,,,,,,,,,
HE.KJNF.00.00 | 2025-01-23T18:55:19.440262Z - 2025-01-23T18:56:19.440262Z,,,,,,,,,,
HE.JOF.00.00 | 2025-08-02T08:12:03.252001Z - 2025-08-02T08:13:03.252001Z,,,,,,,,,,
HE.RSUO.00.00 | 2025-04-05T03:47:29.388969Z - 2025-04-05T03:48:29.388969Z,,,,,,,,,,
HE.FIC6.00.00 | 2025-07-10T00:22:56.420791Z - 2025-07-10T00:23:56.420791Z,,,,,,,,,,
HE.KU6.00.00 | 2025-01-10T15:57:48.964720Z - 2025-01-10T15:58:48.964720Z,,,,,,,,,,
HE.FIA0.00.00 | 2025-03-03T11:55:43.114002Z - 2025-03-03T11:56:43.114002Z,,,,,,,,,,
FN.SGF.00.00 | 2025-09-17T04:39:10.590033Z - 2025-09-17T04:40:10.590033Z,,,,,,,,,,
HE.FIB5.00.00 | 2025-04-28T20:34:00.165428Z - 2025-04-28T20:35:00.165428Z,,,,,,,,,,
HE.JOF.00.00 | 2025-04-03T02:54:18.579654Z - 2025-04-03T02:55:18.579654Z,,,,,,,,,,
HE.KJNF.00.00 | 2025-09-14T06:32:18.886539Z - 2025-09-14T06:33:18.886539Z,,,,,,,,,,
HE.HEF.00.00 | 2025-06-13T13:06:32.911615Z - 2025-06-13T13:07:32.911615Z,,,,,,,,,,
HE.KOFF.00.00 | 2025-12-10T10:24:16.993951Z - 2025-12-10T10:25:16.993951Z,,,,,,,,,,
HE.LOVF.00.00 | 2025-07-27T23:25:19.275835Z - 2025-07-27T23:26:19.275835Z,,,,,,,,,,
HE.OUF.00.00 | 2025-04-25T17:45:48.555340Z - 2025-04-25T17:46:48.555340Z,,,,,,,,,,
HE.KAF.00.00 | 2025-10-07T07:57:12.192376Z - 2025-10-07T07:58:12.192376Z,,,,,,,,,,
HE.KEF.00.00 | 2025-07-31T09:51:56.101194Z - 2025-07-31T09:52:56.101194Z,,,,,,,,,,
HE.FIB1.00.00 | 2025-05-21T07:11:40.967284Z - 2025-05-21T07:12:40.967284Z,,,,,,,,,,
HE.KY17.00.00 | 2025-05-23T07:01:42.747391Z - 2025-05-23T07:02:42.747391Z,,,,,,,,,,
FN.OUL.00.00 | 2025-09-01T09:28:01.078747Z - 2025-09-01T09:29:01.078747Z,,,,,,,,,,
HE.RUF.00.00 | 2025-10-21T04:27:12.209551Z - 2025-10-21T04:28:12.209551Z,,,,,,,,,,
HE.FIC2.00.00 | 2025-02-25T04:22:27.988278Z - 2025-02-25T04:23:27.988278Z,,,,,,,,,,
HE.JOF.00.00 | 2025-09-21T08:21:22.516474Z - 2025-09-21T08:22:22.516474Z,,,,,,,,,,
HE.TVF.00.00 | 2025-03-30T07:58:59.232443Z - 2025-03-30T07:59:59.232443Z,,,,,,,,,,
HE.ECKF.00.00 | 2025-02-25T14:20:14.569136Z - 2025-02-25T14:21:14.569136Z,,,,,,,,,,
HE.NUR.00.00 | 2025-03-09T21:25:01.854111Z - 2025-03-09T21:26:01.854111Z,,,,,,,,,,
FN.OUL.00.00 | 2025-04-29T20:00:24.317358Z - 2025-04-29T20:01:24.317358Z,,,,,,,,,,
HE.HEF.00.00 | 2025-10-10T05:43:53.352835Z - 2025-10-10T05:44:53.352835Z,,,,,,,,,,
HE.VJF.00.00 | 2025-07-29T00:21:49.730260Z - 2025-07-29T00:22:49.730260Z,,,,,,,,,,
HE.NUR.00.00 | 2025-01-13T12:31:30.640741Z - 2025-01-13T12:32:30.640741Z,,,,,,,,,,
HE.RUF.00.00 | 2025-04-22T06:32:41.666977Z - 2025-04-22T06:33:41.666977Z,,,,,,,,,,
HE.LOVF.00.00 | 2025-11-19T16:15:34.299134Z - 2025-11-19T16:16:34.299134Z,,,,,,,,,,
HE.FIB4.00.00 | 2025-01-24T23:16:53.681753Z - 2025-01-24T23:17:53.681753Z,,,,,,,,,,
HE.RAF.00.00 | 2025-03-16T21:01:43.775621Z - 2025-03-16T21:02:43.775621Z,,,,,,,,,,
HE.RSUO.00.00 | 2025-08-11T16:02:38.584404Z - 2025-08-11T16:03:38.584404Z,,,,,,,,,,
FN.SGF.00.00 | 2025-10-05T01:22:17.296177Z - 2025-10-05T01:23:17.296177Z,,,,,,,,,,
FN.OLKF.00.00 | 2025-04-23T23:46:10.738460Z - 2025-04-23T23:47:10.738460Z,,,,,,,,,,
HE.KEV.00.00 | 2025-06-25T15:52:11.708273Z - 2025-06-25T15:53:11.708273Z,,,,,,,,,,
HE.FIB2.00.00 | 2025-03-22T08:51:54.596443Z - 2025-03-22T08:52:54.596443Z,,,,,,,,,,
HE.KORF.00.00 | 2025-09-03T01:52:42.615890Z - 2025-09-03T01:53:42.615890Z,,,,,,,,,,
FN.KMNF.00.00 | 2025-09-25T08:07:43.175089Z - 2025-09-25T08:08:43.175089Z,,,,,,,,,,
HE.KU2.00.00 | 2025-10-04T04:47:05.245316Z - 2025-10-04T04:48:05.245316Z,,,,,,,,,,
FN.RANF.00.00 | 2025-06-24T18:07:21.914174Z - 2025-06-24T18:08:21.914174Z,,,,,,,,,,
HE.KU2.00.00 | 2025-01-28T11:16:51.843316Z - 2025-01-28T11:17:51.843316Z,,,,,,,,,,
HE.KY17.00.00 | 2025-01-20T15:51:24.595441Z - 2025-01-20T15:52:24.595441Z,,,,,,,,,,
HE.PVF.00.00 | 2025-08-21T23:35:41.506788Z - 2025-08-21T23:36:41.506788Z,,,,,,,,,,
FN.KLF.00.00 | 2025-01-16T21:43:41.443081Z - 2025-01-16T21:44:41.443081Z,,,,,,,,,,
HE.ALAJF.00.00 | 2025-05-29T11:09:32.241805Z - 2025-05-29T11:10:32.241805Z,,,,,,,,,,
HE.OBF0.00.00 | 2025-04-01T15:08:40.404314Z - 2025-04-01T15:09:40.404314Z,,,,,,,,,,
HE.VUOS.00.00 | 2025-03-15T10:21:07.889552Z - 2025-03-15T10:22:07.889552Z,,,,,,,,,,
FN.RANF.00.00 | 2025-02-09T06:20:33.646972Z - 2025-02-09T06:21:33.646972Z,,,,,,,,,,
HE.RUF.00.00 | 2025-01-11T17:25:24.434774Z - 2025-01-11T17:26:24.434774Z,,,,,,,,,,
HE.NUR.00.00 | 2025-01-19T06:21:43.022833Z - 2025-01-19T06:22:43.022833Z,,,,,,,,,,
HE.HEL5.00.00 | 2025-08-16T04:26:31.621344Z - 2025-08-16T04:27:31.621344Z,,,,,,,,,,
HE.OBF8.00.00 | 2025-04-13T20:15:26.515284Z - 2025-04-13T20:16:26.515284Z,,,,,,,,,,
HE.KU6.00.00 | 2025-06-03T14:01:46.775635Z - 2025-06-03T14:02:46.775635Z,,,,,,,,,,
HE.VJF.00.00 | 2025-07-22T18:25:37.619855Z - 2025-07-22T18:26:37.619855Z,,,,,,,,,,
HE.TVF.00.00 | 2025-06-12T13:00:47.194940Z - 2025-06-12T13:01:47.194940Z,,,,,,,,,,
HE.FIB4.00.00 | 2025-10-02T00:37:14.699832Z - 2025-10-02T00:38:14.699832Z,,,,,,,,,,
HE.TRE03.00.00 | 2025-05-17T00:28:29.889773Z - 2025-05-17T00:29:29.889773Z,,,,,,,,,,
HE.HEL2.00.00 | 2025-02-13T08:22:07.324043Z - 2025-02-13T08:23:07.324043Z,,,,,,,,,,
HE.KU1.00.00 | 2025-04-15T05:01:14.377368Z - 2025-04-15T05:02:14.377368Z,,,,,,,,,,
HE.FIB1.00.00 | 2025-03-14T05:53:42.680549Z - 2025-03-14T05:54:42.680549Z,,,,,,,,,,
HE.KEF.00.00 | 2025-04-18T13:23:23.947155Z - 2025-04-18T13:24:23.947155Z,,,,,,,,,,
HE.FIB4.00.00 | 2025-04-08T03:25:12.470909Z - 2025-04-08T03:26:12.470909Z,,,,,,,,,,
HE.FIC5.00.00 | 2025-03-22T07:04:46.486550Z - 2025-03-22T07:05:46.486550Z,,,,,,,,,,
HE.FIB2.00.00 | 2025-10-11T22:41:54.916632Z - 2025-10-11T22:42:54.916632Z,,,,,,,,,,
HE.RUF.00.00 | 2025-11-20T09:04:17.161460Z - 2025-11-20T09:05:17.161460Z,,,,,,,,,,
HE.FIB6.00.00 | 2025-04-15T16:57:56.665356Z - 2025-04-15T16:58:56.665356Z,,,,,,,,,,
HE.KORF.00.00 | 2025-02-24T09:33:53.787130Z - 2025-02-24T09:34:53.787130Z,,,,,,,,,,
HE.KJNF.00.00 | 2025-01-30T22:47:06.988171Z - 2025-01-30T22:48:06.988171Z,,,,,,,,,,
HE.KY02.00.00 | 2025-12-12T00:46:17.906718Z - 2025-12-12T00:47:17.906718Z,,,,,,,,,,
HE.ECKF.00.00 | 2025-02-23T07:07:27.672750Z - 2025-02-23T07:08:27.672750Z,,,,,,,,,,
HE.KY02.00.00 | 2025-06-16T18:17:50.234732Z - 2025-06-16T18:18:50.234732Z,,,,,,,,,,
HE.FIB1.00.00 | 2025-07-25T17:33:54.298868Z - 2025-07-25T17:34:54.298868Z,,,,,,,,,,
HE.ALAJF.00.00 | 2025-09-28T22:13:57.646732Z - 2025-09-28T22:14:57.646732Z,,,,,,,,,,
HE.KAF.00.00 | 2025-04-09T06:12:33.028864Z - 2025-04-09T06:13:33.028864Z,,,,,,,,,,
HE.FIA2.00.00 | 2025-07-24T23:14:04.511566Z - 2025-07-24T23:15:04.511566Z,,,,,,,,,,
HE.FIA1.00.00 | 2025-12-15T08:36:40.398710Z - 2025-12-15T08:37:40.398710Z,,,,,,,,,,
HE.FIA3.00.00 | 2025-12-03T07:37:53.078868Z - 2025-12-03T07:38:53.078868Z,,,,,,,,,,
HE.OBF0.00.00 | 2025-09-30T03:08:15.562507Z - 2025-09-30T03:09:15.562507Z,,,,,,,,,,
HE.FIB2.00.00 | 2025-02-01T08:35:14.915326Z - 2025-02-01T08:36:14.915326Z,,,,,,,,,,
HE.VJF.00.00 | 2025-05-20T21:56:08.367629Z - 2025-05-20T21:57:08.367629Z,,,,,,,,,,
FN.RAJF.00.00 | 2025-07-10T18:35:21.213380Z - 2025-07-10T18:36:21.213380Z,,,,,,,,,,
HE.HEL2.00.00 | 2025-05-02T12:25:56.785587Z - 2025-05-02T12:26:56.785587Z,,,,,,,,,,
HE.FIA3.00.00 | 2025-02-28T02:40:49.937979Z - 2025-02-28T02:41:49.937979Z,,,,,,,,,,
HE.KU1.00.00 | 2025-01-18T07:05:01.900067Z - 2025-01-18T07:06:01.900067Z,,,,,,,,,,
HE.LOVF.00.00 | 2025-06-06T16:05:04.125967Z - 2025-06-06T16:06:04.125967Z,,,,,,,,,,
FN.RAJF.00.00 | 2025-11-28T04:46:49.551584Z - 2025-11-28T04:47:49.551584Z,,,,,,,,,,
HE.KPF.00.00 | 2025-01-25T03:58:55.009900Z - 2025-01-25T03:59:55.009900Z,,,,,,,,,,
HE.RSUO.00.00 | 2025-06-06T09:14:07.476023Z - 2025-06-06T09:15:07.476023Z,,,,,,,,,,
FN.OLKF.00.00 | 2025-02-17T03:53:59.565137Z - 2025-02-17T03:54:59.565137Z,,,,,,,,,,
FN.OLKF.00.00 | 2025-01-14T08:12:18.793982Z - 2025-01-14T08:13:18.793982Z,,,,,,,,,,
HE.KORF.00.00 | 2025-07-28T23:57:11.800937Z - 2025-07-28T23:58:11.800937Z,,,,,,,,,,
HE.KEV.00.00 | 2025-03-13T11:04:27.598622Z - 2025-03-13T11:05:27.598622Z,,,,,,,,,,
UP.AAL.00.00 | 2025-05-06T09:48:37.767226Z - 2025-05-06T09:49:37.767226Z,,,,,,,,,,
HE.VAF.00.00 | 2025-10-09T17:57:50.062598Z - 2025-10-09T17:58:50.062598Z,,,,,,,,,,
HE.KY02.00.00 | 2025-11-06T16:16:11.759537Z - 2025-11-06T16:17:11.759537Z,,,,,,,,,,
FN.RNF.00.00 | 2025-10-13T08:03:07.776955Z - 2025-10-13T08:04:07.776955Z,,,,,,,,,,
FN.OUL.00.00 | 2025-10-31T03:29:44.747969Z - 2025-10-31T03:30:44.747969Z,,,,,,,,,,
HE.KEF.00.00 | 2025-01-02T22:40:12.680908Z - 2025-01-02T22:41:12.680908Z,,,,,,,,,,
HE.VAF.00.00 | 2025-05-13T14:30:25.544613Z - 2025-05-13T14:31:25.544613Z,,,,,,,,,,
HE.FIB6.00.00 | 2025-07-08T23:43:15.580164Z - 2025-07-08T23:44:15.580164Z,,,,,,,,,,
HE.OBF3.00.00 | 2025-10-08T10:28:02.287292Z - 2025-10-08T10:29:02.287292Z,,,,,,,,,,
HE.SUF.00.00 | 2025-05-30T11:34:49.247769Z - 2025-05-30T11:35:49.247769Z,,,,,,,,,,
HE.FIC2.00.00 | 2025-01-21T20:43:06.847970Z - 2025-01-21T20:44:06.847970Z,,,,,,,,,,
FN.OUL.00.00 | 2025-11-24T01:36:31.376357Z - 2025-11-24T01:37:31.376357Z,,,,,,,,,,
HE.FIC4.00.00 | 2025-01-19T14:17:21.219430Z - 2025-01-19T14:18:21.219430Z,,,,,,,,,,
FN.RANF.00.00 | 2025-12-06T00:14:10.828924Z - 2025-12-06T00:15:10.828924Z,,,,,,,,,,
HE.FIC6.00.00 | 2025-05-13T11:18:14.796535Z - 2025-05-13T11:19:14.796535Z,,,,,,,,,,
HE.OUF.00.00 | 2025-05-15T22:30:20.308928Z - 2025-05-15T22:31:20.308928Z,,,,,,,,,,
HE.KORF.00.00 | 2025-11-23T11:11:51.132028Z - 2025-11-23T11:12:51.132028Z,,,,,,,,,,
HE.VAF.00.00 | 2025-05-14T03:33:14.975557Z - 2025-05-14T03:34:14.975557Z,,,,,,,,,,
HE.RAF.00.00 | 2025-05-03T14:57:21.230260Z - 2025-05-03T14:58:21.230260Z,,,,,,,,,,
HE.HEL2.00.00 | 2025-02-23T03:04:16.603970Z - 2025-02-23T03:05:16.603970Z,,,,,,,,,,
HE.KORF.00.00 | 2025-12-10T16:25:42.239891Z - 2025-12-10T16:26:42.239891Z,,,,,,,,,,
HE.NIF.00.00 | 2025-10-08T06:28:33.150124Z - 2025-10-08T06:29:33.150124Z,,,,,,,,,,
HE.KU1.00.00 | 2025-10-11T12:57:41.888377Z - 2025-10-11T12:58:41.888377Z,,,,,,,,,,
HE.KEV.00.00 | 2025-02-16T18:06:44.175310Z - 2025-02-16T18:07:44.175310Z,,,,,,,,,,
HE.KU6.00.00 | 2025-06-06T22:57:52.264676Z - 2025-06-06T22:58:52.264676Z,,,,,,,,,,
FN.RAJF.00.00 | 2025-08-09T10:47:07.580235Z - 2025-08-09T10:48:07.580235Z,,,,,,,,,,
HE.FIA1.00.00 | 2025-06-26T16:03:47.777132Z - 2025-06-26T16:04:47.777132Z,,,,,,,,,,
HE.HEL5.00.00 | 2025-01-16T04:19:16.295639Z - 2025-01-16T04:20:16.295639Z,,,,,,,,,,
HE.ALAJF.00.00 | 2025-04-06T15:23:54.024707Z - 2025-04-06T15:24:54.024707Z,,,,,,,,,,
HE.OUF.00.00 | 2025-08-15T07:56:23.571814Z - 2025-08-15T07:57:23.571814Z,,,,,,,,,,
HE.RUF.00.00 | 2025-08-28T07:53:46.492971Z - 2025-08-28T07:54:46.492971Z,,,,,,,,,,
HE.FIA0.00.00 | 2025-03-11T11:51:30.905675Z - 2025-03-11T11:52:30.905675Z,,,,,,,,,,
HE.NUR.00.00 | 2025-08-13T18:46:43.646296Z - 2025-08-13T18:47:43.646296Z,,,,,,,,,,
HE.KY17.00.00 | 2025-09-10T03:48:48.876014Z - 2025-09-10T03:49:48.876014Z,,,,,,,,,,
FN.OLKF.00.00 | 2025-07-09T04:12:01.526084Z - 2025-07-09T04:13:01.526084Z,,,,,,,,,,
HE.OBF8.00.00 | 2025-06-19T09:11:10.483065Z - 2025-06-19T09:12:10.483065Z,,,,,,,,,,
FN.KLF.00.00 | 2025-02-24T15:56:57.052292Z - 2025-02-24T15:57:57.052292Z,,,,,,,,,,
HE.SUF.00.00 | 2025-08-30T16:52:23.338547Z - 2025-08-30T16:53:23.338547Z,,,,,,,,,,
HE.NUR.00.00 | 2025-06-20T13:50:43.092029Z - 2025-06-20T13:51:43.092029Z,,,,,,,,,,
HE.VAF.00.00 | 2025-06-24T13:04:29.144115Z - 2025-06-24T13:05:29.144115Z,,,,,,,,,,
HE.RAF.00.00 | 2025-05-24T08:30:10.653700Z - 2025-05-24T08:31:10.653700Z,,,,,,,,,,
HE.RUF.00.00 | 2025-04-05T17:00:51.889281Z - 2025-04-05T17:01:51.889281Z,,,,,,,,,,
HE.KPF.00.00 | 2025-11-07T16:31:17.718428Z - 2025-11-07T16:32:17.718428Z,,,,,,,,,,
HE.FIA2.00.00 | 2025-03-11T15:36:51.544069Z - 2025-03-11T15:37:51.544069Z,,,,,,,,,,
FN.MSF.00.00 | 2025-09-27T17:58:59.240206Z - 2025-09-27T17:59:59.240206Z,,,,,,,,,,
HE.ECKF.00.00 | 2025-10-31T12:13:28.005132Z - 2025-10-31T12:14:28.005132Z,,,,,,,,,,
HE.FIC5.00.00 | 2025-01-27T02:36:18.873699Z - 2025-01-27T02:37:18.873699Z,,,,,,,,,,
HE.ECKF.00.00 | 2025-09-22T13:31:27.037532Z - 2025-09-22T13:32:27.037532Z,,,,,,,,,,
HE.KUNI.00.00 | 2025-07-12T19:37:50.444002Z - 2025-07-12T19:38:50.444002Z,,,,,,,,,,
HE.VRF.00.00 | 2025-07-09T20:29:38.817291Z - 2025-07-09T20:30:38.817291Z,,,,,,,,,,
UP.AAL.00.00 | 2025-11-04T03:45:35.301002Z - 2025-11-04T03:46:35.301002Z,,,,,,,,,,
HE.KY02.00.00 | 2025-05-29T21:15:22.159782Z - 2025-05-29T21:16:22.159782Z,,,,,,,,,,
HE.TVF.00.00 | 2025-10-05T03:33:11.822262Z - 2025-10-05T03:34:11.822262Z,,,,,,,,,,
HE.KPF.00.00 | 2025-09-07T13:24:32.491621Z - 2025-09-07T13:25:32.491621Z,,,,,,,,,,
HE.FIB4.00.00 | 2025-04-26T01:26:10.780976Z - 2025-04-26T01:27:10.780976Z,,,,,,,,,,
HE.KU6.00.00 | 2025-08-16T13:16:39.381210Z - 2025-08-16T13:17:39.381210Z,,,,,,,,,,
HE.ECKF.00.00 | 2025-09-02T08:21:05.753472Z - 2025-09-02T08:22:05.753472Z,,,,,,,,,,
HE.FIA2.00.00 | 2025-04-10T02:39:01.151979Z - 2025-04-10T02:40:01.151979Z,,,,,,,,,,
FN.RAJF.00.00 | 2025-12-07T04:10:53.727621Z - 2025-12-07T04:11:53.727621Z,,,,,,,,,,
HE.OUF.00.00 | 2025-02-10T08:57:59.985174Z - 2025-02-10T08:58:59.985174Z,,,,,,,,,,
FN.RAJF.00.00 | 2025-10-11T06:09:06.159608Z - 2025-10-11T06:10:06.159608Z,,,,,,,,,,
FN.RNF.00.00 | 2025-05-08T06:29:41.427353Z - 2025-05-08T06:30:41.427353Z,,,,,,,,,,
HE.HEL5.00.00 | 2025-06-12T16:57:40.562968Z - 2025-06-12T16:58:40.562968Z,,,,,,,,,,
FN.MSF.00.00 | 2025-06-10T17:00:46.770508Z - 2025-06-10T17:01:46.770508Z,,,,,,,,,,
HE.ECKF.00.00 | 2025-10-17T07:47:44.746699Z - 2025-10-17T07:48:44.746699Z,,,,,,,,,,
HE.FIC5.00.00 | 2025-11-22T02:15:10.432311Z - 2025-11-22T02:16:10.432311Z,,,,,,,,,,
HE.NIF.00.00 | 2025-05-04T19:11:13.493723Z - 2025-05-04T19:12:13.493723Z,,,,,,,,,,
HE.KUNI.00.00 | 2025-08-25T15:45:23.856123Z - 2025-08-25T15:46:23.856123Z,,,,,,,,,,
HE.FIC5.00.00 | 2025-05-12T21:42:53.830881Z - 2025-05-12T21:43:53.830881Z,,,,,,,,,,
HE.FIA2.00.00 | 2025-02-11T20:22:13.121064Z - 2025-02-11T20:23:13.121064Z,,,,,,,,,,
FN.RNF.00.00 | 2025-04-02T05:36:20.943205Z - 2025-04-02T05:37:20.943205Z,,,,,,,,,,
FN.MSF.00.00 | 2025-10-29T00:10:46.492458Z - 2025-10-29T00:11:46.492458Z,,,,,,,,,,
FN.KMNF.00.00 | 2025-03-30T02:26:33.735636Z - 2025-03-30T02:27:33.735636Z,,,,,,,,,,
HE.LOVF.00.00 | 2025-07-12T19:41:19.358948Z - 2025-07-12T19:42:19.358948Z,,,,,,,,,,
FN.RNF.00.00 | 2025-05-01T02:54:38.190407Z - 2025-05-01T02:55:38.190407Z,,,,,,,,,,
HE.OBF3.00.00 | 2025-09-14T01:35:03.236228Z - 2025-09-14T01:36:03.236228Z,,,,,,,,,,
HE.OBF8.00.00 | 2025-06-23T10:32:33.331001Z - 2025-06-23T10:33:33.331001Z,,,,,,,,,,
HE.KORF.00.00 | 2025-08-07T18:54:38.499347Z - 2025-08-07T18:55:38.499347Z,,,,,,,,,,
HE.FIB3.00.00 | 2025-12-06T03:57:07.900199Z - 2025-12-06T03:58:07.900199Z,,,,,,,,,,
HE.HEL1.00.00 | 2025-08-31T01:21:04.209356Z - 2025-08-31T01:22:04.209356Z,,,,,,,,,,
FN.RAJF.00.00 | 2025-11-11T05:29:24.642463Z - 2025-11-11T05:30:24.642463Z,,,,,,,,,,
HE.FIC4.00.00 | 2025-05-29T08:52:36.542299Z - 2025-05-29T08:53:36.542299Z,,,,,,,,,,
HE.FIB2.00.00 | 2025-04-01T04:24:25.655992Z - 2025-04-01T04:25:25.655992Z,,,,,,,,,,
HE.KAF.00.00 | 2025-01-13T00:15:27.604262Z - 2025-01-13T00:16:27.604262Z,,,,,,,,,,
HE.SUF.00.00 | 2025-02-15T00:54:48.444708Z - 2025-02-15T00:55:48.444708Z,,,,,,,,,,
HE.OUF.00.00 | 2025-08-27T13:31:24.933421Z - 2025-08-27T13:32:24.933421Z,,,,,,,,,,
HE.FIB5.00.00 | 2025-02-25T02:31:47.361062Z - 2025-02-25T02:32:47.361062Z,,,,,,,,,,
HE.TVF.00.00 | 2025-10-13T12:53:58.083553Z - 2025-10-13T12:54:58.083553Z,,,,,,,,,,
FN.RAJF.00.00 | 2025-10-25T06:04:33.842708Z - 2025-10-25T06:05:33.842708Z,,,,,,,,,,
HE.PVF.00.00 | 2025-04-29T02:14:50.614111Z - 2025-04-29T02:15:50.614111Z,,,,,,,,,,
HE.FIC2.00.00 | 2025-04-12T03:39:46.741600Z - 2025-04-12T03:40:46.741600Z,,,,,,,,,,
FN.KLF.00.00 | 2025-07-16T10:07:08.854470Z - 2025-07-16T10:08:08.854470Z,,,,,,,,,,
HE.RAF.00.00 | 2025-10-06T13:57:59.472907Z - 2025-10-06T13:58:59.472907Z,,,,,,,,,,
HE.KU1.00.00 | 2025-09-19T07:19:09.087646Z - 2025-09-19T07:20:09.087646Z,,,,,,,,,,
HE.FIA3.00.00 | 2025-02-02T03:01:30.807977Z - 2025-02-02T03:02:30.807977Z,,,,,,,,,,
HE.KU6.00.00 | 2025-06-07T13:34:25.692470Z - 2025-06-07T13:35:25.692470Z,,,,,,,,,,
HE.KY17.00.00 | 2025-11-26T07:35:23.168966Z - 2025-11-26T07:36:23.168966Z,,,,,,,,,,
FN.OLKF.00.00 | 2025-05-08T18:37:10.062671Z - 2025-05-08T18:38:10.062671Z,,,,,,,,,,
HE.HEF.00.00 | 2025-01-19T14:35:46.718805Z - 2025-01-19T14:36:46.718805Z,,,,,,,,,,
HE.FIA2.00.00 | 2025-09-10T12:26:25.055806Z - 2025-09-10T12:27:25.055806Z,,,,,,,,,,
HE.FIA2.00.00 | 2025-10-28T16:24:32.521893Z - 2025-10-28T16:25:32.521893Z,,,,,,,,,,
HE.FIC6.00.00 | 2025-04-11T07:36:13.671563Z - 2025-04-11T07:37:13.671563Z,,,,,,,,,,
HE.FIC5.00.00 | 2025-10-24T05:44:43.606265Z - 2025-10-24T05:45:43.606265Z,,,,,,,,,,
FN.RANF.00.00 | 2025-08-09T11:48:38.101893Z - 2025-08-09T11:49:38.101893Z,,,,,,,,,,
HE.HEL1.00.00 | 2025-10-09T05:10:00.041718Z - 2025-10-09T05:11:00.041718Z,,,,,,,,,,
HE.FIC1.00.00 | 2025-04-03T20:25:38.133796Z - 2025-04-03T20:26:38.133796Z,,,,,,,,,,
HE.PVF.00.00 | 2025-03-29T23:26:48.640510Z - 2025-03-29T23:27:48.640510Z,,,,,,,,,,
HE.OBF8.00.00 | 2025-06-26T12:51:34.251406Z - 2025-06-26T12:52:34.251406Z,,,,,,,,,,
FN.MSF.00.00 | 2025-12-20T10:27:54.184225Z - 2025-12-20T10:28:54.184225Z,,,,,,,,,,
HE.FIC4.00.00 | 2025-02-23T03:26:32.651620Z - 2025-02-23T03:27:32.651620Z,,,,,,,,,,
HE.OUF.00.00 | 2025-03-02T12:42:25.668401Z - 2025-03-02T12:43:25.668401Z,,,,,,,,,,
HE.RAF.00.00 | 2025-05-04T02:42:24.208801Z - 2025-05-04T02:43:24.208801Z,,,,,,,,,,
HE.FIB1.00.00 | 2025-04-04T20:26:37.015947Z - 2025-04-04T20:27:37.015947Z,,,,,,,,,,
HE.FIC2.00.00 | 2025-07-27T07:07:21.742613Z - 2025-07-27T07:08:21.742613Z,,,,,,,,,,
HE.TOF.00.00 | 2025-08-27T09:21:04.288307Z - 2025-08-27T09:22:04.288307Z,,,,,,,,,,
HE.FIC6.00.00 | 2025-11-18T20:06:36.388758Z - 2025-11-18T20:07:36.388758Z,,,,,,,,,,
HE.LOVF.00.00 | 2025-12-27T05:46:11.112235Z - 2025-12-27T05:47:11.112235Z,,,,,,,,,,
HE.FIA1.00.00 | 2025-10-17T19:15:10.692016Z - 2025-10-17T19:16:10.692016Z,,,,,,,,,,
HE.VJF.00.00 | 2025-06-04T23:01:10.614811Z - 2025-06-04T23:02:10.614811Z,,,,,,,,,,
HE.FIC1.00.00 | 2025-11-25T12:30:48.313467Z - 2025-11-25T12:31:48.313467Z,,,,,,,,,,
HE.HEF.00.00 | 2025-09-22T03:55:11.707827Z - 2025-09-22T03:56:11.707827Z,,,,,,,,,,
HE.KEF.00.00 | 2025-03-13T18:52:26.704822Z - 2025-03-13T18:53:26.704822Z,,,,,,,,,,
FN.SGF.00.00 | 2025-09-09T06:47:52.285208Z - 2025-09-09T06:48:52.285208Z,,,,,,,,,,
HE.LAUT.00.00 | 2025-03-08T05:40:25.825446Z - 2025-03-08T05:41:25.825446Z,,,,,,,,,,
HE.FIC1.00.00 | 2025-01-22T02:46:48.569081Z - 2025-01-22T02:47:48.569081Z,,,,,,,,,,
HE.FIA2.00.00 | 2025-05-05T16:37:56.896133Z - 2025-05-05T16:38:56.896133Z,,,,,,,,,,
HE.LOVF.00.00 | 2025-03-09T01:54:26.426051Z - 2025-03-09T01:55:26.426051Z,,,,,,,,,,
HE.RAF.00.00 | 2025-02-05T15:02:13.004295Z - 2025-02-05T15:03:13.004295Z,,,,,,,,,,
HE.FIA1.00.00 | 2025-07-08T14:54:28.004233Z - 2025-07-08T14:55:28.004233Z,,,,,,,,,,
HE.TOF.00.00 | 2025-06-17T02:38:30.761425Z - 2025-06-17T02:39:30.761425Z,,,,,,,,,,
HE.VJF.00.00 | 2025-07-21T08:44:19.952948Z - 2025-07-21T08:45:19.952948Z,,,,,,,,,,
HE.TVF.00.00 | 2025-08-01T02:08:52.420274Z - 2025-08-01T02:09:52.420274Z,,,,,,,,,,
HE.FIB1.00.00 | 2025-09-26T18:42:49.860226Z - 2025-09-26T18:43:49.860226Z,,,,,,,,,,
HE.OBF8.00.00 | 2025-09-03T05:20:19.886921Z - 2025-09-03T05:21:19.886921Z,,,,,,,,,,
HE.OUF.00.00 | 2025-12-08T16:20:20.583352Z - 2025-12-08T16:21:20.583352Z,,,,,,,,,,
HE.HEL1.00.00 | 2025-03-13T06:20:30.453400Z - 2025-03-13T06:21:30.453400Z,,,,,,,,,,
HE.HEL1.00.00 | 2025-09-04T05:36:41.199269Z - 2025-09-04T05:37:41.199269Z,,,,,,,,,,
HE.HEL5.00.00 | 2025-01-18T07:49:16.120226Z - 2025-01-18T07:50:16.120226Z,,,,,,,,,,
HE.FIB4.00.00 | 2025-01-19T13:55:37.956473Z - 2025-01-19T13:56:37.956473Z,,,,,,,,,,
HE.OUF.00.00 | 2025-04-11T01:26:55.515159Z - 2025-04-11T01:27:55.515159Z,,,,,,,,,,
HE.VJF.00.00 | 2025-07-15T18:44:27.159660Z - 2025-07-15T18:45:27.159660Z,,,,,,,,,,
HE.OBF8.00.00 | 2025-11-21T03:20:14.490017Z - 2025-11-21T03:21:14.490017Z,,,,,,,,,,
HE.KEF.00.00 | 2025-03-20T19:36:53.017586Z - 2025-03-20T19:37:53.017586Z,,,,,,,,,,
HE.KOFF.00.00 | 2025-12-24T00:14:06.241596Z - 2025-12-24T00:15:06.241596Z,,,,,,,,,,
HE.HEL5.00.00 | 2025-01-11T23:46:10.752062Z - 2025-01-11T23:47:10.752062Z,,,,,,,,,,
HE.RUF.00.00 | 2025-01-04T20:36:50.164013Z - 2025-01-04T20:37:50.164013Z,,,,,,,,,,
HE.MEF.00.00 | 2025-05-14T06:39:27.717509Z - 2025-05-14T06:40:27.717509Z,,,,,,,,,,
HE.OUF.00.00 | 2025-07-24T13:25:12.544415Z - 2025-07-24T13:26:12.544415Z,,,,,,,,,,
HE.OBF8.00.00 | 2025-10-16T20:22:13.581371Z - 2025-10-16T20:23:13.581371Z,,,,,,,,,,
HE.FIB2.00.00 | 2025-06-25T18:03:51.699388Z - 2025-06-25T18:04:51.699388Z,,,,,,,,,,
HE.FIA1.00.00 | 2025-12-24T05:46:01.687680Z - 2025-12-24T05:47:01.687680Z,,,,,,,,,,
HE.KU2.00.00 | 2025-01-15T05:21:44.801751Z - 2025-01-15T05:22:44.801751Z,,,,,,,,,,
HE.LOVF.00.00 | 2025-08-05T04:06:21.795978Z - 2025-08-05T04:07:21.795978Z,,,,,,,,,,
HE.KJNF.00.00 | 2025-08-06T19:20:03.104376Z - 2025-08-06T19:21:03.104376Z,,,,,,,,,,
HE.FIC1.00.00 | 2025-08-26T00:32:38.744496Z - 2025-08-26T00:33:38.744496Z,,,,,,,,,,
HE.KIF.00.00 | 2025-05-19T12:33:05.095336Z - 2025-05-19T12:34:05.095336Z,,,,,,,,,,
HE.KY02.00.00 | 2025-03-23T13:14:46.882938Z - 2025-03-23T13:15:46.882938Z,,,,,,,,,,
HE.RSUO.00.00 | 2025-05-04T12:24:54.845607Z - 2025-05-04T12:25:54.845607Z,,,,,,,,,,
HE.OBF8.00.00 | 2025-12-17T11:56:03.004440Z - 2025-12-17T11:57:03.004440Z,,,,,,,,,,
HE.LOVF.00.00 | 2025-10-09T20:49:27.716752Z - 2025-10-09T20:50:27.716752Z,,,,,,,,,,
HE.KU2.00.00 | 2025-10-31T16:23:09.026180Z - 2025-10-31T16:24:09.026180Z,,,,,,,,,,
HE.KEF.00.00 | 2025-07-02T09:09:38.371039Z - 2025-07-02T09:10:38.371039Z,,,,,,,,,,
FN.RNF.00.00 | 2025-08-05T07:31:59.420236Z - 2025-08-05T07:32:59.420236Z,,,,,,,,,,
HE.ECKF.00.00 | 2025-05-01T03:34:41.886799Z - 2025-05-01T03:35:41.886799Z,,,,,,,,,,
HE.KJNF.00.00 | 2025-01-12T07:30:12.792934Z - 2025-01-12T07:31:12.792934Z,,,,,,,,,,
HE.RMF.00.00 | 2025-05-12T12:05:29.535437Z - 2025-05-12T12:06:29.535437Z,,,,,,,,,,
FN.KMNF.00.00 | 2025-02-16T04:46:26.896992Z - 2025-02-16T04:47:26.896992Z,,,,,,,,,,
FN.RAJF.00.00 | 2025-04-17T14:49:39.891347Z - 2025-04-17T14:50:39.891347Z,,,,,,,,,,
HE.HEL5.00.00 | 2025-10-28T11:52:41.767900Z - 2025-10-28T11:53:41.767900Z,,,,,,,,,,
HE.KU6.00.00 | 2025-10-28T19:05:29.052167Z - 2025-10-28T19:06:29.052167Z,,,,,,,,,,
HE.FIB5.00.00 | 2025-06-09T20:32:44.272080Z - 2025-06-09T20:33:44.272080Z,,,,,,,,,,
HE.FIB4.00.00 | 2025-06-08T21:08:01.830947Z - 2025-06-08T21:09:01.830947Z,,,,,,,,,,
HE.TOF.00.00 | 2025-10-18T17:56:19.254090Z - 2025-10-18T17:57:19.254090Z,,,,,,,,,,
HE.FIC3.00.00 | 2025-10-22T04:20:40.490806Z - 2025-10-22T04:21:40.490806Z,,,,,,,,,,
HE.HEF.00.00 | 2025-10-08T11:01:28.973597Z - 2025-10-08T11:02:28.973597Z,,,,,,,,,,
HE.TOF.00.00 | 2025-09-24T03:10:51.373061Z - 2025-09-24T03:11:51.373061Z,,,,,,,,,,
FN.RANF.00.00 | 2025-08-04T08:14:58.527284Z - 2025-08-04T08:15:58.527284Z,,,,,,,,,,
HE.TOF.00.00 | 2025-03-10T11:38:44.138163Z - 2025-03-10T11:39:44.138163Z,,,,,,,,,,
FN.RANF.00.00 | 2025-11-07T02:22:09.155108Z - 2025-11-07T02:23:09.155108Z,,,,,,,,,,
UP.AAL.00.00 | 2025-02-16T18:01:26.623701Z - 2025-02-16T18:02:26.623701Z,,,,,,,,,,
HE.FIC6.00.00 | 2025-02-15T17:59:46.225473Z - 2025-02-15T18:00:46.225473Z,,,,,,,,,,
FN.SGF.00.00 | 2025-01-05T06:13:48.370971Z - 2025-01-05T06:14:48.370971Z,,,,,,,,,,
HE.OBF3.00.00 | 2025-08-09T23:56:18.217615Z - 2025-08-09T23:57:18.217615Z,,,,,,,,,,
HE.FIC4.00.00 | 2025-01-25T06:56:42.069068Z - 2025-01-25T06:57:42.069068Z,,,,,,,,,,
HE.VUOS.00.00 | 2025-03-18T22:48:41.218863Z - 2025-03-18T22:49:41.218863Z,,,,,,,,,,
HE.FIC3.00.00 | 2025-08-06T18:09:11.115203Z - 2025-08-06T18:10:11.115203Z,,,,,,,,,,
HE.HEL5.00.00 | 2025-09-25T22:16:01.181291Z - 2025-09-25T22:17:01.181291Z,,,,,,,,,,
HE.LAUT.00.00 | 2025-06-01T21:41:10.737010Z - 2025-06-01T21:42:10.737010Z,,,,,,,,,,
FN.OUL.00.00 | 2025-11-13T19:16:29.519686Z - 2025-11-13T19:17:29.519686Z,,,,,,,,,,
HE.FIB3.00.00 | 2025-06-14T11:43:22.262590Z - 2025-06-14T11:44:22.262590Z,,,,,,,,,,
HE.KJNF.00.00 | 2025-04-15T23:14:21.212132Z - 2025-04-15T23:15:21.212132Z,,,,,,,,,,
HE.FIA0.00.00 | 2025-06-30T22:00:06.251570Z - 2025-06-30T22:01:06.251570Z,,,,,,,,,,
FN.RAJF.00.00 | 2025-05-07T03:14:53.706664Z - 2025-05-07T03:15:53.706664Z,,,,,,,,,,
FN.OLKF.00.00 | 2025-10-26T00:13:50.994647Z - 2025-10-26T00:14:50.994647Z,,,,,,,,,,
HE.SUF.00.00 | 2025-03-30T08:20:18.598910Z - 2025-03-30T08:21:18.598910Z,,,,,,,,,,
FN.SGF.00.00 | 2025-09-27T04:49:44.486588Z - 2025-09-27T04:50:44.486588Z,,,,,,,,,,
HE.VUOS.00.00 | 2025-11-28T14:18:50.137212Z - 2025-11-28T14:19:50.137212Z,,,,,,,,,,
FN.KLF.00.00 | 2025-04-22T15:44:09.287844Z - 2025-04-22T15:45:09.287844Z,,,,,,,,,,
HE.KORF.00.00 | 2025-01-06T16:30:41.060584Z - 2025-01-06T16:31:41.060584Z,,,,,,,,,,
FN.KLF.00.00 | 2025-11-23T02:40:59.897632Z - 2025-11-23T02:41:59.897632Z,,,,,,,,,,
FN.SGF.00.00 | 2025-05-23T13:51:27.244226Z - 2025-05-23T13:52:27.244226Z,,,,,,,,,,
HE.ECKF.00.00 | 2025-10-23T01:09:55.397152Z - 2025-10-23T01:10:55.397152Z,,,,,,,,,,
HE.RMF.00.00 | 2025-09-11T03:29:33.648871Z - 2025-09-11T03:30:33.648871Z,,,,,,,,,,
HE.TRE03.00.00 | 2025-04-26T19:06:31.124757Z - 2025-04-26T19:07:31.124757Z,,,,,,,,,,
HE.LAUT.00.00 | 2025-06-25T06:00:42.861374Z - 2025-06-25T06:01:42.861374Z,,,,,,,,,,
HE.RAF.00.00 | 2025-08-22T02:56:25.463444Z - 2025-08-22T02:57:25.463444Z,,,,,,,,,,
HE.FIC3.00.00 | 2025-06-16T23:49:47.360568Z - 2025-06-16T23:50:47.360568Z,,,,,,,,,,
HE.TRE03.00.00 | 2025-05-02T03:44:30.416858Z - 2025-05-02T03:45:30.416858Z,,,,,,,,,,
UP.AAL.00.00 | 2025-10-14T15:38:45.325255Z - 2025-10-14T15:39:45.325255Z,,,,,,,,,,
HE.KU6.00.00 | 2025-05-20T19:49:07.811194Z - 2025-05-20T19:50:07.811194Z,,,,,,,,,,
HE.KJNF.00.00 | 2025-08-25T00:28:34.106180Z - 2025-08-25T00:29:34.106180Z,,,,,,,,,,
HE.FIC1.00.00 | 2025-04-09T21:18:41.643592Z - 2025-04-09T21:19:41.643592Z,,,,,,,,,,
HE.NUR.00.00 | 2025-07-12T16:12:31.742765Z - 2025-07-12T16:13:31.742765Z,,,,,,,,,,
FN.KMNF.00.00 | 2025-05-11T15:04:24.778940Z - 2025-05-11T15:05:24.778940Z,,,,,,,,,,
HE.TOF.00.00 | 2025-09-02T17:47:27.111261Z - 2025-09-02T17:48:27.111261Z,,,,,,,,,,
FN.SGF.00.00 | 2025-01-13T16:37:14.067727Z - 2025-01-13T16:38:14.067727Z,,,,,,,,,,
HE.OBF3.00.00 | 2025-04-01T02:44:02.451089Z - 2025-04-01T02:45:02.451089Z,,,,,,,,,,
HE.KJNF.00.00 | 2025-03-14T07:08:22.365377Z - 2025-03-14T07:09:22.365377Z,,,,,,,,,,
HE.RAF.00.00 | 2025-08-29T04:32:55.932665Z - 2025-08-29T04:33:55.932665Z,,,,,,,,,,
HE.TVF.00.00 | 2025-07-25T01:37:16.453340Z - 2025-07-25T01:38:16.453340Z,,,,,,,,,,
HE.FIA1.00.00 | 2025-11-08T04:12:29.079319Z - 2025-11-08T04:13:29.079319Z,,,,,,,,,,
HE.FIC3.00.00 | 2025-02-05T08:59:10.122376Z - 2025-02-05T09:00:10.122376Z,,,,,,,,,,
HE.OBF3.00.00 | 2025-10-11T00:49:54.139446Z - 2025-10-11T00:50:54.139446Z,,,,,,,,,,
FN.MSF.00.00 | 2025-01-11T00:47:18.644806Z - 2025-01-11T00:48:18.644806Z,,,,,,,,,,
HE.FIB3.00.00 | 2025-09-06T15:01:27.933220Z - 2025-09-06T15:02:27.933220Z,,,,,,,,,,
HE.TRE03.00.00 | 2025-09-29T22:39:45.541950Z - 2025-09-29T22:40:45.541950Z,,,,,,,,,,
HE.FIB2.00.00 | 2025-04-16T20:24:50.459477Z - 2025-04-16T20:25:50.459477Z,,,,,,,,,,
HE.MEF.00.00 | 2025-08-12T06:20:57.243746Z - 2025-08-12T06:21:57.243746Z,,,,,,,,,,
HE.KJNF.00.00 | 2025-08-25T19:07:28.699340Z - 2025-08-25T19:08:28.699340Z,,,,,,,,,,
HE.OUF.00.00 | 2025-02-08T18:15:01.407750Z - 2025-02-08T18:16:01.407750Z,,,,,,,,,,
HE.FIB6.00.00 | 2025-08-24T16:38:22.675047Z - 2025-08-24T16:39:22.675047Z,,,,,,,,,,
FN.SGF.00.00 | 2025-12-28T12:58:17.663749Z - 2025-12-28T12:59:17.663749Z,,,,,,,,,,
HE.KPF.00.00 | 2025-03-13T08:35:51.852387Z - 2025-03-13T08:36:51.852387Z,,,,,,,,,,
HE.KU6.00.00 | 2025-09-18T12:01:25.795536Z - 2025-09-18T12:02:25.795536Z,,,,,,,,,,
HE.FIB3.00.00 | 2025-08-18T10:29:21.404477Z - 2025-08-18T10:30:21.404477Z,,,,,,,,,,
HE.KU1.00.00 | 2025-11-01T23:34:04.693897Z - 2025-11-01T23:35:04.693897Z,,,,,,,,,,
FN.MSF.00.00 | 2025-09-05T20:52:31.822901Z - 2025-09-05T20:53:31.822901Z,,,,,,,,,,
FN.OLKF.00.00 | 2025-06-21T13:50:17.465128Z - 2025-06-21T13:51:17.465128Z,,,,,,,,,,
HE.HEL2.00.00 | 2025-09-11T18:50:05.533902Z - 2025-09-11T18:51:05.533902Z,,,,,,,,,,
HE.NIF.00.00 | 2025-07-22T15:35:59.570336Z - 2025-07-22T15:36:59.570336Z,,,,,,,,,,
HE.HEF.00.00 | 2025-03-28T08:23:22.935382Z - 2025-03-28T08:24:22.935382Z,,,,,,,,,,
HE.HEL1.00.00 | 2025-09-25T10:56:49.741342Z - 2025-09-25T10:57:49.741342Z,,,,,,,,,,
HE.KIF.00.00 | 2025-03-04T13:30:23.462054Z - 2025-03-04T13:31:23.462054Z,,,,,,,,,,
HE.KU2.00.00 | 2025-04-07T02:59:51.393195Z - 2025-04-07T03:00:51.393195Z,,,,,,,,,,
FN.RAJF.00.00 | 2025-11-20T19:40:45.153525Z - 2025-11-20T19:41:45.153525Z,,,,,,,,,,
HE.VJF.00.00 | 2025-07-27T06:56:30.843924Z - 2025-07-27T06:57:30.843924Z,,,,,,,,,,
HE.RSUO.00.00 | 2025-07-22T20:39:31.015736Z - 2025-07-22T20:40:31.015736Z,,,,,,,,,,
HE.KY17.00.00 | 2025-06-01T19:00:54.117580Z - 2025-06-01T19:01:54.117580Z,,,,,,,,,,
FN.OLKF.00.00 | 2025-01-09T00:28:30.110026Z - 2025-01-09T00:29:30.110026Z,,,,,,,,,,
HE.FIA1.00.00 | 2025-03-11T12:29:10.962779Z - 2025-03-11T12:30:10.962779Z,,,,,,,,,,
HE.MEF.00.00 | 2025-04-02T16:48:53.805107Z - 2025-04-02T16:49:53.805107Z,,,,,,,,,,
HE.ECKF.00.00 | 2025-03-25T05:06:47.208497Z - 2025-03-25T05:07:47.208497Z,,,,,,,,,,
HE.VRF.00.00 | 2025-05-06T21:01:37.997433Z - 2025-05-06T21:02:37.997433Z,,,,,,,,,,
HE.KY02.00.00 | 2025-03-17T21:04:17.353160Z - 2025-03-17T21:05:17.353160Z,,,,,,,,,,
HE.FIC2.00.00 | 2025-01-27T14:47:24.720435Z - 2025-01-27T14:48:24.720435Z,,,,,,,,,,
FN.OLKF.00.00 | 2025-01-18T13:33:03.817140Z - 2025-01-18T13:34:03.817140Z,,,,,,,,,,
HE.OBF8.00.00 | 2025-10-28T18:17:00.871257Z - 2025-10-28T18:18:00.871257Z,,,,,,,,,,
HE.FIB5.00.00 | 2025-02-07T00:24:26.317817Z - 2025-02-07T00:25:26.317817Z,,,,,,,,,,
HE.RUF.00.00 | 2025-06-07T01:14:00.037172Z - 2025-06-07T01:15:00.037172Z,,,,,,,,,,
HE.RAF.00.00 | 2025-07-12T19:55:38.735521Z - 2025-07-12T19:56:38.735521Z,,,,,,,,,,
HE.KIF.00.00 | 2025-12-13T22:10:12.309370Z - 2025-12-13T22:11:12.309370Z,,,,,,,,,,
HE.ALAJF.00.00 | 2025-07-01T01:12:06.407266Z - 2025-07-01T01:13:06.407266Z,,,,,,,,,,
HE.KUNI.00.00 | 2025-11-30T23:47:49.405549Z - 2025-11-30T23:48:49.405549Z,,,,,,,,,,
HE.VRF.00.00 | 2025-10-22T15:08:46.075745Z - 2025-10-22T15:09:46.075745Z,,,,,,,,,,
HE.MEF.00.00 | 2025-02-20T03:55:05.760410Z - 2025-02-20T03:56:05.760410Z,,,,,,,,,,
HE.FIB3.00.00 | 2025-06-27T16:29:04.307241Z - 2025-06-27T16:30:04.307241Z,,,,,,,,,,
HE.KORF.00.00 | 2025-08-29T19:07:57.009672Z - 2025-08-29T19:08:57.009672Z,,,,,,,,,,
HE.OBF0.00.00 | 2025-08-05T18:07:25.181767Z - 2025-08-05T18:08:25.181767Z,,,,,,,,,,
HE.KEF.00.00 | 2025-09-10T16:21:43.130895Z - 2025-09-10T16:22:43.130895Z,,,,,,,,,,
HE.HEL1.00.00 | 2025-09-04T21:07:45.875132Z - 2025-09-04T21:08:45.875132Z,,,,,,,,,,
HE.HEL5.00.00 | 2025-12-26T03:23:35.046142Z - 2025-12-26T03:24:35.046142Z,,,,,,,,,,
HE.KU1.00.00 | 2025-10-09T15:43:01.953843Z - 2025-10-09T15:44:01.953843Z,,,,,,,,,,
HE.FIC2.00.00 | 2025-09-19T06:13:04.780318Z - 2025-09-19T06:14:04.780318Z,,,,,,,,,,
HE.RUF.00.00 | 2025-02-10T16:22:54.885137Z - 2025-02-10T16:23:54.885137Z,,,,,,,,,,
HE.FIA1.00.00 | 2025-04-30T15:16:00.693898Z - 2025-04-30T15:17:00.693898Z,,,,,,,,,,
HE.OBF0.00.00 | 2025-12-13T13:08:06.951906Z - 2025-12-13T13:09:06.951906Z,,,,,,,,,,
HE.FIA3.00.00 | 2025-07-21T18:13:50.215860Z - 2025-07-21T18:14:50.215860Z,,,,,,,,,,
HE.FIC3.00.00 | 2025-07-19T05:27:28.632805Z - 2025-07-19T05:28:28.632805Z,,,,,,,,,,
HE.SUF.00.00 | 2025-08-16T06:57:56.137382Z - 2025-08-16T06:58:56.137382Z,,,,,,,,,,
HE.FIB1.00.00 | 2025-07-16T13:21:53.914114Z - 2025-07-16T13:22:53.914114Z,,,,,,,,,,
HE.PVF.00.00 | 2025-10-28T12:24:50.977659Z - 2025-10-28T12:25:50.977659Z,,,,,,,,,,
HE.RMF.00.00 | 2025-09-09T11:33:48.337039Z - 2025-09-09T11:34:48.337039Z,,,,,,,,,,
HE.OBF8.00.00 | 2025-06-03T08:37:47.919922Z - 2025-06-03T08:38:47.919922Z,,,,,,,,,,
HE.TOF.00.00 | 2025-09-16T01:32:01.195265Z - 2025-09-16T01:33:01.195265Z,,,,,,,,,,
HE.HEL5.00.00 | 2025-11-26T02:11:43.922220Z - 2025-11-26T02:12:43.922220Z,,,,,,,,,,
HE.KU6.00.00 | 2025-10-14T09:39:35.520001Z - 2025-10-14T09:40:35.520001Z,,,,,,,,,,
HE.MEF.00.00 | 2025-08-15T18:56:49.565819Z - 2025-08-15T18:57:49.565819Z,,,,,,,,,,
HE.ALAJF.00.00 | 2025-10-12T22:29:12.822616Z - 2025-10-12T22:30:12.822616Z,,,,,,,,,,
HE.HEL5.00.00 | 2025-03-03T09:01:06.917935Z - 2025-03-03T09:02:06.917935Z,,,,,,,,,,
HE.FIB4.00.00 | 2025-07-31T21:13:22.959034Z - 2025-07-31T21:14:22.959034Z,,,,,,,,,,
HE.FIC4.00.00 | 2025-07-15T07:49:43.905831Z - 2025-07-15T07:50:43.905831Z,,,,,,,,,,
HE.VJF.00.00 | 2025-03-17T07:32:27.839371Z - 2025-03-17T07:33:27.839371Z,,,,,,,,,,
HE.JOF.00.00 | 2025-02-24T11:18:02.591389Z - 2025-02-24T11:19:02.591389Z,,,,,,,,,,
HE.RMF.00.00 | 2025-12-25T02:47:36.497521Z - 2025-12-25T02:48:36.497521Z,,,,,,,,,,
HE.FIB1.00.00 | 2025-11-02T00:18:42.669910Z - 2025-11-02T00:19:42.669910Z,,,,,,,,,,
HE.HEF.00.00 | 2025-06-07T09:50:30.843785Z - 2025-06-07T09:51:30.843785Z,,,,,,,,,,
HE.KJNF.00.00 | 2025-02-12T19:58:30.672770Z - 2025-02-12T19:59:30.672770Z,,,,,,,,,,
HE.ECKF.00.00 | 2025-08-09T06:59:52.325885Z - 2025-08-09T07:00:52.325885Z,,,,,,,,,,
HE.KPF.00.00 | 2025-03-12T17:40:16.575767Z - 2025-03-12T17:41:16.575767Z,,,,,,,,,,
HE.HEL2.00.00 | 2025-11-06T11:13:14.495332Z - 2025-11-06T11:14:14.495332Z,,,,,,,,,,
HE.FIB2.00.00 | 2025-11-08T22:21:10.556497Z - 2025-11-08T22:22:10.556497Z,,,,,,,,,,
HE.LOVF.00.00 | 2025-11-07T17:27:20.338290Z - 2025-11-07T17:28:20.338290Z,,,,,,,,,,
HE.RUF.00.00 | 2025-05-03T09:10:58.642879Z - 2025-05-03T09:11:58.642879Z,,,,,,,,,,
FN.RAJF.00.00 | 2025-02-13T16:19:27.875012Z - 2025-02-13T16:20:27.875012Z,,,,,,,,,,
HE.KU1.00.00 | 2025-07-06T08:21:23.513825Z - 2025-07-06T08:22:23.513825Z,,,,,,,,,,
HE.JOF.00.00 | 2025-09-11T04:50:15.724052Z - 2025-09-11T04:51:15.724052Z,,,,,,,,,,
HE.KY02.00.00 | 2025-03-27T03:58:37.349330Z - 2025-03-27T03:59:37.349330Z,,,,,,,,,,
FN.SGF.00.00 | 2025-11-07T03:33:17.971430Z - 2025-11-07T03:34:17.971430Z,,,,,,,,,,
HE.PVF.00.00 | 2025-01-31T05:39:53.208259Z - 2025-01-31T05:40:53.208259Z,,,,,,,,,,
HE.OBF3.00.00 | 2025-07-01T14:03:10.157770Z - 2025-07-01T14:04:10.157770Z,,,,,,,,,,
FN.OLKF.00.00 | 2025-10-23T03:06:44.328023Z - 2025-10-23T03:07:44.328023Z,,,,,,,,,,
HE.FIB2.00.00 | 2025-01-06T01:46:14.167970Z - 2025-01-06T01:47:14.167970Z,,,,,,,,,,
HE.RAF.00.00 | 2025-05-12T13:31:35.514478Z - 2025-05-12T13:32:35.514478Z,,,,,,,,,,
HE.VAF.00.00 | 2025-07-30T05:47:33.536436Z - 2025-07-30T05:48:33.536436Z,,,,,,,,,,
HE.FIC6.00.00 | 2025-02-12T05:46:44.700012Z - 2025-02-12T05:47:44.700012Z,,,,,,,,,,
HE.RSUO.00.00 | 2025-08-25T13:36:45.999164Z - 2025-08-25T13:37:45.999164Z,,,,,,,,,,
HE.OBF0.00.00 | 2025-03-12T16:54:25.487030Z - 2025-03-12T16:55:25.487030Z,,,,,,,,,,
HE.MEF.00.00 | 2025-12-05T15:18:33.634748Z - 2025-12-05T15:19:33.634748Z,,,,,,,,,,
HE.FIB3.00.00 | 2025-11-04T21:49:13.638957Z - 2025-11-04T21:50:13.638957Z,,,,,,,,,,
FN.OLKF.00.00 | 2025-08-21T14:00:25.043259Z - 2025-08-21T14:01:25.043259Z,,,,,,,,,,
HE.KJNF.00.00 | 2025-09-29T14:31:14.249307Z - 2025-09-29T14:32:14.249307Z,,,,,,,,,,
FN.OLKF.00.00 | 2025-07-12T00:06:16.200594Z - 2025-07-12T00:07:16.200594Z,,,,,,,,,,
HE.KY02.00.00 | 2025-03-17T17:50:45.580604Z - 2025-03-17T17:51:45.580604Z,,,,,,,,,,
HE.KY17.00.00 | 2025-02-22T08:43:53.418767Z - 2025-02-22T08:44:53.418767Z,,,,,,,,,,
HE.FIC1.00.00 | 2025-09-10T08:25:38.293516Z - 2025-09-10T08:26:38.293516Z,,,,,,,,,,
HE.RUF.00.00 | 2025-06-23T15:26:16.260393Z - 2025-06-23T15:27:16.260393Z,,,,,,,,,,
HE.HEL1.00.00 | 2025-03-16T12:07:56.139969Z - 2025-03-16T12:08:56.139969Z,,,,,,,,,,
HE.FIC2.00.00 | 2025-09-29T23:08:56.532476Z - 2025-09-29T23:09:56.532476Z,,,,,,,,,,
HE.TRE03.00.00 | 2025-06-16T05:41:55.818005Z - 2025-06-16T05:42:55.818005Z,,,,,,,,,,
HE.RAF.00.00 | 2025-03-11T05:10:47.478335Z - 2025-03-11T05:11:47.478335Z,,,,,,,,,,
HE.LAUT.00.00 | 2025-12-29T21:11:17.572893Z - 2025-12-29T21:12:17.572893Z,,,,,,,,,,
FN.RANF.00.00 | 2025-05-19T23:42:32.391763Z - 2025-05-19T23:43:32.391763Z,,,,,,,,,,
HE.KEV.00.00 | 2025-09-23T19:23:42.055202Z - 2025-09-23T19:24:42.055202Z,,,,,,,,,,
HE.NUR.00.00 | 2025-02-05T04:44:46.624162Z - 2025-02-05T04:45:46.624162Z,,,,,,,,,,
HE.FIC5.00.00 | 2025-03-03T12:21:03.590543Z - 2025-03-03T12:22:03.590543Z,,,,,,,,,,
HE.OBF0.00.00 | 2025-03-19T19:17:35.998827Z - 2025-03-19T19:18:35.998827Z,,,,,,,,,,
HE.JOF.00.00 | 2025-09-05T01:59:54.325366Z - 2025-09-05T02:00:54.325366Z,,,,,,,,,,
HE.FIB4.00.00 | 2025-09-10T07:31:39.643377Z - 2025-09-10T07:32:39.643377Z,,,,,,,,,,
HE.KU1.00.00 | 2025-08-14T12:10:20.974921Z - 2025-08-14T12:11:20.974921Z,,,,,,,,,,
HE.FIA1.00.00 | 2025-06-07T04:04:14.920251Z - 2025-06-07T04:05:14.920251Z,,,,,,,,,,
HE.FIB3.00.00 | 2025-07-13T04:10:07.647959Z - 2025-07-13T04:11:07.647959Z,,,,,,,,,,
FN.OUL.00.00 | 2025-04-18T17:49:44.612834Z - 2025-04-18T17:50:44.612834Z,,,,,,,,,,
HE.KU1.00.00 | 2025-08-29T20:51:45.644484Z - 2025-08-29T20:52:45.644484Z,,,,,,,,,,
HE.OBF3.00.00 | 2025-01-11T13:21:21.898207Z - 2025-01-11T13:22:21.898207Z,,,,,,,,,,
HE.HEF.00.00 | 2025-06-06T21:18:02.128477Z - 2025-06-06T21:19:02.128477Z,,,,,,,,,,
HE.FIB1.00.00 | 2025-04-29T05:04:33.825759Z - 2025-04-29T05:05:33.825759Z,,,,,,,,,,
HE.JOF.00.00 | 2025-12-22T09:04:23.943185Z - 2025-12-22T09:05:23.943185Z,,,,,,,,,,
HE.RAF.00.00 | 2025-10-04T01:22:28.255621Z - 2025-10-04T01:23:28.255621Z,,,,,,,,,,
HE.FIC5.00.00 | 2025-12-08T23:37:19.328388Z - 2025-12-08T23:38:19.328388Z,,,,,,,,,,
FN.RAJF.00.00 | 2025-10-07T11:11:05.363559Z - 2025-10-07T11:12:05.363559Z,,,,,,,,,,
FN.OLKF.00.00 | 2025-12-14T00:11:31.382461Z - 2025-12-14T00:12:31.382461Z,,,,,,,,,,
HE.KY02.00.00 | 2025-07-07T13:29:33.564628Z - 2025-07-07T13:30:33.564628Z,,,,,,,,,,
HE.KUNI.00.00 | 2025-11-15T17:45:26.394765Z - 2025-11-15T17:46:26.394765Z,,,,,,,,,,
HE.RSUO.00.00 | 2025-05-26T02:32:10.658860Z - 2025-05-26T02:33:10.658860Z,,,,,,,,,,
HE.FIB5.00.00 | 2025-10-09T13:35:41.804102Z - 2025-10-09T13:36:41.804102Z,,,,,,,,,,
HE.OBF3.00.00 | 2025-11-24T09:42:06.069277Z - 2025-11-24T09:43:06.069277Z,,,,,,,,,,
HE.TRE03.00.00 | 2025-08-30T21:41:57.025112Z - 2025-08-30T21:42:57.025112Z,,,,,,,,,,
HE.HEL1.00.00 | 2025-07-13T00:20:37.377324Z - 2025-07-13T00:21:37.377324Z,,,,,,,,,,
HE.RUF.00.00 | 2025-05-06T05:02:46.807779Z - 2025-05-06T05:03:46.807779Z,,,,,,,,,,
UP.AAL.00.00 | 2025-09-16T13:57:46.723860Z - 2025-09-16T13:58:46.723860Z,,,,,,,,,,
HE.KU1.00.00 | 2025-11-06T03:18:52.850555Z - 2025-11-06T03:19:52.850555Z,,,,,,,,,,
HE.KEF.00.00 | 2025-08-09T13:40:19.735128Z - 2025-08-09T13:41:19.735128Z,,,,,,,,,,
HE.NUR.00.00 | 2025-07-03T10:00:07.707642Z - 2025-07-03T10:01:07.707642Z,,,,,,,,,,
HE.FIA3.00.00 | 2025-09-04T04:48:49.408411Z - 2025-09-04T04:49:49.408411Z,,,,,,,,,,
HE.FIC6.00.00 | 2025-12-29T13:32:46.168299Z - 2025-12-29T13:33:46.168299Z,,,,,,,,,,
HE.FIB4.00.00 | 2025-06-24T20:21:32.504472Z - 2025-06-24T20:22:32.504472Z,,,,,,,,,,
HE.FIC3.00.00 | 2025-05-14T06:01:58.730501Z - 2025-05-14T06:02:58.730501Z,,,,,,,,,,
FN.MSF.00.00 | 2025-07-29T23:14:55.150441Z - 2025-07-29T23:15:55.150441Z,,,,,,,,,,
HE.JOF.00.00 | 2025-07-17T09:24:10.685980Z - 2025-07-17T09:25:10.685980Z,,,,,,,,,,
UP.AAL.00.00 | 2025-10-01T05:40:22.166294Z - 2025-10-01T05:41:22.166294Z,,,,,,,,,,
HE.KOFF.00.00 | 2025-11-15T06:04:16.932022Z - 2025-11-15T06:05:16.932022Z,,,,,,,,,,
HE.VRF.00.00 | 2025-09-14T12:04:52.548863Z - 2025-09-14T12:05:52.548863Z,,,,,,,,,,
FN.KMNF.00.00 | 2025-04-05T21:09:13.423583Z - 2025-04-05T21:10:13.423583Z,,,,,,,,,,
HE.MEF.00.00 | 2025-02-02T14:10:02.844985Z - 2025-02-02T14:11:02.844985Z,,,,,,,,,,
UP.AAL.00.00 | 2025-10-14T21:45:18.324953Z - 2025-10-14T21:46:18.324953Z,,,,,,,,,,
HE.KJNF.00.00 | 2025-11-08T14:51:43.544516Z - 2025-11-08T14:52:43.544516Z,,,,,,,,,,
HE.OBF0.00.00 | 2025-06-26T23:10:26.048358Z - 2025-06-26T23:11:26.048358Z,,,,,,,,,,
HE.TOF.00.00 | 2025-03-24T15:42:13.006085Z - 2025-03-24T15:43:13.006085Z,,,,,,,,,,
HE.KY02.00.00 | 2025-03-05T19:31:39.343734Z - 2025-03-05T19:32:39.343734Z,,,,,,,,,,
HE.HEL2.00.00 | 2025-02-26T09:00:47.342903Z - 2025-02-26T09:01:47.342903Z,,,,,,,,,,
HE.KU6.00.00 | 2025-02-18T05:44:19.066219Z - 2025-02-18T05:45:19.066219Z,,,,,,,,,,
UP.AAL.00.00 | 2025-11-05T19:26:01.375586Z - 2025-11-05T19:27:01.375586Z,,,,,,,,,,
HE.OBF3.00.00 | 2025-12-25T00:29:15.513097Z - 2025-12-25T00:30:15.513097Z,,,,,,,,,,
HE.HEF.00.00 | 2025-11-15T11:32:37.514681Z - 2025-11-15T11:33:37.514681Z,,,,,,,,,,
HE.FIB1.00.00 | 2025-11-16T17:03:44.033411Z - 2025-11-16T17:04:44.033411Z,,,,,,,,,,
FN.OLKF.00.00 | 2025-09-24T11:16:09.701822Z - 2025-09-24T11:17:09.701822Z,,,,,,,,,,
HE.FIC5.00.00 | 2025-03-20T19:03:48.549382Z - 2025-03-20T19:04:48.549382Z,,,,,,,,,,
HE.OBF0.00.00 | 2025-01-05T23:12:25.866230Z - 2025-01-05T23:13:25.866230Z,,,,,,,,,,
HE.KEV.00.00 | 2025-10-21T22:21:50.347084Z - 2025-10-21T22:22:50.347084Z,,,,,,,,,,
HE.KORF.00.00 | 2025-08-06T19:45:01.845989Z - 2025-08-06T19:46:01.845989Z,,,,,,,,,,
HE.FIA2.00.00 | 2025-05-07T04:37:55.435209Z - 2025-05-07T04:38:55.435209Z,,,,,,,,,,
HE.TOF.00.00 | 2025-11-22T19:49:13.891843Z - 2025-11-22T19:50:13.891843Z,,,,,,,,,,
HE.MEF.00.00 | 2025-03-04T11:42:08.481047Z - 2025-03-04T11:43:08.481047Z,,,,,,,,,,
HE.HEL1.00.00 | 2025-05-31T08:30:39.353362Z - 2025-05-31T08:31:39.353362Z,,,,,,,,,,
HE.LAUT.00.00 | 2025-09-28T21:46:21.970906Z - 2025-09-28T21:47:21.970906Z,,,,,,,,,,
HE.KAF.00.00 | 2025-09-16T16:01:05.258391Z - 2025-09-16T16:02:05.258391Z,,,,,,,,,,
HE.VAF.00.00 | 2025-06-28T10:14:18.398442Z - 2025-06-28T10:15:18.398442Z,,,,,,,,,,
HE.HEL5.00.00 | 2025-04-23T06:43:51.632623Z - 2025-04-23T06:44:51.632623Z,,,,,,,,,,
HE.HEL1.00.00 | 2025-12-09T02:51:49.831829Z - 2025-12-09T02:52:49.831829Z,,,,,,,,,,
HE.FIA3.00.00 | 2025-02-13T17:27:31.751336Z - 2025-02-13T17:28:31.751336Z,,,,,,,,,,
HE.PVF.00.00 | 2025-09-13T03:12:30.485156Z - 2025-09-13T03:13:30.485156Z,,,,,,,,,,
HE.RUF.00.00 | 2025-08-29T02:23:55.647674Z - 2025-08-29T02:24:55.647674Z,,,,,,,,,,
FN.RNF.00.00 | 2025-02-19T06:43:39.701683Z - 2025-02-19T06:44:39.701683Z,,,,,,,,,,
HE.PVF.00.00 | 2025-12-16T07:22:16.862317Z - 2025-12-16T07:23:16.862317Z,,,,,,,,,,
HE.TRE03.00.00 | 2025-01-07T19:14:53.633441Z - 2025-01-07T19:15:53.633441Z,,,,,,,,,,
HE.LOVF.00.00 | 2025-07-17T22:03:33.352701Z - 2025-07-17T22:04:33.352701Z,,,,,,,,,,
HE.SUF.00.00 | 2025-03-22T03:19:11.737859Z - 2025-03-22T03:20:11.737859Z,,,,,,,,,,
HE.FIC2.00.00 | 2025-07-08T13:17:57.129460Z - 2025-07-08T13:18:57.129460Z,,,,,,,,,,
UP.AAL.00.00 | 2025-03-05T13:29:25.329080Z - 2025-03-05T13:30:25.329080Z,,,,,,,,,,
HE.KORF.00.00 | 2025-10-22T01:52:50.465807Z - 2025-10-22T01:53:50.465807Z,,,,,,,,,,
HE.FIB4.00.00 | 2025-09-04T16:24:21.765221Z - 2025-09-04T16:25:21.765221Z,,,,,,,,,,
FN.RNF.00.00 | 2025-12-02T01:51:57.782505Z - 2025-12-02T01:52:57.782505Z,,,,,,,,,,
HE.VAF.00.00 | 2025-07-14T07:03:21.626140Z - 2025-07-14T07:04:21.626140Z,,,,,,,,,,
HE.HEL1.00.00 | 2025-05-07T03:01:44.620444Z - 2025-05-07T03:02:44.620444Z,,,,,,,,,,
FN.KMNF.00.00 | 2025-12-13T11:31:50.300703Z - 2025-12-13T11:32:50.300703Z,,,,,,,,,,
HE.LAUT.00.00 | 2025-07-15T07:17:34.151401Z - 2025-07-15T07:18:34.151401Z,,,,,,,,,,
HE.FIC3.00.00 | 2025-03-06T03:00:02.332369Z - 2025-03-06T03:01:02.332369Z,,,,,,,,,,
HE.PVF.00.00 | 2025-11-09T05:53:58.156874Z - 2025-11-09T05:54:58.156874Z,,,,,,,,,,
HE.RSUO.00.00 | 2025-11-30T12:10:42.403887Z - 2025-11-30T12:11:42.403887Z,,,,,,,,,,
FN.MSF.00.00 | 2025-07-11T20:23:12.412244Z - 2025-07-11T20:24:12.412244Z,,,,,,,,,,
HE.FIA3.00.00 | 2025-10-14T20:52:15.192660Z - 2025-10-14T20:53:15.192660Z,,,,,,,,,,
FN.KMNF.00.00 | 2025-09-18T02:46:35.374915Z - 2025-09-18T02:47:35.374915Z,,,,,,,,,,
UP.AAL.00.00 | 2025-01-06T03:48:40.685734Z - 2025-01-06T03:49:40.685734Z,,,,,,,,,,
HE.HEF.00.00 | 2025-11-23T22:27:38.298709Z - 2025-11-23T22:28:38.298709Z,,,,,,,,,,
HE.TRE03.00.00 | 2025-09-28T07:15:28.091519Z - 2025-09-28T07:16:28.091519Z,,,,,,,,,,
HE.KORF.00.00 | 2025-01-30T11:58:06.666900Z - 2025-01-30T11:59:06.666900Z,,,,,,,,,,
FN.KMNF.00.00 | 2025-10-17T12:25:25.965452Z - 2025-10-17T12:26:25.965452Z,,,,,,,,,,
HE.HEL1.00.00 | 2025-07-25T02:29:25.404701Z - 2025-07-25T02:30:25.404701Z,,,,,,,,,,
HE.KUNI.00.00 | 2025-05-30T18:49:50.654109Z - 2025-05-30T18:50:50.654109Z,,,,,,,,,,
HE.HEL1.00.00 | 2025-02-25T16:36:21.521142Z - 2025-02-25T16:37:21.521142Z,,,,,,,,,,
HE.VRF.00.00 | 2025-01-02T09:05:25.448612Z - 2025-01-02T09:06:25.448612Z,,,,,,,,,,
HE.HEL1.00.00 | 2025-12-09T07:39:20.129967Z - 2025-12-09T07:40:20.129967Z,,,,,,,,,,
FN.OLKF.00.00 | 2025-03-20T16:33:07.904111Z - 2025-03-20T16:34:07.904111Z,,,,,,,,,,
HE.LAUT.00.00 | 2025-05-08T23:52:58.983935Z - 2025-05-08T23:53:58.983935Z,,,,,,,,,,
HE.KU6.00.00 | 2025-01-26T22:13:53.596317Z - 2025-01-26T22:14:53.596317Z,,,,,,,,,,
HE.FIC3.00.00 | 2025-06-19T07:12:38.428019Z - 2025-06-19T07:13:38.428019Z,,,,,,,,,,
HE.FIC3.00.00 | 2025-02-28T16:42:46.489763Z - 2025-02-28T16:43:46.489763Z,,,,,,,,,,
HE.FIA1.00.00 | 2025-10-01T17:31:23.291420Z - 2025-10-01T17:32:23.291420Z,,,,,,,,,,
HE.KUNI.00.00 | 2025-09-16T13:55:45.810213Z - 2025-09-16T13:56:45.810213Z,,,,,,,,,,
HE.KPF.00.00 | 2025-07-19T07:25:27.459687Z - 2025-07-19T07:26:27.459687Z,,,,,,,,,,
HE.OBF0.00.00 | 2025-01-03T09:35:17.652642Z - 2025-01-03T09:36:17.652642Z,,,,,,,,,,
HE.FIB6.00.00 | 2025-10-08T01:26:31.864740Z - 2025-10-08T01:27:31.864740Z,,,,,,,,,,
HE.KEV.00.00 | 2025-10-08T20:32:51.231382Z - 2025-10-08T20:33:51.231382Z,,,,,,,,,,
HE.KU2.00.00 | 2025-11-15T05:39:30.640572Z - 2025-11-15T05:40:30.640572Z,,,,,,,,,,
HE.HEL2.00.00 | 2025-01-16T02:37:35.629444Z - 2025-01-16T02:38:35.629444Z,,,,,,,,,,
HE.JOF.00.00 | 2025-05-06T15:53:33.043004Z - 2025-05-06T15:54:33.043004Z,,,,,,,,,,
HE.FIA3.00.00 | 2025-05-10T08:23:52.703583Z - 2025-05-10T08:24:52.703583Z,,,,,,,,,,
HE.FIC2.00.00 | 2025-03-15T18:21:11.627958Z - 2025-03-15T18:22:11.627958Z,,,,,,,,,,
HE.VUOS.00.00 | 2025-12-07T19:26:14.762682Z - 2025-12-07T19:27:14.762682Z,,,,,,,,,,
HE.FIA3.00.00 | 2025-09-02T00:35:48.989566Z - 2025-09-02T00:36:48.989566Z,,,,,,,,,,
HE.KIF.00.00 | 2025-01-26T00:28:10.805455Z - 2025-01-26T00:29:10.805455Z,,,,,,,,,,
HE.ECKF.00.00 | 2025-08-01T21:10:50.269596Z - 2025-08-01T21:11:50.269596Z,,,,,,,,,,
HE.OBF0.00.00 | 2025-07-03T21:21:13.081271Z - 2025-07-03T21:22:13.081271Z,,,,,,,,,,
HE.FIB6.00.00 | 2025-10-24T22:59:41.443431Z - 2025-10-24T23:00:41.443431Z,,,,,,,,,,
HE.FIC3.00.00 | 2025-12-10T14:52:22.965923Z - 2025-12-10T14:53:22.965923Z,,,,,,,,,,
HE.RUF.00.00 | 2025-02-12T11:37:42.585315Z - 2025-02-12T11:38:42.585315Z,,,,,,,,,,
HE.HEF.00.00 | 2025-09-11T16:50:04.831769Z - 2025-09-11T16:51:04.831769Z,,,,,,,,,,
HE.FIC4.00.00 | 2025-03-17T02:22:43.545597Z - 2025-03-17T02:23:43.545597Z,,,,,,,,,,
HE.KU2.00.00 | 2025-08-22T01:38:33.363566Z - 2025-08-22T01:39:33.363566Z,,,,,,,,,,
HE.KU1.00.00 | 2025-05-22T14:16:31.060845Z - 2025-05-22T14:17:31.060845Z,,,,,,,,,,
HE.KY02.00.00 | 2025-09-17T10:08:38.625341Z - 2025-09-17T10:09:38.625341Z,,,,,,,,,,
HE.HEL1.00.00 | 2025-12-11T17:12:09.748237Z - 2025-12-11T17:13:09.748237Z,,,,,,,,,,
HE.FIA0.00.00 | 2025-11-12T00:31:02.908464Z - 2025-11-12T00:32:02.908464Z,,,,,,,,,,
HE.FIA3.00.00 | 2025-12-12T18:42:32.260911Z - 2025-12-12T18:43:32.260911Z,,,,,,,,,,
HE.FIA3.00.00 | 2025-05-19T07:24:55.828472Z - 2025-05-19T07:25:55.828472Z,,,,,,,,,,
HE.JOF.00.00 | 2025-02-11T00:53:51.336611Z - 2025-02-11T00:54:51.336611Z,,,,,,,,,,
HE.KY02.00.00 | 2025-03-20T02:30:59.012380Z - 2025-03-20T02:31:59.012380Z,,,,,,,,,,
HE.KU1.00.00 | 2025-01-25T22:54:22.898372Z - 2025-01-25T22:55:22.898372Z,,,,,,,,,,
HE.HEF.00.00 | 2025-06-27T01:54:09.623774Z - 2025-06-27T01:55:09.623774Z,,,,,,,,,,
HE.FIC2.00.00 | 2025-03-02T23:26:44.058665Z - 2025-03-02T23:27:44.058665Z,,,,,,,,,,
HE.TOF.00.00 | 2025-08-01T05:34:58.692630Z - 2025-08-01T05:35:58.692630Z,,,,,,,,,,
HE.KORF.00.00 | 2025-01-09T04:11:26.889212Z - 2025-01-09T04:12:26.889212Z,,,,,,,,,,
HE.LAUT.00.00 | 2025-11-02T02:40:04.330900Z - 2025-11-02T02:41:04.330900Z,,,,,,,,,,
HE.KEV.00.00 | 2025-07-12T03:55:38.463443Z - 2025-07-12T03:56:38.463443Z,,,,,,,,,,
HE.VUOS.00.00 | 2025-01-26T21:36:01.422116Z - 2025-01-26T21:37:01.422116Z,,,,,,,,,,
HE.JOF.00.00 | 2025-11-30T11:45:51.053257Z - 2025-11-30T11:46:51.053257Z,,,,,,,,,,
HE.RUF.00.00 | 2025-05-22T15:12:51.946615Z - 2025-05-22T15:13:51.946615Z,,,,,,,,,,
HE.VAF.00.00 | 2025-09-26T21:10:22.118627Z - 2025-09-26T21:11:22.118627Z,,,,,,,,,,
HE.KU6.00.00 | 2025-04-25T03:39:58.381672Z - 2025-04-25T03:40:58.381672Z,,,,,,,,,,
HE.KOFF.00.00 | 2025-11-06T08:20:27.007024Z - 2025-11-06T08:21:27.007024Z,,,,,,,,,,
HE.KPF.00.00 | 2025-07-19T08:28:29.350975Z - 2025-07-19T08:29:29.350975Z,,,,,,,,,,
HE.OBF8.00.00 | 2025-05-03T22:43:09.866171Z - 2025-05-03T22:44:09.866171Z,,,,,,,,,,
HE.VJF.00.00 | 2025-05-05T07:06:46.825666Z - 2025-05-05T07:07:46.825666Z,,,,,,,,,,
HE.VAF.00.00 | 2025-12-26T07:53:01.912840Z - 2025-12-26T07:54:01.912840Z,,,,,,,,,,
HE.FIC4.00.00 | 2025-07-18T19:07:29.562485Z - 2025-07-18T19:08:29.562485Z,,,,,,,,,,
HE.HEF.00.00 | 2025-05-27T03:44:10.579888Z - 2025-05-27T03:45:10.579888Z,,,,,,,,,,
HE.KAF.00.00 | 2025-12-06T01:15:58.050218Z - 2025-12-06T01:16:58.050218Z,,,,,,,,,,
HE.PVF.00.00 | 2025-01-06T13:13:40.424713Z - 2025-01-06T13:14:40.424713Z,,,,,,,,,,
HE.LOVF.00.00 | 2025-02-21T19:37:02.359411Z - 2025-02-21T19:38:02.359411Z,,,,,,,,,,
HE.HEL2.00.00 | 2025-04-01T01:16:00.219641Z - 2025-04-01T01:17:00.219641Z,,,,,,,,,,
FN.SGF.00.00 | 2025-09-11T03:24:55.045134Z - 2025-09-11T03:25:55.045134Z,,,,,,,,,,
HE.RMF.00.00 | 2025-02-24T12:01:27.096715Z - 2025-02-24T12:02:27.096715Z,,,,,,,,,,
HE.HEL5.00.00 | 2025-07-01T07:26:02.354631Z - 2025-07-01T07:27:02.354631Z,,,,,,,,,,
HE.RSUO.00.00 | 2025-06-03T17:35:48.292745Z - 2025-06-03T17:36:48.292745Z,,,,,,,,,,
HE.KU2.00.00 | 2025-09-19T17:55:47.561381Z - 2025-09-19T17:56:47.561381Z,,,,,,,,,,
HE.VJF.00.00 | 2025-11-15T16:18:37.335767Z - 2025-11-15T16:19:37.335767Z,,,,,,,,,,
HE.HEL2.00.00 | 2025-01-23T06:01:57.575953Z - 2025-01-23T06:02:57.575953Z,,,,,,,,,,
HE.LOVF.00.00 | 2025-02-18T05:26:51.417490Z - 2025-02-18T05:27:51.417490Z,,,,,,,,,,
HE.KJNF.00.00 | 2025-06-10T18:19:16.808268Z - 2025-06-10T18:20:16.808268Z,,,,,,,,,,
FN.KMNF.00.00 | 2025-11-27T06:48:10.596787Z - 2025-11-27T06:49:10.596787Z,,,,,,,,,,
HE.KAF.00.00 | 2025-12-08T03:53:33.857930Z - 2025-12-08T03:54:33.857930Z,,,,,,,,,,
FN.OUL.00.00 | 2025-08-02T22:47:12.156688Z - 2025-08-02T22:48:12.156688Z,,,,,,,,,,
UP.AAL.00.00 | 2025-04-12T14:05:09.980162Z - 2025-04-12T14:06:09.980162Z,,,,,,,,,,
HE.FIB4.00.00 | 2025-10-17T20:39:42.472940Z - 2025-10-17T20:40:42.472940Z,,,,,,,,,,
HE.FIB2.00.00 | 2025-09-22T08:35:43.672184Z - 2025-09-22T08:36:43.672184Z,,,,,,,,,,
HE.KPF.00.00 | 2025-02-22T09:37:41.032514Z - 2025-02-22T09:38:41.032514Z,,,,,,,,,,
HE.NUR.00.00 | 2025-11-23T15:05:04.138172Z - 2025-11-23T15:06:04.138172Z,,,,,,,,,,
HE.FIC3.00.00 | 2025-11-30T04:58:27.364035Z - 2025-11-30T04:59:27.364035Z,,,,,,,,,,
HE.TVF.00.00 | 2025-10-24T04:21:59.639316Z - 2025-10-24T04:22:59.639316Z,,,,,,,,,,
HE.KY17.00.00 | 2025-03-19T10:24:12.267442Z - 2025-03-19T10:25:12.267442Z,,,,,,,,,,
HE.KU1.00.00 | 2025-03-01T09:58:34.833683Z - 2025-03-01T09:59:34.833683Z,,,,,,,,,,
HE.VRF.00.00 | 2025-01-20T19:58:33.497844Z - 2025-01-20T19:59:33.497844Z,,,,,,,,,,
HE.RAF.00.00 | 2025-10-27T08:54:31.160406Z - 2025-10-27T08:55:31.160406Z,,,,,,,,,,
HE.RAF.00.00 | 2025-09-19T21:59:51.814777Z - 2025-09-19T22:00:51.814777Z,,,,,,,,,,
FN.MSF.00.00 | 2025-04-04T19:20:04.098823Z - 2025-04-04T19:21:04.098823Z,,,,,,,,,,
HE.KU2.00.00 | 2025-03-25T04:08:06.528528Z - 2025-03-25T04:09:06.528528Z,,,,,,,,,,
HE.VRF.00.00 | 2025-04-04T08:52:33.373453Z - 2025-04-04T08:53:33.373453Z,,,,,,,,,,
HE.HEL5.00.00 | 2025-01-22T02:50:08.265614Z - 2025-01-22T02:51:08.265614Z,,,,,,,,,,
HE.KU2.00.00 | 2025-04-23T19:13:08.662960Z - 2025-04-23T19:14:08.662960Z,,,,,,,,,,
HE.FIB5.00.00 | 2025-12-02T01:34:23.611041Z - 2025-12-02T01:35:23.611041Z,,,,,,,,,,
HE.RAF.00.00 | 2025-07-02T14:18:55.452873Z - 2025-07-02T14:19:55.452873Z,,,,,,,,,,
HE.VJF.00.00 | 2025-03-26T03:43:27.545475Z - 2025-03-26T03:44:27.545475Z,,,,,,,,,,
HE.HEL1.00.00 | 2025-09-15T03:47:15.287127Z - 2025-09-15T03:48:15.287127Z,,,,,,,,,,
HE.ALAJF.00.00 | 2025-09-13T22:33:26.402631Z - 2025-09-13T22:34:26.402631Z,,,,,,,,,,
HE.VAF.00.00 | 2025-05-05T07:18:45.321434Z - 2025-05-05T07:19:45.321434Z,,,,,,,,,,
HE.TOF.00.00 | 2025-04-08T21:24:37.485016Z - 2025-04-08T21:25:37.485016Z,,,,,,,,,,
HE.MEF.00.00 | 2025-12-25T14:13:04.383775Z - 2025-12-25T14:14:04.383775Z,,,,,,,,,,
FN.RAJF.00.00 | 2025-12-27T08:19:28.109063Z - 2025-12-27T08:20:28.109063Z,,,,,,,,,,
HE.ECKF.00.00 | 2025-03-16T11:48:22.822603Z - 2025-03-16T11:49:22.822603Z,,,,,,,,,,
FN.RAJF.00.00 | 2025-11-30T16:44:25.413945Z - 2025-11-30T16:45:25.413945Z,,,,,,,,,,
HE.TRE03.00.00 | 2025-11-24T16:25:05.486861Z - 2025-11-24T16:26:05.486861Z,,,,,,,,,,
HE.KAF.00.00 | 2025-03-07T03:53:32.475740Z - 2025-03-07T03:54:32.475740Z,,,,,,,,,,
HE.FIB1.00.00 | 2025-11-23T13:52:56.758784Z - 2025-11-23T13:53:56.758784Z,,,,,,,,,,
HE.TVF.00.00 | 2025-02-12T07:47:43.439339Z - 2025-02-12T07:48:43.439339Z,,,,,,,,,,
HE.FIC5.00.00 | 2025-02-28T16:37:01.932672Z - 2025-02-28T16:38:01.932672Z,,,,,,,,,,
HE.HEL2.00.00 | 2025-10-28T23:23:53.481813Z - 2025-10-28T23:24:53.481813Z,,,,,,,,,,
HE.FIA3.00.00 | 2025-02-12T09:34:54.235235Z - 2025-02-12T09:35:54.235235Z,,,,,,,,,,
HE.FIC5.00.00 | 2025-11-03T05:30:40.135707Z - 2025-11-03T05:31:40.135707Z,,,,,,,,,,
HE.MEF.00.00 | 2025-12-30T02:04:27.940059Z - 2025-12-30T02:05:27.940059Z,,,,,,,,,,
HE.FIB1.00.00 | 2025-09-02T14:47:51.395862Z - 2025-09-02T14:48:51.395862Z,,,,,,,,,,
HE.RAF.00.00 | 2025-02-22T21:31:10.399530Z - 2025-02-22T21:32:10.399530Z,,,,,,,,,,
HE.PVF.00.00 | 2025-06-10T02:29:08.668300Z - 2025-06-10T02:30:08.668300Z,,,,,,,,,,
HE.FIA2.00.00 | 2025-07-30T05:56:08.202906Z - 2025-07-30T05:57:08.202906Z,,,,,,,,,,
HE.KIF.00.00 | 2025-03-04T06:37:09.588425Z - 2025-03-04T06:38:09.588425Z,,,,,,,,,,
HE.TRE03.00.00 | 2025-07-04T14:08:21.062341Z - 2025-07-04T14:09:21.062341Z,,,,,,,,,,
HE.FIB2.00.00 | 2025-08-31T04:51:56.815187Z - 2025-08-31T04:52:56.815187Z,,,,,,,,,,
UP.AAL.00.00 | 2025-11-02T23:27:16.742917Z - 2025-11-02T23:28:16.742917Z,,,,,,,,,,
HE.FIA0.00.00 | 2025-04-11T00:51:12.429249Z - 2025-04-11T00:52:12.429249Z,,,,,,,,,,
FN.RNF.00.00 | 2025-08-06T21:42:36.573607Z - 2025-08-06T21:43:36.573607Z,,,,,,,,,,
HE.FIC4.00.00 | 2025-11-04T09:18:23.646423Z - 2025-11-04T09:19:23.646423Z,,,,,,,,,,
HE.ALAJF.00.00 | 2025-01-17T02:15:01.331765Z - 2025-01-17T02:16:01.331765Z,,,,,,,,,,
HE.FIC4.00.00 | 2025-07-04T08:55:14.658613Z - 2025-07-04T08:56:14.658613Z,,,,,,,,,,
HE.FIB4.00.00 | 2025-07-20T14:38:03.876398Z - 2025-07-20T14:39:03.876398Z,,,,,,,,,,
HE.NIF.00.00 | 2025-02-03T10:09:58.021426Z - 2025-02-03T10:10:58.021426Z,,,,,,,,,,
HE.FIA2.00.00 | 2025-10-29T06:57:38.194834Z - 2025-10-29T06:58:38.194834Z,,,,,,,,,,
HE.RSUO.00.00 | 2025-11-25T10:22:05.904116Z - 2025-11-25T10:23:05.904116Z,,,,,,,,,,
HE.VJF.00.00 | 2025-06-03T07:22:43.788695Z - 2025-06-03T07:23:43.788695Z,,,,,,,,,,
HE.ALAJF.00.00 | 2025-08-22T13:50:32.428223Z - 2025-08-22T13:51:32.428223Z,,,,,,,,,,
HE.FIC5.00.00 | 2025-12-29T16:21:39.075234Z - 2025-12-29T16:22:39.075234Z,,,,,,,,,,
HE.FIA0.00.00 | 2025-04-21T17:00:05.938928Z - 2025-04-21T17:01:05.938928Z,,,,,,,,,,
HE.LAUT.00.00 | 2025-06-16T20:21:00.015226Z - 2025-06-16T20:22:00.015226Z,,,,,,,,,,
HE.SUF.00.00 | 2025-11-20T05:51:42.382905Z - 2025-11-20T05:52:42.382905Z,,,,,,,,,,
FN.KMNF.00.00 | 2025-03-07T05:21:12.624162Z - 2025-03-07T05:22:12.624162Z,,,,,,,,,,
FN.RAJF.00.00 | 2025-02-08T23:36:50.771187Z - 2025-02-08T23:37:50.771187Z,,,,,,,,,,
FN.KLF.00.00 | 2025-07-07T19:55:23.857228Z - 2025-07-07T19:56:23.857228Z,,,,,,,,,,
HE.ECKF.00.00 | 2025-05-18T13:02:24.892329Z - 2025-05-18T13:03:24.892329Z,,,,,,,,,,
HE.FIC1.00.00 | 2025-07-23T07:35:58.027412Z - 2025-07-23T07:36:58.027412Z,,,,,,,,,,
HE.FIB1.00.00 | 2025-04-17T16:12:31.538045Z - 2025-04-17T16:13:31.538045Z,,,,,,,,,,
HE.OBF3.00.00 | 2025-09-15T02:15:00.392709Z - 2025-09-15T02:16:00.392709Z,,,,,,,,,,
FN.KLF.00.00 | 2025-06-18T14:15:14.242678Z - 2025-06-18T14:16:14.242678Z,,,,,,,,,,
FN.RANF.00.00 | 2025-06-07T09:32:03.901514Z - 2025-06-07T09:33:03.901514Z,,,,,,,,,,
HE.TRE03.00.00 | 2025-10-07T08:43:54.012177Z - 2025-10-07T08:44:54.012177Z,,,,,,,,,,
HE.KY02.00.00 | 2025-11-23T08:31:59.344755Z - 2025-11-23T08:32:59.344755Z,,,,,,,,,,
HE.OBF8.00.00 | 2025-05-20T21:15:53.793738Z - 2025-05-20T21:16:53.793738Z,,,,,,,,,,
HE.FIC1.00.00 | 2025-03-05T11:27:14.944750Z - 2025-03-05T11:28:14.944750Z,,,,,,,,,,
HE.NIF.00.00 | 2025-06-12T07:49:14.382343Z - 2025-06-12T07:50:14.382343Z,,,,,,,,,,
HE.FIA1.00.00 | 2025-01-20T13:40:29.165494Z - 2025-01-20T13:41:29.165494Z,,,,,,,,,,
HE.KU1.00.00 | 2025-08-25T00:52:35.093664Z - 2025-08-25T00:53:35.093664Z,,,,,,,,,,
HE.KEF.00.00 | 2025-03-31T22:14:18.724652Z - 2025-03-31T22:15:18.724652Z,,,,,,,,,,
FN.RNF.00.00 | 2025-08-07T19:06:20.876612Z - 2025-08-07T19:07:20.876612Z,,,,,,,,,,
HE.TOF.00.00 | 2025-05-11T04:16:14.477928Z - 2025-05-11T04:17:14.477928Z,,,,,,,,,,
HE.FIB3.00.00 | 2025-07-30T20:39:00.577110Z - 2025-07-30T20:40:00.577110Z,,,,,,,,,,
HE.OBF8.00.00 | 2025-06-02T02:34:04.988050Z - 2025-06-02T02:35:04.988050Z,,,,,,,,,,
HE.KEF.00.00 | 2025-06-07T16:36:30.953503Z - 2025-06-07T16:37:30.953503Z,,,,,,,,,,
HE.PVF.00.00 | 2025-06-07T10:18:33.695366Z - 2025-06-07T10:19:33.695366Z,,,,,,,,,,
HE.HEF.00.00 | 2025-04-09T07:52:10.496422Z - 2025-04-09T07:53:10.496422Z,,,,,,,,,,
HE.KEF.00.00 | 2025-01-19T04:37:09.774068Z - 2025-01-19T04:38:09.774068Z,,,,,,,,,,
HE.LAUT.00.00 | 2025-08-29T02:51:10.687817Z - 2025-08-29T02:52:10.687817Z,,,,,,,,,,
FN.OLKF.00.00 | 2025-02-05T09:15:20.673991Z - 2025-02-05T09:16:20.673991Z,,,,,,,,,,
HE.OBF8.00.00 | 2025-07-22T17:00:33.864409Z - 2025-07-22T17:01:33.864409Z,,,,,,,,,,
HE.FIC3.00.00 | 2025-03-16T17:17:55.688095Z - 2025-03-16T17:18:55.688095Z,,,,,,,,,,
HE.KU1.00.00 | 2025-09-16T08:04:34.675646Z - 2025-09-16T08:05:34.675646Z,,,,,,,,,,
HE.FIC6.00.00 | 2025-02-20T18:49:45.412054Z - 2025-02-20T18:50:45.412054Z,,,,,,,,,,
HE.FIA1.00.00 | 2025-02-21T02:39:26.256566Z - 2025-02-21T02:40:26.256566Z,,,,,,,,,,
HE.FIB6.00.00 | 2025-08-01T21:12:27.336968Z - 2025-08-01T21:13:27.336968Z,,,,,,,,,,
HE.FIC1.00.00 | 2025-04-06T02:01:10.358119Z - 2025-04-06T02:02:10.358119Z,,,,,,,,,,
HE.KIF.00.00 | 2025-08-28T00:15:44.447485Z - 2025-08-28T00:16:44.447485Z,,,,,,,,,,
HE.TRE03.00.00 | 2025-10-05T10:51:35.326845Z - 2025-10-05T10:52:35.326845Z,,,,,,,,,,
HE.OBF3.00.00 | 2025-10-23T03:07:24.226739Z - 2025-10-23T03:08:24.226739Z,,,,,,,,,,
HE.KY02.00.00 | 2025-08-05T19:21:59.326619Z - 2025-08-05T19:22:59.326619Z,,,,,,,,,,
HE.NUR.00.00 | 2025-12-23T05:06:52.657755Z - 2025-12-23T05:07:52.657755Z,,,,,,,,,,
HE.KU6.00.00 | 2025-02-13T06:11:01.469337Z - 2025-02-13T06:12:01.469337Z,,,,,,,,,,
HE.HEL5.00.00 | 2025-03-11T14:49:34.390920Z - 2025-03-11T14:50:34.390920Z,,,,,,,,,,
HE.HEF.00.00 | 2025-09-28T18:58:10.868965Z - 2025-09-28T18:59:10.868965Z,,,,,,,,,,
HE.TRE03.00.00 | 2025-04-28T11:40:44.265711Z - 2025-04-28T11:41:44.265711Z,,,,,,,,,,
HE.KY17.00.00 | 2025-03-30T04:31:01.941993Z - 2025-03-30T04:32:01.941993Z,,,,,,,,,,
HE.OBF3.00.00 | 2025-11-19T15:43:32.156449Z - 2025-11-19T15:44:32.156449Z,,,,,,,,,,
FN.OUL.00.00 | 2025-09-23T07:40:09.939161Z - 2025-09-23T07:41:09.939161Z,,,,,,,,,,
HE.RMF.00.00 | 2025-07-26T07:32:44.485914Z - 2025-07-26T07:33:44.485914Z,,,,,,,,,,
HE.NIF.00.00 | 2025-12-26T04:05:11.626362Z - 2025-12-26T04:06:11.626362Z,,,,,,,,,,
HE.OBF8.00.00 | 2025-10-19T09:36:52.027197Z - 2025-10-19T09:37:52.027197Z,,,,,,,,,,
FN.RNF.00.00 | 2025-04-03T20:45:13.378682Z - 2025-04-03T20:46:13.378682Z,,,,,,,,,,
HE.HEL2.00.00 | 2025-07-30T01:44:44.354498Z - 2025-07-30T01:45:44.354498Z,,,,,,,,,,
HE.FIA3.00.00 | 2025-12-28T16:17:15.992454Z - 2025-12-28T16:18:15.992454Z,,,,,,,,,,
HE.OBF3.00.00 | 2025-04-24T21:44:39.027833Z - 2025-04-24T21:45:39.027833Z,,,,,,,,,,
HE.OBF3.00.00 | 2025-09-28T06:02:10.119959Z - 2025-09-28T06:03:10.119959Z,,,,,,,,,,
HE.KU1.00.00 | 2025-05-31T06:19:39.297035Z - 2025-05-31T06:20:39.297035Z,,,,,,,,,,
HE.FIA1.00.00 | 2025-11-01T22:11:02.115924Z - 2025-11-01T22:12:02.115924Z,,,,,,,,,,
HE.FIA2.00.00 | 2025-10-16T12:38:04.993082Z - 2025-10-16T12:39:04.993082Z,,,,,,,,,,
HE.FIA3.00.00 | 2025-05-12T21:01:09.923334Z - 2025-05-12T21:02:09.923334Z,,,,,,,,,,
FN.RAJF.00.00 | 2025-08-02T05:29:16.379654Z - 2025-08-02T05:30:16.379654Z,,,,,,,,,,
HE.RAF.00.00 | 2025-03-29T06:28:54.247777Z - 2025-03-29T06:29:54.247777Z,,,,,,,,,,
HE.VAF.00.00 | 2025-04-18T19:33:01.057656Z - 2025-04-18T19:34:01.057656Z,,,,,,,,,,
HE.FIB1.00.00 | 2025-04-12T19:55:52.785077Z - 2025-04-12T19:56:52.785077Z,,,,,,,,,,
HE.LOVF.00.00 | 2025-05-08T09:34:02.946098Z - 2025-05-08T09:35:02.946098Z,,,,,,,,,,
HE.RSUO.00.00 | 2025-08-08T00:41:25.236165Z - 2025-08-08T00:42:25.236165Z,,,,,,,,,,
HE.TOF.00.00 | 2025-05-26T16:35:03.531236Z - 2025-05-26T16:36:03.531236Z,,,,,,,,,,
HE.OBF3.00.00 | 2025-10-14T20:31:38.819891Z - 2025-10-14T20:32:38.819891Z,,,,,,,,,,
HE.OUF.00.00 | 2025-04-25T09:13:31.495849Z - 2025-04-25T09:14:31.495849Z,,,,,,,,,,
HE.ECKF.00.00 | 2025-07-27T18:02:33.461334Z - 2025-07-27T18:03:33.461334Z,,,,,,,,,,
HE.TRE03.00.00 | 2025-12-16T04:36:52.047172Z - 2025-12-16T04:37:52.047172Z,,,,,,,,,,
HE.FIC5.00.00 | 2025-02-28T13:31:00.400396Z - 2025-02-28T13:32:00.400396Z,,,,,,,,,,
HE.KU6.00.00 | 2025-10-05T08:48:08.113049Z - 2025-10-05T08:49:08.113049Z,,,,,,,,,,
HE.ECKF.00.00 | 2025-10-16T11:15:10.034372Z - 2025-10-16T11:16:10.034372Z,,,,,,,,,,
HE.HEL5.00.00 | 2025-05-23T18:28:12.910728Z - 2025-05-23T18:29:12.910728Z,,,,,,,,,,
HE.LOVF.00.00 | 2025-06-24T02:22:22.151689Z - 2025-06-24T02:23:22.151689Z,,,,,,,,,,
HE.FIC6.00.00 | 2025-10-07T19:59:18.902431Z - 2025-10-07T20:00:18.902431Z,,,,,,,,,,
HE.FIC4.00.00 | 2025-01-03T06:25:31.119720Z - 2025-01-03T06:26:31.119720Z,,,,,,,,,,
HE.FIB1.00.00 | 2025-12-13T15:28:52.760429Z - 2025-12-13T15:29:52.760429Z,,,,,,,,,,
HE.FIB3.00.00 | 2025-04-02T18:24:56.535414Z - 2025-04-02T18:25:56.535414Z,,,,,,,,,,
HE.KY17.00.00 | 2025-08-13T11:02:06.367106Z - 2025-08-13T11:03:06.367106Z,,,,,,,,,,
HE.FIB4.00.00 | 2025-07-02T22:06:40.423833Z - 2025-07-02T22:07:40.423833Z,,,,,,,,,,
FN.KLF.00.00 | 2025-03-08T06:47:50.950575Z - 2025-03-08T06:48:50.950575Z,,,,,,,,,,
HE.KEV.00.00 | 2025-10-29T18:54:32.823006Z - 2025-10-29T18:55:32.823006Z,,,,,,,,,,
HE.KPF.00.00 | 2025-03-02T03:52:20.983273Z - 2025-03-02T03:53:20.983273Z,,,,,,,,,,
HE.LAUT.00.00 | 2025-08-02T08:22:00.832280Z - 2025-08-02T08:23:00.832280Z,,,,,,,,,,
HE.JOF.00.00 | 2025-07-02T16:22:39.134662Z - 2025-07-02T16:23:39.134662Z,,,,,,,,,,
HE.OUF.00.00 | 2025-03-09T17:28:14.322383Z - 2025-03-09T17:29:14.322383Z,,,,,,,,,,
HE.ECKF.00.00 | 2025-02-12T04:44:38.957515Z - 2025-02-12T04:45:38.957515Z,,,,,,,,,,
HE.RAF.00.00 | 2025-12-01T12:32:53.121806Z - 2025-12-01T12:33:53.121806Z,,,,,,,,,,
HE.SUF.00.00 | 2025-04-11T01:13:08.274279Z - 2025-04-11T01:14:08.274279Z,,,,,,,,,,
FN.RNF.00.00 | 2025-10-19T06:23:30.695661Z - 2025-10-19T06:24:30.695661Z,,,,,,,,,,
HE.FIB1.00.00 | 2025-05-05T22:48:12.297413Z - 2025-05-05T22:49:12.297413Z,,,,,,,,,,
HE.FIB1.00.00 | 2025-01-03T20:04:36.079585Z - 2025-01-03T20:05:36.079585Z,,,,,,,,,,
HE.KY02.00.00 | 2025-10-15T00:20:13.339658Z - 2025-10-15T00:21:13.339658Z,,,,,,,,,,
HE.RUF.00.00 | 2025-07-13T06:31:47.931923Z - 2025-07-13T06:32:47.931923Z,,,,,,,,,,
HE.TRE03.00.00 | 2025-06-09T16:24:04.009347Z - 2025-06-09T16:25:04.009347Z,,,,,,,,,,
FN.RANF.00.00 | 2025-03-23T19:52:27.050174Z - 2025-03-23T19:53:27.050174Z,,,,,,,,,,
FN.KMNF.00.00 | 2025-06-27T13:52:11.365931Z - 2025-06-27T13:53:11.365931Z,,,,,,,,,,
FN.KMNF.00.00 | 2025-05-22T19:03:59.836584Z - 2025-05-22T19:04:59.836584Z,,,,,,,,,,
HE.RUF.00.00 | 2025-07-11T20:25:26.182730Z - 2025-07-11T20:26:26.182730Z,,,,,,,,,,
HE.TVF.00.00 | 2025-02-24T01:15:24.693503Z - 2025-02-24T01:16:24.693503Z,,,,,,,,,,
HE.FIB5.00.00 | 2025-02-11T04:55:58.012113Z - 2025-02-11T04:56:58.012113Z,,,,,,,,,,
HE.FIA2.00.00 | 2025-12-26T23:10:04.865441Z - 2025-12-26T23:11:04.865441Z,,,,,,,,,,
FN.MSF.00.00 | 2025-05-18T15:46:44.308400Z - 2025-05-18T15:47:44.308400Z,,,,,,,,,,
FN.RANF.00.00 | 2025-02-25T00:28:44.212399Z - 2025-02-25T00:29:44.212399Z,,,,,,,,,,
FN.MSF.00.00 | 2025-12-05T07:14:28.070739Z - 2025-12-05T07:15:28.070739Z,,,,,,,,,,
HE.FIC3.00.00 | 2025-04-08T09:58:13.712468Z - 2025-04-08T09:59:13.712468Z,,,,,,,,,,
HE.LOVF.00.00 | 2025-08-11T14:53:46.178233Z - 2025-08-11T14:54:46.178233Z,,,,,,,,,,
HE.NIF.00.00 | 2025-10-21T20:50:44.954885Z - 2025-10-21T20:51:44.954885Z,,,,,,,,,,
HE.RAF.00.00 | 2025-03-25T04:08:01.806650Z - 2025-03-25T04:09:01.806650Z,,,,,,,,,,
FN.RANF.00.00 | 2025-03-31T18:54:46.854843Z - 2025-03-31T18:55:46.854843Z,,,,,,,,,,
HE.FIB5.00.00 | 2025-12-24T22:47:39.454911Z - 2025-12-24T22:48:39.454911Z,,,,,,,,,,
HE.OBF3.00.00 | 2025-08-19T21:43:46.172206Z - 2025-08-19T21:44:46.172206Z,,,,,,,,,,
HE.FIB6.00.00 | 2025-04-24T10:35:22.712834Z - 2025-04-24T10:36:22.712834Z,,,,,,,,,,
HE.KU2.00.00 | 2025-07-22T19:06:56.522430Z - 2025-07-22T19:07:56.522430Z,,,,,,,,,,
FN.OUL.00.00 | 2025-06-17T20:07:10.401965Z - 2025-06-17T20:08:10.401965Z,,,,,,,,,,
HE.KJNF.00.00 | 2025-10-12T19:43:43.270331Z - 2025-10-12T19:44:43.270331Z,,,,,,,,,,
HE.KJNF.00.00 | 2025-07-18T19:32:13.257955Z - 2025-07-18T19:33:13.257955Z,,,,,,,,,,
HE.HEL1.00.00 | 2025-06-10T22:38:36.714448Z - 2025-06-10T22:39:36.714448Z,,,,,,,,,,
HE.OBF3.00.00 | 2025-11-08T00:01:52.389914Z - 2025-11-08T00:02:52.389914Z,,,,,,,,,,
HE.FIC4.00.00 | 2025-05-27T20:39:16.108345Z - 2025-05-27T20:40:16.108345Z,,,,,,,,,,
HE.OBF3.00.00 | 2025-09-30T04:57:14.263523Z - 2025-09-30T04:58:14.263523Z,,,,,,,,,,
HE.KY17.00.00 | 2025-01-12T05:21:55.160163Z - 2025-01-12T05:22:55.160163Z,,,,,,,,,,
HE.KUNI.00.00 | 2025-09-19T13:49:40.151110Z - 2025-09-19T13:50:40.151110Z,,,,,,,,,,
HE.VUOS.00.00 | 2025-11-21T11:15:23.095063Z - 2025-11-21T11:16:23.095063Z,,,,,,,,,,
HE.SUF.00.00 | 2025-11-22T14:16:14.419636Z - 2025-11-22T14:17:14.419636Z,,,,,,,,,,
HE.FIB5.00.00 | 2025-04-18T20:36:46.457805Z - 2025-04-18T20:37:46.457805Z,,,,,,,,,,
FN.OUL.00.00 | 2025-04-27T01:41:23.415882Z - 2025-04-27T01:42:23.415882Z,,,,,,,,,,
HE.MEF.00.00 | 2025-07-14T20:48:58.664199Z - 2025-07-14T20:49:58.664199Z,,,,,,,,,,
HE.KU6.00.00 | 2025-01-26T21:50:01.352296Z - 2025-01-26T21:51:01.352296Z,,,,,,,,,,
HE.HEL1.00.00 | 2025-01-25T07:06:58.693677Z - 2025-01-25T07:07:58.693677Z,,,,,,,,,,
FN.RNF.00.00 | 2025-08-29T22:02:04.450574Z - 2025-08-29T22:03:04.450574Z,,,,,,,,,,
HE.KJNF.00.00 | 2025-08-10T22:12:39.515033Z - 2025-08-10T22:13:39.515033Z,,,,,,,,,,
HE.TOF.00.00 | 2025-12-06T21:11:08.297819Z - 2025-12-06T21:12:08.297819Z,,,,,,,,,,
HE.KU1.00.00 | 2025-11-06T12:03:16.257763Z - 2025-11-06T12:04:16.257763Z,,,,,,,,,,
HE.FIA3.00.00 | 2025-11-12T20:14:41.068472Z - 2025-11-12T20:15:41.068472Z,,,,,,,,,,
HE.FIA0.00.00 | 2025-02-27T10:26:20.863845Z - 2025-02-27T10:27:20.863845Z,,,,,,,,,,
HE.HEL2.00.00 | 2025-06-27T21:27:44.325477Z - 2025-06-27T21:28:44.325477Z,,,,,,,,,,
HE.KJNF.00.00 | 2025-01-07T15:50:35.932968Z - 2025-01-07T15:51:35.932968Z,,,,,,,,,,
HE.KAF.00.00 | 2025-10-23T20:38:20.671181Z - 2025-10-23T20:39:20.671181Z,,,,,,,,,,
HE.OUF.00.00 | 2025-12-13T14:44:22.602146Z - 2025-12-13T14:45:22.602146Z,,,,,,,,,,
FN.MSF.00.00 | 2025-05-01T01:38:18.795882Z - 2025-05-01T01:39:18.795882Z,,,,,,,,,,
HE.VUOS.00.00 | 2025-01-02T02:36:49.768109Z - 2025-01-02T02:37:49.768109Z,,,,,,,,,,
HE.KU1.00.00 | 2025-06-07T10:32:35.379977Z - 2025-06-07T10:33:35.379977Z,,,,,,,,,,
HE.RSUO.00.00 | 2025-11-15T01:22:46.514108Z - 2025-11-15T01:23:46.514108Z,,,,,,,,,,
FN.MSF.00.00 | 2025-08-16T20:45:22.502733Z - 2025-08-16T20:46:22.502733Z,,,,,,,,,,
HE.KY02.00.00 | 2025-09-25T07:27:20.132500Z - 2025-09-25T07:28:20.132500Z,,,,,,,,,,
HE.FIC4.00.00 | 2025-11-11T07:43:07.305080Z - 2025-11-11T07:44:07.305080Z,,,,,,,,,,
HE.FIB4.00.00 | 2025-10-07T04:54:28.829033Z - 2025-10-07T04:55:28.829033Z,,,,,,,,,,
HE.TOF.00.00 | 2025-05-09T12:23:06.921654Z - 2025-05-09T12:24:06.921654Z,,,,,,,,,,
HE.VAF.00.00 | 2025-01-03T19:26:21.039081Z - 2025-01-03T19:27:21.039081Z,,,,,,,,,,
HE.KJNF.00.00 | 2025-08-26T02:35:23.458075Z - 2025-08-26T02:36:23.458075Z,,,,,,,,,,
FN.SGF.00.00 | 2025-10-18T19:46:54.033633Z - 2025-10-18T19:47:54.033633Z,,,,,,,,,,
HE.RAF.00.00 | 2025-11-09T17:51:27.615922Z - 2025-11-09T17:52:27.615922Z,,,,,,,,,,
HE.NIF.00.00 | 2025-11-16T11:50:39.054423Z - 2025-11-16T11:51:39.054423Z,,,,,,,,,,
FN.MSF.00.00 | 2025-12-02T19:04:13.809944Z - 2025-12-02T19:05:13.809944Z,,,,,,,,,,
HE.KEF.00.00 | 2025-10-14T13:57:57.876145Z - 2025-10-14T13:58:57.876145Z,,,,,,,,,,
FN.RNF.00.00 | 2025-02-01T17:56:21.849938Z - 2025-02-01T17:57:21.849938Z,,,,,,,,,,
HE.TOF.00.00 | 2025-11-18T20:13:13.454351Z - 2025-11-18T20:14:13.454351Z,,,,,,,,,,
HE.FIB4.00.00 | 2025-08-26T02:54:56.294748Z - 2025-08-26T02:55:56.294748Z,,,,,,,,,,
HE.KU2.00.00 | 2025-07-19T08:15:59.860693Z - 2025-07-19T08:16:59.860693Z,,,,,,,,,,
HE.HEL5.00.00 | 2025-11-30T08:40:00.835326Z - 2025-11-30T08:41:00.835326Z,,,,,,,,,,
HE.VJF.00.00 | 2025-02-12T21:53:12.122390Z - 2025-02-12T21:54:12.122390Z,,,,,,,,,,
HE.KEV.00.00 | 2025-05-18T00:30:58.922402Z - 2025-05-18T00:31:58.922402Z,,,,,,,,,,
HE.LAUT.00.00 | 2025-07-24T17:34:34.213467Z - 2025-07-24T17:35:34.213467Z,,,,,,,,,,
FN.KMNF.00.00 | 2025-09-19T14:06:09.240017Z - 2025-09-19T14:07:09.240017Z,,,,,,,,,,
HE.PVF.00.00 | 2025-07-06T20:31:15.648074Z - 2025-07-06T20:32:15.648074Z,,,,,,,,,,
UP.AAL.00.00 | 2025-12-02T08:42:53.652309Z - 2025-12-02T08:43:53.652309Z,,,,,,,,,,
HE.HEF.00.00 | 2025-07-13T14:07:28.041434Z - 2025-07-13T14:08:28.041434Z,,,,,,,,,,
FN.SGF.00.00 | 2025-07-30T21:53:07.286296Z - 2025-07-30T21:54:07.286296Z,,,,,,,,,,
HE.NIF.00.00 | 2025-07-14T01:31:23.255382Z - 2025-07-14T01:32:23.255382Z,,,,,,,,,,
FN.OLKF.00.00 | 2025-02-16T03:42:49.089268Z - 2025-02-16T03:43:49.089268Z,,,,,,,,,,
HE.KIF.00.00 | 2025-11-19T02:26:14.236479Z - 2025-11-19T02:27:14.236479Z,,,,,,,,,,
HE.LOVF.00.00 | 2025-07-17T10:11:07.351878Z - 2025-07-17T10:12:07.351878Z,,,,,,,,,,
FN.RAJF.00.00 | 2025-09-08T03:01:34.555186Z - 2025-09-08T03:02:34.555186Z,,,,,,,,,,
HE.KUNI.00.00 | 2025-02-16T17:23:50.854192Z - 2025-02-16T17:24:50.854192Z,,,,,,,,,,
HE.FIB3.00.00 | 2025-09-01T18:16:58.429111Z - 2025-09-01T18:17:58.429111Z,,,,,,,,,,
HE.VAF.00.00 | 2025-02-25T12:28:06.916297Z - 2025-02-25T12:29:06.916297Z,,,,,,,,,,
HE.KORF.00.00 | 2025-10-10T21:50:16.580066Z - 2025-10-10T21:51:16.580066Z,,,,,,,,,,
HE.FIA0.00.00 | 2025-01-07T08:41:53.320761Z - 2025-01-07T08:42:53.320761Z,,,,,,,,,,
HE.FIB1.00.00 | 2025-09-23T17:22:25.369655Z - 2025-09-23T17:23:25.369655Z,,,,,,,,,,
HE.VJF.00.00 | 2025-11-09T21:09:05.858693Z - 2025-11-09T21:10:05.858693Z,,,,,,,,,,
HE.FIA1.00.00 | 2025-09-25T16:27:07.156672Z - 2025-09-25T16:28:07.156672Z,,,,,,,,,,
HE.KU6.00.00 | 2025-02-11T09:48:46.705188Z - 2025-02-11T09:49:46.705188Z,,,,,,,,,,
HE.KAF.00.00 | 2025-05-18T17:09:24.430723Z - 2025-05-18T17:10:24.430723Z,,,,,,,,,,
HE.FIC1.00.00 | 2025-10-27T19:10:02.778763Z - 2025-10-27T19:11:02.778763Z,,,,,,,,,,
FN.OLKF.00.00 | 2025-07-02T20:25:15.960010Z - 2025-07-02T20:26:15.960010Z,,,,,,,,,,
FN.OUL.00.00 | 2025-06-03T15:22:42.032123Z - 2025-06-03T15:23:42.032123Z,,,,,,,,,,
HE.KY17.00.00 | 2025-07-27T15:12:36.316488Z - 2025-07-27T15:13:36.316488Z,,,,,,,,,,
HE.FIB3.00.00 | 2025-07-07T10:26:49.592720Z - 2025-07-07T10:27:49.592720Z,,,,,,,,,,
HE.MEF.00.00 | 2025-08-10T02:21:11.889691Z - 2025-08-10T02:22:11.889691Z,,,,,,,,,,
HE.KU6.00.00 | 2025-12-07T14:02:03.676414Z - 2025-12-07T14:03:03.676414Z,,,,,,,,,,
HE.OBF3.00.00 | 2025-05-26T19:15:42.561307Z - 2025-05-26T19:16:42.561307Z,,,,,,,,,,
FN.KLF.00.00 | 2025-08-13T07:06:27.523460Z - 2025-08-13T07:07:27.523460Z,,,,,,,,,,
HE.OBF0.00.00 | 2025-09-24T11:01:33.563597Z - 2025-09-24T11:02:33.563597Z,,,,,,,,,,
HE.HEL2.00.00 | 2025-10-27T00:10:13.656876Z - 2025-10-27T00:11:13.656876Z,,,,,,,,,,
HE.JOF.00.00 | 2025-12-01T01:46:34.152709Z - 2025-12-01T01:47:34.152709Z,,,,,,,,,,
HE.KJNF.00.00 | 2025-01-22T18:50:38.660556Z - 2025-01-22T18:51:38.660556Z,,,,,,,,,,
HE.FIA0.00.00 | 2025-09-02T00:09:32.596907Z - 2025-09-02T00:10:32.596907Z,,,,,,,,,,
HE.RAF.00.00 | 2025-03-23T01:21:29.882562Z - 2025-03-23T01:22:29.882562Z,,,,,,,,,,
HE.MEF.00.00 | 2025-05-03T18:44:52.531038Z - 2025-05-03T18:45:52.531038Z,,,,,,,,,,
HE.FIB4.00.00 | 2025-04-09T11:36:48.032809Z - 2025-04-09T11:37:48.032809Z,,,,,,,,,,
HE.LAUT.00.00 | 2025-04-19T08:37:07.919869Z - 2025-04-19T08:38:07.919869Z,,,,,,,,,,
HE.FIB4.00.00 | 2025-01-14T10:53:55.667101Z - 2025-01-14T10:54:55.667101Z,,,,,,,,,,
HE.FIB6.00.00 | 2025-03-31T20:49:19.022442Z - 2025-03-31T20:50:19.022442Z,,,,,,,,,,
HE.FIB2.00.00 | 2025-03-31T07:33:33.506227Z - 2025-03-31T07:34:33.506227Z,,,,,,,,,,
HE.HEL1.00.00 | 2025-03-05T20:06:12.743054Z - 2025-03-05T20:07:12.743054Z,,,,,,,,,,
HE.HEF.00.00 | 2025-09-12T19:39:51.982069Z - 2025-09-12T19:40:51.982069Z,,,,,,,,,,
HE.KU1.00.00 | 2025-06-30T19:01:25.325817Z - 2025-06-30T19:02:25.325817Z,,,,,,,,,,
HE.KY02.00.00 | 2025-05-19T17:34:55.372725Z - 2025-05-19T17:35:55.372725Z,,,,,,,,,,
HE.KU2.00.00 | 2025-07-08T10:27:24.938069Z - 2025-07-08T10:28:24.938069Z,,,,,,,,,,
HE.JOF.00.00 | 2025-03-18T07:55:34.480784Z - 2025-03-18T07:56:34.480784Z,,,,,,,,,,
HE.FIC4.00.00 | 2025-06-06T06:58:27.380215Z - 2025-06-06T06:59:27.380215Z,,,,,,,,,,
HE.FIC4.00.00 | 2025-08-01T15:00:14.724247Z - 2025-08-01T15:01:14.724247Z,,,,,,,,,,
HE.OUF.00.00 | 2025-01-19T09:18:55.588390Z - 2025-01-19T09:19:55.588390Z,,,,,,,,,,
HE.FIB6.00.00 | 2025-02-09T05:16:41.427355Z - 2025-02-09T05:17:41.427355Z,,,,,,,,,,
HE.ALAJF.00.00 | 2025-06-22T05:07:02.867505Z - 2025-06-22T05:08:02.867505Z,,,,,,,,,,
HE.FIC2.00.00 | 2025-05-25T13:28:33.294307Z - 2025-05-25T13:29:33.294307Z,,,,,,,,,,
HE.HEL5.00.00 | 2025-01-04T17:50:16.353699Z - 2025-01-04T17:51:16.353699Z,,,,,,,,,,
HE.KORF.00.00 | 2025-01-05T14:41:37.676945Z - 2025-01-05T14:42:37.676945Z,,,,,,,,,,
HE.FIB3.00.00 | 2025-05-21T13:43:22.493869Z - 2025-05-21T13:44:22.493869Z,,,,,,,,,,
HE.KIF.00.00 | 2025-12-29T04:59:09.659703Z - 2025-12-29T05:00:09.659703Z,,,,,,,,,,
HE.OBF0.00.00 | 2025-03-05T16:51:20.992976Z - 2025-03-05T16:52:20.992976Z,,,,,,,,,,
HE.JOF.00.00 | 2025-03-07T22:01:29.216915Z - 2025-03-07T22:02:29.216915Z,,,,,,,,,,
HE.TVF.00.00 | 2025-09-11T10:53:50.100875Z - 2025-09-11T10:54:50.100875Z,,,,,,,,,,
HE.RAF.00.00 | 2025-10-21T07:30:06.205364Z - 2025-10-21T07:31:06.205364Z,,,,,,,,,,
FN.RAJF.00.00 | 2025-01-27T14:14:07.932684Z - 2025-01-27T14:15:07.932684Z,,,,,,,,,,
HE.KY02.00.00 | 2025-06-05T18:41:56.800029Z - 2025-06-05T18:42:56.800029Z,,,,,,,,,,
HE.TVF.00.00 | 2025-08-14T14:27:19.498157Z - 2025-08-14T14:28:19.498157Z,,,,,,,,,,
HE.FIC2.00.00 | 2025-03-22T20:00:14.320637Z - 2025-03-22T20:01:14.320637Z,,,,,,,,,,
HE.FIB5.00.00 | 2025-11-13T06:06:16.133867Z - 2025-11-13T06:07:16.133867Z,,,,,,,,,,
HE.FIA2.00.00 | 2025-03-27T02:58:38.098740Z - 2025-03-27T02:59:38.098740Z,,,,,,,,,,
HE.FIA2.00.00 | 2025-05-05T16:42:29.540635Z - 2025-05-05T16:43:29.540635Z,,,,,,,,,,
HE.FIA3.00.00 | 2025-01-21T10:14:29.757488Z - 2025-01-21T10:15:29.757488Z,,,,,,,,,,
HE.HEL2.00.00 | 2025-08-03T15:50:48.305080Z - 2025-08-03T15:51:48.305080Z,,,,,,,,,,
HE.FIC2.00.00 | 2025-09-09T12:55:27.582953Z - 2025-09-09T12:56:27.582953Z,,,,,,,,,,
HE.KY17.00.00 | 2025-11-18T22:36:35.306705Z - 2025-11-18T22:37:35.306705Z,,,,,,,,,,
HE.MEF.00.00 | 2025-02-13T07:23:43.178940Z - 2025-02-13T07:24:43.178940Z,,,,,,,,,,
HE.FIB4.00.00 | 2025-05-27T20:12:04.340596Z - 2025-05-27T20:13:04.340596Z,,,,,,,,,,
HE.RUF.00.00 | 2025-10-27T23:44:03.072175Z - 2025-10-27T23:45:03.072175Z,,,,,,,,,,
HE.FIB3.00.00 | 2025-12-23T06:59:10.193112Z - 2025-12-23T07:00:10.193112Z,,,,,,,,,,
HE.OBF3.00.00 | 2025-12-12T05:08:59.322779Z - 2025-12-12T05:09:59.322779Z,,,,,,,,,,
HE.FIC2.00.00 | 2025-06-19T01:31:28.836504Z - 2025-06-19T01:32:28.836504Z,,,,,,,,,,
HE.RUF.00.00 | 2025-06-05T04:51:22.650884Z - 2025-06-05T04:52:22.650884Z,,,,,,,,,,
FN.OLKF.00.00 | 2025-04-18T07:55:43.426827Z - 2025-04-18T07:56:43.426827Z,,,,,,,,,,
HE.TOF.00.00 | 2025-10-07T12:43:39.343656Z - 2025-10-07T12:44:39.343656Z,,,,,,,,,,
HE.FIB3.00.00 | 2025-03-05T20:39:58.378245Z - 2025-03-05T20:40:58.378245Z,,,,,,,,,,
HE.KORF.00.00 | 2025-01-18T13:37:23.076351Z - 2025-01-18T13:38:23.076351Z,,,,,,,,,,
HE.FIB1.00.00 | 2025-11-11T21:11:37.103980Z - 2025-11-11T21:12:37.103980Z,,,,,,,,,,
HE.OBF0.00.00 | 2025-07-27T03:02:38.430557Z - 2025-07-27T03:03:38.430557Z,,,,,,,,,,
HE.KUNI.00.00 | 2025-06-11T10:48:32.560099Z - 2025-06-11T10:49:32.560099Z,,,,,,,,,,
HE.FIC1.00.00 | 2025-12-15T00:40:52.711215Z - 2025-12-15T00:41:52.711215Z,,,,,,,,,,
HE.KPF.00.00 | 2025-10-31T10:56:05.295272Z - 2025-10-31T10:57:05.295272Z,,,,,,,,,,
HE.KU6.00.00 | 2025-01-21T08:31:39.042281Z - 2025-01-21T08:32:39.042281Z,,,,,,,,,,
HE.TOF.00.00 | 2025-05-27T21:02:44.624813Z - 2025-05-27T21:03:44.624813Z,,,,,,,,,,
HE.FIA3.00.00 | 2025-09-07T14:48:47.922641Z - 2025-09-07T14:49:47.922641Z,,,,,,,,,,
FN.RNF.00.00 | 2025-10-06T12:53:57.285807Z - 2025-10-06T12:54:57.285807Z,,,,,,,,,,
HE.TRE03.00.00 | 2025-08-01T04:38:11.813199Z - 2025-08-01T04:39:11.813199Z,,,,,,,,,,
HE.KUNI.00.00 | 2025-08-04T19:25:12.723943Z - 2025-08-04T19:26:12.723943Z,,,,,,,,,,
HE.FIB6.00.00 | 2025-06-04T22:21:57.023015Z - 2025-06-04T22:22:57.023015Z,,,,,,,,,,
HE.FIB1.00.00 | 2025-02-05T06:37:52.887654Z - 2025-02-05T06:38:52.887654Z,,,,,,,,,,
HE.ECKF.00.00 | 2025-11-29T20:19:34.075228Z - 2025-11-29T20:20:34.075228Z,,,,,,,,,,
HE.FIA3.00.00 | 2025-06-04T02:24:08.474945Z - 2025-06-04T02:25:08.474945Z,,,,,,,,,,
HE.FIC5.00.00 | 2025-08-30T19:59:18.337589Z - 2025-08-30T20:00:18.337589Z,,,,,,,,,,
HE.HEL5.00.00 | 2025-10-03T22:18:52.005107Z - 2025-10-03T22:19:52.005107Z,,,,,,,,,,
HE.TOF.00.00 | 2025-10-05T13:10:46.387242Z - 2025-10-05T13:11:46.387242Z,,,,,,,,,,
HE.KPF.00.00 | 2025-07-24T03:30:56.581252Z - 2025-07-24T03:31:56.581252Z,,,,,,,,,,
HE.JOF.00.00 | 2025-09-23T04:20:59.342585Z - 2025-09-23T04:21:59.342585Z,,,,,,,,,,
HE.OBF3.00.00 | 2025-10-20T23:22:45.815586Z - 2025-10-20T23:23:45.815586Z,,,,,,,,,,
HE.KORF.00.00 | 2025-04-02T11:54:49.896815Z - 2025-04-02T11:55:49.896815Z,,,,,,,,,,
HE.VAF.00.00 | 2025-02-05T18:19:05.653531Z - 2025-02-05T18:20:05.653531Z,,,,,,,,,,
HE.FIC4.00.00 | 2025-09-09T12:11:29.080122Z - 2025-09-09T12:12:29.080122Z,,,,,,,,,,
HE.KJNF.00.00 | 2025-03-17T12:08:50.750264Z - 2025-03-17T12:09:50.750264Z,,,,,,,,,,
HE.JOF.00.00 | 2025-05-02T21:17:47.611520Z - 2025-05-02T21:18:47.611520Z,,,,,,,,,,
HE.LAUT.00.00 | 2025-05-04T05:49:45.506973Z - 2025-05-04T05:50:45.506973Z,,,,,,,,,,
HE.KIF.00.00 | 2025-08-06T03:08:41.240091Z - 2025-08-06T03:09:41.240091Z,,,,,,,,,,
HE.TRE03.00.00 | 2025-04-15T05:59:59.089024Z - 2025-04-15T06:00:59.089024Z,,,,,,,,,,
HE.FIC3.00.00 | 2025-03-30T09:47:17.622746Z - 2025-03-30T09:48:17.622746Z,,,,,,,,,,
HE.FIC1.00.00 | 2025-11-12T06:34:22.311560Z - 2025-11-12T06:35:22.311560Z,,,,,,,,,,
HE.OBF0.00.00 | 2025-09-05T15:09:37.926900Z - 2025-09-05T15:10:37.926900Z,,,,,,,,,,
HE.KU2.00.00 | 2025-11-19T23:01:14.690105Z - 2025-11-19T23:02:14.690105Z,,,,,,,,,,
HE.FIC5.00.00 | 2025-04-02T13:54:05.111122Z - 2025-04-02T13:55:05.111122Z,,,,,,,,,,
HE.ALAJF.00.00 | 2025-06-25T05:39:21.795580Z - 2025-06-25T05:40:21.795580Z,,,,,,,,,,
FN.KMNF.00.00 | 2025-03-28T01:25:45.137733Z - 2025-03-28T01:26:45.137733Z,,,,,,,,,,
FN.MSF.00.00 | 2025-01-27T22:47:26.953283Z - 2025-01-27T22:48:26.953283Z,,,,,,,,,,
HE.FIA3.00.00 | 2025-12-16T13:19:29.825889Z - 2025-12-16T13:20:29.825889Z,,,,,,,,,,
FN.RNF.00.00 | 2025-07-22T18:17:02.426838Z - 2025-07-22T18:18:02.426838Z,,,,,,,,,,
HE.RUF.00.00 | 2025-11-10T14:05:51.291081Z - 2025-11-10T14:06:51.291081Z,,,,,,,,,,
FN.OUL.00.00 | 2025-04-03T23:34:02.073619Z - 2025-04-03T23:35:02.073619Z,,,,,,,,,,
HE.HEL5.00.00 | 2025-12-18T09:07:42.217650Z - 2025-12-18T09:08:42.217650Z,,,,,,,,,,
HE.LAUT.00.00 | 2025-10-05T12:39:06.439319Z - 2025-10-05T12:40:06.439319Z,,,,,,,,,,
HE.KORF.00.00 | 2025-01-15T14:57:37.665106Z - 2025-01-15T14:58:37.665106Z,,,,,,,,,,
HE.RAF.00.00 | 2025-04-04T15:12:24.589565Z - 2025-04-04T15:13:24.589565Z,,,,,,,,,,
HE.FIB4.00.00 | 2025-03-21T23:28:09.237329Z - 2025-03-21T23:29:09.237329Z,,,,,,,,,,
HE.RMF.00.00 | 2025-04-01T07:05:13.170610Z - 2025-04-01T07:06:13.170610Z,,,,,,,,,,
FN.KLF.00.00 | 2025-12-25T18:52:57.141174Z - 2025-12-25T18:53:57.141174Z,,,,,,,,,,
HE.FIA2.00.00 | 2025-09-17T03:04:21.190727Z - 2025-09-17T03:05:21.190727Z,,,,,,,,,,
HE.FIC6.00.00 | 2025-10-25T18:03:20.639847Z - 2025-10-25T18:04:20.639847Z,,,,,,,,,,
HE.FIC5.00.00 | 2025-01-17T16:40:23.748153Z - 2025-01-17T16:41:23.748153Z,,,,,,,,,,
HE.RSUO.00.00 | 2025-02-07T16:04:25.738200Z - 2025-02-07T16:05:25.738200Z,,,,,,,,,,
HE.FIB1.00.00 | 2025-05-18T03:02:02.449142Z - 2025-05-18T03:03:02.449142Z,,,,,,,,,,
HE.VAF.00.00 | 2025-10-20T03:00:41.145004Z - 2025-10-20T03:01:41.145004Z,,,,,,,,,,
HE.FIC1.00.00 | 2025-07-04T10:50:18.171760Z - 2025-07-04T10:51:18.171760Z,,,,,,,,,,
HE.KORF.00.00 | 2025-05-17T20:09:29.491372Z - 2025-05-17T20:10:29.491372Z,,,,,,,,,,
HE.KAF.00.00 | 2025-03-31T15:12:43.563855Z - 2025-03-31T15:13:43.563855Z,,,,,,,,,,
HE.ALAJF.00.00 | 2025-06-15T18:21:31.501225Z - 2025-06-15T18:22:31.501225Z,,,,,,,,,,
HE.VJF.00.00 | 2025-08-01T23:34:30.809264Z - 2025-08-01T23:35:30.809264Z,,,,,,,,,,
HE.OBF8.00.00 | 2025-10-12T21:51:49.448639Z - 2025-10-12T21:52:49.448639Z,,,,,,,,,,
FN.RNF.00.00 | 2025-02-06T05:44:10.523278Z - 2025-02-06T05:45:10.523278Z,,,,,,,,,,
FN.OUL.00.00 | 2025-03-18T07:16:29.056456Z - 2025-03-18T07:17:29.056456Z,,,,,,,,,,
HE.ALAJF.00.00 | 2025-04-27T10:34:02.403633Z - 2025-04-27T10:35:02.403633Z,,,,,,,,,,
HE.ALAJF.00.00 | 2025-03-08T17:24:53.044039Z - 2025-03-08T17:25:53.044039Z,,,,,,,,,,
HE.FIA1.00.00 | 2025-01-16T23:04:33.207204Z - 2025-01-16T23:05:33.207204Z,,,,,,,,,,
HE.ECKF.00.00 | 2025-09-20T21:37:12.105776Z - 2025-09-20T21:38:12.105776Z,,,,,,,,,,
HE.FIB1.00.00 | 2025-01-09T04:07:48.713542Z - 2025-01-09T04:08:48.713542Z,,,,,,,,,,
HE.KJNF.00.00 | 2025-08-05T09:15:12.306343Z - 2025-08-05T09:16:12.306343Z,,,,,,,,,,
HE.JOF.00.00 | 2025-05-16T12:05:23.471548Z - 2025-05-16T12:06:23.471548Z,,,,,,,,,,
HE.KIF.00.00 | 2025-08-03T18:21:24.060346Z - 2025-08-03T18:22:24.060346Z,,,,,,,,,,
HE.KAF.00.00 | 2025-08-15T01:10:07.726009Z - 2025-08-15T01:11:07.726009Z,,,,,,,,,,
HE.OBF8.00.00 | 2025-11-03T11:50:29.660495Z - 2025-11-03T11:51:29.660495Z,,,,,,,,,,
FN.MSF.00.00 | 2025-03-03T06:31:50.156669Z - 2025-03-03T06:32:50.156669Z,,,,,,,,,,
HE.FIA1.00.00 | 2025-11-12T16:41:44.218761Z - 2025-11-12T16:42:44.218761Z,,,,,,,,,,
HE.KEV.00.00 | 2025-04-21T12:56:26.634936Z - 2025-04-21T12:57:26.634936Z,,,,,,,,,,
FN.KLF.00.00 | 2025-11-09T09:00:04.298074Z - 2025-11-09T09:01:04.298074Z,,,,,,,,,,
HE.FIA0.00.00 | 2025-06-05T21:35:41.123906Z - 2025-06-05T21:36:41.123906Z,,,,,,,,,,
HE.SUF.00.00 | 2025-02-25T17:17:11.763399Z - 2025-02-25T17:18:11.763399Z,,,,,,,,,,
FN.MSF.00.00 | 2025-12-01T07:49:59.779182Z - 2025-12-01T07:50:59.779182Z,,,,,,,,,,
HE.HEL5.00.00 | 2025-09-18T08:51:38.256487Z - 2025-09-18T08:52:38.256487Z,,,,,,,,,,
HE.KY02.00.00 | 2025-04-21T03:54:26.979626Z - 2025-04-21T03:55:26.979626Z,,,,,,,,,,
HE.FIB6.00.00 | 2025-12-28T23:53:07.594648Z - 2025-12-28T23:54:07.594648Z,,,,,,,,,,
HE.TVF.00.00 | 2025-08-19T21:36:13.570510Z - 2025-08-19T21:37:13.570510Z,,,,,,,,,,
HE.OBF0.00.00 | 2025-10-15T16:26:30.412808Z - 2025-10-15T16:27:30.412808Z,,,,,,,,,,
HE.KU1.00.00 | 2025-02-16T09:58:43.832232Z - 2025-02-16T09:59:43.832232Z,,,,,,,,,,
FN.OUL.00.00 | 2025-12-22T23:06:34.650127Z - 2025-12-22T23:07:34.650127Z,,,,,,,,,,
HE.MEF.00.00 | 2025-03-18T00:40:09.699280Z - 2025-03-18T00:41:09.699280Z,,,,,,,,,,
HE.FIA3.00.00 | 2025-10-12T04:39:00.833828Z - 2025-10-12T04:40:00.833828Z,,,,,,,,,,
FN.SGF.00.00 | 2025-07-13T05:36:01.387122Z - 2025-07-13T05:37:01.387122Z,,,,,,,,,,
HE.FIB5.00.00 | 2025-06-08T15:37:21.183136Z - 2025-06-08T15:38:21.183136Z,,,,,,,,,,
HE.KAF.00.00 | 2025-03-03T09:52:07.255877Z - 2025-03-03T09:53:07.255877Z,,,,,,,,,,
HE.KU2.00.00 | 2025-05-05T00:30:41.792211Z - 2025-05-05T00:31:41.792211Z,,,,,,,,,,
HE.NIF.00.00 | 2025-01-04T20:58:40.547542Z - 2025-01-04T20:59:40.547542Z,,,,,,,,,,
HE.KIF.00.00 | 2025-03-17T20:05:27.311068Z - 2025-03-17T20:06:27.311068Z,,,,,,,,,,
HE.SUF.00.00 | 2025-08-22T02:05:37.307297Z - 2025-08-22T02:06:37.307297Z,,,,,,,,,,
HE.KEV.00.00 | 2025-10-11T19:43:33.864154Z - 2025-10-11T19:44:33.864154Z,,,,,,,,,,
HE.KY17.00.00 | 2025-12-16T13:44:19.857992Z - 2025-12-16T13:45:19.857992Z,,,,,,,,,,
HE.KORF.00.00 | 2025-11-22T22:42:36.110574Z - 2025-11-22T22:43:36.110574Z,,,,,,,,,,
FN.MSF.00.00 | 2025-12-07T00:52:30.346984Z - 2025-12-07T00:53:30.346984Z,,,,,,,,,,
HE.KAF.00.00 | 2025-07-19T07:02:20.846972Z - 2025-07-19T07:03:20.846972Z,,,,,,,,,,
HE.OBF8.00.00 | 2025-11-25T01:53:36.144583Z - 2025-11-25T01:54:36.144583Z,,,,,,,,,,
HE.TVF.00.00 | 2025-12-10T21:47:47.513507Z - 2025-12-10T21:48:47.513507Z,,,,,,,,,,
FN.RAJF.00.00 | 2025-04-27T08:52:30.311944Z - 2025-04-27T08:53:30.311944Z,,,,,,,,,,
HE.KIF.00.00 | 2025-10-04T21:55:32.060127Z - 2025-10-04T21:56:32.060127Z,,,,,,,,,,
HE.RUF.00.00 | 2025-04-26T09:49:45.094299Z - 2025-04-26T09:50:45.094299Z,,,,,,,,,,
HE.KUNI.00.00 | 2025-11-09T01:25:28.204366Z - 2025-11-09T01:26:28.204366Z,,,,,,,,,,
HE.KY17.00.00 | 2025-12-29T01:40:10.959260Z - 2025-12-29T01:41:10.959260Z,,,,,,,,,,
HE.ECKF.00.00 | 2025-10-30T18:36:50.287222Z - 2025-10-30T18:37:50.287222Z,,,,,,,,,,
HE.FIC2.00.00 | 2025-09-12T12:47:54.526698Z - 2025-09-12T12:48:54.526698Z,,,,,,,,,,
FN.SGF.00.00 | 2025-03-07T17:25:14.754761Z - 2025-03-07T17:26:14.754761Z,,,,,,,,,,
HE.FIC6.00.00 | 2025-08-26T22:47:36.250465Z - 2025-08-26T22:48:36.250465Z,,,,,,,,,,
HE.FIA0.00.00 | 2025-04-02T18:15:33.460315Z - 2025-04-02T18:16:33.460315Z,,,,,,,,,,
FN.KLF.00.00 | 2025-03-26T11:37:14.533354Z - 2025-03-26T11:38:14.533354Z,,,,,,,,,,
HE.OBF3.00.00 | 2025-07-26T00:11:31.364632Z - 2025-07-26T00:12:31.364632Z,,,,,,,,,,
HE.FIB5.00.00 | 2025-05-28T23:42:13.835427Z - 2025-05-28T23:43:13.835427Z,,,,,,,,,,
HE.FIB3.00.00 | 2025-05-02T08:11:52.195977Z - 2025-05-02T08:12:52.195977Z,,,,,,,,,,
HE.FIC5.00.00 | 2025-08-02T13:55:14.790026Z - 2025-08-02T13:56:14.790026Z,,,,,,,,,,
FN.RAJF.00.00 | 2025-02-07T13:19:09.409007Z - 2025-02-07T13:20:09.409007Z,,,,,,,,,,
HE.OBF0.00.00 | 2025-12-27T00:57:27.168357Z - 2025-12-27T00:58:27.168357Z,,,,,,,,,,
HE.LAUT.00.00 | 2025-06-23T04:15:49.460029Z - 2025-06-23T04:16:49.460029Z,,,,,,,,,,
HE.TRE03.00.00 | 2025-11-19T05:19:59.983826Z - 2025-11-19T05:20:59.983826Z,,,,,,,,,,
HE.TRE03.00.00 | 2025-03-11T11:54:23.384167Z - 2025-03-11T11:55:23.384167Z,,,,,,,,,,
FN.RAJF.00.00 | 2025-09-23T18:08:43.405748Z - 2025-09-23T18:09:43.405748Z,,,,,,,,,,
HE.KY17.00.00 | 2025-07-14T02:34:09.134561Z - 2025-07-14T02:35:09.134561Z,,,,,,,,,,
FN.MSF.00.00 | 2025-09-26T22:53:57.765584Z - 2025-09-26T22:54:57.765584Z,,,,,,,,,,
HE.FIB1.00.00 | 2025-04-09T00:27:08.053380Z - 2025-04-09T00:28:08.053380Z,,,,,,,,,,
HE.HEF.00.00 | 2025-02-18T23:29:35.073555Z - 2025-02-18T23:30:35.073555Z,,,,,,,,,,
HE.TOF.00.00 | 2025-11-07T12:42:40.524889Z - 2025-11-07T12:43:40.524889Z,,,,,,,,,,
HE.RAF.00.00 | 2025-10-17T08:24:39.096792Z - 2025-10-17T08:25:39.096792Z,,,,,,,,,,
FN.SGF.00.00 | 2025-11-28T13:12:07.056099Z - 2025-11-28T13:13:07.056099Z,,,,,,,,,,
HE.NUR.00.00 | 2025-06-22T18:21:26.415169Z - 2025-06-22T18:22:26.415169Z,,,,,,,,,,
HE.LOVF.00.00 | 2025-04-20T13:11:04.808810Z - 2025-04-20T13:12:04.808810Z,,,,,,,,,,
HE.NUR.00.00 | 2025-06-05T20:20:46.449882Z - 2025-06-05T20:21:46.449882Z,,,,,,,,,,
HE.HEL2.00.00 | 2025-06-12T14:11:11.797517Z - 2025-06-12T14:12:11.797517Z,,,,,,,,,,
FN.RNF.00.00 | 2025-02-06T04:16:55.150807Z - 2025-02-06T04:17:55.150807Z,,,,,,,,,,
HE.FIB6.00.00 | 2025-03-20T08:39:22.978753Z - 2025-03-20T08:40:22.978753Z,,,,,,,,,,
HE.KAF.00.00 | 2025-07-03T21:50:40.995872Z - 2025-07-03T21:51:40.995872Z,,,,,,,,,,
HE.RAF.00.00 | 2025-09-15T07:34:07.439225Z - 2025-09-15T07:35:07.439225Z,,,,,,,,,,
HE.VJF.00.00 | 2025-07-17T06:38:53.124057Z - 2025-07-17T06:39:53.124057Z,,,,,,,,,,
HE.LOVF.00.00 | 2025-04-29T19:54:01.967509Z - 2025-04-29T19:55:01.967509Z,,,,,,,,,,
UP.AAL.00.00 | 2025-08-22T15:12:45.889032Z - 2025-08-22T15:13:45.889032Z,,,,,,,,,,
HE.RMF.00.00 | 2025-07-21T03:20:37.462201Z - 2025-07-21T03:21:37.462201Z,,,,,,,,,,
FN.MSF.00.00 | 2025-12-19T09:12:02.706234Z - 2025-12-19T09:13:02.706234Z,,,,,,,,,,
FN.KLF.00.00 | 2025-11-10T05:53:58.741607Z - 2025-11-10T05:54:58.741607Z,,,,,,,,,,
HE.RAF.00.00 | 2025-06-20T13:27:31.822470Z - 2025-06-20T13:28:31.822470Z,,,,,,,,,,
HE.FIC6.00.00 | 2025-02-18T11:33:28.347861Z - 2025-02-18T11:34:28.347861Z,,,,,,,,,,
HE.KEV.00.00 | 2025-11-04T16:24:42.099187Z - 2025-11-04T16:25:42.099187Z,,,,,,,,,,
HE.FIB4.00.00 | 2025-07-27T09:33:47.157020Z - 2025-07-27T09:34:47.157020Z,,,,,,,,,,
HE.RSUO.00.00 | 2025-12-22T08:51:35.976600Z - 2025-12-22T08:52:35.976600Z,,,,,,,,,,
HE.KY02.00.00 | 2025-07-24T06:44:28.511413Z - 2025-07-24T06:45:28.511413Z,,,,,,,,,,
HE.OUF.00.00 | 2025-05-23T22:52:57.357618Z - 2025-05-23T22:53:57.357618Z,,,,,,,,,,
HE.FIC2.00.00 | 2025-03-22T17:07:54.576004Z - 2025-03-22T17:08:54.576004Z,,,,,,,,,,
HE.VJF.00.00 | 2025-04-21T10:01:15.427899Z - 2025-04-21T10:02:15.427899Z,,,,,,,,,,
HE.FIB1.00.00 | 2025-12-19T16:51:01.845474Z - 2025-12-19T16:52:01.845474Z,,,,,,,,,,
HE.LAUT.00.00 | 2025-03-21T12:44:44.108108Z - 2025-03-21T12:45:44.108108Z,,,,,,,,,,
HE.FIB6.00.00 | 2025-02-24T05:11:56.844095Z - 2025-02-24T05:12:56.844095Z,,,,,,,,,,
FN.RAJF.00.00 | 2025-07-15T04:53:55.149691Z - 2025-07-15T04:54:55.149691Z,,,,,,,,,,
HE.NUR.00.00 | 2025-10-18T19:13:09.236817Z - 2025-10-18T19:14:09.236817Z,,,,,,,,,,
HE.HEF.00.00 | 2025-01-09T01:06:21.990280Z - 2025-01-09T01:07:21.990280Z,,,,,,,,,,
HE.KPF.00.00 | 2025-06-03T05:43:14.861444Z - 2025-06-03T05:44:14.861444Z,,,,,,,,,,
HE.KU2.00.00 | 2025-05-20T03:00:29.192408Z - 2025-05-20T03:01:29.192408Z,,,,,,,,,,
HE.LOVF.00.00 | 2025-07-23T00:43:14.917693Z - 2025-07-23T00:44:14.917693Z,,,,,,,,,,
HE.FIA0.00.00 | 2025-10-25T14:31:27.603702Z - 2025-10-25T14:32:27.603702Z,,,,,,,,,,
HE.VUOS.00.00 | 2025-01-31T15:49:36.808647Z - 2025-01-31T15:50:36.808647Z,,,,,,,,,,
HE.ECKF.00.00 | 2025-05-29T07:06:04.891482Z - 2025-05-29T07:07:04.891482Z,,,,,,,,,,
FN.RANF.00.00 | 2025-09-03T22:54:30.734828Z - 2025-09-03T22:55:30.734828Z,,,,,,,,,,
HE.KIF.00.00 | 2025-12-19T19:40:09.801429Z - 2025-12-19T19:41:09.801429Z,,,,,,,,,,
HE.KEV.00.00 | 2025-05-18T18:23:13.229421Z - 2025-05-18T18:24:13.229421Z,,,,,,,,,,
HE.FIA0.00.00 | 2025-10-17T04:04:54.477466Z - 2025-10-17T04:05:54.477466Z,,,,,,,,,,
HE.FIA0.00.00 | 2025-08-13T04:39:45.019937Z - 2025-08-13T04:40:45.019937Z,,,,,,,,,,
HE.KEV.00.00 | 2025-02-07T19:48:06.214892Z - 2025-02-07T19:49:06.214892Z,,,,,,,,,,
FN.MSF.00.00 | 2025-03-12T18:38:07.941062Z - 2025-03-12T18:39:07.941062Z,,,,,,,,,,
UP.AAL.00.00 | 2025-08-15T13:01:33.889623Z - 2025-08-15T13:02:33.889623Z,,,,,,,,,,
HE.FIB2.00.00 | 2025-04-04T09:55:32.159251Z - 2025-04-04T09:56:32.159251Z,,,,,,,,,,
HE.OUF.00.00 | 2025-06-12T10:55:20.904170Z - 2025-06-12T10:56:20.904170Z,,,,,,,,,,
HE.MEF.00.00 | 2025-04-30T01:40:17.722103Z - 2025-04-30T01:41:17.722103Z,,,,,,,,,,
HE.VUOS.00.00 | 2025-12-03T03:51:58.540850Z - 2025-12-03T03:52:58.540850Z,,,,,,,,,,
HE.HEF.00.00 | 2025-04-03T15:21:32.045601Z - 2025-04-03T15:22:32.045601Z,,,,,,,,,,
HE.FIA2.00.00 | 2025-01-13T08:27:42.262652Z - 2025-01-13T08:28:42.262652Z,,,,,,,,,,
HE.LAUT.00.00 | 2025-12-01T12:24:29.707290Z - 2025-12-01T12:25:29.707290Z,,,,,,,,,,
HE.FIB2.00.00 | 2025-12-17T15:25:24.474315Z - 2025-12-17T15:26:24.474315Z,,,,,,,,,,
FN.RANF.00.00 | 2025-01-29T20:38:52.334629Z - 2025-01-29T20:39:52.334629Z,,,,,,,,,,
FN.RAJF.00.00 | 2025-11-19T11:13:41.667205Z - 2025-11-19T11:14:41.667205Z,,,,,,,,,,
FN.KLF.00.00 | 2025-12-01T03:16:56.646669Z - 2025-12-01T03:17:56.646669Z,,,,,,,,,,
FN.RANF.00.00 | 2025-05-01T03:15:33.255944Z - 2025-05-01T03:16:33.255944Z,,,,,,,,,,
HE.VAF.00.00 | 2025-04-27T04:22:59.801272Z - 2025-04-27T04:23:59.801272Z,,,,,,,,,,
HE.VAF.00.00 | 2025-04-19T18:31:58.039782Z - 2025-04-19T18:32:58.039782Z,,,,,,,,,,
HE.KPF.00.00 | 2025-02-10T22:30:47.274591Z - 2025-02-10T22:31:47.274591Z,,,,,,,,,,
HE.LOVF.00.00 | 2025-08-23T01:09:26.125746Z - 2025-08-23T01:10:26.125746Z,,,,,,,,,,
FN.OUL.00.00 | 2025-04-09T02:20:59.288142Z - 2025-04-09T02:21:59.288142Z,,,,,,,,,,
HE.OBF0.00.00 | 2025-10-18T00:52:00.649604Z - 2025-10-18T00:53:00.649604Z,,,,,,,,,,
HE.NIF.00.00 | 2025-07-09T11:03:12.363520Z - 2025-07-09T11:04:12.363520Z,,,,,,,,,,
HE.MEF.00.00 | 2025-07-13T01:16:23.765124Z - 2025-07-13T01:17:23.765124Z,,,,,,,,,,
HE.RUF.00.00 | 2025-02-06T05:32:08.380920Z - 2025-02-06T05:33:08.380920Z,,,,,,,,,,
HE.FIA3.00.00 | 2025-04-05T15:09:41.160160Z - 2025-04-05T15:10:41.160160Z,,,,,,,,,,
HE.NIF.00.00 | 2025-12-21T16:48:58.068799Z - 2025-12-21T16:49:58.068799Z,,,,,,,,,,
HE.TVF.00.00 | 2025-08-04T03:34:33.063481Z - 2025-08-04T03:35:33.063481Z,,,,,,,,,,
HE.OUF.00.00 | 2025-11-08T13:21:54.876526Z - 2025-11-08T13:22:54.876526Z,,,,,,,,,,
HE.FIB4.00.00 | 2025-02-13T16:37:50.191157Z - 2025-02-13T16:38:50.191157Z,,,,,,,,,,
HE.RMF.00.00 | 2025-07-12T19:23:51.296192Z - 2025-07-12T19:24:51.296192Z,,,,,,,,,,
HE.ECKF.00.00 | 2025-01-09T11:01:30.622988Z - 2025-01-09T11:02:30.622988Z,,,,,,,,,,
HE.PVF.00.00 | 2025-01-08T21:06:49.154530Z - 2025-01-08T21:07:49.154530Z,,,,,,,,,,
HE.VAF.00.00 | 2025-06-24T16:36:49.941072Z - 2025-06-24T16:37:49.941072Z,,,,,,,,,,
HE.FIA0.00.00 | 2025-08-16T01:53:48.585995Z - 2025-08-16T01:54:48.585995Z,,,,,,,,,,
HE.FIB2.00.00 | 2025-05-06T15:50:05.393495Z - 2025-05-06T15:51:05.393495Z,,,,,,,,,,
FN.RAJF.00.00 | 2025-11-11T15:16:40.779064Z - 2025-11-11T15:17:40.779064Z,,,,,,,,,,
HE.TVF.00.00 | 2025-12-09T02:27:09.557833Z - 2025-12-09T02:28:09.557833Z,,,,,,,,,,
HE.TRE03.00.00 | 2025-11-20T11:51:43.212167Z - 2025-11-20T11:52:43.212167Z,,,,,,,,,,
FN.OUL.00.00 | 2025-06-17T11:18:21.284875Z - 2025-06-17T11:19:21.284875Z,,,,,,,,,,
HE.FIA1.00.00 | 2025-05-31T16:29:07.753554Z - 2025-05-31T16:30:07.753554Z,,,,,,,,,,
HE.NUR.00.00 | 2025-03-07T17:42:03.295441Z - 2025-03-07T17:43:03.295441Z,,,,,,,,,,
HE.FIA0.00.00 | 2025-01-18T12:17:19.432808Z - 2025-01-18T12:18:19.432808Z,,,,,,,,,,
FN.SGF.00.00 | 2025-01-17T16:46:33.857247Z - 2025-01-17T16:47:33.857247Z,,,,,,,,,,
HE.SUF.00.00 | 2025-08-17T12:11:14.324540Z - 2025-08-17T12:12:14.324540Z,,,,,,,,,,
HE.KEV.00.00 | 2025-04-29T06:28:49.026111Z - 2025-04-29T06:29:49.026111Z,,,,,,,,,,
HE.RUF.00.00 | 2025-08-30T23:21:40.833318Z - 2025-08-30T23:22:40.833318Z,,,,,,,,,,
HE.KU2.00.00 | 2025-01-21T14:06:48.863352Z - 2025-01-21T14:07:48.863352Z,,,,,,,,,,
HE.FIB3.00.00 | 2025-02-03T15:36:12.932719Z - 2025-02-03T15:37:12.932719Z,,,,,,,,,,
HE.NIF.00.00 | 2025-06-10T17:57:30.058111Z - 2025-06-10T17:58:30.058111Z,,,,,,,,,,
HE.TVF.00.00 | 2025-04-13T01:05:30.954803Z - 2025-04-13T01:06:30.954803Z,,,,,,,,,,
HE.FIC3.00.00 | 2025-12-13T09:42:45.105545Z - 2025-12-13T09:43:45.105545Z,,,,,,,,,,
HE.HEF.00.00 | 2025-10-29T10:13:27.809494Z - 2025-10-29T10:14:27.809494Z,,,,,,,,,,
HE.FIB5.00.00 | 2025-02-17T19:11:36.576552Z - 2025-02-17T19:12:36.576552Z,,,,,,,,,,
HE.VJF.00.00 | 2025-08-22T14:35:31.851875Z - 2025-08-22T14:36:31.851875Z,,,,,,,,,,
HE.KPF.00.00 | 2025-05-03T09:48:09.179816Z - 2025-05-03T09:49:09.179816Z,,,,,,,,,,
FN.RAJF.00.00 | 2025-08-04T02:35:51.396404Z - 2025-08-04T02:36:51.396404Z,,,,,,,,,,
HE.RSUO.00.00 | 2025-04-27T19:50:23.110468Z - 2025-04-27T19:51:23.110468Z,,,,,,,,,,
HE.VRF.00.00 | 2025-05-08T22:05:23.492569Z - 2025-05-08T22:06:23.492569Z,,,,,,,,,,
HE.FIB2.00.00 | 2025-04-27T20:46:19.071752Z - 2025-04-27T20:47:19.071752Z,,,,,,,,,,
HE.FIA0.00.00 | 2025-06-22T14:25:33.551031Z - 2025-06-22T14:26:33.551031Z,,,,,,,,,,
FN.OUL.00.00 | 2025-07-29T07:10:33.749005Z - 2025-07-29T07:11:33.749005Z,,,,,,,,,,
HE.ECKF.00.00 | 2025-01-17T22:30:04.815420Z - 2025-01-17T22:31:04.815420Z,,,,,,,,,,
HE.KORF.00.00 | 2025-10-13T10:17:17.552784Z - 2025-10-13T10:18:17.552784Z,,,,,,,,,,
HE.OBF3.00.00 | 2025-01-16T11:17:00.999090Z - 2025-01-16T11:18:00.999090Z,,,,,,,,,,
HE.NIF.00.00 | 2025-11-21T09:39:02.610031Z - 2025-11-21T09:40:02.610031Z,,,,,,,,,,
HE.KJNF.00.00 | 2025-02-08T02:56:14.454988Z - 2025-02-08T02:57:14.454988Z,,,,,,,,,,
HE.VRF.00.00 | 2025-12-16T03:33:37.940751Z - 2025-12-16T03:34:37.940751Z,,,,,,,,,,
HE.NUR.00.00 | 2025-12-19T10:46:51.431363Z - 2025-12-19T10:47:51.431363Z,,,,,,,,,,
HE.RMF.00.00 | 2025-04-22T16:47:47.063200Z - 2025-04-22T16:48:47.063200Z,,,,,,,,,,
HE.KU6.00.00 | 2025-04-18T01:53:53.002630Z - 2025-04-18T01:54:53.002630Z,,,,,,,,,,
HE.FIB1.00.00 | 2025-08-10T06:43:33.703545Z - 2025-08-10T06:44:33.703545Z,,,,,,,,,,
HE.KEV.00.00 | 2025-10-22T20:40:21.719911Z - 2025-10-22T20:41:21.719911Z,,,,,,,,,,
HE.OBF3.00.00 | 2025-04-10T11:17:24.972379Z - 2025-04-10T11:18:24.972379Z,,,,,,,,,,
HE.HEF.00.00 | 2025-04-28T19:22:59.752229Z - 2025-04-28T19:23:59.752229Z,,,,,,,,,,
HE.FIA0.00.00 | 2025-06-10T14:21:37.658172Z - 2025-06-10T14:22:37.658172Z,,,,,,,,,,
FN.SGF.00.00 | 2025-09-06T16:45:58.763772Z - 2025-09-06T16:46:58.763772Z,,,,,,,,,,
HE.KU6.00.00 | 2025-11-21T05:36:49.290853Z - 2025-11-21T05:37:49.290853Z,,,,,,,,,,
HE.KU1.00.00 | 2025-07-01T13:06:34.493416Z - 2025-07-01T13:07:34.493416Z,,,,,,,,,,
HE.FIA0.00.00 | 2025-07-10T02:48:36.184277Z - 2025-07-10T02:49:36.184277Z,,,,,,,,,,
HE.KU6.00.00 | 2025-03-23T12:37:35.749448Z - 2025-03-23T12:38:35.749448Z,,,,,,,,,,
HE.VUOS.00.00 | 2025-11-07T06:44:53.784862Z - 2025-11-07T06:45:53.784862Z,,,,,,,,,,
HE.HEL5.00.00 | 2025-04-17T08:01:08.730660Z - 2025-04-17T08:02:08.730660Z,,,,,,,,,,
HE.VAF.00.00 | 2025-12-07T08:59:40.994976Z - 2025-12-07T09:00:40.994976Z,,,,,,,,,,
HE.VUOS.00.00 | 2025-01-26T06:32:19.730267Z - 2025-01-26T06:33:19.730267Z,,,,,,,,,,
HE.OBF3.00.00 | 2025-10-05T03:12:16.542576Z - 2025-10-05T03:13:16.542576Z,,,,,,,,,,
HE.FIB6.00.00 | 2025-10-20T20:38:11.871193Z - 2025-10-20T20:39:11.871193Z,,,,,,,,,,
HE.KPF.00.00 | 2025-10-29T05:39:54.765783Z - 2025-10-29T05:40:54.765783Z,,,,,,,,,,
HE.PVF.00.00 | 2025-05-08T04:33:54.289116Z - 2025-05-08T04:34:54.289116Z,,,,,,,,,,
HE.RMF.00.00 | 2025-09-05T03:23:39.788484Z - 2025-09-05T03:24:39.788484Z,,,,,,,,,,
HE.OBF0.00.00 | 2025-12-08T07:51:54.573336Z - 2025-12-08T07:52:54.573336Z,,,,,,,,,,
FN.KMNF.00.00 | 2025-12-04T02:25:39.873949Z - 2025-12-04T02:26:39.873949Z,,,,,,,,,,
UP.AAL.00.00 | 2025-03-29T16:37:18.027925Z - 2025-03-29T16:38:18.027925Z,,,,,,,,,,
HE.KAF.00.00 | 2025-12-19T17:11:00.665612Z - 2025-12-19T17:12:00.665612Z,,,,,,,,,,
HE.FIB5.00.00 | 2025-12-24T00:57:23.419824Z - 2025-12-24T00:58:23.419824Z,,,,,,,,,,
HE.FIA2.00.00 | 2025-10-09T15:35:03.962639Z - 2025-10-09T15:36:03.962639Z,,,,,,,,,,
HE.FIC5.00.00 | 2025-06-08T05:58:34.733013Z - 2025-06-08T05:59:34.733013Z,,,,,,,,,,
HE.VRF.00.00 | 2025-05-29T01:15:21.064919Z - 2025-05-29T01:16:21.064919Z,,,,,,,,,,
HE.VJF.00.00 | 2025-11-24T07:11:55.025315Z - 2025-11-24T07:12:55.025315Z,,,,,,,,,,
HE.FIC6.00.00 | 2025-02-18T02:40:14.391281Z - 2025-02-18T02:41:14.391281Z,,,,,,,,,,
FN.KMNF.00.00 | 2025-05-28T21:44:35.534923Z - 2025-05-28T21:45:35.534923Z,,,,,,,,,,
HE.KY02.00.00 | 2025-09-05T10:20:45.670778Z - 2025-09-05T10:21:45.670778Z,,,,,,,,,,
HE.OUF.00.00 | 2025-11-19T13:45:41.232688Z - 2025-11-19T13:46:41.232688Z,,,,,,,,,,
FN.RANF.00.00 | 2025-10-16T08:40:11.388749Z - 2025-10-16T08:41:11.388749Z,,,,,,,,,,
HE.RUF.00.00 | 2025-01-26T20:22:12.705568Z - 2025-01-26T20:23:12.705568Z,,,,,,,,,,
HE.PVF.00.00 | 2025-07-09T10:52:02.563976Z - 2025-07-09T10:53:02.563976Z,,,,,,,,,,
HE.ALAJF.00.00 | 2025-07-01T10:35:11.087303Z - 2025-07-01T10:36:11.087303Z,,,,,,,,,,
HE.FIB4.00.00 | 2025-07-07T00:15:21.290358Z - 2025-07-07T00:16:21.290358Z,,,,,,,,,,
FN.SGF.00.00 | 2025-05-02T14:31:26.733689Z - 2025-05-02T14:32:26.733689Z,,,,,,,,,,
HE.KY17.00.00 | 2025-06-12T09:49:30.452866Z - 2025-06-12T09:50:30.452866Z,,,,,,,,,,
HE.ALAJF.00.00 | 2025-04-07T23:32:19.244878Z - 2025-04-07T23:33:19.244878Z,,,,,,,,,,
HE.FIB1.00.00 | 2025-05-03T09:10:06.262795Z - 2025-05-03T09:11:06.262795Z,,,,,,,,,,
HE.HEF.00.00 | 2025-05-15T05:40:12.465447Z - 2025-05-15T05:41:12.465447Z,,,,,,,,,,
HE.RUF.00.00 | 2025-09-07T19:17:13.096782Z - 2025-09-07T19:18:13.096782Z,,,,,,,,,,
HE.KORF.00.00 | 2025-12-25T19:16:37.467170Z - 2025-12-25T19:17:37.467170Z,,,,,,,,,,
HE.OBF8.00.00 | 2025-08-06T00:50:01.189506Z - 2025-08-06T00:51:01.189506Z,,,,,,,,,,
HE.RSUO.00.00 | 2025-05-16T22:03:29.320214Z - 2025-05-16T22:04:29.320214Z,,,,,,,,,,
HE.FIC6.00.00 | 2025-11-21T00:30:33.822543Z - 2025-11-21T00:31:33.822543Z,,,,,,,,,,
HE.KAF.00.00 | 2025-10-15T15:40:41.322081Z - 2025-10-15T15:41:41.322081Z,,,,,,,,,,
HE.KU1.00.00 | 2025-08-05T17:49:01.037202Z - 2025-08-05T17:50:01.037202Z,,,,,,,,,,
HE.KPF.00.00 | 2025-02-13T02:37:11.344875Z - 2025-02-13T02:38:11.344875Z,,,,,,,,,,
HE.LOVF.00.00 | 2025-08-04T10:30:07.091730Z - 2025-08-04T10:31:07.091730Z,,,,,,,,,,
HE.HEL1.00.00 | 2025-03-27T14:30:29.873922Z - 2025-03-27T14:31:29.873922Z,,,,,,,,,,
HE.JOF.00.00 | 2025-08-04T13:45:09.234021Z - 2025-08-04T13:46:09.234021Z,,,,,,,,,,
FN.SGF.00.00 | 2025-12-01T16:41:33.615080Z - 2025-12-01T16:42:33.615080Z,,,,,,,,,,
HE.KU1.00.00 | 2025-04-06T17:18:21.420427Z - 2025-04-06T17:19:21.420427Z,,,,,,,,,,
HE.KU1.00.00 | 2025-12-06T19:37:36.510224Z - 2025-12-06T19:38:36.510224Z,,,,,,,,,,
HE.FIC6.00.00 | 2025-11-01T10:09:44.888716Z - 2025-11-01T10:10:44.888716Z,,,,,,,,,,
HE.OBF8.00.00 | 2025-06-14T09:27:15.134477Z - 2025-06-14T09:28:15.134477Z,,,,,,,,,,
HE.PVF.00.00 | 2025-10-13T16:40:31.589143Z - 2025-10-13T16:41:31.589143Z,,,,,,,,,,
HE.VAF.00.00 | 2025-03-07T11:55:00.496150Z - 2025-03-07T11:56:00.496150Z,,,,,,,,,,
HE.FIB4.00.00 | 2025-04-20T14:24:01.199543Z - 2025-04-20T14:25:01.199543Z,,,,,,,,,,
FN.RAJF.00.00 | 2025-04-30T03:56:10.069069Z - 2025-04-30T03:57:10.069069Z,,,,,,,,,,
HE.MEF.00.00 | 2025-03-14T06:29:33.621770Z - 2025-03-14T06:30:33.621770Z,,,,,,,,,,
HE.FIB4.00.00 | 2025-05-04T15:35:57.372630Z - 2025-05-04T15:36:57.372630Z,,,,,,,,,,
HE.FIC3.00.00 | 2025-10-10T11:56:58.675497Z - 2025-10-10T11:57:58.675497Z,,,,,,,,,,
HE.PVF.00.00 | 2025-07-02T07:09:15.386120Z - 2025-07-02T07:10:15.386120Z,,,,,,,,,,
HE.FIB4.00.00 | 2025-03-21T03:09:43.403809Z - 2025-03-21T03:10:43.403809Z,,,,,,,,,,
FN.KMNF.00.00 | 2025-10-04T07:47:39.436720Z - 2025-10-04T07:48:39.436720Z,,,,,,,,,,
HE.KU2.00.00 | 2025-03-05T19:49:00.616054Z - 2025-03-05T19:50:00.616054Z,,,,,,,,,,
HE.PVF.00.00 | 2025-09-24T07:00:34.833141Z - 2025-09-24T07:01:34.833141Z,,,,,,,,,,
FN.KMNF.00.00 | 2025-12-29T12:34:27.455209Z - 2025-12-29T12:35:27.455209Z,,,,,,,,,,
HE.KEF.00.00 | 2025-03-01T15:09:29.799079Z - 2025-03-01T15:10:29.799079Z,,,,,,,,,,
HE.KU1.00.00 | 2025-03-12T22:25:47.161276Z - 2025-03-12T22:26:47.161276Z,,,,,,,,,,
HE.HEL1.00.00 | 2025-10-28T16:09:23.927860Z - 2025-10-28T16:10:23.927860Z,,,,,,,,,,
HE.VRF.00.00 | 2025-07-17T18:26:34.434196Z - 2025-07-17T18:27:34.434196Z,,,,,,,,,,
HE.KEF.00.00 | 2025-10-29T19:27:00.991486Z - 2025-10-29T19:28:00.991486Z,,,,,,,,,,
HE.HEL2.00.00 | 2025-06-30T14:47:17.898152Z - 2025-06-30T14:48:17.898152Z,,,,,,,,,,
HE.FIC3.00.00 | 2025-04-30T10:53:09.608512Z - 2025-04-30T10:54:09.608512Z,,,,,,,,,,
HE.FIB6.00.00 | 2025-03-07T08:52:58.250098Z - 2025-03-07T08:53:58.250098Z,,,,,,,,,,
FN.KLF.00.00 | 2025-08-14T01:32:18.325155Z - 2025-08-14T01:33:18.325155Z,,,,,,,,,,
HE.SUF.00.00 | 2025-06-07T23:02:13.792788Z - 2025-06-07T23:03:13.792788Z,,,,,,,,,,
HE.TRE03.00.00 | 2025-04-07T04:47:26.206079Z - 2025-04-07T04:48:26.206079Z,,,,,,,,,,
HE.FIB6.00.00 | 2025-07-23T19:42:16.153010Z - 2025-07-23T19:43:16.153010Z,,,,,,,,,,
HE.RAF.00.00 | 2025-12-04T15:11:56.172476Z - 2025-12-04T15:12:56.172476Z,,,,,,,,,,
HE.NIF.00.00 | 2025-10-07T10:25:56.663967Z - 2025-10-07T10:26:56.663967Z,,,,,,,,,,
FN.RANF.00.00 | 2025-10-08T00:06:57.415651Z - 2025-10-08T00:07:57.415651Z,,,,,,,,,,
HE.FIB1.00.00 | 2025-09-17T00:24:50.340913Z - 2025-09-17T00:25:50.340913Z,,,,,,,,,,
HE.KEF.00.00 | 2025-08-23T18:38:06.865203Z - 2025-08-23T18:39:06.865203Z,,,,,,,,,,
HE.OBF8.00.00 | 2025-11-11T17:31:30.129558Z - 2025-11-11T17:32:30.129558Z,,,,,,,,,,
HE.HEL5.00.00 | 2025-12-05T08:26:14.520419Z - 2025-12-05T08:27:14.520419Z,,,,,,,,,,
HE.FIC1.00.00 | 2025-06-24T13:56:38.418776Z - 2025-06-24T13:57:38.418776Z,,,,,,,,,,
HE.FIB5.00.00 | 2025-09-18T02:09:13.886405Z - 2025-09-18T02:10:13.886405Z,,,,,,,,,,
HE.KPF.00.00 | 2025-05-06T14:49:28.894757Z - 2025-05-06T14:50:28.894757Z,,,,,,,,,,
HE.FIA3.00.00 | 2025-01-11T17:48:16.177359Z - 2025-01-11T17:49:16.177359Z,,,,,,,,,,
FN.OLKF.00.00 | 2025-11-23T08:12:45.968881Z - 2025-11-23T08:13:45.968881Z,,,,,,,,,,
HE.FIA1.00.00 | 2025-09-24T06:27:00.896119Z - 2025-09-24T06:28:00.896119Z,,,,,,,,,,
HE.TRE03.00.00 | 2025-02-05T11:14:50.908689Z - 2025-02-05T11:15:50.908689Z,,,,,,,,,,
HE.LOVF.00.00 | 2025-07-24T12:23:18.391626Z - 2025-07-24T12:24:18.391626Z,,,,,,,,,,
HE.FIC3.00.00 | 2025-11-04T18:28:38.026311Z - 2025-11-04T18:29:38.026311Z,,,,,,,,,,
HE.KUNI.00.00 | 2025-07-31T04:26:20.782081Z - 2025-07-31T04:27:20.782081Z,,,,,,,,,,
HE.FIA1.00.00 | 2025-05-16T09:09:30.860264Z - 2025-05-16T09:10:30.860264Z,,,,,,,,,,
HE.FIC5.00.00 | 2025-06-17T08:45:59.683087Z - 2025-06-17T08:46:59.683087Z,,,,,,,,,,
HE.JOF.00.00 | 2025-07-14T01:11:26.093622Z - 2025-07-14T01:12:26.093622Z,,,,,,,,,,
HE.OBF3.00.00 | 2025-03-10T08:19:23.334945Z - 2025-03-10T08:20:23.334945Z,,,,,,,,,,
HE.NIF.00.00 | 2025-04-09T18:06:19.829522Z - 2025-04-09T18:07:19.829522Z,,,,,,,,,,
HE.HEL2.00.00 | 2025-04-20T01:39:43.552432Z - 2025-04-20T01:40:43.552432Z,,,,,,,,,,
HE.HEL5.00.00 | 2025-09-25T10:21:06.314807Z - 2025-09-25T10:22:06.314807Z,,,,,,,,,,
HE.FIA2.00.00 | 2025-02-06T12:56:02.721397Z - 2025-02-06T12:57:02.721397Z,,,,,,,,,,
HE.VAF.00.00 | 2025-05-06T23:53:20.383986Z - 2025-05-06T23:54:20.383986Z,,,,,,,,,,
HE.FIC5.00.00 | 2025-10-10T05:34:49.796334Z - 2025-10-10T05:35:49.796334Z,,,,,,,,,,
HE.KEF.00.00 | 2025-03-07T02:51:02.536993Z - 2025-03-07T02:52:02.536993Z,,,,,,,,,,
HE.TVF.00.00 | 2025-03-14T16:24:27.259066Z - 2025-03-14T16:25:27.259066Z,,,,,,,,,,
HE.KJNF.00.00 | 2025-02-17T01:08:34.340512Z - 2025-02-17T01:09:34.340512Z,,,,,,,,,,
HE.OBF8.00.00 | 2025-07-29T05:38:08.914668Z - 2025-07-29T05:39:08.914668Z,,,,,,,,,,
HE.FIB5.00.00 | 2025-04-21T18:38:08.876252Z - 2025-04-21T18:39:08.876252Z,,,,,,,,,,
HE.ALAJF.00.00 | 2025-10-09T07:23:35.512777Z - 2025-10-09T07:24:35.512777Z,,,,,,,,,,
HE.TRE03.00.00 | 2025-07-25T08:23:02.176345Z - 2025-07-25T08:24:02.176345Z,,,,,,,,,,
HE.FIA2.00.00 | 2025-09-04T11:41:39.704649Z - 2025-09-04T11:42:39.704649Z,,,,,,,,,,
HE.KIF.00.00 | 2025-11-28T03:07:44.805670Z - 2025-11-28T03:08:44.805670Z,,,,,,,,,,
HE.FIC4.00.00 | 2025-02-05T11:28:49.872216Z - 2025-02-05T11:29:49.872216Z,,,,,,,,,,
HE.LOVF.00.00 | 2025-12-03T22:08:42.181524Z - 2025-12-03T22:09:42.181524Z,,,,,,,,,,
HE.FIB1.00.00 | 2025-03-23T15:24:01.507702Z - 2025-03-23T15:25:01.507702Z,,,,,,,,,,
HE.VJF.00.00 | 2025-12-04T16:13:50.016105Z - 2025-12-04T16:14:50.016105Z,,,,,,,,,,
FN.RNF.00.00 | 2025-11-18T17:31:20.677726Z - 2025-11-18T17:32:20.677726Z,,,,,,,,,,
HE.SUF.00.00 | 2025-05-12T17:03:47.423631Z - 2025-05-12T17:04:47.423631Z,,,,,,,,,,
HE.LOVF.00.00 | 2025-04-11T03:13:35.852115Z - 2025-04-11T03:14:35.852115Z,,,,,,,,,,
HE.FIC3.00.00 | 2025-08-09T11:01:50.385029Z - 2025-08-09T11:02:50.385029Z,,,,,,,,,,
HE.FIC2.00.00 | 2025-04-19T18:46:18.301001Z - 2025-04-19T18:47:18.301001Z,,,,,,,,,,
HE.MEF.00.00 | 2025-11-27T22:53:49.884593Z - 2025-11-27T22:54:49.884593Z,,,,,,,,,,
HE.FIB2.00.00 | 2025-05-30T23:45:35.492632Z - 2025-05-30T23:46:35.492632Z,,,,,,,,,,
HE.VUOS.00.00 | 2025-05-28T03:26:13.008869Z - 2025-05-28T03:27:13.008869Z,,,,,,,,,,
HE.KY17.00.00 | 2025-07-16T12:13:01.842587Z - 2025-07-16T12:14:01.842587Z,,,,,,,,,,
HE.FIA2.00.00 | 2025-04-11T17:29:08.427224Z - 2025-04-11T17:30:08.427224Z,,,,,,,,,,
HE.KU6.00.00 | 2025-02-17T23:12:54.997670Z - 2025-02-17T23:13:54.997670Z,,,,,,,,,,
HE.KEV.00.00 | 2025-06-18T14:08:18.313697Z - 2025-06-18T14:09:18.313697Z,,,,,,,,,,
HE.KOFF.00.00 | 2025-11-18T13:05:52.423034Z - 2025-11-18T13:06:52.423034Z,,,,,,,,,,
FN.RANF.00.00 | 2025-02-13T00:01:06.605419Z - 2025-02-13T00:02:06.605419Z,,,,,,,,,,
HE.FIB4.00.00 | 2025-01-28T08:00:19.130365Z - 2025-01-28T08:01:19.130365Z,,,,,,,,,,
FN.RNF.00.00 | 2025-03-21T04:46:09.827836Z - 2025-03-21T04:47:09.827836Z,,,,,,,,,,
HE.KU2.00.00 | 2025-04-09T12:26:43.423192Z - 2025-04-09T12:27:43.423192Z,,,,,,,,,,
HE.LAUT.00.00 | 2025-03-14T13:07:18.643875Z - 2025-03-14T13:08:18.643875Z,,,,,,,,,,
HE.ECKF.00.00 | 2025-03-02T00:55:55.254515Z - 2025-03-02T00:56:55.254515Z,,,,,,,,,,
HE.KPF.00.00 | 2025-09-09T21:05:42.530757Z - 2025-09-09T21:06:42.530757Z,,,,,,,,,,
HE.KIF.00.00 | 2025-08-12T09:57:41.683996Z - 2025-08-12T09:58:41.683996Z,,,,,,,,,,
HE.RAF.00.00 | 2025-08-17T03:46:28.229263Z - 2025-08-17T03:47:28.229263Z,,,,,,,,,,
HE.FIC3.00.00 | 2025-05-23T04:50:52.907424Z - 2025-05-23T04:51:52.907424Z,,,,,,,,,,
HE.KJNF.00.00 | 2025-05-22T02:10:14.208407Z - 2025-05-22T02:11:14.208407Z,,,,,,,,,,
FN.OLKF.00.00 | 2025-08-27T06:46:59.493347Z - 2025-08-27T06:47:59.493347Z,,,,,,,,,,
HE.KJNF.00.00 | 2025-08-04T01:34:38.062415Z - 2025-08-04T01:35:38.062415Z,,,,,,,,,,
HE.VJF.00.00 | 2025-11-09T17:15:14.449593Z - 2025-11-09T17:16:14.449593Z,,,,,,,,,,
HE.RUF.00.00 | 2025-11-23T12:04:41.892333Z - 2025-11-23T12:05:41.892333Z,,,,,,,,,,
HE.FIC4.00.00 | 2025-05-15T00:14:14.776514Z - 2025-05-15T00:15:14.776514Z,,,,,,,,,,
HE.TOF.00.00 | 2025-05-30T15:54:43.261025Z - 2025-05-30T15:55:43.261025Z,,,,,,,,,,
HE.JOF.00.00 | 2025-08-17T09:56:25.487245Z - 2025-08-17T09:57:25.487245Z,,,,,,,,,,
HE.KAF.00.00 | 2025-10-15T05:58:13.360806Z - 2025-10-15T05:59:13.360806Z,,,,,,,,,,
HE.FIA3.00.00 | 2025-10-25T11:21:13.938936Z - 2025-10-25T11:22:13.938936Z,,,,,,,,,,
HE.KJNF.00.00 | 2025-07-11T15:42:29.380884Z - 2025-07-11T15:43:29.380884Z,,,,,,,,,,
FN.OLKF.00.00 | 2025-02-08T18:57:40.024264Z - 2025-02-08T18:58:40.024264Z,,,,,,,,,,
HE.LAUT.00.00 | 2025-05-30T23:51:38.604625Z - 2025-05-30T23:52:38.604625Z,,,,,,,,,,
HE.TRE03.00.00 | 2025-10-11T06:54:25.192993Z - 2025-10-11T06:55:25.192993Z,,,,,,,,,,
HE.FIA0.00.00 | 2025-03-01T17:06:02.285452Z - 2025-03-01T17:07:02.285452Z,,,,,,,,,,
HE.HEL2.00.00 | 2025-01-29T22:00:01.548780Z - 2025-01-29T22:01:01.548780Z,,,,,,,,,,
HE.FIC3.00.00 | 2025-03-27T23:14:50.682275Z - 2025-03-27T23:15:50.682275Z,,,,,,,,,,
HE.LAUT.00.00 | 2025-12-28T22:06:12.855636Z - 2025-12-28T22:07:12.855636Z,,,,,,,,,,
HE.KY17.00.00 | 2025-11-09T03:22:58.385495Z - 2025-11-09T03:23:58.385495Z,,,,,,,,,,
HE.FIB3.00.00 | 2025-09-17T22:18:11.040982Z - 2025-09-17T22:19:11.040982Z,,,,,,,,,,
FN.OLKF.00.00 | 2025-02-24T02:34:58.335750Z - 2025-02-24T02:35:58.335750Z,,,,,,,,,,
FN.KMNF.00.00 | 2025-06-12T10:19:22.369325Z - 2025-06-12T10:20:22.369325Z,,,,,,,,,,
FN.RAJF.00.00 | 2025-08-10T14:01:35.731532Z - 2025-08-10T14:02:35.731532Z,,,,,,,,,,
HE.NUR.00.00 | 2025-08-18T00:22:00.491189Z - 2025-08-18T00:23:00.491189Z,,,,,,,,,,
HE.FIC6.00.00 | 2025-08-11T12:01:17.585313Z - 2025-08-11T12:02:17.585313Z,,,,,,,,,,
HE.KY02.00.00 | 2025-05-17T11:25:20.803282Z - 2025-05-17T11:26:20.803282Z,,,,,,,,,,
HE.FIB1.00.00 | 2025-04-23T01:37:09.490345Z - 2025-04-23T01:38:09.490345Z,,,,,,,,,,
HE.KEF.00.00 | 2025-06-22T07:04:47.273787Z - 2025-06-22T07:05:47.273787Z,,,,,,,,,,
HE.PVF.00.00 | 2025-08-13T10:34:36.537302Z - 2025-08-13T10:35:36.537302Z,,,,,,,,,,
HE.LOVF.00.00 | 2025-05-27T04:01:20.979000Z - 2025-05-27T04:02:20.979000Z,,,,,,,,,,
HE.KIF.00.00 | 2025-12-23T00:28:13.995134Z - 2025-12-23T00:29:13.995134Z,,,,,,,,,,
HE.KEF.00.00 | 2025-08-30T07:51:47.516761Z - 2025-08-30T07:52:47.516761Z,,,,,,,,,,
HE.KPF.00.00 | 2025-06-10T15:04:27.392919Z - 2025-06-10T15:05:27.392919Z,,,,,,,,,,
UP.AAL.00.00 | 2025-04-01T01:21:33.824001Z - 2025-04-01T01:22:33.824001Z,,,,,,,,,,
HE.FIB3.00.00 | 2025-04-24T11:47:49.988712Z - 2025-04-24T11:48:49.988712Z,,,,,,,,,,
HE.FIB5.00.00 | 2025-07-15T02:09:50.809641Z - 2025-07-15T02:10:50.809641Z,,,,,,,,,,
HE.KJNF.00.00 | 2025-03-04T19:12:20.855163Z - 2025-03-04T19:13:20.855163Z,,,,,,,,,,
FN.KLF.00.00 | 2025-01-22T14:22:15.271324Z - 2025-01-22T14:23:15.271324Z,,,,,,,,,,
HE.FIC4.00.00 | 2025-12-19T12:26:01.825980Z - 2025-12-19T12:27:01.825980Z,,,,,,,,,,
HE.LOVF.00.00 | 2025-11-15T10:39:31.503350Z - 2025-11-15T10:40:31.503350Z,,,,,,,,,,
HE.VJF.00.00 | 2025-04-07T22:14:49.620566Z - 2025-04-07T22:15:49.620566Z,,,,,,,,,,
HE.PVF.00.00 | 2025-03-27T23:33:59.630198Z - 2025-03-27T23:34:59.630198Z,,,,,,,,,,
HE.HEL1.00.00 | 2025-08-01T03:58:36.520373Z - 2025-08-01T03:59:36.520373Z,,,,,,,,,,
HE.RSUO.00.00 | 2025-05-19T23:03:20.053609Z - 2025-05-19T23:04:20.053609Z,,,,,,,,,,
HE.ECKF.00.00 | 2025-06-11T07:18:52.927500Z - 2025-06-11T07:19:52.927500Z,,,,,,,,,,
HE.KUNI.00.00 | 2025-12-06T17:22:54.472103Z - 2025-12-06T17:23:54.472103Z,,,,,,,,,,
FN.OLKF.00.00 | 2025-11-03T01:21:43.072300Z - 2025-11-03T01:22:43.072300Z,,,,,,,,,,
HE.FIC5.00.00 | 2025-11-13T12:14:41.042971Z - 2025-11-13T12:15:41.042971Z,,,,,,,,,,
HE.VAF.00.00 | 2025-05-28T07:28:17.083167Z - 2025-05-28T07:29:17.083167Z,,,,,,,,,,
HE.LOVF.00.00 | 2025-10-20T21:42:15.603734Z - 2025-10-20T21:43:15.603734Z,,,,,,,,,,
HE.KPF.00.00 | 2025-04-04T09:58:04.316130Z - 2025-04-04T09:59:04.316130Z,,,,,,,,,,
HE.FIB4.00.00 | 2025-08-03T18:20:51.402717Z - 2025-08-03T18:21:51.402717Z,,,,,,,,,,
HE.KU2.00.00 | 2025-09-09T20:33:25.120953Z - 2025-09-09T20:34:25.120953Z,,,,,,,,,,
HE.HEL2.00.00 | 2025-12-04T03:27:42.957309Z - 2025-12-04T03:28:42.957309Z,,,,,,,,,,
HE.RSUO.00.00 | 2025-05-02T07:39:40.949825Z - 2025-05-02T07:40:40.949825Z,,,,,,,,,,
HE.FIA3.00.00 | 2025-03-19T15:25:41.446926Z - 2025-03-19T15:26:41.446926Z,,,,,,,,,,
FN.KMNF.00.00 | 2025-03-10T05:40:41.048797Z - 2025-03-10T05:41:41.048797Z,,,,,,,,,,
HE.FIB4.00.00 | 2025-09-01T16:57:13.332102Z - 2025-09-01T16:58:13.332102Z,,,,,,,,,,
FN.RANF.00.00 | 2025-12-27T22:35:36.472460Z - 2025-12-27T22:36:36.472460Z,,,,,,,,,,
HE.KJNF.00.00 | 2025-06-03T12:16:27.297391Z - 2025-06-03T12:17:27.297391Z,,,,,,,,,,
HE.TRE03.00.00 | 2025-01-20T00:10:38.849654Z - 2025-01-20T00:11:38.849654Z,,,,,,,,,,
HE.TRE03.00.00 | 2025-10-07T14:47:30.465161Z - 2025-10-07T14:48:30.465161Z,,,,,,,,,,
HE.KIF.00.00 | 2025-10-06T06:13:27.470044Z - 2025-10-06T06:14:27.470044Z,,,,,,,,,,
HE.ECKF.00.00 | 2025-10-02T18:38:42.139403Z - 2025-10-02T18:39:42.139403Z,,,,,,,,,,
HE.VRF.00.00 | 2025-10-05T06:33:26.113619Z - 2025-10-05T06:34:26.113619Z,,,,,,,,,,
HE.JOF.00.00 | 2025-05-30T22:45:57.074954Z - 2025-05-30T22:46:57.074954Z,,,,,,,,,,
FN.RAJF.00.00 | 2025-07-02T04:49:33.324923Z - 2025-07-02T04:50:33.324923Z,,,,,,,,,,
FN.RAJF.00.00 | 2025-07-08T08:51:23.841990Z - 2025-07-08T08:52:23.841990Z,,,,,,,,,,
HE.KIF.00.00 | 2025-05-06T01:29:49.834292Z - 2025-05-06T01:30:49.834292Z,,,,,,,,,,
FN.SGF.00.00 | 2025-09-07T10:53:29.591779Z - 2025-09-07T10:54:29.591779Z,,,,,,,,,,
HE.FIB1.00.00 | 2025-11-30T19:14:18.905972Z - 2025-11-30T19:15:18.905972Z,,,,,,,,,,
FN.MSF.00.00 | 2025-09-26T09:51:26.279451Z - 2025-09-26T09:52:26.279451Z,,,,,,,,,,
HE.FIA2.00.00 | 2025-04-03T20:31:49.039763Z - 2025-04-03T20:32:49.039763Z,,,,,,,,,,
HE.OBF8.00.00 | 2025-07-03T09:17:08.393942Z - 2025-07-03T09:18:08.393942Z,,,,,,,,,,
HE.KEV.00.00 | 2025-05-31T21:20:29.489044Z - 2025-05-31T21:21:29.489044Z,,,,,,,,,,
HE.NUR.00.00 | 2025-06-16T19:20:07.588172Z - 2025-06-16T19:21:07.588172Z,,,,,,,,,,
HE.KEF.00.00 | 2025-02-02T09:59:34.188432Z - 2025-02-02T10:00:34.188432Z,,,,,,,,,,
HE.OUF.00.00 | 2025-11-14T15:38:18.282590Z - 2025-11-14T15:39:18.282590Z,,,,,,,,,,
HE.NUR.00.00 | 2025-08-10T07:50:00.401987Z - 2025-08-10T07:51:00.401987Z,,,,,,,,,,
FN.SGF.00.00 | 2025-04-07T17:13:25.572833Z - 2025-04-07T17:14:25.572833Z,,,,,,,,,,
HE.OUF.00.00 | 2025-08-15T11:55:28.846615Z - 2025-08-15T11:56:28.846615Z,,,,,,,,,,
HE.LAUT.00.00 | 2025-06-17T21:11:43.862347Z - 2025-06-17T21:12:43.862347Z,,,,,,,,,,
HE.KU1.00.00 | 2025-01-10T16:18:11.756016Z - 2025-01-10T16:19:11.756016Z,,,,,,,,,,
HE.VRF.00.00 | 2025-06-01T04:48:46.078587Z - 2025-06-01T04:49:46.078587Z,,,,,,,,,,
FN.MSF.00.00 | 2025-04-18T11:46:57.998696Z - 2025-04-18T11:47:57.998696Z,,,,,,,,,,
HE.FIC5.00.00 | 2025-04-10T18:26:29.005924Z - 2025-04-10T18:27:29.005924Z,,,,,,,,,,
HE.FIB3.00.00 | 2025-10-29T16:39:21.331868Z - 2025-10-29T16:40:21.331868Z,,,,,,,,,,
HE.TRE03.00.00 | 2025-07-13T16:53:36.436439Z - 2025-07-13T16:54:36.436439Z,,,,,,,,,,
HE.TRE03.00.00 | 2025-05-23T08:53:58.373005Z - 2025-05-23T08:54:58.373005Z,,,,,,,,,,
HE.KORF.00.00 | 2025-09-11T03:50:25.898608Z - 2025-09-11T03:51:25.898608Z,,,,,,,,,,
HE.FIA0.00.00 | 2025-01-14T06:10:29.430214Z - 2025-01-14T06:11:29.430214Z,,,,,,,,,,
HE.FIB3.00.00 | 2025-04-23T10:31:20.778351Z - 2025-04-23T10:32:20.778351Z,,,,,,,,,,
FN.KMNF.00.00 | 2025-11-01T21:36:26.218243Z - 2025-11-01T21:37:26.218243Z,,,,,,,,,,
HE.FIB6.00.00 | 2025-06-01T22:38:19.191052Z - 2025-06-01T22:39:19.191052Z,,,,,,,,,,
HE.KIF.00.00 | 2025-01-27T20:39:59.671668Z - 2025-01-27T20:40:59.671668Z,,,,,,,,,,
HE.KORF.00.00 | 2025-09-09T03:19:28.456225Z - 2025-09-09T03:20:28.456225Z,,,,,,,,,,
FN.RANF.00.00 | 2025-12-05T16:23:36.104330Z - 2025-12-05T16:24:36.104330Z,,,,,,,,,,
HE.FIA2.00.00 | 2025-04-07T17:39:12.475912Z - 2025-04-07T17:40:12.475912Z,,,,,,,,,,
HE.JOF.00.00 | 2025-10-31T16:05:17.994777Z - 2025-10-31T16:06:17.994777Z,,,,,,,,,,
HE.FIB3.00.00 | 2025-06-15T00:47:01.903624Z - 2025-06-15T00:48:01.903624Z,,,,,,,,,,
HE.LOVF.00.00 | 2025-08-05T00:16:36.051773Z - 2025-08-05T00:17:36.051773Z,,,,,,,,,,
FN.OLKF.00.00 | 2025-09-11T03:51:47.488961Z - 2025-09-11T03:52:47.488961Z,,,,,,,,,,
UP.AAL.00.00 | 2025-05-14T15:06:19.220356Z - 2025-05-14T15:07:19.220356Z,,,,,,,,,,
HE.RMF.00.00 | 2025-06-04T19:19:52.668264Z - 2025-06-04T19:20:52.668264Z,,,,,,,,,,
FN.SGF.00.00 | 2025-09-11T04:11:58.942445Z - 2025-09-11T04:12:58.942445Z,,,,,,,,,,
HE.RAF.00.00 | 2025-03-19T02:05:38.865211Z - 2025-03-19T02:06:38.865211Z,,,,,,,,,,
HE.RUF.00.00 | 2025-01-11T10:38:32.183220Z - 2025-01-11T10:39:32.183220Z,,,,,,,,,,
HE.NIF.00.00 | 2025-03-22T03:26:28.372947Z - 2025-03-22T03:27:28.372947Z,,,,,,,,,,
HE.FIB2.00.00 | 2025-06-12T22:15:02.362635Z - 2025-06-12T22:16:02.362635Z,,,,,,,,,,
HE.PVF.00.00 | 2025-05-16T03:59:21.544820Z - 2025-05-16T04:00:21.544820Z,,,,,,,,,,
FN.RAJF.00.00 | 2025-05-31T13:51:13.330981Z - 2025-05-31T13:52:13.330981Z,,,,,,,,,,
HE.OBF0.00.00 | 2025-09-26T12:49:51.226911Z - 2025-09-26T12:50:51.226911Z,,,,,,,,,,
HE.TRE03.00.00 | 2025-02-25T10:14:15.805030Z - 2025-02-25T10:15:15.805030Z,,,,,,,,,,
HE.HEL5.00.00 | 2025-01-31T08:00:54.919915Z - 2025-01-31T08:01:54.919915Z,,,,,,,,,,
HE.RAF.00.00 | 2025-08-16T12:00:29.891175Z - 2025-08-16T12:01:29.891175Z,,,,,,,,,,
HE.NUR.00.00 | 2025-08-26T02:59:39.084965Z - 2025-08-26T03:00:39.084965Z,,,,,,,,,,
HE.KY17.00.00 | 2025-04-03T00:32:26.135738Z - 2025-04-03T00:33:26.135738Z,,,,,,,,,,
HE.FIC2.00.00 | 2025-04-21T09:11:29.268576Z - 2025-04-21T09:12:29.268576Z,,,,,,,,,,
HE.KEF.00.00 | 2025-08-31T06:04:39.854151Z - 2025-08-31T06:05:39.854151Z,,,,,,,,,,
HE.FIC2.00.00 | 2025-05-24T00:46:17.816608Z - 2025-05-24T00:47:17.816608Z,,,,,,,,,,
FN.KMNF.00.00 | 2025-12-28T16:53:06.950980Z - 2025-12-28T16:54:06.950980Z,,,,,,,,,,
HE.SUF.00.00 | 2025-03-28T06:41:46.586747Z - 2025-03-28T06:42:46.586747Z,,,,,,,,,,
HE.HEL1.00.00 | 2025-11-12T17:50:03.585701Z - 2025-11-12T17:51:03.585701Z,,,,,,,,,,
HE.KU1.00.00 | 2025-03-16T18:38:54.822884Z - 2025-03-16T18:39:54.822884Z,,,,,,,,,,
HE.OBF0.00.00 | 2025-12-03T09:15:22.598510Z - 2025-12-03T09:16:22.598510Z,,,,,,,,,,
HE.KPF.00.00 | 2025-01-07T01:35:42.705896Z - 2025-01-07T01:36:42.705896Z,,,,,,,,,,
HE.FIC2.00.00 | 2025-02-19T14:37:20.984852Z - 2025-02-19T14:38:20.984852Z,,,,,,,,,,
HE.KIF.00.00 | 2025-08-12T18:15:19.582271Z - 2025-08-12T18:16:19.582271Z,,,,,,,,,,
HE.SUF.00.00 | 2025-01-24T01:19:47.500854Z - 2025-01-24T01:20:47.500854Z,,,,,,,,,,
HE.SUF.00.00 | 2025-08-19T00:05:00.884256Z - 2025-08-19T00:06:00.884256Z,,,,,,,,,,
FN.RANF.00.00 | 2025-11-26T03:17:27.340308Z - 2025-11-26T03:18:27.340308Z,,,,,,,,,,
FN.RNF.00.00 | 2025-03-29T05:51:28.563476Z - 2025-03-29T05:52:28.563476Z,,,,,,,,,,
HE.RUF.00.00 | 2025-08-02T06:03:40.302853Z - 2025-08-02T06:04:40.302853Z,,,,,,,,,,
HE.FIA1.00.00 | 2025-11-10T02:57:53.492994Z - 2025-11-10T02:58:53.492994Z,,,,,,,,,,
UP.AAL.00.00 | 2025-06-07T13:40:07.020567Z - 2025-06-07T13:41:07.020567Z,,,,,,,,,,
HE.HEF.00.00 | 2025-09-25T07:12:49.190853Z - 2025-09-25T07:13:49.190853Z,,,,,,,,,,
HE.RAF.00.00 | 2025-02-15T01:56:43.174333Z - 2025-02-15T01:57:43.174333Z,,,,,,,,,,
HE.FIB1.00.00 | 2025-03-13T08:58:12.542887Z - 2025-03-13T08:59:12.542887Z,,,,,,,,,,
HE.KORF.00.00 | 2025-10-21T12:10:15.749316Z - 2025-10-21T12:11:15.749316Z,,,,,,,,,,
HE.LAUT.00.00 | 2025-04-25T18:18:49.249578Z - 2025-04-25T18:19:49.249578Z,,,,,,,,,,
HE.KORF.00.00 | 2025-11-17T18:42:50.327007Z - 2025-11-17T18:43:50.327007Z,,,,,,,,,,
HE.KEV.00.00 | 2025-03-17T09:44:21.552594Z - 2025-03-17T09:45:21.552594Z,,,,,,,,,,
HE.JOF.00.00 | 2025-06-12T19:10:12.974300Z - 2025-06-12T19:11:12.974300Z,,,,,,,,,,
UP.AAL.00.00 | 2025-10-03T15:49:35.666840Z - 2025-10-03T15:50:35.666840Z,,,,,,,,,,
HE.KAF.00.00 | 2025-03-21T00:36:42.760888Z - 2025-03-21T00:37:42.760888Z,,,,,,,,,,
HE.HEF.00.00 | 2025-09-28T13:09:37.411227Z - 2025-09-28T13:10:37.411227Z,,,,,,,,,,
HE.TRE03.00.00 | 2025-06-30T04:30:39.508162Z - 2025-06-30T04:31:39.508162Z,,,,,,,,,,
HE.KU2.00.00 | 2025-04-26T16:30:24.496331Z - 2025-04-26T16:31:24.496331Z,,,,,,,,,,
HE.TVF.00.00 | 2025-08-18T17:51:57.143157Z - 2025-08-18T17:52:57.143157Z,,,,,,,,,,
HE.RUF.00.00 | 2025-07-09T22:08:04.506933Z - 2025-07-09T22:09:04.506933Z,,,,,,,,,,
FN.SGF.00.00 | 2025-03-12T07:15:09.092567Z - 2025-03-12T07:16:09.092567Z,,,,,,,,,,
HE.KAF.00.00 | 2025-02-28T04:46:17.048821Z - 2025-02-28T04:47:17.048821Z,,,,,,,,,,
FN.RNF.00.00 | 2025-04-28T20:52:01.118518Z - 2025-04-28T20:53:01.118518Z,,,,,,,,,,
FN.RAJF.00.00 | 2025-09-02T17:29:54.514570Z - 2025-09-02T17:30:54.514570Z,,,,,,,,,,
HE.SUF.00.00 | 2025-10-22T02:59:39.098767Z - 2025-10-22T03:00:39.098767Z,,,,,,,,,,
HE.KU2.00.00 | 2025-10-25T04:22:01.197572Z - 2025-10-25T04:23:01.197572Z,,,,,,,,,,
FN.OUL.00.00 | 2025-10-21T20:37:57.240963Z - 2025-10-21T20:38:57.240963Z,,,,,,,,,,
HE.FIC3.00.00 | 2025-01-29T17:13:14.911273Z - 2025-01-29T17:14:14.911273Z,,,,,,,,,,
HE.KUNI.00.00 | 2025-04-16T15:45:28.774446Z - 2025-04-16T15:46:28.774446Z,,,,,,,,,,
HE.RUF.00.00 | 2025-06-16T13:10:55.016166Z - 2025-06-16T13:11:55.016166Z,,,,,,,,,,
HE.LOVF.00.00 | 2025-07-29T06:13:48.076444Z - 2025-07-29T06:14:48.076444Z,,,,,,,,,,
HE.KUNI.00.00 | 2025-06-13T22:54:20.526235Z - 2025-06-13T22:55:20.526235Z,,,,,,,,,,
FN.RAJF.00.00 | 2025-02-02T06:07:55.956200Z - 2025-02-02T06:08:55.956200Z,,,,,,,,,,
HE.FIC4.00.00 | 2025-03-05T00:48:00.925972Z - 2025-03-05T00:49:00.925972Z,,,,,,,,,,
HE.MEF.00.00 | 2025-11-12T07:23:30.353440Z - 2025-11-12T07:24:30.353440Z,,,,,,,,,,
HE.HEL1.00.00 | 2025-08-22T08:34:20.175252Z - 2025-08-22T08:35:20.175252Z,,,,,,,,,,
HE.NIF.00.00 | 2025-08-07T17:19:20.719983Z - 2025-08-07T17:20:20.719983Z,,,,,,,,,,
HE.KEF.00.00 | 2025-02-11T17:19:15.707073Z - 2025-02-11T17:20:15.707073Z,,,,,,,,,,
FN.RAJF.00.00 | 2025-09-17T02:42:20.463335Z - 2025-09-17T02:43:20.463335Z,,,,,,,,,,
HE.FIA2.00.00 | 2025-07-28T14:55:59.526556Z - 2025-07-28T14:56:59.526556Z,,,,,,,,,,
FN.MSF.00.00 | 2025-02-22T09:53:16.015916Z - 2025-02-22T09:54:16.015916Z,,,,,,,,,,
HE.JOF.00.00 | 2025-08-26T06:34:01.081679Z - 2025-08-26T06:35:01.081679Z,,,,,,,,,,
HE.OUF.00.00 | 2025-05-29T07:50:27.842175Z - 2025-05-29T07:51:27.842175Z,,,,,,,,,,
HE.FIC3.00.00 | 2025-09-14T04:36:58.242457Z - 2025-09-14T04:37:58.242457Z,,,,,,,,,,
HE.OBF3.00.00 | 2025-06-21T17:33:04.456586Z - 2025-06-21T17:34:04.456586Z,,,,,,,,,,
HE.KORF.00.00 | 2025-12-24T02:15:35.826877Z - 2025-12-24T02:16:35.826877Z,,,,,,,,,,
FN.RANF.00.00 | 2025-03-30T11:32:45.213709Z - 2025-03-30T11:33:45.213709Z,,,,,,,,,,
FN.KMNF.00.00 | 2025-09-10T22:33:35.098296Z - 2025-09-10T22:34:35.098296Z,,,,,,,,,,
HE.RAF.00.00 | 2025-09-01T05:53:44.849211Z - 2025-09-01T05:54:44.849211Z,,,,,,,,,,
HE.HEL1.00.00 | 2025-10-22T10:16:50.637069Z - 2025-10-22T10:17:50.637069Z,,,,,,,,,,
HE.KEV.00.00 | 2025-01-23T20:28:58.764690Z - 2025-01-23T20:29:58.764690Z,,,,,,,,,,
HE.KAF.00.00 | 2025-07-07T04:49:08.047229Z - 2025-07-07T04:50:08.047229Z,,,,,,,,,,
HE.KU1.00.00 | 2025-06-30T02:20:27.389841Z - 2025-06-30T02:21:27.389841Z,,,,,,,,,,
HE.NUR.00.00 | 2025-03-29T14:54:37.929592Z - 2025-03-29T14:55:37.929592Z,,,,,,,,,,
FN.KLF.00.00 | 2025-11-23T13:10:32.208675Z - 2025-11-23T13:11:32.208675Z,,,,,,,,,,
HE.TRE03.00.00 | 2025-01-18T15:18:45.589853Z - 2025-01-18T15:19:45.589853Z,,,,,,,,,,
HE.FIC6.00.00 | 2025-04-12T07:00:09.003534Z - 2025-04-12T07:01:09.003534Z,,,,,,,,,,
HE.FIA0.00.00 | 2025-04-23T10:00:39.640947Z - 2025-04-23T10:01:39.640947Z,,,,,,,,,,
HE.VJF.00.00 | 2025-03-26T12:40:06.584294Z - 2025-03-26T12:41:06.584294Z,,,,,,,,,,
HE.KEV.00.00 | 2025-05-05T17:25:58.978499Z - 2025-05-05T17:26:58.978499Z,,,,,,,,,,
HE.KPF.00.00 | 2025-12-19T14:28:35.565642Z - 2025-12-19T14:29:35.565642Z,,,,,,,,,,
HE.OUF.00.00 | 2025-04-18T23:14:08.934390Z - 2025-04-18T23:15:08.934390Z,,,,,,,,,,
HE.KY17.00.00 | 2025-02-17T16:29:05.273217Z - 2025-02-17T16:30:05.273217Z,,,,,,,,,,
HE.NUR.00.00 | 2025-01-08T23:37:16.446692Z - 2025-01-08T23:38:16.446692Z,,,,,,,,,,
FN.OLKF.00.00 | 2025-05-16T18:00:32.348940Z - 2025-05-16T18:01:32.348940Z,,,,,,,,,,
HE.FIA2.00.00 | 2025-03-06T02:50:08.296319Z - 2025-03-06T02:51:08.296319Z,,,,,,,,,,
HE.VJF.00.00 | 2025-08-06T15:42:12.355584Z - 2025-08-06T15:43:12.355584Z,,,,,,,,,,
FN.SGF.00.00 | 2025-06-23T21:18:20.662286Z - 2025-06-23T21:19:20.662286Z,,,,,,,,,,
HE.KUNI.00.00 | 2025-12-22T09:43:27.475385Z - 2025-12-22T09:44:27.475385Z,,,,,,,,,,
FN.OLKF.00.00 | 2025-09-28T19:49:21.000951Z - 2025-09-28T19:50:21.000951Z,,,,,,,,,,
HE.FIC4.00.00 | 2025-11-24T22:08:26.614433Z - 2025-11-24T22:09:26.614433Z,,,,,,,,,,
HE.LAUT.00.00 | 2025-11-29T19:52:48.729110Z - 2025-11-29T19:53:48.729110Z,,,,,,,,,,
HE.KY02.00.00 | 2025-12-14T15:51:07.766741Z - 2025-12-14T15:52:07.766741Z,,,,,,,,,,
HE.KIF.00.00 | 2025-04-08T10:10:38.658097Z - 2025-04-08T10:11:38.658097Z,,,,,,,,,,
HE.LAUT.00.00 | 2025-05-15T07:31:09.559470Z - 2025-05-15T07:32:09.559470Z,,,,,,,,,,
HE.FIC6.00.00 | 2025-06-25T18:19:02.206731Z - 2025-06-25T18:20:02.206731Z,,,,,,,,,,
HE.PVF.00.00 | 2025-07-17T08:07:40.073166Z - 2025-07-17T08:08:40.073166Z,,,,,,,,,,
HE.KEV.00.00 | 2025-02-26T01:05:40.297530Z - 2025-02-26T01:06:40.297530Z,,,,,,,,,,
HE.FIC3.00.00 | 2025-05-29T16:27:10.750784Z - 2025-05-29T16:28:10.750784Z,,,,,,,,,,
HE.NIF.00.00 | 2025-04-30T06:21:39.473272Z - 2025-04-30T06:22:39.473272Z,,,,,,,,,,
HE.LAUT.00.00 | 2025-08-18T03:19:22.868941Z - 2025-08-18T03:20:22.868941Z,,,,,,,,,,
HE.KU6.00.00 | 2025-07-16T10:31:16.682030Z - 2025-07-16T10:32:16.682030Z,,,,,,,,,,
FN.SGF.00.00 | 2025-05-15T13:50:22.453199Z - 2025-05-15T13:51:22.453199Z,,,,,,,,,,
FN.RNF.00.00 | 2025-09-08T02:16:32.152686Z - 2025-09-08T02:17:32.152686Z,,,,,,,,,,
HE.SUF.00.00 | 2025-02-02T13:31:20.296444Z - 2025-02-02T13:32:20.296444Z,,,,,,,,,,
HE.OBF3.00.00 | 2025-07-08T21:30:28.318253Z - 2025-07-08T21:31:28.318253Z,,,,,,,,,,
FN.MSF.00.00 | 2025-06-07T09:14:46.274522Z - 2025-06-07T09:15:46.274522Z,,,,,,,,,,
UP.AAL.00.00 | 2025-04-10T10:23:12.498684Z - 2025-04-10T10:24:12.498684Z,,,,,,,,,,
HE.FIB4.00.00 | 2025-08-20T19:18:50.575846Z - 2025-08-20T19:19:50.575846Z,,,,,,,,,,
FN.RANF.00.00 | 2025-08-12T17:18:43.901563Z - 2025-08-12T17:19:43.901563Z,,,,,,,,,,
HE.KORF.00.00 | 2025-04-12T00:51:58.552010Z - 2025-04-12T00:52:58.552010Z,,,,,,,,,,
HE.OBF3.00.00 | 2025-04-27T20:40:30.976906Z - 2025-04-27T20:41:30.976906Z,,,,,,,,,,
FN.RANF.00.00 | 2025-05-05T12:06:59.552238Z - 2025-05-05T12:07:59.552238Z,,,,,,,,,,
HE.HEL5.00.00 | 2025-12-13T00:19:38.497279Z - 2025-12-13T00:20:38.497279Z,,,,,,,,,,
HE.VJF.00.00 | 2025-06-06T18:14:01.095320Z - 2025-06-06T18:15:01.095320Z,,,,,,,,,,
HE.KY02.00.00 | 2025-07-14T07:17:20.341010Z - 2025-07-14T07:18:20.341010Z,,,,,,,,,,
HE.KUNI.00.00 | 2025-08-19T08:54:16.846389Z - 2025-08-19T08:55:16.846389Z,,,,,,,,,,
HE.RMF.00.00 | 2025-03-28T07:17:14.786547Z - 2025-03-28T07:18:14.786547Z,,,,,,,,,,
HE.KORF.00.00 | 2025-12-14T00:17:06.151136Z - 2025-12-14T00:18:06.151136Z,,,,,,,,,,
HE.HEL1.00.00 | 2025-07-18T10:55:57.305528Z - 2025-07-18T10:56:57.305528Z,,,,,,,,,,
HE.ECKF.00.00 | 2025-07-28T13:47:35.638512Z - 2025-07-28T13:48:35.638512Z,,,,,,,,,,
HE.KJNF.00.00 | 2025-02-11T05:40:05.905773Z - 2025-02-11T05:41:05.905773Z,,,,,,,,,,
HE.FIC1.00.00 | 2025-04-05T22:11:22.987747Z - 2025-04-05T22:12:22.987747Z,,,,,,,,,,
HE.PVF.00.00 | 2025-10-02T09:20:47.241143Z - 2025-10-02T09:21:47.241143Z,,,,,,,,,,
HE.VJF.00.00 | 2025-04-23T07:30:45.623848Z - 2025-04-23T07:31:45.623848Z,,,,,,,,,,
HE.ALAJF.00.00 | 2025-01-25T08:42:46.856337Z - 2025-01-25T08:43:46.856337Z,,,,,,,,,,
UP.AAL.00.00 | 2025-04-04T13:54:57.542961Z - 2025-04-04T13:55:57.542961Z,,,,,,,,,,
HE.TRE03.00.00 | 2025-10-02T06:30:30.081246Z - 2025-10-02T06:31:30.081246Z,,,,,,,,,,
HE.FIC4.00.00 | 2025-04-16T15:53:57.540948Z - 2025-04-16T15:54:57.540948Z,,,,,,,,,,
HE.FIB5.00.00 | 2025-02-21T21:05:42.619687Z - 2025-02-21T21:06:42.619687Z,,,,,,,,,,
HE.FIC1.00.00 | 2025-01-24T22:54:36.782234Z - 2025-01-24T22:55:36.782234Z,,,,,,,,,,
HE.KAF.00.00 | 2025-06-24T01:39:52.027164Z - 2025-06-24T01:40:52.027164Z,,,,,,,,,,
FN.RNF.00.00 | 2025-12-01T19:00:31.031727Z - 2025-12-01T19:01:31.031727Z,,,,,,,,,,
HE.NIF.00.00 | 2025-09-01T04:39:37.715758Z - 2025-09-01T04:40:37.715758Z,,,,,,,,,,
HE.KY02.00.00 | 2025-01-13T20:08:59.175221Z - 2025-01-13T20:09:59.175221Z,,,,,,,,,,
HE.PVF.00.00 | 2025-09-06T23:03:21.595965Z - 2025-09-06T23:04:21.595965Z,,,,,,,,,,
HE.RSUO.00.00 | 2025-03-23T20:09:21.600100Z - 2025-03-23T20:10:21.600100Z,,,,,,,,,,
HE.KEV.00.00 | 2025-07-26T03:58:52.473192Z - 2025-07-26T03:59:52.473192Z,,,,,,,,,,
HE.VJF.00.00 | 2025-05-05T20:21:55.335861Z - 2025-05-05T20:22:55.335861Z,,,,,,,,,,
HE.VJF.00.00 | 2025-02-15T16:52:06.906523Z - 2025-02-15T16:53:06.906523Z,,,,,,,,,,
HE.LAUT.00.00 | 2025-11-17T06:22:24.694828Z - 2025-11-17T06:23:24.694828Z,,,,,,,,,,
HE.FIB3.00.00 | 2025-02-07T13:07:38.840341Z - 2025-02-07T13:08:38.840341Z,,,,,,,,,,
HE.FIC5.00.00 | 2025-09-22T23:42:16.500091Z - 2025-09-22T23:43:16.500091Z,,,,,,,,,,
HE.KU6.00.00 | 2025-11-17T22:56:28.220260Z - 2025-11-17T22:57:28.220260Z,,,,,,,,,,
HE.RAF.00.00 | 2025-10-21T11:30:08.717321Z - 2025-10-21T11:31:08.717321Z,,,,,,,,,,
HE.FIC5.00.00 | 2025-01-01T11:07:18.019163Z - 2025-01-01T11:08:18.019163Z,,,,,,,,,,
FN.SGF.00.00 | 2025-03-06T16:35:33.236088Z - 2025-03-06T16:36:33.236088Z,,,,,,,,,,
HE.PVF.00.00 | 2025-12-15T00:53:51.954836Z - 2025-12-15T00:54:51.954836Z,,,,,,,,,,
FN.SGF.00.00 | 2025-06-30T09:51:59.364052Z - 2025-06-30T09:52:59.364052Z,,,,,,,,,,
HE.KUNI.00.00 | 2025-03-26T17:09:46.682433Z - 2025-03-26T17:10:46.682433Z,,,,,,,,,,
HE.PVF.00.00 | 2025-09-20T00:19:19.965879Z - 2025-09-20T00:20:19.965879Z,,,,,,,,,,
HE.FIC1.00.00 | 2025-04-04T21:11:37.650439Z - 2025-04-04T21:12:37.650439Z,,,,,,,,,,
HE.FIC2.00.00 | 2025-11-15T09:13:46.451157Z - 2025-11-15T09:14:46.451157Z,,,,,,,,,,
HE.JOF.00.00 | 2025-06-27T02:16:28.471612Z - 2025-06-27T02:17:28.471612Z,,,,,,,,,,
HE.KPF.00.00 | 2025-04-03T10:37:41.127761Z - 2025-04-03T10:38:41.127761Z,,,,,,,,,,
HE.SUF.00.00 | 2025-08-08T16:31:28.214429Z - 2025-08-08T16:32:28.214429Z,,,,,,,,,,
HE.KEF.00.00 | 2025-05-28T04:43:45.918427Z - 2025-05-28T04:44:45.918427Z,,,,,,,,,,
HE.FIB5.00.00 | 2025-02-15T09:26:56.504580Z - 2025-02-15T09:27:56.504580Z,,,,,,,,,,
HE.VAF.00.00 | 2025-05-17T12:05:48.078148Z - 2025-05-17T12:06:48.078148Z,,,,,,,,,,
HE.KU6.00.00 | 2025-06-25T18:45:07.660102Z - 2025-06-25T18:46:07.660102Z,,,,,,,,,,
HE.FIB5.00.00 | 2025-09-14T04:06:48.954044Z - 2025-09-14T04:07:48.954044Z,,,,,,,,,,
HE.TVF.00.00 | 2025-07-10T21:36:50.059548Z - 2025-07-10T21:37:50.059548Z,,,,,,,,,,
HE.OBF0.00.00 | 2025-08-27T05:13:05.329444Z - 2025-08-27T05:14:05.329444Z,,,,,,,,,,
HE.SUF.00.00 | 2025-09-25T01:43:34.545353Z - 2025-09-25T01:44:34.545353Z,,,,,,,,,,
FN.OLKF.00.00 | 2025-09-20T04:36:18.567657Z - 2025-09-20T04:37:18.567657Z,,,,,,,,,,
HE.KIF.00.00 | 2025-01-29T12:32:24.203414Z - 2025-01-29T12:33:24.203414Z,,,,,,,,,,
HE.HEL5.00.00 | 2025-02-05T07:49:07.265822Z - 2025-02-05T07:50:07.265822Z,,,,,,,,,,
FN.RANF.00.00 | 2025-01-17T22:04:07.446282Z - 2025-01-17T22:05:07.446282Z,,,,,,,,,,
HE.KU1.00.00 | 2025-08-22T03:50:37.020477Z - 2025-08-22T03:51:37.020477Z,,,,,,,,,,
HE.RMF.00.00 | 2025-03-02T01:58:44.638859Z - 2025-03-02T01:59:44.638859Z,,,,,,,,,,
HE.FIB4.00.00 | 2025-06-14T07:27:24.234531Z - 2025-06-14T07:28:24.234531Z,,,,,,,,,,
HE.KY17.00.00 | 2025-11-20T12:03:01.727584Z - 2025-11-20T12:04:01.727584Z,,,,,,,,,,
HE.FIB6.00.00 | 2025-06-12T14:00:09.750375Z - 2025-06-12T14:01:09.750375Z,,,,,,,,,,
HE.LOVF.00.00 | 2025-01-05T21:21:40.155360Z - 2025-01-05T21:22:40.155360Z,,,,,,,,,,
HE.MEF.00.00 | 2025-12-04T14:16:58.284879Z - 2025-12-04T14:17:58.284879Z,,,,,,,,,,
HE.FIC3.00.00 | 2025-03-30T03:33:50.288515Z - 2025-03-30T03:34:50.288515Z,,,,,,,,,,
HE.FIC4.00.00 | 2025-05-13T19:18:48.902158Z - 2025-05-13T19:19:48.902158Z,,,,,,,,,,
HE.HEL2.00.00 | 2025-06-04T04:28:53.119555Z - 2025-06-04T04:29:53.119555Z,,,,,,,,,,
HE.TRE03.00.00 | 2025-09-27T04:40:41.498335Z - 2025-09-27T04:41:41.498335Z,,,,,,,,,,
HE.JOF.00.00 | 2025-02-01T10:25:05.051552Z - 2025-02-01T10:26:05.051552Z,,,,,,,,,,
HE.NUR.00.00 | 2025-06-28T08:09:40.568554Z - 2025-06-28T08:10:40.568554Z,,,,,,,,,,
FN.KMNF.00.00 | 2025-02-22T19:44:09.992315Z - 2025-02-22T19:45:09.992315Z,,,,,,,,,,
HE.FIB6.00.00 | 2025-12-06T11:38:52.783023Z - 2025-12-06T11:39:52.783023Z,,,,,,,,,,
HE.FIB1.00.00 | 2025-11-24T18:02:22.784584Z - 2025-11-24T18:03:22.784584Z,,,,,,,,,,
HE.NIF.00.00 | 2025-07-21T20:37:11.153523Z - 2025-07-21T20:38:11.153523Z,,,,,,,,,,
HE.FIC3.00.00 | 2025-08-12T23:41:41.228793Z - 2025-08-12T23:42:41.228793Z,,,,,,,,,,
HE.HEL2.00.00 | 2025-11-22T07:57:07.589088Z - 2025-11-22T07:58:07.589088Z,,,,,,,,,,
HE.VAF.00.00 | 2025-01-15T08:48:36.464870Z - 2025-01-15T08:49:36.464870Z,,,,,,,,,,
HE.HEL5.00.00 | 2025-04-17T06:54:12.675387Z - 2025-04-17T06:55:12.675387Z,,,,,,,,,,
HE.SUF.00.00 | 2025-07-13T03:23:41.452814Z - 2025-07-13T03:24:41.452814Z,,,,,,,,,,
HE.TVF.00.00 | 2025-02-14T13:08:42.941386Z - 2025-02-14T13:09:42.941386Z,,,,,,,,,,
FN.RAJF.00.00 | 2025-12-10T17:11:45.048621Z - 2025-12-10T17:12:45.048621Z,,,,,,,,,,
HE.NIF.00.00 | 2025-07-09T20:39:58.022402Z - 2025-07-09T20:40:58.022402Z,,,,,,,,,,
HE.FIC1.00.00 | 2025-01-03T11:45:56.549653Z - 2025-01-03T11:46:56.549653Z,,,,,,,,,,
FN.SGF.00.00 | 2025-05-22T03:57:21.496073Z - 2025-05-22T03:58:21.496073Z,,,,,,,,,,
HE.FIC3.00.00 | 2025-07-01T20:54:52.607010Z - 2025-07-01T20:55:52.607010Z,,,,,,,,,,
HE.HEL1.00.00 | 2025-03-26T05:27:15.205672Z - 2025-03-26T05:28:15.205672Z,,,,,,,,,,
HE.OUF.00.00 | 2025-03-25T11:30:56.790736Z - 2025-03-25T11:31:56.790736Z,,,,,,,,,,
HE.RSUO.00.00 | 2025-02-05T11:59:12.074147Z - 2025-02-05T12:00:12.074147Z,,,,,,,,,,
HE.HEL5.00.00 | 2025-06-04T01:58:37.740148Z - 2025-06-04T01:59:37.740148Z,,,,,,,,,,
FN.RANF.00.00 | 2025-11-23T20:32:07.313581Z - 2025-11-23T20:33:07.313581Z,,,,,,,,,,
HE.SUF.00.00 | 2025-12-14T21:50:27.566360Z - 2025-12-14T21:51:27.566360Z,,,,,,,,,,
HE.TRE03.00.00 | 2025-06-11T10:03:52.888772Z - 2025-06-11T10:04:52.888772Z,,,,,,,,,,
HE.FIC3.00.00 | 2025-10-03T07:50:50.913668Z - 2025-10-03T07:51:50.913668Z,,,,,,,,,,
HE.RUF.00.00 | 2025-04-24T05:07:07.695860Z - 2025-04-24T05:08:07.695860Z,,,,,,,,,,
HE.FIB6.00.00 | 2025-03-03T01:59:49.741640Z - 2025-03-03T02:00:49.741640Z,,,,,,,,,,
HE.RMF.00.00 | 2025-09-17T19:29:38.392095Z - 2025-09-17T19:30:38.392095Z,,,,,,,,,,
HE.FIB2.00.00 | 2025-06-17T10:12:57.825072Z - 2025-06-17T10:13:57.825072Z,,,,,,,,,,
HE.FIC1.00.00 | 2025-12-12T17:01:04.967349Z - 2025-12-12T17:02:04.967349Z,,,,,,,,,,
UP.AAL.00.00 | 2025-06-04T04:27:09.541623Z - 2025-06-04T04:28:09.541623Z,,,,,,,,,,
HE.HEL5.00.00 | 2025-08-10T03:12:00.412230Z - 2025-08-10T03:13:00.412230Z,,,,,,,,,,
FN.OLKF.00.00 | 2025-12-20T02:47:26.221872Z - 2025-12-20T02:48:26.221872Z,,,,,,,,,,
HE.FIC4.00.00 | 2025-08-14T02:55:45.785132Z - 2025-08-14T02:56:45.785132Z,,,,,,,,,,
HE.FIB3.00.00 | 2025-12-28T18:16:56.494401Z - 2025-12-28T18:17:56.494401Z,,,,,,,,,,
HE.RMF.00.00 | 2025-07-05T13:12:52.951604Z - 2025-07-05T13:13:52.951604Z,,,,,,,,,,
HE.NIF.00.00 | 2025-04-18T08:06:29.637957Z - 2025-04-18T08:07:29.637957Z,,,,,,,,,,
HE.RSUO.00.00 | 2025-01-10T06:49:25.334209Z - 2025-01-10T06:50:25.334209Z,,,,,,,,,,
HE.NIF.00.00 | 2025-09-26T02:40:17.030695Z - 2025-09-26T02:41:17.030695Z,,,,,,,,,,
HE.PVF.00.00 | 2025-11-08T20:31:42.377155Z - 2025-11-08T20:32:42.377155Z,,,,,,,,,,
HE.PVF.00.00 | 2025-03-30T01:12:18.245073Z - 2025-03-30T01:13:18.245073Z,,,,,,,,,,
HE.KU2.00.00 | 2025-11-19T17:01:29.185491Z - 2025-11-19T17:02:29.185491Z,,,,,,,,,,
HE.FIC5.00.00 | 2025-10-22T03:22:42.109805Z - 2025-10-22T03:23:42.109805Z,,,,,,,,,,
HE.FIB4.00.00 | 2025-08-22T17:58:36.635658Z - 2025-08-22T17:59:36.635658Z,,,,,,,,,,
HE.JOF.00.00 | 2025-08-10T05:57:37.031838Z - 2025-08-10T05:58:37.031838Z,,,,,,,,,,
HE.ALAJF.00.00 | 2025-11-09T06:58:58.596767Z - 2025-11-09T06:59:58.596767Z,,,,,,,,,,
HE.TVF.00.00 | 2025-06-05T09:44:51.836450Z - 2025-06-05T09:45:51.836450Z,,,,,,,,,,
HE.FIC5.00.00 | 2025-02-07T05:30:19.250493Z - 2025-02-07T05:31:19.250493Z,,,,,,,,,,
HE.RSUO.00.00 | 2025-11-17T15:28:22.025945Z - 2025-11-17T15:29:22.025945Z,,,,,,,,,,
HE.HEL5.00.00 | 2025-04-07T01:18:26.157707Z - 2025-04-07T01:19:26.157707Z,,,,,,,,,,
FN.RAJF.00.00 | 2025-09-04T03:03:40.537387Z - 2025-09-04T03:04:40.537387Z,,,,,,,,,,
HE.KU6.00.00 | 2025-11-24T04:14:35.077707Z - 2025-11-24T04:15:35.077707Z,,,,,,,,,,
FN.MSF.00.00 | 2025-01-29T21:47:03.303768Z - 2025-01-29T21:48:03.303768Z,,,,,,,,,,
HE.KIF.00.00 | 2025-04-27T16:19:24.895565Z - 2025-04-27T16:20:24.895565Z,,,,,,,,,,
HE.FIB5.00.00 | 2025-11-12T22:19:45.485916Z - 2025-11-12T22:20:45.485916Z,,,,,,,,,,
FN.KLF.00.00 | 2025-03-31T11:30:38.875171Z - 2025-03-31T11:31:38.875171Z,,,,,,,,,,
FN.KMNF.00.00 | 2025-12-28T02:53:13.594285Z - 2025-12-28T02:54:13.594285Z,,,,,,,,,,
FN.OLKF.00.00 | 2025-08-18T20:31:20.680614Z - 2025-08-18T20:32:20.680614Z,,,,,,,,,,
HE.SUF.00.00 | 2025-01-18T13:50:45.939119Z - 2025-01-18T13:51:45.939119Z,,,,,,,,,,
HE.VJF.00.00 | 2025-06-08T10:13:58.266074Z - 2025-06-08T10:14:58.266074Z,,,,,,,,,,
HE.OBF0.00.00 | 2025-12-14T15:22:39.471798Z - 2025-12-14T15:23:39.471798Z,,,,,,,,,,
HE.FIB1.00.00 | 2025-02-14T15:41:49.474605Z - 2025-02-14T15:42:49.474605Z,,,,,,,,,,
UP.AAL.00.00 | 2025-05-28T03:32:28.844823Z - 2025-05-28T03:33:28.844823Z,,,,,,,,,,
HE.RSUO.00.00 | 2025-09-07T22:58:53.316904Z - 2025-09-07T22:59:53.316904Z,,,,,,,,,,
HE.OBF3.00.00 | 2025-09-02T05:15:39.150198Z - 2025-09-02T05:16:39.150198Z,,,,,,,,,,
HE.FIA0.00.00 | 2025-08-01T09:09:48.702675Z - 2025-08-01T09:10:48.702675Z,,,,,,,,,,
HE.LAUT.00.00 | 2025-10-03T15:11:04.455748Z - 2025-10-03T15:12:04.455748Z,,,,,,,,,,
HE.FIA3.00.00 | 2025-02-14T14:06:44.338539Z - 2025-02-14T14:07:44.338539Z,,,,,,,,,,
HE.FIA3.00.00 | 2025-10-01T04:16:24.770348Z - 2025-10-01T04:17:24.770348Z,,,,,,,,,,
HE.FIC1.00.00 | 2025-10-28T21:29:45.410348Z - 2025-10-28T21:30:45.410348Z,,,,,,,,,,
HE.SUF.00.00 | 2025-03-12T23:51:08.658463Z - 2025-03-12T23:52:08.658463Z,,,,,,,,,,
HE.FIC3.00.00 | 2025-09-21T23:12:21.432619Z - 2025-09-21T23:13:21.432619Z,,,,,,,,,,
FN.SGF.00.00 | 2025-11-16T03:47:57.373841Z - 2025-11-16T03:48:57.373841Z,,,,,,,,,,
HE.KEV.00.00 | 2025-01-03T14:03:14.301441Z - 2025-01-03T14:04:14.301441Z,,,,,,,,,,
HE.HEF.00.00 | 2025-07-28T16:06:35.241004Z - 2025-07-28T16:07:35.241004Z,,,,,,,,,,
HE.KAF.00.00 | 2025-03-24T04:30:42.423990Z - 2025-03-24T04:31:42.423990Z,,,,,,,,,,
HE.KOFF.00.00 | 2025-11-07T17:28:43.708453Z - 2025-11-07T17:29:43.708453Z,,,,,,,,,,
FN.RANF.00.00 | 2025-12-12T08:14:52.189455Z - 2025-12-12T08:15:52.189455Z,,,,,,,,,,
HE.TVF.00.00 | 2025-05-05T03:16:00.839968Z - 2025-05-05T03:17:00.839968Z,,,,,,,,,,
HE.FIB1.00.00 | 2025-09-08T23:29:54.773475Z - 2025-09-08T23:30:54.773475Z,,,,,,,,,,
HE.HEL2.00.00 | 2025-05-29T18:42:05.531970Z - 2025-05-29T18:43:05.531970Z,,,,,,,,,,
FN.RANF.00.00 | 2025-04-01T11:16:16.304465Z - 2025-04-01T11:17:16.304465Z,,,,,,,,,,
HE.FIA1.00.00 | 2025-12-20T02:13:32.212005Z - 2025-12-20T02:14:32.212005Z,,,,,,,,,,
HE.RMF.00.00 | 2025-01-23T04:23:15.084704Z - 2025-01-23T04:24:15.084704Z,,,,,,,,,,
HE.NIF.00.00 | 2025-06-26T13:52:57.974641Z - 2025-06-26T13:53:57.974641Z,,,,,,,,,,
HE.KU2.00.00 | 2025-09-28T16:09:32.973067Z - 2025-09-28T16:10:32.973067Z,,,,,,,,,,
FN.OUL.00.00 | 2025-11-02T21:14:33.387380Z - 2025-11-02T21:15:33.387380Z,,,,,,,,,,
FN.OLKF.00.00 | 2025-04-21T18:27:40.749554Z - 2025-04-21T18:28:40.749554Z,,,,,,,,,,
HE.RUF.00.00 | 2025-08-18T12:56:56.150214Z - 2025-08-18T12:57:56.150214Z,,,,,,,,,,
HE.ALAJF.00.00 | 2025-02-07T17:00:22.414474Z - 2025-02-07T17:01:22.414474Z,,,,,,,,,,
HE.FIC6.00.00 | 2025-11-18T06:17:43.234953Z - 2025-11-18T06:18:43.234953Z,,,,,,,,,,
HE.HEL2.00.00 | 2025-03-31T10:18:40.078596Z - 2025-03-31T10:19:40.078596Z,,,,,,,,,,
FN.OLKF.00.00 | 2025-01-18T16:00:43.023440Z - 2025-01-18T16:01:43.023440Z,,,,,,,,,,
HE.ECKF.00.00 | 2025-08-19T23:21:55.220034Z - 2025-08-19T23:22:55.220034Z,,,,,,,,,,
HE.KORF.00.00 | 2025-05-16T03:54:21.171719Z - 2025-05-16T03:55:21.171719Z,,,,,,,,,,
HE.KU1.00.00 | 2025-02-26T14:57:19.956367Z - 2025-02-26T14:58:19.956367Z,,,,,,,,,,
HE.ALAJF.00.00 | 2025-09-14T17:21:39.017961Z - 2025-09-14T17:22:39.017961Z,,,,,,,,,,
HE.FIB3.00.00 | 2025-12-10T02:33:35.134151Z - 2025-12-10T02:34:35.134151Z,,,,,,,,,,
HE.OBF8.00.00 | 2025-09-03T23:21:55.340362Z - 2025-09-03T23:22:55.340362Z,,,,,,,,,,
HE.FIC4.00.00 | 2025-07-09T20:37:56.972239Z - 2025-07-09T20:38:56.972239Z,,,,,,,,,,
FN.KMNF.00.00 | 2025-08-23T06:32:51.214733Z - 2025-08-23T06:33:51.214733Z,,,,,,,,,,
HE.VRF.00.00 | 2025-03-06T08:48:13.129423Z - 2025-03-06T08:49:13.129423Z,,,,,,,,,,
HE.MEF.00.00 | 2025-06-26T07:25:01.132889Z - 2025-06-26T07:26:01.132889Z,,,,,,,,,,
HE.KORF.00.00 | 2025-03-14T14:28:46.944729Z - 2025-03-14T14:29:46.944729Z,,,,,,,,,,
UP.AAL.00.00 | 2025-11-14T04:14:00.111831Z - 2025-11-14T04:15:00.111831Z,,,,,,,,,,
HE.FIB6.00.00 | 2025-04-02T02:06:42.739665Z - 2025-04-02T02:07:42.739665Z,,,,,,,,,,
HE.LOVF.00.00 | 2025-12-05T22:55:48.471982Z - 2025-12-05T22:56:48.471982Z,,,,,,,,,,
HE.NUR.00.00 | 2025-02-16T14:04:38.774690Z - 2025-02-16T14:05:38.774690Z,,,,,,,,,,
HE.OUF.00.00 | 2025-09-09T00:02:42.428247Z - 2025-09-09T00:03:42.428247Z,,,,,,,,,,
HE.FIB5.00.00 | 2025-06-20T07:38:46.325212Z - 2025-06-20T07:39:46.325212Z,,,,,,,,,,
HE.TOF.00.00 | 2025-01-14T16:09:11.568562Z - 2025-01-14T16:10:11.568562Z,,,,,,,,,,
FN.KMNF.00.00 | 2025-08-21T01:35:24.452173Z - 2025-08-21T01:36:24.452173Z,,,,,,,,,,
HE.KEF.00.00 | 2025-11-18T13:24:11.001692Z - 2025-11-18T13:25:11.001692Z,,,,,,,,,,
FN.OUL.00.00 | 2025-08-10T20:20:11.554251Z - 2025-08-10T20:21:11.554251Z,,,,,,,,,,
HE.FIA3.00.00 | 2025-10-22T20:18:14.969113Z - 2025-10-22T20:19:14.969113Z,,,,,,,,,,
UP.AAL.00.00 | 2025-06-26T20:17:58.009975Z - 2025-06-26T20:18:58.009975Z,,,,,,,,,,
HE.KU6.00.00 | 2025-04-16T00:02:30.601138Z - 2025-04-16T00:03:30.601138Z,,,,,,,,,,
HE.KEV.00.00 | 2025-06-26T20:54:22.661310Z - 2025-06-26T20:55:22.661310Z,,,,,,,,,,
HE.KU1.00.00 | 2025-02-02T00:25:02.766027Z - 2025-02-02T00:26:02.766027Z,,,,,,,,,,
HE.FIB6.00.00 | 2025-08-16T22:55:39.767211Z - 2025-08-16T22:56:39.767211Z,,,,,,,,,,
HE.KU1.00.00 | 2025-10-25T17:32:45.977301Z - 2025-10-25T17:33:45.977301Z,,,,,,,,,,
HE.KIF.00.00 | 2025-07-07T00:12:38.016539Z - 2025-07-07T00:13:38.016539Z,,,,,,,,,,
HE.ALAJF.00.00 | 2025-09-18T17:08:12.216874Z - 2025-09-18T17:09:12.216874Z,,,,,,,,,,
HE.ECKF.00.00 | 2025-08-16T03:09:28.560793Z - 2025-08-16T03:10:28.560793Z,,,,,,,,,,
FN.MSF.00.00 | 2025-07-20T08:36:06.276595Z - 2025-07-20T08:37:06.276595Z,,,,,,,,,,
HE.KEV.00.00 | 2025-06-08T22:57:38.168898Z - 2025-06-08T22:58:38.168898Z,,,,,,,,,,
HE.KEV.00.00 | 2025-03-15T20:17:03.008662Z - 2025-03-15T20:18:03.008662Z,,,,,,,,,,
FN.RAJF.00.00 | 2025-08-12T02:26:57.792803Z - 2025-08-12T02:27:57.792803Z,,,,,,,,,,
HE.KJNF.00.00 | 2025-02-21T17:07:54.279405Z - 2025-02-21T17:08:54.279405Z,,,,,,,,,,
FN.OLKF.00.00 | 2025-08-09T14:17:00.676784Z - 2025-08-09T14:18:00.676784Z,,,,,,,,,,
HE.FIA1.00.00 | 2025-10-07T02:13:26.480801Z - 2025-10-07T02:14:26.480801Z,,,,,,,,,,
HE.KIF.00.00 | 2025-11-03T09:49:06.735937Z - 2025-11-03T09:50:06.735937Z,,,,,,,,,,
HE.KAF.00.00 | 2025-07-04T21:15:50.830582Z - 2025-07-04T21:16:50.830582Z,,,,,,,,,,
HE.HEL1.00.00 | 2025-01-28T10:19:24.452380Z - 2025-01-28T10:20:24.452380Z,,,,,,,,,,
HE.FIC5.00.00 | 2025-10-29T19:09:22.976350Z - 2025-10-29T19:10:22.976350Z,,,,,,,,,,
HE.PVF.00.00 | 2025-05-28T00:38:51.822304Z - 2025-05-28T00:39:51.822304Z,,,,,,,,,,
HE.KPF.00.00 | 2025-10-22T03:18:55.358584Z - 2025-10-22T03:19:55.358584Z,,,,,,,,,,
HE.RMF.00.00 | 2025-11-20T09:35:28.624783Z - 2025-11-20T09:36:28.624783Z,,,,,,,,,,
HE.FIB1.00.00 | 2025-07-01T14:42:56.772143Z - 2025-07-01T14:43:56.772143Z,,,,,,,,,,
HE.HEL2.00.00 | 2025-01-04T20:54:30.669115Z - 2025-01-04T20:55:30.669115Z,,,,,,,,,,
HE.LOVF.00.00 | 2025-12-05T17:35:50.290977Z - 2025-12-05T17:36:50.290977Z,,,,,,,,,,
HE.PVF.00.00 | 2025-06-20T18:42:29.574058Z - 2025-06-20T18:43:29.574058Z,,,,,,,,,,
HE.TRE03.00.00 | 2025-04-01T01:10:08.614920Z - 2025-04-01T01:11:08.614920Z,,,,,,,,,,
FN.MSF.00.00 | 2025-05-06T22:46:44.782820Z - 2025-05-06T22:47:44.782820Z,,,,,,,,,,
HE.TRE03.00.00 | 2025-11-15T18:02:10.403024Z - 2025-11-15T18:03:10.403024Z,,,,,,,,,,
FN.RAJF.00.00 | 2025-04-26T10:16:31.180482Z - 2025-04-26T10:17:31.180482Z,,,,,,,,,,
HE.KAF.00.00 | 2025-11-02T13:15:07.012622Z - 2025-11-02T13:16:07.012622Z,,,,,,,,,,
HE.FIB4.00.00 | 2025-11-03T06:53:07.025004Z - 2025-11-03T06:54:07.025004Z,,,,,,,,,,
HE.FIB1.00.00 | 2025-01-09T19:53:42.590256Z - 2025-01-09T19:54:42.590256Z,,,,,,,,,,
HE.KJNF.00.00 | 2025-04-30T01:33:04.762707Z - 2025-04-30T01:34:04.762707Z,,,,,,,,,,
HE.VRF.00.00 | 2025-04-15T22:54:16.359642Z - 2025-04-15T22:55:16.359642Z,,,,,,,,,,
FN.RANF.00.00 | 2025-08-04T12:00:44.591849Z - 2025-08-04T12:01:44.591849Z,,,,,,,,,,
HE.KIF.00.00 | 2025-03-21T20:13:53.960833Z - 2025-03-21T20:14:53.960833Z,,,,,,,,,,
FN.RANF.00.00 | 2025-04-08T11:51:40.138288Z - 2025-04-08T11:52:40.138288Z,,,,,,,,,,
HE.MEF.00.00 | 2025-04-24T13:20:48.782699Z - 2025-04-24T13:21:48.782699Z,,,,,,,,,,
HE.KY02.00.00 | 2025-12-19T10:51:16.027338Z - 2025-12-19T10:52:16.027338Z,,,,,,,,,,
HE.FIC1.00.00 | 2025-03-30T03:59:48.983817Z - 2025-03-30T04:00:48.983817Z,,,,,,,,,,
HE.VAF.00.00 | 2025-12-15T13:24:00.019385Z - 2025-12-15T13:25:00.019385Z,,,,,,,,,,
HE.HEF.00.00 | 2025-09-08T13:08:55.814926Z - 2025-09-08T13:09:55.814926Z,,,,,,,,,,
HE.KEF.00.00 | 2025-01-18T02:39:17.698263Z - 2025-01-18T02:40:17.698263Z,,,,,,,,,,
HE.ECKF.00.00 | 2025-02-15T02:55:36.319087Z - 2025-02-15T02:56:36.319087Z,,,,,,,,,,
HE.ECKF.00.00 | 2025-11-19T20:48:46.498560Z - 2025-11-19T20:49:46.498560Z,,,,,,,,,,
HE.NUR.00.00 | 2025-03-01T06:41:07.739364Z - 2025-03-01T06:42:07.739364Z,,,,,,,,,,
HE.KU6.00.00 | 2025-06-15T17:27:52.818683Z - 2025-06-15T17:28:52.818683Z,,,,,,,,,,
HE.KORF.00.00 | 2025-09-11T23:15:00.570796Z - 2025-09-11T23:16:00.570796Z,,,,,,,,,,
HE.RUF.00.00 | 2025-03-29T16:52:13.864113Z - 2025-03-29T16:53:13.864113Z,,,,,,,,,,
FN.SGF.00.00 | 2025-07-09T11:16:03.552298Z - 2025-07-09T11:17:03.552298Z,,,,,,,,,,
HE.FIC2.00.00 | 2025-06-10T03:48:44.064737Z - 2025-06-10T03:49:44.064737Z,,,,,,,,,,
HE.KU1.00.00 | 2025-11-18T11:56:22.198545Z - 2025-11-18T11:57:22.198545Z,,,,,,,,,,
FN.KMNF.00.00 | 2025-04-11T12:48:33.631165Z - 2025-04-11T12:49:33.631165Z,,,,,,,,,,
HE.HEL1.00.00 | 2025-09-20T04:05:34.001097Z - 2025-09-20T04:06:34.001097Z,,,,,,,,,,
HE.ALAJF.00.00 | 2025-05-30T11:46:10.024882Z - 2025-05-30T11:47:10.024882Z,,,,,,,,,,
HE.VAF.00.00 | 2025-02-21T20:47:02.395778Z - 2025-02-21T20:48:02.395778Z,,,,,,,,,,
HE.KY17.00.00 | 2025-05-25T12:05:32.929112Z - 2025-05-25T12:06:32.929112Z,,,,,,,,,,
HE.KAF.00.00 | 2025-08-25T23:43:16.494846Z - 2025-08-25T23:44:16.494846Z,,,,,,,,,,
HE.KY17.00.00 | 2025-03-28T12:12:25.115580Z - 2025-03-28T12:13:25.115580Z,,,,,,,,,,
FN.RANF.00.00 | 2025-05-04T14:23:19.345752Z - 2025-05-04T14:24:19.345752Z,,,,,,,,,,
FN.RANF.00.00 | 2025-02-13T06:19:35.084220Z - 2025-02-13T06:20:35.084220Z,,,,,,,,,,
FN.RNF.00.00 | 2025-08-05T17:08:42.883400Z - 2025-08-05T17:09:42.883400Z,,,,,,,,,,
HE.KY17.00.00 | 2025-01-29T08:35:42.669137Z - 2025-01-29T08:36:42.669137Z,,,,,,,,,,
HE.MEF.00.00 | 2025-07-31T15:35:20.049082Z - 2025-07-31T15:36:20.049082Z,,,,,,,,,,
HE.TRE03.00.00 | 2025-06-11T17:26:03.105293Z - 2025-06-11T17:27:03.105293Z,,,,,,,,,,
HE.ECKF.00.00 | 2025-11-20T16:50:36.179036Z - 2025-11-20T16:51:36.179036Z,,,,,,,,,,
HE.JOF.00.00 | 2025-12-30T06:09:07.889669Z - 2025-12-30T06:10:07.889669Z,,,,,,,,,,
HE.FIC1.00.00 | 2025-05-21T12:39:27.010263Z - 2025-05-21T12:40:27.010263Z,,,,,,,,,,
HE.SUF.00.00 | 2025-05-31T09:38:17.784234Z - 2025-05-31T09:39:17.784234Z,,,,,,,,,,
HE.HEL5.00.00 | 2025-09-11T15:38:06.804660Z - 2025-09-11T15:39:06.804660Z,,,,,,,,,,
HE.VRF.00.00 | 2025-01-17T18:01:53.522678Z - 2025-01-17T18:02:53.522678Z,,,,,,,,,,
HE.FIB3.00.00 | 2025-02-10T22:48:41.902481Z - 2025-02-10T22:49:41.902481Z,,,,,,,,,,
HE.SUF.00.00 | 2025-08-16T13:13:31.906514Z - 2025-08-16T13:14:31.906514Z,,,,,,,,,,
HE.FIC2.00.00 | 2025-05-18T03:41:26.519616Z - 2025-05-18T03:42:26.519616Z,,,,,,,,,,
HE.OUF.00.00 | 2025-12-25T21:09:52.742965Z - 2025-12-25T21:10:52.742965Z,,,,,,,,,,
HE.OBF8.00.00 | 2025-12-11T04:44:09.316390Z - 2025-12-11T04:45:09.316390Z,,,,,,,,,,
HE.HEL2.00.00 | 2025-11-01T04:37:42.118718Z - 2025-11-01T04:38:42.118718Z,,,,,,,,,,
HE.KJNF.00.00 | 2025-08-08T18:45:15.933810Z - 2025-08-08T18:46:15.933810Z,,,,,,,,,,
HE.FIC2.00.00 | 2025-12-07T03:37:16.218150Z - 2025-12-07T03:38:16.218150Z,,,,,,,,,,
HE.HEF.00.00 | 2025-05-05T01:56:04.247645Z - 2025-05-05T01:57:04.247645Z,,,,,,,,,,
HE.VRF.00.00 | 2025-04-09T19:34:15.760123Z - 2025-04-09T19:35:15.760123Z,,,,,,,,,,
HE.FIA0.00.00 | 2025-11-11T16:13:11.048158Z - 2025-11-11T16:14:11.048158Z,,,,,,,,,,
HE.HEL1.00.00 | 2025-05-10T23:49:27.274314Z - 2025-05-10T23:50:27.274314Z,,,,,,,,,,
HE.HEL2.00.00 | 2025-03-10T20:16:46.662438Z - 2025-03-10T20:17:46.662438Z,,,,,,,,,,
HE.RMF.00.00 | 2025-12-01T01:43:31.315583Z - 2025-12-01T01:44:31.315583Z,,,,,,,,,,
HE.JOF.00.00 | 2025-07-18T11:37:38.783322Z - 2025-07-18T11:38:38.783322Z,,,,,,,,,,
HE.MEF.00.00 | 2025-10-14T23:00:16.932621Z - 2025-10-14T23:01:16.932621Z,,,,,,,,,,
HE.KOFF.00.00 | 2025-11-03T15:25:47.115673Z - 2025-11-03T15:26:47.115673Z,,,,,,,,,,
HE.OBF3.00.00 | 2025-12-26T07:53:31.638440Z - 2025-12-26T07:54:31.638440Z,,,,,,,,,,
HE.OBF8.00.00 | 2025-01-29T10:18:22.125259Z - 2025-01-29T10:19:22.125259Z,,,,,,,,,,
HE.HEL5.00.00 | 2025-07-31T16:28:21.556671Z - 2025-07-31T16:29:21.556671Z,,,,,,,,,,
HE.FIC4.00.00 | 2025-07-09T02:52:03.640240Z - 2025-07-09T02:53:03.640240Z,,,,,,,,,,
HE.RSUO.00.00 | 2025-02-01T04:44:54.690423Z - 2025-02-01T04:45:54.690423Z,,,,,,,,,,
HE.KEV.00.00 | 2025-11-26T01:25:45.673478Z - 2025-11-26T01:26:45.673478Z,,,,,,,,,,
HE.FIB4.00.00 | 2025-02-25T16:15:31.804699Z - 2025-02-25T16:16:31.804699Z,,,,,,,,,,
HE.FIC3.00.00 | 2025-03-03T23:49:01.504972Z - 2025-03-03T23:50:01.504972Z,,,,,,,,,,
HE.SUF.00.00 | 2025-12-28T11:26:14.424647Z - 2025-12-28T11:27:14.424647Z,,,,,,,,,,
HE.TRE03.00.00 | 2025-09-16T10:24:01.102600Z - 2025-09-16T10:25:01.102600Z,,,,,,,,,,
HE.FIC4.00.00 | 2025-01-27T15:15:18.272954Z - 2025-01-27T15:16:18.272954Z,,,,,,,,,,
FN.RNF.00.00 | 2025-11-29T15:03:08.755227Z - 2025-11-29T15:04:08.755227Z,,,,,,,,,,
HE.FIA0.00.00 | 2025-12-08T22:00:29.473211Z - 2025-12-08T22:01:29.473211Z,,,,,,,,,,
HE.FIB3.00.00 | 2025-05-08T02:30:27.760417Z - 2025-05-08T02:31:27.760417Z,,,,,,,,,,
HE.KU1.00.00 | 2025-11-26T19:13:28.768270Z - 2025-11-26T19:14:28.768270Z,,,,,,,,,,
HE.KU6.00.00 | 2025-08-24T19:08:35.408334Z - 2025-08-24T19:09:35.408334Z,,,,,,,,,,
HE.KU1.00.00 | 2025-05-30T03:53:54.741617Z - 2025-05-30T03:54:54.741617Z,,,,,,,,,,
HE.KEV.00.00 | 2025-10-26T23:25:38.882160Z - 2025-10-26T23:26:38.882160Z,,,,,,,,,,
HE.FIC6.00.00 | 2025-06-02T16:46:10.322803Z - 2025-06-02T16:47:10.322803Z,,,,,,,,,,
HE.FIA3.00.00 | 2025-08-09T23:44:04.182726Z - 2025-08-09T23:45:04.182726Z,,,,,,,,,,
HE.FIB6.00.00 | 2025-05-17T03:39:40.505997Z - 2025-05-17T03:40:40.505997Z,,,,,,,,,,
HE.VUOS.00.00 | 2025-12-08T20:26:49.142737Z - 2025-12-08T20:27:49.142737Z,,,,,,,,,,
HE.OBF0.00.00 | 2025-06-15T14:19:02.435720Z - 2025-06-15T14:20:02.435720Z,,,,,,,,,,
HE.TVF.00.00 | 2025-04-21T03:57:15.186302Z - 2025-04-21T03:58:15.186302Z,,,,,,,,,,
HE.FIC6.00.00 | 2025-10-24T07:52:13.438900Z - 2025-10-24T07:53:13.438900Z,,,,,,,,,,
HE.KIF.00.00 | 2025-09-23T16:40:08.887724Z - 2025-09-23T16:41:08.887724Z,,,,,,,,,,
HE.KORF.00.00 | 2025-12-11T22:24:02.852637Z - 2025-12-11T22:25:02.852637Z,,,,,,,,,,
HE.KUNI.00.00 | 2025-01-12T11:22:13.550722Z - 2025-01-12T11:23:13.550722Z,,,,,,,,,,
HE.JOF.00.00 | 2025-08-25T01:55:38.346745Z - 2025-08-25T01:56:38.346745Z,,,,,,,,,,
HE.KUNI.00.00 | 2025-12-10T07:33:15.739330Z - 2025-12-10T07:34:15.739330Z,,,,,,,,,,
HE.OBF3.00.00 | 2025-12-07T13:21:35.426800Z - 2025-12-07T13:22:35.426800Z,,,,,,,,,,
HE.OUF.00.00 | 2025-10-08T00:57:34.757284Z - 2025-10-08T00:58:34.757284Z,,,,,,,,,,
HE.OBF0.00.00 | 2025-09-17T13:21:46.749050Z - 2025-09-17T13:22:46.749050Z,,,,,,,,,,
HE.FIC4.00.00 | 2025-09-02T16:09:15.866963Z - 2025-09-02T16:10:15.866963Z,,,,,,,,,,
HE.VJF.00.00 | 2025-02-17T01:22:59.226405Z - 2025-02-17T01:23:59.226405Z,,,,,,,,,,
HE.KUNI.00.00 | 2025-06-29T05:10:50.681834Z - 2025-06-29T05:11:50.681834Z,,,,,,,,,,
UP.AAL.00.00 | 2025-11-28T00:29:39.969393Z - 2025-11-28T00:30:39.969393Z,,,,,,,,,,
HE.KAF.00.00 | 2025-10-26T07:01:47.768740Z - 2025-10-26T07:02:47.768740Z,,,,,,,,,,
HE.FIC1.00.00 | 2025-06-03T15:00:20.731622Z - 2025-06-03T15:01:20.731622Z,,,,,,,,,,
HE.MEF.00.00 | 2025-05-03T03:28:49.084061Z - 2025-05-03T03:29:49.084061Z,,,,,,,,,,
HE.KEF.00.00 | 2025-05-20T14:49:19.630954Z - 2025-05-20T14:50:19.630954Z,,,,,,,,,,
HE.TRE03.00.00 | 2025-01-24T14:47:08.990470Z - 2025-01-24T14:48:08.990470Z,,,,,,,,,,
FN.KLF.00.00 | 2025-01-19T18:03:16.701234Z - 2025-01-19T18:04:16.701234Z,,,,,,,,,,
HE.FIB2.00.00 | 2025-06-05T04:00:23.344454Z - 2025-06-05T04:01:23.344454Z,,,,,,,,,,
FN.KLF.00.00 | 2025-09-05T19:45:24.251807Z - 2025-09-05T19:46:24.251807Z,,,,,,,,,,
UP.AAL.00.00 | 2025-09-16T19:56:29.773092Z - 2025-09-16T19:57:29.773092Z,,,,,,,,,,
HE.HEL1.00.00 | 2025-02-05T05:22:19.696696Z - 2025-02-05T05:23:19.696696Z,,,,,,,,,,
HE.FIA3.00.00 | 2025-03-22T22:35:56.647680Z - 2025-03-22T22:36:56.647680Z,,,,,,,,,,
HE.NUR.00.00 | 2025-11-11T10:26:00.666713Z - 2025-11-11T10:27:00.666713Z,,,,,,,,,,
FN.RAJF.00.00 | 2025-07-16T21:39:15.979366Z - 2025-07-16T21:40:15.979366Z,,,,,,,,,,
HE.ECKF.00.00 | 2025-11-04T07:06:50.233973Z - 2025-11-04T07:07:50.233973Z,,,,,,,,,,
HE.KEV.00.00 | 2025-04-24T03:33:43.462049Z - 2025-04-24T03:34:43.462049Z,,,,,,,,,,
HE.FIB6.00.00 | 2025-02-08T17:50:33.371946Z - 2025-02-08T17:51:33.371946Z,,,,,,,,,,
HE.FIA0.00.00 | 2025-12-22T16:45:50.539602Z - 2025-12-22T16:46:50.539602Z,,,,,,,,,,
HE.FIC1.00.00 | 2025-02-15T02:58:52.983149Z - 2025-02-15T02:59:52.983149Z,,,,,,,,,,
UP.AAL.00.00 | 2025-05-11T15:13:57.520530Z - 2025-05-11T15:14:57.520530Z,,,,,,,,,,
HE.OBF0.00.00 | 2025-06-15T04:28:19.265834Z - 2025-06-15T04:29:19.265834Z,,,,,,,,,,
HE.SUF.00.00 | 2025-05-17T15:35:11.871015Z - 2025-05-17T15:36:11.871015Z,,,,,,,,,,
HE.PVF.00.00 | 2025-10-03T03:25:55.025587Z - 2025-10-03T03:26:55.025587Z,,,,,,,,,,
HE.FIC1.00.00 | 2025-12-10T14:12:22.949571Z - 2025-12-10T14:13:22.949571Z,,,,,,,,,,
HE.ECKF.00.00 | 2025-07-29T22:53:28.116781Z - 2025-07-29T22:54:28.116781Z,,,,,,,,,,
HE.HEL5.00.00 | 2025-10-21T19:41:07.519673Z - 2025-10-21T19:42:07.519673Z,,,,,,,,,,
HE.FIB5.00.00 | 2025-10-06T03:07:29.308651Z - 2025-10-06T03:08:29.308651Z,,,,,,,,,,
HE.RAF.00.00 | 2025-12-04T23:00:42.121038Z - 2025-12-04T23:01:42.121038Z,,,,,,,,,,
HE.OUF.00.00 | 2025-08-04T22:08:46.199458Z - 2025-08-04T22:09:46.199458Z,,,,,,,,,,
HE.FIC5.00.00 | 2025-01-12T21:15:25.625620Z - 2025-01-12T21:16:25.625620Z,,,,,,,,,,
HE.HEL2.00.00 | 2025-06-22T00:31:36.696726Z - 2025-06-22T00:32:36.696726Z,,,,,,,,,,
HE.ALAJF.00.00 | 2025-03-05T18:56:17.865986Z - 2025-03-05T18:57:17.865986Z,,,,,,,,,,
HE.KUNI.00.00 | 2025-12-26T07:47:51.071287Z - 2025-12-26T07:48:51.071287Z,,,,,,,,,,
HE.FIC3.00.00 | 2025-10-05T07:48:23.038104Z - 2025-10-05T07:49:23.038104Z,,,,,,,,,,
HE.FIB2.00.00 | 2025-01-02T16:33:46.394459Z - 2025-01-02T16:34:46.394459Z,,,,,,,,,,
HE.FIB5.00.00 | 2025-03-21T06:47:25.377476Z - 2025-03-21T06:48:25.377476Z,,,,,,,,,,
HE.FIC2.00.00 | 2025-07-18T05:43:07.822352Z - 2025-07-18T05:44:07.822352Z,,,,,,,,,,
HE.FIB6.00.00 | 2025-10-25T07:14:20.112725Z - 2025-10-25T07:15:20.112725Z,,,,,,,,,,
HE.VRF.00.00 | 2025-08-15T18:30:34.630024Z - 2025-08-15T18:31:34.630024Z,,,,,,,,,,
HE.LOVF.00.00 | 2025-02-24T05:40:43.173199Z - 2025-02-24T05:41:43.173199Z,,,,,,,,,,
HE.TVF.00.00 | 2025-01-25T19:26:01.286749Z - 2025-01-25T19:27:01.286749Z,,,,,,,,,,
HE.HEL5.00.00 | 2025-12-05T03:07:30.624271Z - 2025-12-05T03:08:30.624271Z,,,,,,,,,,
HE.KORF.00.00 | 2025-09-03T04:30:46.963824Z - 2025-09-03T04:31:46.963824Z,,,,,,,,,,
HE.FIC2.00.00 | 2025-07-25T20:55:21.413345Z - 2025-07-25T20:56:21.413345Z,,,,,,,,,,
HE.ECKF.00.00 | 2025-01-13T08:53:00.434765Z - 2025-01-13T08:54:00.434765Z,,,,,,,,,,
FN.SGF.00.00 | 2025-07-02T17:31:28.197255Z - 2025-07-02T17:32:28.197255Z,,,,,,,,,,
HE.FIC1.00.00 | 2025-11-07T02:03:33.968166Z - 2025-11-07T02:04:33.968166Z,,,,,,,,,,
HE.KU6.00.00 | 2025-12-24T19:29:43.476962Z - 2025-12-24T19:30:43.476962Z,,,,,,,,,,
FN.RNF.00.00 | 2025-07-24T09:04:37.180797Z - 2025-07-24T09:05:37.180797Z,,,,,,,,,,
FN.OLKF.00.00 | 2025-02-23T07:51:42.704197Z - 2025-02-23T07:52:42.704197Z,,,,,,,,,,
HE.KUNI.00.00 | 2025-04-23T16:42:39.753295Z - 2025-04-23T16:43:39.753295Z,,,,,,,,,,
HE.FIA2.00.00 | 2025-06-05T06:01:52.488749Z - 2025-06-05T06:02:52.488749Z,,,,,,,,,,
HE.FIC1.00.00 | 2025-01-11T11:14:36.212114Z - 2025-01-11T11:15:36.212114Z,,,,,,,,,,
HE.KEV.00.00 | 2025-04-07T22:01:30.284997Z - 2025-04-07T22:02:30.284997Z,,,,,,,,,,
FN.OUL.00.00 | 2025-06-02T06:03:07.385759Z - 2025-06-02T06:04:07.385759Z,,,,,,,,,,
HE.RUF.00.00 | 2025-10-18T20:59:45.704754Z - 2025-10-18T21:00:45.704754Z,,,,,,,,,,
HE.KPF.00.00 | 2025-05-26T15:16:53.458197Z - 2025-05-26T15:17:53.458197Z,,,,,,,,,,
HE.KIF.00.00 | 2025-12-04T19:38:43.749980Z - 2025-12-04T19:39:43.749980Z,,,,,,,,,,
HE.OBF3.00.00 | 2025-07-03T20:03:32.534033Z - 2025-07-03T20:04:32.534033Z,,,,,,,,,,
HE.VJF.00.00 | 2025-08-11T06:46:24.753452Z - 2025-08-11T06:47:24.753452Z,,,,,,,,,,
HE.RSUO.00.00 | 2025-04-04T19:42:16.160548Z - 2025-04-04T19:43:16.160548Z,,,,,,,,,,
HE.FIB4.00.00 | 2025-12-09T13:25:00.607666Z - 2025-12-09T13:26:00.607666Z,,,,,,,,,,
HE.FIB4.00.00 | 2025-06-07T04:11:07.180507Z - 2025-06-07T04:12:07.180507Z,,,,,,,,,,
HE.NIF.00.00 | 2025-05-29T16:06:41.034337Z - 2025-05-29T16:07:41.034337Z,,,,,,,,,,
HE.KIF.00.00 | 2025-04-20T21:39:16.881555Z - 2025-04-20T21:40:16.881555Z,,,,,,,,,,
HE.FIC3.00.00 | 2025-07-18T21:38:21.404290Z - 2025-07-18T21:39:21.404290Z,,,,,,,,,,
FN.OLKF.00.00 | 2025-04-18T05:41:29.854666Z - 2025-04-18T05:42:29.854666Z,,,,,,,,,,
HE.FIA3.00.00 | 2025-04-04T02:28:04.456843Z - 2025-04-04T02:29:04.456843Z,,,,,,,,,,
HE.KIF.00.00 | 2025-03-26T23:39:19.463628Z - 2025-03-26T23:40:19.463628Z,,,,,,,,,,
FN.RANF.00.00 | 2025-03-10T09:51:16.465256Z - 2025-03-10T09:52:16.465256Z,,,,,,,,,,
HE.FIA3.00.00 | 2025-04-07T22:06:03.500953Z - 2025-04-07T22:07:03.500953Z,,,,,,,,,,
HE.TVF.00.00 | 2025-03-05T03:19:12.755473Z - 2025-03-05T03:20:12.755473Z,,,,,,,,,,
HE.OBF3.00.00 | 2025-05-14T15:20:04.402935Z - 2025-05-14T15:21:04.402935Z,,,,,,,,,,
HE.HEL2.00.00 | 2025-07-27T18:09:53.401393Z - 2025-07-27T18:10:53.401393Z,,,,,,,,,,
FN.KMNF.00.00 | 2025-10-08T07:35:17.383326Z - 2025-10-08T07:36:17.383326Z,,,,,,,,,,
HE.KORF.00.00 | 2025-11-14T04:30:22.823473Z - 2025-11-14T04:31:22.823473Z,,,,,,,,,,
HE.FIC4.00.00 | 2025-02-28T08:09:27.118269Z - 2025-02-28T08:10:27.118269Z,,,,,,,,,,
HE.VRF.00.00 | 2025-06-20T03:32:24.354486Z - 2025-06-20T03:33:24.354486Z,,,,,,,,,,
HE.KU2.00.00 | 2025-07-17T11:45:46.242830Z - 2025-07-17T11:46:46.242830Z,,,,,,,,,,
FN.KMNF.00.00 | 2025-02-16T02:47:24.558224Z - 2025-02-16T02:48:24.558224Z,,,,,,,,,,
HE.ECKF.00.00 | 2025-01-23T01:27:59.831880Z - 2025-01-23T01:28:59.831880Z,,,,,,,,,,
HE.ECKF.00.00 | 2025-10-17T21:20:06.034530Z - 2025-10-17T21:21:06.034530Z,,,,,,,,,,
HE.ALAJF.00.00 | 2025-06-03T17:57:19.065736Z - 2025-06-03T17:58:19.065736Z,,,,,,,,,,
HE.RMF.00.00 | 2025-04-12T20:01:35.318937Z - 2025-04-12T20:02:35.318937Z,,,,,,,,,,
HE.HEF.00.00 | 2025-11-19T05:37:31.556299Z - 2025-11-19T05:38:31.556299Z,,,,,,,,,,
FN.RANF.00.00 | 2025-05-10T19:40:34.393338Z - 2025-05-10T19:41:34.393338Z,,,,,,,,,,
HE.KUNI.00.00 | 2025-11-15T09:13:09.303593Z - 2025-11-15T09:14:09.303593Z,,,,,,,,,,
HE.KY02.00.00 | 2025-09-10T20:23:32.939378Z - 2025-09-10T20:24:32.939378Z,,,,,,,,,,
HE.KPF.00.00 | 2025-01-04T07:51:01.506048Z - 2025-01-04T07:52:01.506048Z,,,,,,,,,,
HE.KPF.00.00 | 2025-04-17T23:58:31.088994Z - 2025-04-17T23:59:31.088994Z,,,,,,,,,,
HE.FIA3.00.00 | 2025-11-02T14:47:10.686424Z - 2025-11-02T14:48:10.686424Z,,,,,,,,,,
HE.ECKF.00.00 | 2025-09-07T12:27:06.339909Z - 2025-09-07T12:28:06.339909Z,,,,,,,,,,
HE.KU1.00.00 | 2025-04-12T03:01:22.956519Z - 2025-04-12T03:02:22.956519Z,,,,,,,,,,
HE.FIC5.00.00 | 2025-12-19T16:33:01.100123Z - 2025-12-19T16:34:01.100123Z,,,,,,,,,,
HE.RMF.00.00 | 2025-09-13T12:51:16.181291Z - 2025-09-13T12:52:16.181291Z,,,,,,,,,,
FN.RANF.00.00 | 2025-03-21T03:22:05.472760Z - 2025-03-21T03:23:05.472760Z,,,,,,,,,,
HE.KORF.00.00 | 2025-02-08T11:59:59.279923Z - 2025-02-08T12:00:59.279923Z,,,,,,,,,,
HE.RAF.00.00 | 2025-01-26T16:28:18.812004Z - 2025-01-26T16:29:18.812004Z,,,,,,,,,,
HE.FIA1.00.00 | 2025-06-13T23:28:43.763019Z - 2025-06-13T23:29:43.763019Z,,,,,,,,,,
HE.FIB4.00.00 | 2025-05-19T13:09:18.367688Z - 2025-05-19T13:10:18.367688Z,,,,,,,,,,
HE.VRF.00.00 | 2025-12-04T13:49:29.313103Z - 2025-12-04T13:50:29.313103Z,,,,,,,,,,
HE.KORF.00.00 | 2025-06-03T03:36:27.794421Z - 2025-06-03T03:37:27.794421Z,,,,,,,,,,
HE.FIC3.00.00 | 2025-04-20T18:48:41.744027Z - 2025-04-20T18:49:41.744027Z,,,,,,,,,,
HE.TRE03.00.00 | 2025-11-17T19:45:11.152160Z - 2025-11-17T19:46:11.152160Z,,,,,,,,,,
FN.OLKF.00.00 | 2025-11-15T18:22:14.786738Z - 2025-11-15T18:23:14.786738Z,,,,,,,,,,
FN.RNF.00.00 | 2025-06-11T18:10:21.905527Z - 2025-06-11T18:11:21.905527Z,,,,,,,,,,
HE.SUF.00.00 | 2025-09-18T01:48:57.801928Z - 2025-09-18T01:49:57.801928Z,,,,,,,,,,
HE.ECKF.00.00 | 2025-01-09T04:56:48.701894Z - 2025-01-09T04:57:48.701894Z,,,,,,,,,,
HE.ECKF.00.00 | 2025-10-29T18:25:16.115028Z - 2025-10-29T18:26:16.115028Z,,,,,,,,,,
HE.OBF8.00.00 | 2025-05-23T05:07:36.972627Z - 2025-05-23T05:08:36.972627Z,,,,,,,,,,
HE.KAF.00.00 | 2025-06-18T03:51:33.422611Z - 2025-06-18T03:52:33.422611Z,,,,,,,,,,
FN.RNF.00.00 | 2025-12-13T12:09:46.476368Z - 2025-12-13T12:10:46.476368Z,,,,,,,,,,
FN.SGF.00.00 | 2025-04-23T09:42:06.070129Z - 2025-04-23T09:43:06.070129Z,,,,,,,,,,
HE.SUF.00.00 | 2025-01-30T19:15:57.440632Z - 2025-01-30T19:16:57.440632Z,,,,,,,,,,
HE.MEF.00.00 | 2025-05-30T23:15:50.157966Z - 2025-05-30T23:16:50.157966Z,,,,,,,,,,
HE.VAF.00.00 | 2025-05-03T23:53:51.455805Z - 2025-05-03T23:54:51.455805Z,,,,,,,,,,
FN.KMNF.00.00 | 2025-05-31T00:43:21.677547Z - 2025-05-31T00:44:21.677547Z,,,,,,,,,,
HE.FIB5.00.00 | 2025-01-03T01:22:56.934229Z - 2025-01-03T01:23:56.934229Z,,,,,,,,,,
FN.OLKF.00.00 | 2025-04-21T04:57:41.958962Z - 2025-04-21T04:58:41.958962Z,,,,,,,,,,
HE.FIC3.00.00 | 2025-12-24T13:15:18.772209Z - 2025-12-24T13:16:18.772209Z,,,,,,,,,,
FN.OUL.00.00 | 2025-09-19T03:10:35.094485Z - 2025-09-19T03:11:35.094485Z,,,,,,,,,,
FN.OUL.00.00 | 2025-02-15T16:37:12.855527Z - 2025-02-15T16:38:12.855527Z,,,,,,,,,,
HE.FIA3.00.00 | 2025-06-20T06:34:03.051120Z - 2025-06-20T06:35:03.051120Z,,,,,,,,,,
FN.RNF.00.00 | 2025-10-08T09:01:24.385149Z - 2025-10-08T09:02:24.385149Z,,,,,,,,,,
HE.KU1.00.00 | 2025-03-31T11:03:22.667543Z - 2025-03-31T11:04:22.667543Z,,,,,,,,,,
HE.TVF.00.00 | 2025-08-24T12:43:29.708720Z - 2025-08-24T12:44:29.708720Z,,,,,,,,,,
HE.FIB2.00.00 | 2025-07-13T08:49:46.723968Z - 2025-07-13T08:50:46.723968Z,,,,,,,,,,
HE.RAF.00.00 | 2025-06-01T13:22:00.700231Z - 2025-06-01T13:23:00.700231Z,,,,,,,,,,
FN.RAJF.00.00 | 2025-02-28T15:21:01.664078Z - 2025-02-28T15:22:01.664078Z,,,,,,,,,,
HE.ECKF.00.00 | 2025-04-09T09:06:27.575722Z - 2025-04-09T09:07:27.575722Z,,,,,,,,,,
HE.FIB3.00.00 | 2025-12-01T03:45:10.454278Z - 2025-12-01T03:46:10.454278Z,,,,,,,,,,
HE.KY17.00.00 | 2025-06-01T04:00:20.621506Z - 2025-06-01T04:01:20.621506Z,,,,,,,,,,
HE.FIA1.00.00 | 2025-04-10T19:59:02.745455Z - 2025-04-10T20:00:02.745455Z,,,,,,,,,,
FN.SGF.00.00 | 2025-02-27T10:27:38.614054Z - 2025-02-27T10:28:38.614054Z,,,,,,,,,,
HE.OBF8.00.00 | 2025-08-01T20:15:34.039589Z - 2025-08-01T20:16:34.039589Z,,,,,,,,,,
HE.VJF.00.00 | 2025-01-28T23:07:43.384566Z - 2025-01-28T23:08:43.384566Z,,,,,,,,,,
HE.RAF.00.00 | 2025-12-01T06:03:35.071416Z - 2025-12-01T06:04:35.071416Z,,,,,,,,,,
HE.MEF.00.00 | 2025-01-09T14:12:35.957011Z - 2025-01-09T14:13:35.957011Z,,,,,,,,,,
HE.KU1.00.00 | 2025-07-05T13:37:33.397597Z - 2025-07-05T13:38:33.397597Z,,,,,,,,,,
HE.TOF.00.00 | 2025-09-10T14:24:58.836657Z - 2025-09-10T14:25:58.836657Z,,,,,,,,,,
HE.TRE03.00.00 | 2025-03-09T17:57:02.427371Z - 2025-03-09T17:58:02.427371Z,,,,,,,,,,
HE.VRF.00.00 | 2025-09-25T09:31:36.963891Z - 2025-09-25T09:32:36.963891Z,,,,,,,,,,
HE.KY17.00.00 | 2025-01-29T09:10:20.731022Z - 2025-01-29T09:11:20.731022Z,,,,,,,,,,
HE.VAF.00.00 | 2025-08-06T05:36:48.472380Z - 2025-08-06T05:37:48.472380Z,,,,,,,,,,
HE.VAF.00.00 | 2025-01-30T02:52:10.927288Z - 2025-01-30T02:53:10.927288Z,,,,,,,,,,
HE.HEL2.00.00 | 2025-08-17T23:07:17.174116Z - 2025-08-17T23:08:17.174116Z,,,,,,,,,,
HE.TRE03.00.00 | 2025-10-30T10:48:41.410205Z - 2025-10-30T10:49:41.410205Z,,,,,,,,,,
HE.FIC6.00.00 | 2025-03-03T13:51:59.265568Z - 2025-03-03T13:52:59.265568Z,,,,,,,,,,
HE.JOF.00.00 | 2025-04-19T10:19:42.932312Z - 2025-04-19T10:20:42.932312Z,,,,,,,,,,
HE.FIC6.00.00 | 2025-05-13T04:35:16.560179Z - 2025-05-13T04:36:16.560179Z,,,,,,,,,,
HE.LOVF.00.00 | 2025-02-25T16:01:12.840364Z - 2025-02-25T16:02:12.840364Z,,,,,,,,,,
FN.RNF.00.00 | 2025-05-06T22:17:33.040103Z - 2025-05-06T22:18:33.040103Z,,,,,,,,,,
HE.RSUO.00.00 | 2025-08-26T18:08:34.299077Z - 2025-08-26T18:09:34.299077Z,,,,,,,,,,
HE.FIC1.00.00 | 2025-11-15T09:40:22.827186Z - 2025-11-15T09:41:22.827186Z,,,,,,,,,,
FN.OUL.00.00 | 2025-04-02T19:54:44.542479Z - 2025-04-02T19:55:44.542479Z,,,,,,,,,,
FN.KMNF.00.00 | 2025-06-21T04:39:51.319806Z - 2025-06-21T04:40:51.319806Z,,,,,,,,,,
HE.FIB2.00.00 | 2025-05-24T14:29:37.236829Z - 2025-05-24T14:30:37.236829Z,,,,,,,,,,
HE.MEF.00.00 | 2025-07-24T01:18:52.609206Z - 2025-07-24T01:19:52.609206Z,,,,,,,,,,
FN.SGF.00.00 | 2025-10-08T05:28:09.208175Z - 2025-10-08T05:29:09.208175Z,,,,,,,,,,
HE.KEV.00.00 | 2025-07-04T09:12:23.151836Z - 2025-07-04T09:13:23.151836Z,,,,,,,,,,
HE.HEL5.00.00 | 2025-02-13T17:34:31.676129Z - 2025-02-13T17:35:31.676129Z,,,,,,,,,,
FN.OLKF.00.00 | 2025-06-13T16:24:16.255692Z - 2025-06-13T16:25:16.255692Z,,,,,,,,,,
HE.MEF.00.00 | 2025-01-19T22:43:48.647581Z - 2025-01-19T22:44:48.647581Z,,,,,,,,,,
HE.KAF.00.00 | 2025-10-02T08:13:35.137731Z - 2025-10-02T08:14:35.137731Z,,,,,,,,,,
HE.NUR.00.00 | 2025-02-02T02:34:37.860032Z - 2025-02-02T02:35:37.860032Z,,,,,,,,,,
HE.FIA1.00.00 | 2025-06-14T20:21:07.218696Z - 2025-06-14T20:22:07.218696Z,,,,,,,,,,
HE.TVF.00.00 | 2025-06-11T14:14:02.225062Z - 2025-06-11T14:15:02.225062Z,,,,,,,,,,
HE.JOF.00.00 | 2025-01-31T05:01:05.631594Z - 2025-01-31T05:02:05.631594Z,,,,,,,,,,
FN.OUL.00.00 | 2025-05-30T04:15:09.545526Z - 2025-05-30T04:16:09.545526Z,,,,,,,,,,
UP.AAL.00.00 | 2025-12-29T17:58:00.849223Z - 2025-12-29T17:59:00.849223Z,,,,,,,,,,
HE.FIB2.00.00 | 2025-09-11T07:33:45.472643Z - 2025-09-11T07:34:45.472643Z,,,,,,,,,,
HE.FIC2.00.00 | 2025-11-29T17:55:55.691179Z - 2025-11-29T17:56:55.691179Z,,,,,,,,,,
HE.KY02.00.00 | 2025-04-08T00:37:34.325936Z - 2025-04-08T00:38:34.325936Z,,,,,,,,,,
HE.LOVF.00.00 | 2025-10-18T11:43:44.915912Z - 2025-10-18T11:44:44.915912Z,,,,,,,,,,
HE.KU1.00.00 | 2025-06-28T08:25:16.686506Z - 2025-06-28T08:26:16.686506Z,,,,,,,,,,
HE.KORF.00.00 | 2025-08-03T01:36:06.887436Z - 2025-08-03T01:37:06.887436Z,,,,,,,,,,
HE.FIB6.00.00 | 2025-07-10T06:37:37.087506Z - 2025-07-10T06:38:37.087506Z,,,,,,,,,,
HE.HEL2.00.00 | 2025-07-02T10:29:21.776265Z - 2025-07-02T10:30:21.776265Z,,,,,,,,,,
HE.FIA1.00.00 | 2025-11-14T18:48:44.537119Z - 2025-11-14T18:49:44.537119Z,,,,,,,,,,
HE.OBF3.00.00 | 2025-07-29T10:28:22.177501Z - 2025-07-29T10:29:22.177501Z,,,,,,,,,,
HE.FIA2.00.00 | 2025-07-18T08:10:50.593552Z - 2025-07-18T08:11:50.593552Z,,,,,,,,,,
HE.FIC2.00.00 | 2025-04-08T01:10:03.832726Z - 2025-04-08T01:11:03.832726Z,,,,,,,,,,
HE.NIF.00.00 | 2025-01-20T06:05:53.319489Z - 2025-01-20T06:06:53.319489Z,,,,,,,,,,
HE.TVF.00.00 | 2025-06-26T23:04:23.786335Z - 2025-06-26T23:05:23.786335Z,,,,,,,,,,
HE.TOF.00.00 | 2025-10-10T18:13:22.436353Z - 2025-10-10T18:14:22.436353Z,,,,,,,,,,
HE.RUF.00.00 | 2025-01-19T06:52:06.538156Z - 2025-01-19T06:53:06.538156Z,,,,,,,,,,
HE.FIC2.00.00 | 2025-04-11T23:57:39.249768Z - 2025-04-11T23:58:39.249768Z,,,,,,,,,,
HE.FIC2.00.00 | 2025-05-31T02:24:08.306847Z - 2025-05-31T02:25:08.306847Z,,,,,,,,,,
HE.KU2.00.00 | 2025-10-13T05:58:52.418839Z - 2025-10-13T05:59:52.418839Z,,,,,,,,,,
HE.NIF.00.00 | 2025-09-26T19:37:02.210059Z - 2025-09-26T19:38:02.210059Z,,,,,,,,,,
HE.HEL2.00.00 | 2025-11-12T18:19:25.625539Z - 2025-11-12T18:20:25.625539Z,,,,,,,,,,
HE.FIB3.00.00 | 2025-01-16T23:03:24.904601Z - 2025-01-16T23:04:24.904601Z,,,,,,,,,,
HE.VAF.00.00 | 2025-07-22T03:58:08.524911Z - 2025-07-22T03:59:08.524911Z,,,,,,,,,,
FN.SGF.00.00 | 2025-04-24T14:06:32.868567Z - 2025-04-24T14:07:32.868567Z,,,,,,,,,,
HE.FIB4.00.00 | 2025-12-02T16:27:47.079290Z - 2025-12-02T16:28:47.079290Z,,,,,,,,,,
HE.KU1.00.00 | 2025-08-29T14:58:41.917064Z - 2025-08-29T14:59:41.917064Z,,,,,,,,,,
FN.MSF.00.00 | 2025-04-22T05:12:07.151857Z - 2025-04-22T05:13:07.151857Z,,,,,,,,,,
UP.AAL.00.00 | 2025-01-02T03:21:07.118114Z - 2025-01-02T03:22:07.118114Z,,,,,,,,,,
HE.FIC5.00.00 | 2025-08-29T18:31:33.935402Z - 2025-08-29T18:32:33.935402Z,,,,,,,,,,
FN.OLKF.00.00 | 2025-11-13T22:22:15.316265Z - 2025-11-13T22:23:15.316265Z,,,,,,,,,,
HE.VRF.00.00 | 2025-06-28T08:40:21.829766Z - 2025-06-28T08:41:21.829766Z,,,,,,,,,,
HE.MEF.00.00 | 2025-09-26T19:18:17.919062Z - 2025-09-26T19:19:17.919062Z,,,,,,,,,,
HE.FIB2.00.00 | 2025-08-08T00:33:07.949955Z - 2025-08-08T00:34:07.949955Z,,,,,,,,,,
HE.ALAJF.00.00 | 2025-06-01T18:28:38.847053Z - 2025-06-01T18:29:38.847053Z,,,,,,,,,,
HE.OBF3.00.00 | 2025-11-24T20:12:12.434421Z - 2025-11-24T20:13:12.434421Z,,,,,,,,,,
HE.FIB1.00.00 | 2025-01-16T16:37:11.933359Z - 2025-01-16T16:38:11.933359Z,,,,,,,,,,
HE.FIC6.00.00 | 2025-05-26T08:06:02.556631Z - 2025-05-26T08:07:02.556631Z,,,,,,,,,,
HE.NUR.00.00 | 2025-10-05T00:05:08.786616Z - 2025-10-05T00:06:08.786616Z,,,,,,,,,,
HE.FIC3.00.00 | 2025-03-28T09:42:25.407237Z - 2025-03-28T09:43:25.407237Z,,,,,,,,,,
UP.AAL.00.00 | 2025-05-22T04:58:33.922582Z - 2025-05-22T04:59:33.922582Z,,,,,,,,,,
FN.SGF.00.00 | 2025-06-09T16:56:40.419821Z - 2025-06-09T16:57:40.419821Z,,,,,,,,,,
HE.FIC5.00.00 | 2025-01-18T03:43:57.120836Z - 2025-01-18T03:44:57.120836Z,,,,,,,,,,
FN.OLKF.00.00 | 2025-02-25T19:21:50.932225Z - 2025-02-25T19:22:50.932225Z,,,,,,,,,,
HE.NIF.00.00 | 2025-11-28T04:40:43.381013Z - 2025-11-28T04:41:43.381013Z,,,,,,,,,,
HE.FIC3.00.00 | 2025-12-01T01:45:19.157122Z - 2025-12-01T01:46:19.157122Z,,,,,,,,,,
HE.KJNF.00.00 | 2025-11-03T06:14:40.213852Z - 2025-11-03T06:15:40.213852Z,,,,,,,,,,
HE.ECKF.00.00 | 2025-12-20T01:33:34.833464Z - 2025-12-20T01:34:34.833464Z,,,,,,,,,,
HE.HEL2.00.00 | 2025-01-24T23:19:27.743550Z - 2025-01-24T23:20:27.743550Z,,,,,,,,,,
HE.FIC3.00.00 | 2025-03-20T22:06:04.661897Z - 2025-03-20T22:07:04.661897Z,,,,,,,,,,
HE.KU2.00.00 | 2025-07-27T10:53:13.141814Z - 2025-07-27T10:54:13.141814Z,,,,,,,,,,
HE.FIC3.00.00 | 2025-04-15T07:21:45.659032Z - 2025-04-15T07:22:45.659032Z,,,,,,,,,,
HE.FIA1.00.00 | 2025-07-25T10:52:13.823559Z - 2025-07-25T10:53:13.823559Z,,,,,,,,,,
HE.JOF.00.00 | 2025-05-23T09:39:23.833768Z - 2025-05-23T09:40:23.833768Z,,,,,,,,,,
HE.OBF8.00.00 | 2025-01-21T16:52:03.558347Z - 2025-01-21T16:53:03.558347Z,,,,,,,,,,
HE.FIC1.00.00 | 2025-02-03T02:25:55.581841Z - 2025-02-03T02:26:55.581841Z,,,,,,,,,,
FN.SGF.00.00 | 2025-03-26T18:37:21.715814Z - 2025-03-26T18:38:21.715814Z,,,,,,,,,,
HE.FIB5.00.00 | 2025-02-23T04:25:16.987848Z - 2025-02-23T04:26:16.987848Z,,,,,,,,,,
HE.KIF.00.00 | 2025-06-09T04:50:26.866647Z - 2025-06-09T04:51:26.866647Z,,,,,,,,,,
HE.NUR.00.00 | 2025-05-24T01:05:56.305419Z - 2025-05-24T01:06:56.305419Z,,,,,,,,,,
HE.FIB6.00.00 | 2025-08-27T14:46:35.135333Z - 2025-08-27T14:47:35.135333Z,,,,,,,,,,
HE.FIC5.00.00 | 2025-02-13T09:00:36.953049Z - 2025-02-13T09:01:36.953049Z,,,,,,,,,,
FN.SGF.00.00 | 2025-12-06T18:42:39.923264Z - 2025-12-06T18:43:39.923264Z,,,,,,,,,,
HE.TRE03.00.00 | 2025-03-25T16:12:29.035271Z - 2025-03-25T16:13:29.035271Z,,,,,,,,,,
HE.RSUO.00.00 | 2025-04-08T11:40:56.766194Z - 2025-04-08T11:41:56.766194Z,,,,,,,,,,
HE.VAF.00.00 | 2025-03-04T06:31:48.971619Z - 2025-03-04T06:32:48.971619Z,,,,,,,,,,
HE.JOF.00.00 | 2025-01-31T15:35:36.833509Z - 2025-01-31T15:36:36.833509Z,,,,,,,,,,
HE.FIB1.00.00 | 2025-12-17T11:13:30.067772Z - 2025-12-17T11:14:30.067772Z,,,,,,,,,,
HE.FIC1.00.00 | 2025-04-06T00:22:51.598541Z - 2025-04-06T00:23:51.598541Z,,,,,,,,,,
HE.FIA2.00.00 | 2025-02-15T07:03:42.894205Z - 2025-02-15T07:04:42.894205Z,,,,,,,,,,
HE.FIC5.00.00 | 2025-04-05T18:04:34.723070Z - 2025-04-05T18:05:34.723070Z,,,,,,,,,,
FN.SGF.00.00 | 2025-02-03T16:36:42.400400Z - 2025-02-03T16:37:42.400400Z,,,,,,,,,,
HE.FIA2.00.00 | 2025-01-19T03:47:57.383533Z - 2025-01-19T03:48:57.383533Z,,,,,,,,,,
HE.NIF.00.00 | 2025-05-18T21:08:24.063282Z - 2025-05-18T21:09:24.063282Z,,,,,,,,,,
HE.HEL5.00.00 | 2025-05-29T01:37:44.863005Z - 2025-05-29T01:38:44.863005Z,,,,,,,,,,
FN.KLF.00.00 | 2025-04-24T23:29:54.732246Z - 2025-04-24T23:30:54.732246Z,,,,,,,,,,
HE.FIC3.00.00 | 2025-09-06T02:01:17.021114Z - 2025-09-06T02:02:17.021114Z,,,,,,,,,,
HE.KU2.00.00 | 2025-02-14T21:37:26.357218Z - 2025-02-14T21:38:26.357218Z,,,,,,,,,,
FN.SGF.00.00 | 2025-10-22T18:24:18.642858Z - 2025-10-22T18:25:18.642858Z,,,,,,,,,,
HE.ECKF.00.00 | 2025-02-12T17:20:28.341932Z - 2025-02-12T17:21:28.341932Z,,,,,,,,,,
FN.OLKF.00.00 | 2025-01-25T00:31:38.828540Z - 2025-01-25T00:32:38.828540Z,,,,,,,,,,
HE.LAUT.00.00 | 2025-03-14T00:45:40.141016Z - 2025-03-14T00:46:40.141016Z,,,,,,,,,,
HE.FIB2.00.00 | 2025-01-08T16:08:33.498542Z - 2025-01-08T16:09:33.498542Z,,,,,,,,,,
HE.FIB3.00.00 | 2025-12-04T05:18:10.191477Z - 2025-12-04T05:19:10.191477Z,,,,,,,,,,
HE.KEV.00.00 | 2025-12-11T13:05:45.472869Z - 2025-12-11T13:06:45.472869Z,,,,,,,,,,
HE.FIB1.00.00 | 2025-03-11T14:29:01.693262Z - 2025-03-11T14:30:01.693262Z,,,,,,,,,,
HE.KY02.00.00 | 2025-02-26T14:45:50.145026Z - 2025-02-26T14:46:50.145026Z,,,,,,,,,,
HE.RAF.00.00 | 2025-12-14T22:13:34.141270Z - 2025-12-14T22:14:34.141270Z,,,,,,,,,,
HE.FIC4.00.00 | 2025-12-27T02:05:19.076255Z - 2025-12-27T02:06:19.076255Z,,,,,,,,,,
HE.PVF.00.00 | 2025-11-26T23:29:33.282758Z - 2025-11-26T23:30:33.282758Z,,,,,,,,,,
HE.KPF.00.00 | 2025-08-05T15:10:29.084173Z - 2025-08-05T15:11:29.084173Z,,,,,,,,,,
HE.LOVF.00.00 | 2025-08-09T18:39:39.914198Z - 2025-08-09T18:40:39.914198Z,,,,,,,,,,
HE.HEL5.00.00 | 2025-02-09T22:27:21.530250Z - 2025-02-09T22:28:21.530250Z,,,,,,,,,,
HE.FIC3.00.00 | 2025-03-24T20:36:45.074950Z - 2025-03-24T20:37:45.074950Z,,,,,,,,,,
HE.HEL2.00.00 | 2025-03-11T13:38:16.122949Z - 2025-03-11T13:39:16.122949Z,,,,,,,,,,
HE.FIB1.00.00 | 2025-08-07T07:16:58.398324Z - 2025-08-07T07:17:58.398324Z,,,,,,,,,,
HE.LAUT.00.00 | 2025-03-23T00:17:01.758359Z - 2025-03-23T00:18:01.758359Z,,,,,,,,,,
HE.LAUT.00.00 | 2025-10-25T08:39:54.304659Z - 2025-10-25T08:40:54.304659Z,,,,,,,,,,
HE.OBF3.00.00 | 2025-05-01T21:04:28.406875Z - 2025-05-01T21:05:28.406875Z,,,,,,,,,,
HE.OBF8.00.00 | 2025-09-21T17:27:24.996709Z - 2025-09-21T17:28:24.996709Z,,,,,,,,,,
HE.LOVF.00.00 | 2025-11-07T07:33:08.067593Z - 2025-11-07T07:34:08.067593Z,,,,,,,,,,
HE.FIB5.00.00 | 2025-10-03T22:52:08.237131Z - 2025-10-03T22:53:08.237131Z,,,,,,,,,,
HE.KU2.00.00 | 2025-01-16T08:29:47.673211Z - 2025-01-16T08:30:47.673211Z,,,,,,,,,,
HE.ECKF.00.00 | 2025-09-14T10:13:49.644567Z - 2025-09-14T10:14:49.644567Z,,,,,,,,,,
HE.PVF.00.00 | 2025-09-11T20:20:46.318799Z - 2025-09-11T20:21:46.318799Z,,,,,,,,,,
HE.KU2.00.00 | 2025-02-05T01:01:28.135476Z - 2025-02-05T01:02:28.135476Z,,,,,,,,,,
FN.OLKF.00.00 | 2025-10-30T15:32:32.199619Z - 2025-10-30T15:33:32.199619Z,,,,,,,,,,
FN.RAJF.00.00 | 2025-04-15T18:58:02.462607Z - 2025-04-15T18:59:02.462607Z,,,,,,,,,,
HE.FIC3.00.00 | 2025-12-02T10:52:38.680451Z - 2025-12-02T10:53:38.680451Z,,,,,,,,,,
HE.PVF.00.00 | 2025-03-09T22:03:52.253463Z - 2025-03-09T22:04:52.253463Z,,,,,,,,,,
FN.OLKF.00.00 | 2025-05-20T15:59:31.920703Z - 2025-05-20T16:00:31.920703Z,,,,,,,,,,
HE.FIC2.00.00 | 2025-09-08T17:32:17.018751Z - 2025-09-08T17:33:17.018751Z,,,,,,,,,,
HE.KU6.00.00 | 2025-02-24T14:50:41.892046Z - 2025-02-24T14:51:41.892046Z,,,,,,,,,,
HE.MEF.00.00 | 2025-08-09T06:14:24.599912Z - 2025-08-09T06:15:24.599912Z,,,,,,,,,,
HE.KEF.00.00 | 2025-03-14T13:02:33.855903Z - 2025-03-14T13:03:33.855903Z,,,,,,,,,,
HE.KJNF.00.00 | 2025-02-14T03:56:56.738821Z - 2025-02-14T03:57:56.738821Z,,,,,,,,,,
HE.FIA2.00.00 | 2025-08-01T23:43:45.251169Z - 2025-08-01T23:44:45.251169Z,,,,,,,,,,
HE.FIA1.00.00 | 2025-08-18T09:40:01.271886Z - 2025-08-18T09:41:01.271886Z,,,,,,,,,,
HE.OBF8.00.00 | 2025-06-30T05:58:08.162604Z - 2025-06-30T05:59:08.162604Z,,,,,,,,,,
HE.FIA0.00.00 | 2025-02-03T16:27:49.051241Z - 2025-02-03T16:28:49.051241Z,,,,,,,,,,
HE.KEV.00.00 | 2025-07-30T08:18:00.504950Z - 2025-07-30T08:19:00.504950Z,,,,,,,,,,
HE.HEL2.00.00 | 2025-05-02T19:17:03.165358Z - 2025-05-02T19:18:03.165358Z,,,,,,,,,,
HE.FIA0.00.00 | 2025-02-16T06:37:45.624662Z - 2025-02-16T06:38:45.624662Z,,,,,,,,,,
FN.MSF.00.00 | 2025-01-18T02:07:27.334064Z - 2025-01-18T02:08:27.334064Z,,,,,,,,,,
HE.KEV.00.00 | 2025-05-22T16:24:38.275887Z - 2025-05-22T16:25:38.275887Z,,,,,,,,,,
HE.OBF8.00.00 | 2025-10-27T21:38:55.854833Z - 2025-10-27T21:39:55.854833Z,,,,,,,,,,
HE.FIB4.00.00 | 2025-06-06T16:28:22.665787Z - 2025-06-06T16:29:22.665787Z,,,,,,,,,,
HE.KU6.00.00 | 2025-08-05T16:06:52.146381Z - 2025-08-05T16:07:52.146381Z,,,,,,,,,,
HE.KJNF.00.00 | 2025-09-18T02:49:05.383832Z - 2025-09-18T02:50:05.383832Z,,,,,,,,,,
HE.LOVF.00.00 | 2025-09-13T12:19:12.823994Z - 2025-09-13T12:20:12.823994Z,,,,,,,,,,
HE.FIB1.00.00 | 2025-05-28T22:29:24.483673Z - 2025-05-28T22:30:24.483673Z,,,,,,,,,,
HE.KORF.00.00 | 2025-03-15T13:35:10.287874Z - 2025-03-15T13:36:10.287874Z,,,,,,,,,,
HE.FIC4.00.00 | 2025-06-06T04:49:02.728128Z - 2025-06-06T04:50:02.728128Z,,,,,,,,,,
HE.TRE03.00.00 | 2025-06-11T16:38:02.109143Z - 2025-06-11T16:39:02.109143Z,,,,,,,,,,
HE.FIA3.00.00 | 2025-08-18T17:50:35.793419Z - 2025-08-18T17:51:35.793419Z,,,,,,,,,,
FN.OLKF.00.00 | 2025-09-29T21:34:34.967931Z - 2025-09-29T21:35:34.967931Z,,,,,,,,,,
HE.LOVF.00.00 | 2025-11-22T22:25:49.614817Z - 2025-11-22T22:26:49.614817Z,,,,,,,,,,
HE.HEL2.00.00 | 2025-10-23T00:42:38.375987Z - 2025-10-23T00:43:38.375987Z,,,,,,,,,,
HE.FIA0.00.00 | 2025-03-06T14:29:08.473168Z - 2025-03-06T14:30:08.473168Z,,,,,,,,,,
HE.FIC2.00.00 | 2025-01-11T08:59:54.195893Z - 2025-01-11T09:00:54.195893Z,,,,,,,,,,
HE.FIB3.00.00 | 2025-11-06T13:30:16.788453Z - 2025-11-06T13:31:16.788453Z,,,,,,,,,,
HE.FIB1.00.00 | 2025-06-12T02:07:16.175427Z - 2025-06-12T02:08:16.175427Z,,,,,,,,,,
HE.OBF0.00.00 | 2025-07-22T10:34:09.218998Z - 2025-07-22T10:35:09.218998Z,,,,,,,,,,
HE.FIB4.00.00 | 2025-01-16T09:58:28.238573Z - 2025-01-16T09:59:28.238573Z,,,,,,,,,,
FN.OLKF.00.00 | 2025-09-23T10:19:02.562447Z - 2025-09-23T10:20:02.562447Z,,,,,,,,,,
HE.FIC4.00.00 | 2025-01-02T13:49:41.197539Z - 2025-01-02T13:50:41.197539Z,,,,,,,,,,
FN.RANF.00.00 | 2025-04-01T01:22:47.843616Z - 2025-04-01T01:23:47.843616Z,,,,,,,,,,
HE.FIC3.00.00 | 2025-05-05T16:58:15.287530Z - 2025-05-05T16:59:15.287530Z,,,,,,,,,,
HE.LAUT.00.00 | 2025-10-09T00:50:40.893866Z - 2025-10-09T00:51:40.893866Z,,,,,,,,,,
HE.OBF3.00.00 | 2025-06-04T13:16:53.979439Z - 2025-06-04T13:17:53.979439Z,,,,,,,,,,
HE.VJF.00.00 | 2025-04-26T00:15:45.641884Z - 2025-04-26T00:16:45.641884Z,,,,,,,,,,
HE.LOVF.00.00 | 2025-08-23T14:49:40.252939Z - 2025-08-23T14:50:40.252939Z,,,,,,,,,,
HE.VAF.00.00 | 2025-04-25T21:22:30.641188Z - 2025-04-25T21:23:30.641188Z,,,,,,,,,,
HE.FIB4.00.00 | 2025-05-26T15:36:50.090073Z - 2025-05-26T15:37:50.090073Z,,,,,,,,,,
UP.AAL.00.00 | 2025-07-31T15:51:59.611478Z - 2025-07-31T15:52:59.611478Z,,,,,,,,,,
FN.SGF.00.00 | 2025-02-26T05:45:01.770013Z - 2025-02-26T05:46:01.770013Z,,,,,,,,,,
HE.HEL1.00.00 | 2025-11-16T14:19:27.184003Z - 2025-11-16T14:20:27.184003Z,,,,,,,,,,
HE.FIC4.00.00 | 2025-01-29T13:55:32.000472Z - 2025-01-29T13:56:32.000472Z,,,,,,,,,,
HE.TOF.00.00 | 2025-10-29T08:19:36.830349Z - 2025-10-29T08:20:36.830349Z,,,,,,,,,,
HE.KU6.00.00 | 2025-10-04T12:28:16.364967Z - 2025-10-04T12:29:16.364967Z,,,,,,,,,,
FN.RNF.00.00 | 2025-01-30T11:10:46.239509Z - 2025-01-30T11:11:46.239509Z,,,,,,,,,,
HE.KEV.00.00 | 2025-10-02T06:03:46.056039Z - 2025-10-02T06:04:46.056039Z,,,,,,,,,,
HE.HEL5.00.00 | 2025-04-02T04:43:02.583798Z - 2025-04-02T04:44:02.583798Z,,,,,,,,,,
HE.ECKF.00.00 | 2025-02-15T22:32:01.610525Z - 2025-02-15T22:33:01.610525Z,,,,,,,,,,
FN.RAJF.00.00 | 2025-12-04T04:21:34.450099Z - 2025-12-04T04:22:34.450099Z,,,,,,,,,,
HE.KAF.00.00 | 2025-02-27T01:48:17.552250Z - 2025-02-27T01:49:17.552250Z,,,,,,,,,,
HE.TRE03.00.00 | 2025-03-14T17:33:40.807229Z - 2025-03-14T17:34:40.807229Z,,,,,,,,,,
HE.FIB1.00.00 | 2025-07-06T06:12:01.135885Z - 2025-07-06T06:13:01.135885Z,,,,,,,,,,
FN.OLKF.00.00 | 2025-09-02T06:52:20.529621Z - 2025-09-02T06:53:20.529621Z,,,,,,,,,,
HE.VRF.00.00 | 2025-06-26T10:06:21.017035Z - 2025-06-26T10:07:21.017035Z,,,,,,,,,,
HE.VRF.00.00 | 2025-05-25T14:25:41.979266Z - 2025-05-25T14:26:41.979266Z,,,,,,,,,,
HE.KY02.00.00 | 2025-01-31T17:46:59.186390Z - 2025-01-31T17:47:59.186390Z,,,,,,,,,,
HE.KORF.00.00 | 2025-09-26T13:55:56.268400Z - 2025-09-26T13:56:56.268400Z,,,,,,,,,,
FN.RNF.00.00 | 2025-08-16T21:37:45.232200Z - 2025-08-16T21:38:45.232200Z,,,,,,,,,,
HE.KORF.00.00 | 2025-09-18T18:38:58.083318Z - 2025-09-18T18:39:58.083318Z,,,,,,,,,,
HE.FIC5.00.00 | 2025-07-01T16:03:02.609264Z - 2025-07-01T16:04:02.609264Z,,,,,,,,,,
HE.VUOS.00.00 | 2025-01-24T21:25:37.459975Z - 2025-01-24T21:26:37.459975Z,,,,,,,,,,
HE.KUNI.00.00 | 2025-03-17T14:24:22.631919Z - 2025-03-17T14:25:22.631919Z,,,,,,,,,,
HE.FIC5.00.00 | 2025-04-24T03:45:13.153662Z - 2025-04-24T03:46:13.153662Z,,,,,,,,,,
FN.MSF.00.00 | 2025-10-31T03:21:58.931080Z - 2025-10-31T03:22:58.931080Z,,,,,,,,,,
HE.JOF.00.00 | 2025-05-28T05:34:55.605891Z - 2025-05-28T05:35:55.605891Z,,,,,,,,,,
HE.RAF.00.00 | 2025-05-23T09:33:12.451950Z - 2025-05-23T09:34:12.451950Z,,,,,,,,,,
HE.FIB3.00.00 | 2025-11-20T02:14:20.358487Z - 2025-11-20T02:15:20.358487Z,,,,,,,,,,
HE.FIC6.00.00 | 2025-03-10T05:39:39.067768Z - 2025-03-10T05:40:39.067768Z,,,,,,,,,,
HE.ALAJF.00.00 | 2025-05-26T17:51:10.915179Z - 2025-05-26T17:52:10.915179Z,,,,,,,,,,
HE.FIA0.00.00 | 2025-11-16T21:51:19.696495Z - 2025-11-16T21:52:19.696495Z,,,,,,,,,,
HE.FIB4.00.00 | 2025-11-18T01:19:38.749453Z - 2025-11-18T01:20:38.749453Z,,,,,,,,,,
HE.HEL2.00.00 | 2025-05-22T14:12:09.461403Z - 2025-05-22T14:13:09.461403Z,,,,,,,,,,
UP.AAL.00.00 | 2025-01-24T14:31:54.073743Z - 2025-01-24T14:32:54.073743Z,,,,,,,,,,
FN.OLKF.00.00 | 2025-10-31T15:59:35.234650Z - 2025-10-31T16:00:35.234650Z,,,,,,,,,,
HE.KPF.00.00 | 2025-07-17T02:23:05.198732Z - 2025-07-17T02:24:05.198732Z,,,,,,,,,,
HE.FIB5.00.00 | 2025-08-10T11:02:53.316650Z - 2025-08-10T11:03:53.316650Z,,,,,,,,,,
HE.FIA1.00.00 | 2025-10-24T23:00:23.979652Z - 2025-10-24T23:01:23.979652Z,,,,,,,,,,
HE.NUR.00.00 | 2025-02-13T14:09:39.902588Z - 2025-02-13T14:10:39.902588Z,,,,,,,,,,
HE.KU6.00.00 | 2025-08-23T00:35:24.913738Z - 2025-08-23T00:36:24.913738Z,,,,,,,,,,
HE.NIF.00.00 | 2025-01-29T15:15:08.490948Z - 2025-01-29T15:16:08.490948Z,,,,,,,,,,
HE.TRE03.00.00 | 2025-05-15T14:34:29.284101Z - 2025-05-15T14:35:29.284101Z,,,,,,,,,,
FN.RAJF.00.00 | 2025-04-27T09:29:39.216328Z - 2025-04-27T09:30:39.216328Z,,,,,,,,,,
HE.RUF.00.00 | 2025-03-29T11:35:37.124431Z - 2025-03-29T11:36:37.124431Z,,,,,,,,,,
FN.OUL.00.00 | 2025-11-01T19:59:20.617714Z - 2025-11-01T20:00:20.617714Z,,,,,,,,,,
HE.KUNI.00.00 | 2025-04-28T12:02:15.022634Z - 2025-04-28T12:03:15.022634Z,,,,,,,,,,
HE.KU2.00.00 | 2025-10-05T02:56:57.027343Z - 2025-10-05T02:57:57.027343Z,,,,,,,,,,
HE.FIB4.00.00 | 2025-12-26T03:40:21.919837Z - 2025-12-26T03:41:21.919837Z,,,,,,,,,,
HE.VAF.00.00 | 2025-02-13T23:06:41.637838Z - 2025-02-13T23:07:41.637838Z,,,,,,,,,,
HE.KY02.00.00 | 2025-03-24T11:43:58.284265Z - 2025-03-24T11:44:58.284265Z,,,,,,,,,,
HE.OBF0.00.00 | 2025-04-18T01:27:12.028663Z - 2025-04-18T01:28:12.028663Z,,,,,,,,,,
HE.KORF.00.00 | 2025-11-23T15:13:29.544283Z - 2025-11-23T15:14:29.544283Z,,,,,,,,,,
HE.SUF.00.00 | 2025-10-24T13:18:32.011519Z - 2025-10-24T13:19:32.011519Z,,,,,,,,,,
HE.HEL2.00.00 | 2025-12-29T06:06:52.881541Z - 2025-12-29T06:07:52.881541Z,,,,,,,,,,
UP.AAL.00.00 | 2025-09-10T07:30:38.865071Z - 2025-09-10T07:31:38.865071Z,,,,,,,,,,
HE.FIC3.00.00 | 2025-06-27T08:57:39.422594Z - 2025-06-27T08:58:39.422594Z,,,,,,,,,,
FN.SGF.00.00 | 2025-03-06T04:39:44.712111Z - 2025-03-06T04:40:44.712111Z,,,,,,,,,,
HE.KIF.00.00 | 2025-02-28T21:04:35.540045Z - 2025-02-28T21:05:35.540045Z,,,,,,,,,,
HE.FIB1.00.00 | 2025-11-02T21:40:38.902895Z - 2025-11-02T21:41:38.902895Z,,,,,,,,,,
HE.KEF.00.00 | 2025-10-09T18:19:36.896669Z - 2025-10-09T18:20:36.896669Z,,,,,,,,,,
FN.MSF.00.00 | 2025-12-07T20:14:38.141467Z - 2025-12-07T20:15:38.141467Z,,,,,,,,,,
HE.LAUT.00.00 | 2025-03-19T22:13:01.973854Z - 2025-03-19T22:14:01.973854Z,,,,,,,,,,
HE.FIB4.00.00 | 2025-07-21T02:18:55.493417Z - 2025-07-21T02:19:55.493417Z,,,,,,,,,,
HE.FIB4.00.00 | 2025-09-21T08:51:47.237911Z - 2025-09-21T08:52:47.237911Z,,,,,,,,,,
HE.FIB2.00.00 | 2025-06-02T20:23:45.492690Z - 2025-06-02T20:24:45.492690Z,,,,,,,,,,
HE.VJF.00.00 | 2025-06-06T21:54:13.622136Z - 2025-06-06T21:55:13.622136Z,,,,,,,,,,
HE.HEL5.00.00 | 2025-08-07T13:42:56.077683Z - 2025-08-07T13:43:56.077683Z,,,,,,,,,,
HE.OBF3.00.00 | 2025-04-16T23:45:42.341300Z - 2025-04-16T23:46:42.341300Z,,,,,,,,,,
HE.KY17.00.00 | 2025-03-15T16:06:47.430260Z - 2025-03-15T16:07:47.430260Z,,,,,,,,,,
HE.PVF.00.00 | 2025-10-13T08:46:55.383253Z - 2025-10-13T08:47:55.383253Z,,,,,,,,,,
HE.ECKF.00.00 | 2025-05-16T16:58:26.859254Z - 2025-05-16T16:59:26.859254Z,,,,,,,,,,
HE.FIA3.00.00 | 2025-02-23T14:24:13.672945Z - 2025-02-23T14:25:13.672945Z,,,,,,,,,,
HE.HEF.00.00 | 2025-05-07T10:43:07.522885Z - 2025-05-07T10:44:07.522885Z,,,,,,,,,,
HE.RAF.00.00 | 2025-04-21T17:52:41.430631Z - 2025-04-21T17:53:41.430631Z,,,,,,,,,,
HE.VAF.00.00 | 2025-12-01T06:30:49.070689Z - 2025-12-01T06:31:49.070689Z,,,,,,,,,,
HE.PVF.00.00 | 2025-10-17T17:36:24.854520Z - 2025-10-17T17:37:24.854520Z,,,,,,,,,,
HE.HEL5.00.00 | 2025-10-19T12:43:03.890691Z - 2025-10-19T12:44:03.890691Z,,,,,,,,,,
FN.SGF.00.00 | 2025-11-25T18:34:00.750389Z - 2025-11-25T18:35:00.750389Z,,,,,,,,,,
HE.RSUO.00.00 | 2025-12-12T18:58:22.185076Z - 2025-12-12T18:59:22.185076Z,,,,,,,,,,
HE.OUF.00.00 | 2025-11-15T14:34:38.153483Z - 2025-11-15T14:35:38.153483Z,,,,,,,,,,
HE.FIC4.00.00 | 2025-01-30T10:32:23.112251Z - 2025-01-30T10:33:23.112251Z,,,,,,,,,,
HE.KY17.00.00 | 2025-02-01T23:06:40.740126Z - 2025-02-01T23:07:40.740126Z,,,,,,,,,,
HE.FIA0.00.00 | 2025-12-13T05:32:45.145826Z - 2025-12-13T05:33:45.145826Z,,,,,,,,,,
HE.FIB5.00.00 | 2025-05-04T01:06:33.271479Z - 2025-05-04T01:07:33.271479Z,,,,,,,,,,
HE.FIC4.00.00 | 2025-04-24T19:59:49.800260Z - 2025-04-24T20:00:49.800260Z,,,,,,,,,,
FN.RNF.00.00 | 2025-02-21T09:12:21.537703Z - 2025-02-21T09:13:21.537703Z,,,,,,,,,,
HE.FIB3.00.00 | 2025-03-02T01:59:35.284093Z - 2025-03-02T02:00:35.284093Z,,,,,,,,,,
HE.NIF.00.00 | 2025-06-14T01:20:09.927988Z - 2025-06-14T01:21:09.927988Z,,,,,,,,,,
HE.NIF.00.00 | 2025-02-20T18:10:14.430412Z - 2025-02-20T18:11:14.430412Z,,,,,,,,,,
HE.VRF.00.00 | 2025-12-15T17:19:58.626085Z - 2025-12-15T17:20:58.626085Z,,,,,,,,,,
FN.OLKF.00.00 | 2025-02-07T04:32:17.176444Z - 2025-02-07T04:33:17.176444Z,,,,,,,,,,
HE.KEF.00.00 | 2025-05-10T18:13:55.137709Z - 2025-05-10T18:14:55.137709Z,,,,,,,,,,
HE.FIC6.00.00 | 2025-12-03T04:24:57.546607Z - 2025-12-03T04:25:57.546607Z,,,,,,,,,,
HE.FIB4.00.00 | 2025-09-26T13:24:03.038184Z - 2025-09-26T13:25:03.038184Z,,,,,,,,,,
HE.HEL1.00.00 | 2025-11-15T14:13:55.376935Z - 2025-11-15T14:14:55.376935Z,,,,,,,,,,
HE.KPF.00.00 | 2025-04-25T01:32:15.297729Z - 2025-04-25T01:33:15.297729Z,,,,,,,,,,
HE.OBF0.00.00 | 2025-08-04T02:31:25.234125Z - 2025-08-04T02:32:25.234125Z,,,,,,,,,,
HE.NIF.00.00 | 2025-01-27T08:57:15.737180Z - 2025-01-27T08:58:15.737180Z,,,,,,,,,,
HE.LOVF.00.00 | 2025-11-18T07:16:43.345345Z - 2025-11-18T07:17:43.345345Z,,,,,,,,,,
HE.KEF.00.00 | 2025-02-03T06:54:48.054372Z - 2025-02-03T06:55:48.054372Z,,,,,,,,,,
HE.FIB1.00.00 | 2025-10-14T18:56:27.402830Z - 2025-10-14T18:57:27.402830Z,,,,,,,,,,
HE.RAF.00.00 | 2025-03-29T09:44:43.959367Z - 2025-03-29T09:45:43.959367Z,,,,,,,,,,
HE.KU2.00.00 | 2025-11-17T11:57:25.449890Z - 2025-11-17T11:58:25.449890Z,,,,,,,,,,
FN.RNF.00.00 | 2025-01-27T00:52:09.332080Z - 2025-01-27T00:53:09.332080Z,,,,,,,,,,
HE.FIA3.00.00 | 2025-12-04T02:26:36.829043Z - 2025-12-04T02:27:36.829043Z,,,,,,,,,,
HE.RMF.00.00 | 2025-02-19T11:46:09.569745Z - 2025-02-19T11:47:09.569745Z,,,,,,,,,,
FN.KLF.00.00 | 2025-12-15T05:57:28.512191Z - 2025-12-15T05:58:28.512191Z,,,,,,,,,,
HE.FIB5.00.00 | 2025-05-27T18:45:54.836455Z - 2025-05-27T18:46:54.836455Z,,,,,,,,,,
HE.FIC4.00.00 | 2025-10-17T03:54:29.259974Z - 2025-10-17T03:55:29.259974Z,,,,,,,,,,
HE.KU2.00.00 | 2025-04-05T12:19:14.492077Z - 2025-04-05T12:20:14.492077Z,,,,,,,,,,
HE.KEV.00.00 | 2025-01-15T17:33:35.121166Z - 2025-01-15T17:34:35.121166Z,,,,,,,,,,
HE.FIC2.00.00 | 2025-03-04T23:30:21.949349Z - 2025-03-04T23:31:21.949349Z,,,,,,,,,,
HE.VAF.00.00 | 2025-07-22T13:42:23.380122Z - 2025-07-22T13:43:23.380122Z,,,,,,,,,,
HE.KUNI.00.00 | 2025-03-09T04:08:11.062976Z - 2025-03-09T04:09:11.062976Z,,,,,,,,,,
HE.FIA3.00.00 | 2025-12-09T00:44:07.822308Z - 2025-12-09T00:45:07.822308Z,,,,,,,,,,
HE.NIF.00.00 | 2025-10-15T19:00:45.287261Z - 2025-10-15T19:01:45.287261Z,,,,,,,,,,
FN.KLF.00.00 | 2025-07-31T17:47:56.670470Z - 2025-07-31T17:48:56.670470Z,,,,,,,,,,
HE.TVF.00.00 | 2025-03-21T17:54:37.588178Z - 2025-03-21T17:55:37.588178Z,,,,,,,,,,
HE.KY02.00.00 | 2025-06-09T15:29:28.008013Z - 2025-06-09T15:30:28.008013Z,,,,,,,,,,
HE.JOF.00.00 | 2025-12-12T00:23:25.034465Z - 2025-12-12T00:24:25.034465Z,,,,,,,,,,
HE.FIB2.00.00 | 2025-02-12T02:12:41.900959Z - 2025-02-12T02:13:41.900959Z,,,,,,,,,,
HE.KPF.00.00 | 2025-09-17T01:23:28.555618Z - 2025-09-17T01:24:28.555618Z,,,,,,,,,,
HE.VAF.00.00 | 2025-11-22T14:33:47.123905Z - 2025-11-22T14:34:47.123905Z,,,,,,,,,,
HE.HEL2.00.00 | 2025-06-28T04:27:17.832854Z - 2025-06-28T04:28:17.832854Z,,,,,,,,,,
FN.RNF.00.00 | 2025-09-22T12:15:32.611620Z - 2025-09-22T12:16:32.611620Z,,,,,,,,,,
HE.MEF.00.00 | 2025-05-05T04:49:07.452295Z - 2025-05-05T04:50:07.452295Z,,,,,,,,,,
HE.RMF.00.00 | 2025-01-07T14:03:27.525496Z - 2025-01-07T14:04:27.525496Z,,,,,,,,,,
HE.KPF.00.00 | 2025-05-15T23:49:25.831906Z - 2025-05-15T23:50:25.831906Z,,,,,,,,,,
HE.FIB3.00.00 | 2025-10-10T11:06:31.159552Z - 2025-10-10T11:07:31.159552Z,,,,,,,,,,
HE.RUF.00.00 | 2025-04-28T04:48:45.992898Z - 2025-04-28T04:49:45.992898Z,,,,,,,,,,
FN.KLF.00.00 | 2025-12-22T22:07:31.086146Z - 2025-12-22T22:08:31.086146Z,,,,,,,,,,
HE.VRF.00.00 | 2025-02-12T08:47:37.076480Z - 2025-02-12T08:48:37.076480Z,,,,,,,,,,
HE.KEV.00.00 | 2025-05-08T17:01:08.845588Z - 2025-05-08T17:02:08.845588Z,,,,,,,,,,
HE.KUNI.00.00 | 2025-03-22T05:47:48.916251Z - 2025-03-22T05:48:48.916251Z,,,,,,,,,,
HE.VJF.00.00 | 2025-01-12T09:16:26.971748Z - 2025-01-12T09:17:26.971748Z,,,,,,,,,,
HE.FIC3.00.00 | 2025-08-16T01:41:55.482234Z - 2025-08-16T01:42:55.482234Z,,,,,,,,,,
FN.KLF.00.00 | 2025-01-12T23:32:10.381900Z - 2025-01-12T23:33:10.381900Z,,,,,,,,,,
HE.KORF.00.00 | 2025-11-30T03:02:12.467391Z - 2025-11-30T03:03:12.467391Z,,,,,,,,,,
HE.FIC1.00.00 | 2025-02-05T03:13:05.913540Z - 2025-02-05T03:14:05.913540Z,,,,,,,,,,
HE.TOF.00.00 | 2025-02-09T19:05:14.661989Z - 2025-02-09T19:06:14.661989Z,,,,,,,,,,
HE.PVF.00.00 | 2025-04-12T10:55:05.019158Z - 2025-04-12T10:56:05.019158Z,,,,,,,,,,
HE.FIA2.00.00 | 2025-02-21T05:07:22.537924Z - 2025-02-21T05:08:22.537924Z,,,,,,,,,,
HE.FIC1.00.00 | 2025-10-13T06:29:06.198465Z - 2025-10-13T06:30:06.198465Z,,,,,,,,,,
HE.LAUT.00.00 | 2025-12-19T23:05:13.292649Z - 2025-12-19T23:06:13.292649Z,,,,,,,,,,
HE.OBF0.00.00 | 2025-10-27T22:36:40.096597Z - 2025-10-27T22:37:40.096597Z,,,,,,,,,,
FN.SGF.00.00 | 2025-10-19T03:01:20.340096Z - 2025-10-19T03:02:20.340096Z,,,,,,,,,,
HE.TOF.00.00 | 2025-03-20T03:29:43.297972Z - 2025-03-20T03:30:43.297972Z,,,,,,,,,,
FN.OUL.00.00 | 2025-08-23T14:13:07.382850Z - 2025-08-23T14:14:07.382850Z,,,,,,,,,,
FN.KLF.00.00 | 2025-07-04T16:56:44.541885Z - 2025-07-04T16:57:44.541885Z,,,,,,,,,,
HE.FIC4.00.00 | 2025-02-01T23:46:40.222425Z - 2025-02-01T23:47:40.222425Z,,,,,,,,,,
HE.FIB4.00.00 | 2025-01-26T20:38:11.311402Z - 2025-01-26T20:39:11.311402Z,,,,,,,,,,
HE.VAF.00.00 | 2025-07-11T23:01:15.474125Z - 2025-07-11T23:02:15.474125Z,,,,,,,,,,
HE.ALAJF.00.00 | 2025-08-09T08:17:40.162014Z - 2025-08-09T08:18:40.162014Z,,,,,,,,,,
HE.FIC1.00.00 | 2025-09-23T06:44:49.149492Z - 2025-09-23T06:45:49.149492Z,,,,,,,,,,
UP.AAL.00.00 | 2025-08-04T12:20:50.958678Z - 2025-08-04T12:21:50.958678Z,,,,,,,,,,
HE.KPF.00.00 | 2025-04-13T08:05:21.308153Z - 2025-04-13T08:06:21.308153Z,,,,,,,,,,
HE.OBF3.00.00 | 2025-04-09T12:42:42.551377Z - 2025-04-09T12:43:42.551377Z,,,,,,,,,,
HE.TVF.00.00 | 2025-05-12T06:13:52.595102Z - 2025-05-12T06:14:52.595102Z,,,,,,,,,,
HE.KEV.00.00 | 2025-05-29T06:40:10.432686Z - 2025-05-29T06:41:10.432686Z,,,,,,,,,,
HE.KIF.00.00 | 2025-11-13T21:03:43.981034Z - 2025-11-13T21:04:43.981034Z,,,,,,,,,,
HE.ALAJF.00.00 | 2025-11-24T05:08:22.793087Z - 2025-11-24T05:09:22.793087Z,,,,,,,,,,
FN.KLF.00.00 | 2025-12-18T02:05:28.384292Z - 2025-12-18T02:06:28.384292Z,,,,,,,,,,
HE.HEL1.00.00 | 2025-07-31T16:42:45.201625Z - 2025-07-31T16:43:45.201625Z,,,,,,,,,,
HE.VRF.00.00 | 2025-04-05T08:13:27.507191Z - 2025-04-05T08:14:27.507191Z,,,,,,,,,,
HE.NUR.00.00 | 2025-11-03T12:50:41.638433Z - 2025-11-03T12:51:41.638433Z,,,,,,,,,,
HE.PVF.00.00 | 2025-04-15T19:45:21.292900Z - 2025-04-15T19:46:21.292900Z,,,,,,,,,,
HE.OUF.00.00 | 2025-02-13T11:40:18.786991Z - 2025-02-13T11:41:18.786991Z,,,,,,,,,,
HE.FIB3.00.00 | 2025-01-05T10:20:54.275227Z - 2025-01-05T10:21:54.275227Z,,,,,,,,,,
HE.FIC6.00.00 | 2025-08-14T11:02:46.536815Z - 2025-08-14T11:03:46.536815Z,,,,,,,,,,
HE.KJNF.00.00 | 2025-09-12T22:57:17.841233Z - 2025-09-12T22:58:17.841233Z,,,,,,,,,,
HE.NIF.00.00 | 2025-04-12T21:41:07.463749Z - 2025-04-12T21:42:07.463749Z,,,,,,,,,,
HE.VRF.00.00 | 2025-11-19T17:04:05.301554Z - 2025-11-19T17:05:05.301554Z,,,,,,,,,,
HE.LAUT.00.00 | 2025-05-27T02:36:19.276852Z - 2025-05-27T02:37:19.276852Z,,,,,,,,,,
HE.VJF.00.00 | 2025-11-06T18:45:53.895736Z - 2025-11-06T18:46:53.895736Z,,,,,,,,,,
HE.FIB1.00.00 | 2025-09-19T14:20:08.718105Z - 2025-09-19T14:21:08.718105Z,,,,,,,,,,
HE.OUF.00.00 | 2025-03-05T09:02:05.488380Z - 2025-03-05T09:03:05.488380Z,,,,,,,,,,
FN.KMNF.00.00 | 2025-06-13T10:19:47.529008Z - 2025-06-13T10:20:47.529008Z,,,,,,,,,,
HE.FIB2.00.00 | 2025-06-02T07:03:30.329989Z - 2025-06-02T07:04:30.329989Z,,,,,,,,,,
HE.VJF.00.00 | 2025-05-23T04:52:53.794542Z - 2025-05-23T04:53:53.794542Z,,,,,,,,,,
HE.KY17.00.00 | 2025-03-26T04:49:41.342109Z - 2025-03-26T04:50:41.342109Z,,,,,,,,,,
HE.NIF.00.00 | 2025-03-16T06:08:28.491245Z - 2025-03-16T06:09:28.491245Z,,,,,,,,,,
HE.VJF.00.00 | 2025-01-21T18:41:58.197106Z - 2025-01-21T18:42:58.197106Z,,,,,,,,,,
HE.PVF.00.00 | 2025-10-19T16:51:51.910914Z - 2025-10-19T16:52:51.910914Z,,,,,,,,,,
HE.FIC3.00.00 | 2025-06-17T06:22:54.849844Z - 2025-06-17T06:23:54.849844Z,,,,,,,,,,
HE.KEF.00.00 | 2025-07-24T14:50:34.115206Z - 2025-07-24T14:51:34.115206Z,,,,,,,,,,
UP.AAL.00.00 | 2025-01-20T00:30:05.318720Z - 2025-01-20T00:31:05.318720Z,,,,,,,,,,
HE.FIB5.00.00 | 2025-03-31T14:55:41.685871Z - 2025-03-31T14:56:41.685871Z,,,,,,,,,,
HE.KEV.00.00 | 2025-07-14T21:16:39.797934Z - 2025-07-14T21:17:39.797934Z,,,,,,,,,,
HE.OBF0.00.00 | 2025-05-31T01:57:47.916643Z - 2025-05-31T01:58:47.916643Z,,,,,,,,,,
FN.RAJF.00.00 | 2025-11-10T21:24:33.301997Z - 2025-11-10T21:25:33.301997Z,,,,,,,,,,
HE.FIC2.00.00 | 2025-10-13T14:22:20.718088Z - 2025-10-13T14:23:20.718088Z,,,,,,,,,,
HE.FIB1.00.00 | 2025-09-27T22:28:07.359519Z - 2025-09-27T22:29:07.359519Z,,,,,,,,,,
HE.RSUO.00.00 | 2025-02-15T02:17:05.637962Z - 2025-02-15T02:18:05.637962Z,,,,,,,,,,
HE.KUNI.00.00 | 2025-05-26T14:17:11.462845Z - 2025-05-26T14:18:11.462845Z,,,,,,,,,,
HE.VRF.00.00 | 2025-01-03T19:56:59.019566Z - 2025-01-03T19:57:59.019566Z,,,,,,,,,,
HE.KU6.00.00 | 2025-04-25T20:58:16.802048Z - 2025-04-25T20:59:16.802048Z,,,,,,,,,,
FN.KMNF.00.00 | 2025-10-05T22:54:30.620910Z - 2025-10-05T22:55:30.620910Z,,,,,,,,,,
HE.OBF0.00.00 | 2025-10-08T00:58:36.614858Z - 2025-10-08T00:59:36.614858Z,,,,,,,,,,
HE.NUR.00.00 | 2025-01-25T20:06:16.164416Z - 2025-01-25T20:07:16.164416Z,,,,,,,,,,
HE.NUR.00.00 | 2025-04-03T00:10:23.723942Z - 2025-04-03T00:11:23.723942Z,,,,,,,,,,
HE.JOF.00.00 | 2025-10-09T04:45:41.241197Z - 2025-10-09T04:46:41.241197Z,,,,,,,,,,
HE.VRF.00.00 | 2025-08-03T07:01:40.708918Z - 2025-08-03T07:02:40.708918Z,,,,,,,,,,
FN.OLKF.00.00 | 2025-10-01T12:44:33.579091Z - 2025-10-01T12:45:33.579091Z,,,,,,,,,,
HE.JOF.00.00 | 2025-06-26T21:07:23.556123Z - 2025-06-26T21:08:23.556123Z,,,,,,,,,,
HE.KY17.00.00 | 2025-05-25T13:06:27.559206Z - 2025-05-25T13:07:27.559206Z,,,,,,,,,,
HE.FIB1.00.00 | 2025-08-05T17:25:16.291192Z - 2025-08-05T17:26:16.291192Z,,,,,,,,,,
UP.AAL.00.00 | 2025-12-19T14:20:57.108481Z - 2025-12-19T14:21:57.108481Z,,,,,,,,,,
HE.VRF.00.00 | 2025-11-13T21:51:40.014235Z - 2025-11-13T21:52:40.014235Z,,,,,,,,,,
HE.KEF.00.00 | 2025-05-28T03:53:52.406391Z - 2025-05-28T03:54:52.406391Z,,,,,,,,,,
HE.NIF.00.00 | 2025-12-24T08:54:26.309943Z - 2025-12-24T08:55:26.309943Z,,,,,,,,,,
HE.KU2.00.00 | 2025-08-06T00:21:14.823324Z - 2025-08-06T00:22:14.823324Z,,,,,,,,,,
HE.OUF.00.00 | 2025-09-08T16:16:03.657802Z - 2025-09-08T16:17:03.657802Z,,,,,,,,,,
HE.KIF.00.00 | 2025-11-18T06:42:11.288277Z - 2025-11-18T06:43:11.288277Z,,,,,,,,,,
UP.AAL.00.00 | 2025-12-09T03:17:02.940626Z - 2025-12-09T03:18:02.940626Z,,,,,,,,,,
FN.RNF.00.00 | 2025-12-13T01:44:56.716346Z - 2025-12-13T01:45:56.716346Z,,,,,,,,,,
HE.KU6.00.00 | 2025-03-28T01:16:52.601618Z - 2025-03-28T01:17:52.601618Z,,,,,,,,,,
HE.VRF.00.00 | 2025-05-26T01:57:06.449288Z - 2025-05-26T01:58:06.449288Z,,,,,,,,,,
HE.FIC3.00.00 | 2025-04-17T09:42:24.625870Z - 2025-04-17T09:43:24.625870Z,,,,,,,,,,
HE.FIB3.00.00 | 2025-09-03T20:26:16.820135Z - 2025-09-03T20:27:16.820135Z,,,,,,,,,,
HE.NUR.00.00 | 2025-08-19T16:31:23.415250Z - 2025-08-19T16:32:23.415250Z,,,,,,,,,,
HE.FIA0.00.00 | 2025-01-17T23:02:58.227278Z - 2025-01-17T23:03:58.227278Z,,,,,,,,,,
HE.FIB1.00.00 | 2025-06-11T22:48:34.524415Z - 2025-06-11T22:49:34.524415Z,,,,,,,,,,
HE.KAF.00.00 | 2025-05-20T23:08:46.012298Z - 2025-05-20T23:09:46.012298Z,,,,,,,,,,
HE.KUNI.00.00 | 2025-10-03T23:35:55.978432Z - 2025-10-03T23:36:55.978432Z,,,,,,,,,,
HE.FIA2.00.00 | 2025-06-18T23:56:47.772500Z - 2025-06-18T23:57:47.772500Z,,,,,,,,,,
HE.TRE03.00.00 | 2025-05-22T13:55:22.057169Z - 2025-05-22T13:56:22.057169Z,,,,,,,,,,
HE.FIB2.00.00 | 2025-06-04T03:21:13.364406Z - 2025-06-04T03:22:13.364406Z,,,,,,,,,,
HE.SUF.00.00 | 2025-07-12T13:23:34.957820Z - 2025-07-12T13:24:34.957820Z,,,,,,,,,,
HE.RAF.00.00 | 2025-01-01T17:05:01.465434Z - 2025-01-01T17:06:01.465434Z,,,,,,,,,,
HE.RMF.00.00 | 2025-09-12T07:02:00.820417Z - 2025-09-12T07:03:00.820417Z,,,,,,,,,,
HE.OUF.00.00 | 2025-05-09T23:46:00.301203Z - 2025-05-09T23:47:00.301203Z,,,,,,,,,,
HE.LAUT.00.00 | 2025-05-27T09:36:56.147549Z - 2025-05-27T09:37:56.147549Z,,,,,,,,,,
FN.RNF.00.00 | 2025-02-02T15:59:51.316240Z - 2025-02-02T16:00:51.316240Z,,,,,,,,,,
HE.LOVF.00.00 | 2025-10-08T08:34:08.556112Z - 2025-10-08T08:35:08.556112Z,,,,,,,,,,
HE.HEF.00.00 | 2025-05-24T06:40:00.742892Z - 2025-05-24T06:41:00.742892Z,,,,,,,,,,
HE.TVF.00.00 | 2025-10-15T15:05:53.026926Z - 2025-10-15T15:06:53.026926Z,,,,,,,,,,
HE.KY17.00.00 | 2025-08-16T01:26:26.547768Z - 2025-08-16T01:27:26.547768Z,,,,,,,,,,
FN.OUL.00.00 | 2025-04-25T13:09:37.382661Z - 2025-04-25T13:10:37.382661Z,,,,,,,,,,
HE.OBF8.00.00 | 2025-12-13T01:02:59.564569Z - 2025-12-13T01:03:59.564569Z,,,,,,,,,,
HE.MEF.00.00 | 2025-03-19T15:13:28.204084Z - 2025-03-19T15:14:28.204084Z,,,,,,,,,,
FN.RANF.00.00 | 2025-09-12T06:30:18.546910Z - 2025-09-12T06:31:18.546910Z,,,,,,,,,,
HE.TVF.00.00 | 2025-04-22T22:39:48.788146Z - 2025-04-22T22:40:48.788146Z,,,,,,,,,,
HE.MEF.00.00 | 2025-09-13T09:51:34.150572Z - 2025-09-13T09:52:34.150572Z,,,,,,,,,,
HE.HEF.00.00 | 2025-08-27T11:33:28.861549Z - 2025-08-27T11:34:28.861549Z,,,,,,,,,,
HE.LOVF.00.00 | 2025-07-12T20:18:34.321749Z - 2025-07-12T20:19:34.321749Z,,,,,,,,,,
HE.TRE03.00.00 | 2025-09-03T19:08:33.393488Z - 2025-09-03T19:09:33.393488Z,,,,,,,,,,
HE.HEL1.00.00 | 2025-10-29T05:23:42.147145Z - 2025-10-29T05:24:42.147145Z,,,,,,,,,,
HE.FIC2.00.00 | 2025-03-15T09:05:17.331503Z - 2025-03-15T09:06:17.331503Z,,,,,,,,,,
HE.FIB4.00.00 | 2025-02-21T09:42:47.475569Z - 2025-02-21T09:43:47.475569Z,,,,,,,,,,
HE.FIC3.00.00 | 2025-08-14T21:40:09.198969Z - 2025-08-14T21:41:09.198969Z,,,,,,,,,,
HE.OBF0.00.00 | 2025-05-19T22:15:19.165207Z - 2025-05-19T22:16:19.165207Z,,,,,,,,,,
HE.KUNI.00.00 | 2025-08-21T04:08:58.364408Z - 2025-08-21T04:09:58.364408Z,,,,,,,,,,
HE.VRF.00.00 | 2025-09-07T19:49:21.433129Z - 2025-09-07T19:50:21.433129Z,,,,,,,,,,
HE.PVF.00.00 | 2025-12-25T00:07:07.234799Z - 2025-12-25T00:08:07.234799Z,,,,,,,,,,
HE.FIB6.00.00 | 2025-09-08T22:22:10.343323Z - 2025-09-08T22:23:10.343323Z,,,,,,,,,,
HE.KJNF.00.00 | 2025-08-08T19:46:53.404438Z - 2025-08-08T19:47:53.404438Z,,,,,,,,,,
HE.RMF.00.00 | 2025-09-12T03:39:39.328874Z - 2025-09-12T03:40:39.328874Z,,,,,,,,,,
HE.PVF.00.00 | 2025-06-21T22:45:56.762196Z - 2025-06-21T22:46:56.762196Z,,,,,,,,,,
HE.KU6.00.00 | 2025-08-09T12:39:51.882380Z - 2025-08-09T12:40:51.882380Z,,,,,,,,,,
HE.FIB4.00.00 | 2025-07-06T10:32:59.127830Z - 2025-07-06T10:33:59.127830Z,,,,,,,,,,
HE.FIA0.00.00 | 2025-07-18T04:58:17.302916Z - 2025-07-18T04:59:17.302916Z,,,,,,,,,,
HE.KAF.00.00 | 2025-12-28T00:13:56.609246Z - 2025-12-28T00:14:56.609246Z,,,,,,,,,,
HE.FIB6.00.00 | 2025-10-07T15:28:02.835877Z - 2025-10-07T15:29:02.835877Z,,,,,,,,,,
HE.ALAJF.00.00 | 2025-02-28T12:42:03.743019Z - 2025-02-28T12:43:03.743019Z,,,,,,,,,,
HE.FIB2.00.00 | 2025-02-05T12:07:12.404912Z - 2025-02-05T12:08:12.404912Z,,,,,,,,,,
HE.FIC4.00.00 | 2025-11-11T14:36:01.117459Z - 2025-11-11T14:37:01.117459Z,,,,,,,,,,
HE.KORF.00.00 | 2025-02-28T05:36:00.353331Z - 2025-02-28T05:37:00.353331Z,,,,,,,,,,
HE.RAF.00.00 | 2025-03-24T11:17:18.033135Z - 2025-03-24T11:18:18.033135Z,,,,,,,,,,
HE.LOVF.00.00 | 2025-02-09T23:15:09.714119Z - 2025-02-09T23:16:09.714119Z,,,,,,,,,,
HE.FIC5.00.00 | 2025-01-25T09:53:46.974806Z - 2025-01-25T09:54:46.974806Z,,,,,,,,,,
HE.KEV.00.00 | 2025-08-12T05:17:51.655273Z - 2025-08-12T05:18:51.655273Z,,,,,,,,,,
HE.RSUO.00.00 | 2025-12-18T21:14:54.038209Z - 2025-12-18T21:15:54.038209Z,,,,,,,,,,
HE.FIB3.00.00 | 2025-05-01T04:49:28.296683Z - 2025-05-01T04:50:28.296683Z,,,,,,,,,,
HE.KU1.00.00 | 2025-10-13T09:40:38.122291Z - 2025-10-13T09:41:38.122291Z,,,,,,,,,,
HE.KU2.00.00 | 2025-08-18T19:52:28.418493Z - 2025-08-18T19:53:28.418493Z,,,,,,,,,,
HE.RAF.00.00 | 2025-03-03T14:19:01.351479Z - 2025-03-03T14:20:01.351479Z,,,,,,,,,,
HE.FIC4.00.00 | 2025-10-18T03:06:07.549362Z - 2025-10-18T03:07:07.549362Z,,,,,,,,,,
HE.HEL5.00.00 | 2025-08-01T18:58:36.949807Z - 2025-08-01T18:59:36.949807Z,,,,,,,,,,
HE.FIB2.00.00 | 2025-08-22T05:06:25.517282Z - 2025-08-22T05:07:25.517282Z,,,,,,,,,,
HE.FIA2.00.00 | 2025-01-13T00:42:10.036134Z - 2025-01-13T00:43:10.036134Z,,,,,,,,,,
HE.LAUT.00.00 | 2025-03-21T02:44:00.217474Z - 2025-03-21T02:45:00.217474Z,,,,,,,,,,
HE.KORF.00.00 | 2025-01-17T04:16:05.503580Z - 2025-01-17T04:17:05.503580Z,,,,,,,,,,
HE.VAF.00.00 | 2025-09-25T16:09:03.995655Z - 2025-09-25T16:10:03.995655Z,,,,,,,,,,
HE.RUF.00.00 | 2025-01-20T05:05:51.255697Z - 2025-01-20T05:06:51.255697Z,,,,,,,,,,
HE.OBF8.00.00 | 2025-12-22T14:20:45.100204Z - 2025-12-22T14:21:45.100204Z,,,,,,,,,,
HE.KJNF.00.00 | 2025-07-28T02:42:17.816663Z - 2025-07-28T02:43:17.816663Z,,,,,,,,,,
HE.FIC2.00.00 | 2025-08-27T22:49:06.502880Z - 2025-08-27T22:50:06.502880Z,,,,,,,,,,
HE.FIB2.00.00 | 2025-09-11T10:59:25.424383Z - 2025-09-11T11:00:25.424383Z,,,,,,,,,,
FN.MSF.00.00 | 2025-01-22T03:07:25.981086Z - 2025-01-22T03:08:25.981086Z,,,,,,,,,,
FN.SGF.00.00 | 2025-09-27T05:20:05.979294Z - 2025-09-27T05:21:05.979294Z,,,,,,,,,,
HE.FIB6.00.00 | 2025-12-23T06:26:15.365534Z - 2025-12-23T06:27:15.365534Z,,,,,,,,,,
FN.KMNF.00.00 | 2025-09-08T04:09:18.869331Z - 2025-09-08T04:10:18.869331Z,,,,,,,,,,
HE.OUF.00.00 | 2025-01-04T16:38:33.560092Z - 2025-01-04T16:39:33.560092Z,,,,,,,,,,
HE.RUF.00.00 | 2025-04-07T20:19:04.563242Z - 2025-04-07T20:20:04.563242Z,,,,,,,,,,
HE.RAF.00.00 | 2025-05-27T05:42:51.961657Z - 2025-05-27T05:43:51.961657Z,,,,,,,,,,
HE.FIB6.00.00 | 2025-05-02T11:57:34.463849Z - 2025-05-02T11:58:34.463849Z,,,,,,,,,,
HE.SUF.00.00 | 2025-01-24T12:54:26.475460Z - 2025-01-24T12:55:26.475460Z,,,,,,,,,,
HE.KIF.00.00 | 2025-05-21T10:57:59.625403Z - 2025-05-21T10:58:59.625403Z,,,,,,,,,,
HE.KAF.00.00 | 2025-03-12T19:15:43.473967Z - 2025-03-12T19:16:43.473967Z,,,,,,,,,,
UP.AAL.00.00 | 2025-05-28T11:39:19.656246Z - 2025-05-28T11:40:19.656246Z,,,,,,,,,,
HE.RMF.00.00 | 2025-12-14T00:13:42.498540Z - 2025-12-14T00:14:42.498540Z,,,,,,,,,,
HE.TVF.00.00 | 2025-09-19T02:03:26.470387Z - 2025-09-19T02:04:26.470387Z,,,,,,,,,,
HE.OBF3.00.00 | 2025-06-11T14:04:20.501757Z - 2025-06-11T14:05:20.501757Z,,,,,,,,,,
HE.KIF.00.00 | 2025-04-14T11:44:22.938076Z - 2025-04-14T11:45:22.938076Z,,,,,,,,,,
UP.AAL.00.00 | 2025-01-11T19:55:25.873208Z - 2025-01-11T19:56:25.873208Z,,,,,,,,,,
FN.SGF.00.00 | 2025-01-30T15:55:35.546434Z - 2025-01-30T15:56:35.546434Z,,,,,,,,,,
HE.KU2.00.00 | 2025-08-18T12:16:54.340912Z - 2025-08-18T12:17:54.340912Z,,,,,,,,,,
HE.JOF.00.00 | 2025-05-12T20:50:00.385020Z - 2025-05-12T20:51:00.385020Z,,,,,,,,,,
HE.FIA1.00.00 | 2025-05-13T13:48:54.923190Z - 2025-05-13T13:49:54.923190Z,,,,,,,,,,
HE.KUNI.00.00 | 2025-03-11T19:38:51.400494Z - 2025-03-11T19:39:51.400494Z,,,,,,,,,,
HE.OBF0.00.00 | 2025-08-24T17:14:00.800034Z - 2025-08-24T17:15:00.800034Z,,,,,,,,,,
HE.KY17.00.00 | 2025-09-23T21:06:00.205814Z - 2025-09-23T21:07:00.205814Z,,,,,,,,,,
HE.LAUT.00.00 | 2025-12-17T03:40:07.413604Z - 2025-12-17T03:41:07.413604Z,,,,,,,,,,
HE.FIA0.00.00 | 2025-06-05T06:11:19.744007Z - 2025-06-05T06:12:19.744007Z,,,,,,,,,,
HE.TRE03.00.00 | 2025-05-10T16:05:37.287044Z - 2025-05-10T16:06:37.287044Z,,,,,,,,,,
HE.FIC3.00.00 | 2025-03-25T18:11:41.582052Z - 2025-03-25T18:12:41.582052Z,,,,,,,,,,
HE.RUF.00.00 | 2025-11-17T07:36:52.998363Z - 2025-11-17T07:37:52.998363Z,,,,,,,,,,
HE.FIB3.00.00 | 2025-06-19T13:27:57.495708Z - 2025-06-19T13:28:57.495708Z,,,,,,,,,,
FN.KMNF.00.00 | 2025-11-07T05:28:35.674735Z - 2025-11-07T05:29:35.674735Z,,,,,,,,,,
HE.KEF.00.00 | 2025-07-13T01:45:33.205025Z - 2025-07-13T01:46:33.205025Z,,,,,,,,,,
HE.OBF8.00.00 | 2025-01-30T08:26:47.232396Z - 2025-01-30T08:27:47.232396Z,,,,,,,,,,
FN.RNF.00.00 | 2025-10-21T00:13:00.921975Z - 2025-10-21T00:14:00.921975Z,,,,,,,,,,
HE.KPF.00.00 | 2025-04-25T05:27:29.358660Z - 2025-04-25T05:28:29.358660Z,,,,,,,,,,
HE.NUR.00.00 | 2025-11-17T05:13:15.613979Z - 2025-11-17T05:14:15.613979Z,,,,,,,,,,
HE.FIB3.00.00 | 2025-05-05T18:58:47.574729Z - 2025-05-05T18:59:47.574729Z,,,,,,,,,,
FN.KMNF.00.00 | 2025-09-04T07:49:23.605808Z - 2025-09-04T07:50:23.605808Z,,,,,,,,,,
HE.SUF.00.00 | 2025-09-05T09:24:50.696038Z - 2025-09-05T09:25:50.696038Z,,,,,,,,,,
HE.MEF.00.00 | 2025-08-22T06:28:14.111210Z - 2025-08-22T06:29:14.111210Z,,,,,,,,,,
FN.MSF.00.00 | 2025-03-05T07:49:25.137832Z - 2025-03-05T07:50:25.137832Z,,,,,,,,,,
HE.FIC4.00.00 | 2025-08-19T06:34:10.954195Z - 2025-08-19T06:35:10.954195Z,,,,,,,,,,
HE.SUF.00.00 | 2025-06-07T19:28:20.959949Z - 2025-06-07T19:29:20.959949Z,,,,,,,,,,
HE.OBF8.00.00 | 2025-05-03T08:05:23.268789Z - 2025-05-03T08:06:23.268789Z,,,,,,,,,,
HE.ECKF.00.00 | 2025-01-15T15:10:05.411308Z - 2025-01-15T15:11:05.411308Z,,,,,,,,,,
HE.HEL5.00.00 | 2025-09-27T19:20:35.441192Z - 2025-09-27T19:21:35.441192Z,,,,,,,,,,
HE.KAF.00.00 | 2025-09-02T02:59:22.907300Z - 2025-09-02T03:00:22.907300Z,,,,,,,,,,
HE.TRE03.00.00 | 2025-05-25T23:12:09.712897Z - 2025-05-25T23:13:09.712897Z,,,,,,,,,,
HE.FIA1.00.00 | 2025-04-21T10:55:02.389825Z - 2025-04-21T10:56:02.389825Z,,,,,,,,,,
HE.FIB5.00.00 | 2025-05-07T08:10:44.786495Z - 2025-05-07T08:11:44.786495Z,,,,,,,,,,
HE.HEL1.00.00 | 2025-10-22T16:47:04.328052Z - 2025-10-22T16:48:04.328052Z,,,,,,,,,,
HE.FIB2.00.00 | 2025-01-21T07:45:16.784416Z - 2025-01-21T07:46:16.784416Z,,,,,,,,,,
HE.OBF8.00.00 | 2025-01-14T11:29:09.736952Z - 2025-01-14T11:30:09.736952Z,,,,,,,,,,
HE.KJNF.00.00 | 2025-07-09T13:08:32.204410Z - 2025-07-09T13:09:32.204410Z,,,,,,,,,,
HE.FIC1.00.00 | 2025-02-18T21:21:10.954337Z - 2025-02-18T21:22:10.954337Z,,,,,,,,,,
HE.KU1.00.00 | 2025-04-17T23:00:09.781483Z - 2025-04-17T23:01:09.781483Z,,,,,,,,,,
HE.FIC5.00.00 | 2025-07-02T22:45:42.274608Z - 2025-07-02T22:46:42.274608Z,,,,,,,,,,
HE.KJNF.00.00 | 2025-05-06T08:44:16.114241Z - 2025-05-06T08:45:16.114241Z,,,,,,,,,,
HE.HEF.00.00 | 2025-11-27T11:32:19.495785Z - 2025-11-27T11:33:19.495785Z,,,,,,,,,,
HE.FIA3.00.00 | 2025-03-07T17:33:20.335466Z - 2025-03-07T17:34:20.335466Z,,,,,,,,,,
HE.KU1.00.00 | 2025-09-23T18:33:09.497940Z - 2025-09-23T18:34:09.497940Z,,,,,,,,,,
HE.KU6.00.00 | 2025-08-17T22:11:07.553783Z - 2025-08-17T22:12:07.553783Z,,,,,,,,,,
HE.OBF8.00.00 | 2025-07-21T17:20:16.017301Z - 2025-07-21T17:21:16.017301Z,,,,,,,,,,
UP.AAL.00.00 | 2025-11-27T15:32:32.936092Z - 2025-11-27T15:33:32.936092Z,,,,,,,,,,
FN.MSF.00.00 | 2025-09-12T12:27:57.481892Z - 2025-09-12T12:28:57.481892Z,,,,,,,,,,
HE.NIF.00.00 | 2025-10-06T03:45:37.390289Z - 2025-10-06T03:46:37.390289Z,,,,,,,,,,
HE.MEF.00.00 | 2025-11-21T07:57:32.909936Z - 2025-11-21T07:58:32.909936Z,,,,,,,,,,
HE.FIB6.00.00 | 2025-12-16T08:53:10.364460Z - 2025-12-16T08:54:10.364460Z,,,,,,,,,,
HE.VUOS.00.00 | 2025-11-06T19:13:22.280804Z - 2025-11-06T19:14:22.280804Z,,,,,,,,,,
FN.KMNF.00.00 | 2025-10-14T11:00:41.961830Z - 2025-10-14T11:01:41.961830Z,,,,,,,,,,
HE.NIF.00.00 | 2025-11-01T23:53:14.972235Z - 2025-11-01T23:54:14.972235Z,,,,,,,,,,
HE.ECKF.00.00 | 2025-09-15T16:00:52.549769Z - 2025-09-15T16:01:52.549769Z,,,,,,,,,,
HE.NIF.00.00 | 2025-01-24T22:04:26.993133Z - 2025-01-24T22:05:26.993133Z,,,,,,,,,,
HE.LAUT.00.00 | 2025-06-14T23:49:27.305662Z - 2025-06-14T23:50:27.305662Z,,,,,,,,,,
HE.KJNF.00.00 | 2025-11-30T10:20:00.604617Z - 2025-11-30T10:21:00.604617Z,,,,,,,,,,
FN.RAJF.00.00 | 2025-07-28T17:51:49.079367Z - 2025-07-28T17:52:49.079367Z,,,,,,,,,,
HE.FIB6.00.00 | 2025-06-15T18:57:26.105885Z - 2025-06-15T18:58:26.105885Z,,,,,,,,,,
FN.MSF.00.00 | 2025-12-01T12:35:37.503546Z - 2025-12-01T12:36:37.503546Z,,,,,,,,,,
HE.FIC6.00.00 | 2025-12-24T16:20:41.228061Z - 2025-12-24T16:21:41.228061Z,,,,,,,,,,
FN.RANF.00.00 | 2025-05-14T23:02:34.812347Z - 2025-05-14T23:03:34.812347Z,,,,,,,,,,
HE.RSUO.00.00 | 2025-05-12T19:37:08.680248Z - 2025-05-12T19:38:08.680248Z,,,,,,,,,,
HE.FIA0.00.00 | 2025-11-04T17:56:29.924608Z - 2025-11-04T17:57:29.924608Z,,,,,,,,,,
HE.FIB5.00.00 | 2025-06-19T08:08:26.983994Z - 2025-06-19T08:09:26.983994Z,,,,,,,,,,
HE.KY02.00.00 | 2025-01-31T18:12:37.201190Z - 2025-01-31T18:13:37.201190Z,,,,,,,,,,
FN.KLF.00.00 | 2025-03-06T12:59:03.293557Z - 2025-03-06T13:00:03.293557Z,,,,,,,,,,
HE.KU2.00.00 | 2025-05-15T09:35:01.730788Z - 2025-05-15T09:36:01.730788Z,,,,,,,,,,
HE.VJF.00.00 | 2025-09-23T01:20:26.621032Z - 2025-09-23T01:21:26.621032Z,,,,,,,,,,
HE.VAF.00.00 | 2025-02-03T11:46:45.511711Z - 2025-02-03T11:47:45.511711Z,,,,,,,,,,
HE.KEF.00.00 | 2025-01-06T20:17:47.885144Z - 2025-01-06T20:18:47.885144Z,,,,,,,,,,
FN.RAJF.00.00 | 2025-09-07T10:52:58.942970Z - 2025-09-07T10:53:58.942970Z,,,,,,,,,,
HE.RAF.00.00 | 2025-12-25T14:07:09.753624Z - 2025-12-25T14:08:09.753624Z,,,,,,,,,,
HE.HEL5.00.00 | 2025-02-08T04:22:39.960908Z - 2025-02-08T04:23:39.960908Z,,,,,,,,,,
HE.HEF.00.00 | 2025-02-17T13:23:22.711187Z - 2025-02-17T13:24:22.711187Z,,,,,,,,,,
HE.RAF.00.00 | 2025-04-12T19:45:49.827879Z - 2025-04-12T19:46:49.827879Z,,,,,,,,,,
HE.KY17.00.00 | 2025-07-20T00:02:27.809781Z - 2025-07-20T00:03:27.809781Z,,,,,,,,,,
FN.OLKF.00.00 | 2025-11-22T22:30:28.312287Z - 2025-11-22T22:31:28.312287Z,,,,,,,,,,
FN.OLKF.00.00 | 2025-01-02T20:00:09.167616Z - 2025-01-02T20:01:09.167616Z,,,,,,,,,,
HE.ALAJF.00.00 | 2025-06-17T02:47:22.247927Z - 2025-06-17T02:48:22.247927Z,,,,,,,,,,
HE.FIB4.00.00 | 2025-09-12T12:48:23.180362Z - 2025-09-12T12:49:23.180362Z,,,,,,,,,,
HE.FIA0.00.00 | 2025-10-31T16:04:17.477424Z - 2025-10-31T16:05:17.477424Z,,,,,,,,,,
HE.FIC4.00.00 | 2025-04-29T06:12:35.336343Z - 2025-04-29T06:13:35.336343Z,,,,,,,,,,
HE.FIB5.00.00 | 2025-11-10T16:37:13.150717Z - 2025-11-10T16:38:13.150717Z,,,,,,,,,,
HE.HEL5.00.00 | 2025-06-27T04:09:08.307584Z - 2025-06-27T04:10:08.307584Z,,,,,,,,,,
HE.HEL1.00.00 | 2025-05-09T10:09:20.109931Z - 2025-05-09T10:10:20.109931Z,,,,,,,,,,
HE.OUF.00.00 | 2025-01-01T16:58:35.283441Z - 2025-01-01T16:59:35.283441Z,,,,,,,,,,
HE.HEL2.00.00 | 2025-08-07T16:19:25.917229Z - 2025-08-07T16:20:25.917229Z,,,,,,,,,,
HE.LAUT.00.00 | 2025-05-14T17:42:48.654939Z - 2025-05-14T17:43:48.654939Z,,,,,,,,,,
HE.FIC3.00.00 | 2025-09-03T12:10:09.326823Z - 2025-09-03T12:11:09.326823Z,,,,,,,,,,
HE.KOFF.00.00 | 2025-12-01T05:22:53.589349Z - 2025-12-01T05:23:53.589349Z,,,,,,,,,,
HE.KY02.00.00 | 2025-11-02T06:53:52.775969Z - 2025-11-02T06:54:52.775969Z,,,,,,,,,,
HE.FIB4.00.00 | 2025-10-13T17:48:05.830351Z - 2025-10-13T17:49:05.830351Z,,,,,,,,,,
HE.FIC1.00.00 | 2025-06-06T13:25:08.527291Z - 2025-06-06T13:26:08.527291Z,,,,,,,,,,
HE.HEL5.00.00 | 2025-05-31T16:13:49.147550Z - 2025-05-31T16:14:49.147550Z,,,,,,,,,,
HE.FIA1.00.00 | 2025-01-07T19:50:51.876097Z - 2025-01-07T19:51:51.876097Z,,,,,,,,,,
HE.FIC1.00.00 | 2025-11-17T13:15:28.064225Z - 2025-11-17T13:16:28.064225Z,,,,,,,,,,
HE.KY17.00.00 | 2025-09-14T10:33:37.650781Z - 2025-09-14T10:34:37.650781Z,,,,,,,,,,
HE.FIC1.00.00 | 2025-12-15T07:07:03.918017Z - 2025-12-15T07:08:03.918017Z,,,,,,,,,,
HE.KU1.00.00 | 2025-01-21T04:21:20.238865Z - 2025-01-21T04:22:20.238865Z,,,,,,,,,,
HE.KY02.00.00 | 2025-12-28T01:38:46.754285Z - 2025-12-28T01:39:46.754285Z,,,,,,,,,,
HE.HEL2.00.00 | 2025-06-18T18:07:30.291605Z - 2025-06-18T18:08:30.291605Z,,,,,,,,,,
HE.HEL2.00.00 | 2025-07-09T00:14:36.694060Z - 2025-07-09T00:15:36.694060Z,,,,,,,,,,
HE.TVF.00.00 | 2025-12-06T07:17:25.324891Z - 2025-12-06T07:18:25.324891Z,,,,,,,,,,
HE.KU1.00.00 | 2025-07-22T10:30:45.895764Z - 2025-07-22T10:31:45.895764Z,,,,,,,,,,
HE.KU2.00.00 | 2025-11-28T21:41:43.715345Z - 2025-11-28T21:42:43.715345Z,,,,,,,,,,
HE.HEL5.00.00 | 2025-07-04T02:48:50.877171Z - 2025-07-04T02:49:50.877171Z,,,,,,,,,,
HE.LOVF.00.00 | 2025-01-04T00:24:59.645151Z - 2025-01-04T00:25:59.645151Z,,,,,,,,,,
HE.OUF.00.00 | 2025-04-01T23:11:07.865111Z - 2025-04-01T23:12:07.865111Z,,,,,,,,,,
HE.KEF.00.00 | 2025-03-13T02:38:31.265185Z - 2025-03-13T02:39:31.265185Z,,,,,,,,,,
HE.TOF.00.00 | 2025-02-17T19:20:29.178046Z - 2025-02-17T19:21:29.178046Z,,,,,,,,,,
HE.TVF.00.00 | 2025-04-09T01:11:19.191218Z - 2025-04-09T01:12:19.191218Z,,,,,,,,,,
HE.ECKF.00.00 | 2025-03-03T06:52:13.675351Z - 2025-03-03T06:53:13.675351Z,,,,,,,,,,
HE.MEF.00.00 | 2025-03-05T09:50:47.417095Z - 2025-03-05T09:51:47.417095Z,,,,,,,,,,
HE.HEL2.00.00 | 2025-03-12T04:27:58.273397Z - 2025-03-12T04:28:58.273397Z,,,,,,,,,,
HE.FIC4.00.00 | 2025-04-04T02:17:51.047204Z - 2025-04-04T02:18:51.047204Z,,,,,,,,,,
HE.KEV.00.00 | 2025-11-21T09:13:03.962498Z - 2025-11-21T09:14:03.962498Z,,,,,,,,,,
HE.FIA1.00.00 | 2025-02-04T00:43:38.609253Z - 2025-02-04T00:44:38.609253Z,,,,,,,,,,
HE.OBF8.00.00 | 2025-09-09T03:09:42.878561Z - 2025-09-09T03:10:42.878561Z,,,,,,,,,,
HE.FIB2.00.00 | 2025-12-11T01:09:45.230161Z - 2025-12-11T01:10:45.230161Z,,,,,,,,,,
HE.HEL2.00.00 | 2025-10-03T22:31:40.316716Z - 2025-10-03T22:32:40.316716Z,,,,,,,,,,
FN.RNF.00.00 | 2025-05-13T20:09:39.352154Z - 2025-05-13T20:10:39.352154Z,,,,,,,,,,
HE.RMF.00.00 | 2025-10-16T03:13:01.515366Z - 2025-10-16T03:14:01.515366Z,,,,,,,,,,
HE.KJNF.00.00 | 2025-07-22T11:25:59.131583Z - 2025-07-22T11:26:59.131583Z,,,,,,,,,,
HE.TOF.00.00 | 2025-10-04T06:47:57.916858Z - 2025-10-04T06:48:57.916858Z,,,,,,,,,,
HE.KY17.00.00 | 2025-02-27T04:39:36.761051Z - 2025-02-27T04:40:36.761051Z,,,,,,,,,,
HE.ALAJF.00.00 | 2025-01-31T01:15:34.304342Z - 2025-01-31T01:16:34.304342Z,,,,,,,,,,
HE.PVF.00.00 | 2025-07-26T17:04:46.547995Z - 2025-07-26T17:05:46.547995Z,,,,,,,,,,
HE.KAF.00.00 | 2025-11-23T18:38:41.902488Z - 2025-11-23T18:39:41.902488Z,,,,,,,,,,
HE.OUF.00.00 | 2025-05-06T19:55:57.344145Z - 2025-05-06T19:56:57.344145Z,,,,,,,,,,
HE.KEF.00.00 | 2025-06-11T22:25:56.724837Z - 2025-06-11T22:26:56.724837Z,,,,,,,,,,
HE.KIF.00.00 | 2025-07-22T05:09:01.880129Z - 2025-07-22T05:10:01.880129Z,,,,,,,,,,
FN.RNF.00.00 | 2025-07-26T07:06:34.978707Z - 2025-07-26T07:07:34.978707Z,,,,,,,,,,
HE.FIA0.00.00 | 2025-07-29T08:28:06.491559Z - 2025-07-29T08:29:06.491559Z,,,,,,,,,,
HE.FIA0.00.00 | 2025-05-26T18:28:57.211576Z - 2025-05-26T18:29:57.211576Z,,,,,,,,,,
HE.TVF.00.00 | 2025-03-28T14:47:55.005101Z - 2025-03-28T14:48:55.005101Z,,,,,,,,,,
HE.FIC3.00.00 | 2025-08-15T08:15:57.074494Z - 2025-08-15T08:16:57.074494Z,,,,,,,,,,
HE.KU2.00.00 | 2025-11-29T15:34:02.837263Z - 2025-11-29T15:35:02.837263Z,,,,,,,,,,
HE.OBF3.00.00 | 2025-12-23T10:02:56.994261Z - 2025-12-23T10:03:56.994261Z,,,,,,,,,,
HE.KY17.00.00 | 2025-08-16T04:27:05.051117Z - 2025-08-16T04:28:05.051117Z,,,,,,,,,,
HE.TOF.00.00 | 2025-05-25T16:18:27.607135Z - 2025-05-25T16:19:27.607135Z,,,,,,,,,,
HE.FIC6.00.00 | 2025-06-02T13:30:23.360622Z - 2025-06-02T13:31:23.360622Z,,,,,,,,,,
HE.VJF.00.00 | 2025-10-08T20:14:43.955871Z - 2025-10-08T20:15:43.955871Z,,,,,,,,,,
HE.RUF.00.00 | 2025-04-23T04:03:51.335921Z - 2025-04-23T04:04:51.335921Z,,,,,,,,,,
HE.RMF.00.00 | 2025-11-09T13:32:13.912949Z - 2025-11-09T13:33:13.912949Z,,,,,,,,,,
HE.KAF.00.00 | 2025-12-16T16:45:23.477513Z - 2025-12-16T16:46:23.477513Z,,,,,,,,,,
HE.FIB3.00.00 | 2025-04-16T06:06:11.368184Z - 2025-04-16T06:07:11.368184Z,,,,,,,,,,
HE.KAF.00.00 | 2025-01-08T21:51:59.219502Z - 2025-01-08T21:52:59.219502Z,,,,,,,,,,
HE.KIF.00.00 | 2025-05-06T15:38:12.528245Z - 2025-05-06T15:39:12.528245Z,,,,,,,,,,
HE.FIC5.00.00 | 2025-09-24T18:51:38.493370Z - 2025-09-24T18:52:38.493370Z,,,,,,,,,,
HE.KEV.00.00 | 2025-12-15T21:04:37.652761Z - 2025-12-15T21:05:37.652761Z,,,,,,,,,,
HE.FIC5.00.00 | 2025-09-06T14:03:13.224604Z - 2025-09-06T14:04:13.224604Z,,,,,,,,,,
HE.FIC3.00.00 | 2025-03-10T06:49:29.322530Z - 2025-03-10T06:50:29.322530Z,,,,,,,,,,
HE.HEL1.00.00 | 2025-04-15T20:17:38.207437Z - 2025-04-15T20:18:38.207437Z,,,,,,,,,,
HE.TVF.00.00 | 2025-12-09T02:10:48.753854Z - 2025-12-09T02:11:48.753854Z,,,,,,,,,,
HE.KJNF.00.00 | 2025-03-29T06:27:28.026727Z - 2025-03-29T06:28:28.026727Z,,,,,,,,,,
HE.KU2.00.00 | 2025-01-30T06:10:38.676534Z - 2025-01-30T06:11:38.676534Z,,,,,,,,,,
HE.FIB1.00.00 | 2025-11-27T08:15:51.086041Z - 2025-11-27T08:16:51.086041Z,,,,,,,,,,
HE.OBF0.00.00 | 2025-03-19T00:49:34.674926Z - 2025-03-19T00:50:34.674926Z,,,,,,,,,,
HE.FIB6.00.00 | 2025-08-09T12:33:02.838205Z - 2025-08-09T12:34:02.838205Z,,,,,,,,,,
HE.ALAJF.00.00 | 2025-04-25T17:37:54.914989Z - 2025-04-25T17:38:54.914989Z,,,,,,,,,,
HE.OBF0.00.00 | 2025-07-14T17:06:25.624240Z - 2025-07-14T17:07:25.624240Z,,,,,,,,,,
FN.KMNF.00.00 | 2025-12-16T00:13:32.180323Z - 2025-12-16T00:14:32.180323Z,,,,,,,,,,
HE.PVF.00.00 | 2025-09-06T08:36:42.889239Z - 2025-09-06T08:37:42.889239Z,,,,,,,,,,
FN.KMNF.00.00 | 2025-08-05T01:25:29.784284Z - 2025-08-05T01:26:29.784284Z,,,,,,,,,,
HE.FIA2.00.00 | 2025-10-26T15:09:09.685022Z - 2025-10-26T15:10:09.685022Z,,,,,,,,,,
HE.VJF.00.00 | 2025-08-12T20:49:47.337205Z - 2025-08-12T20:50:47.337205Z,,,,,,,,,,
HE.TOF.00.00 | 2025-10-20T02:23:57.771552Z - 2025-10-20T02:24:57.771552Z,,,,,,,,,,
HE.FIB1.00.00 | 2025-04-23T06:35:51.601431Z - 2025-04-23T06:36:51.601431Z,,,,,,,,,,
HE.OBF8.00.00 | 2025-03-21T07:38:57.151127Z - 2025-03-21T07:39:57.151127Z,,,,,,,,,,
HE.KU2.00.00 | 2025-06-18T19:20:36.280322Z - 2025-06-18T19:21:36.280322Z,,,,,,,,,,
HE.RMF.00.00 | 2025-01-20T09:51:00.431389Z - 2025-01-20T09:52:00.431389Z,,,,,,,,,,
FN.KLF.00.00 | 2025-07-22T22:01:07.186998Z - 2025-07-22T22:02:07.186998Z,,,,,,,,,,
UP.AAL.00.00 | 2025-08-31T23:32:01.469086Z - 2025-08-31T23:33:01.469086Z,,,,,,,,,,
HE.FIA2.00.00 | 2025-07-04T21:34:41.957265Z - 2025-07-04T21:35:41.957265Z,,,,,,,,,,
FN.OLKF.00.00 | 2025-07-16T12:18:12.184180Z - 2025-07-16T12:19:12.184180Z,,,,,,,,,,
HE.VRF.00.00 | 2025-01-07T23:30:26.266436Z - 2025-01-07T23:31:26.266436Z,,,,,,,,,,
HE.RAF.00.00 | 2025-07-11T12:14:11.670579Z - 2025-07-11T12:15:11.670579Z,,,,,,,,,,
HE.KU1.00.00 | 2025-02-12T19:22:22.465182Z - 2025-02-12T19:23:22.465182Z,,,,,,,,,,
HE.SUF.00.00 | 2025-09-18T14:29:11.461143Z - 2025-09-18T14:30:11.461143Z,,,,,,,,,,
HE.FIA2.00.00 | 2025-10-28T02:16:29.511682Z - 2025-10-28T02:17:29.511682Z,,,,,,,,,,
HE.TVF.00.00 | 2025-03-10T06:41:17.138145Z - 2025-03-10T06:42:17.138145Z,,,,,,,,,,
FN.OUL.00.00 | 2025-10-20T04:32:30.700575Z - 2025-10-20T04:33:30.700575Z,,,,,,,,,,
HE.FIC2.00.00 | 2025-11-09T00:48:33.776185Z - 2025-11-09T00:49:33.776185Z,,,,,,,,,,
FN.OUL.00.00 | 2025-05-20T11:08:45.265212Z - 2025-05-20T11:09:45.265212Z,,,,,,,,,,
HE.KU2.00.00 | 2025-10-25T05:20:25.579616Z - 2025-10-25T05:21:25.579616Z,,,,,,,,,,
HE.FIB4.00.00 | 2025-04-11T04:40:49.886165Z - 2025-04-11T04:41:49.886165Z,,,,,,,,,,
HE.KY02.00.00 | 2025-07-02T16:30:56.321370Z - 2025-07-02T16:31:56.321370Z,,,,,,,,,,
HE.KAF.00.00 | 2025-08-28T21:20:22.766812Z - 2025-08-28T21:21:22.766812Z,,,,,,,,,,
FN.RAJF.00.00 | 2025-02-18T19:45:31.227068Z - 2025-02-18T19:46:31.227068Z,,,,,,,,,,
HE.KU2.00.00 | 2025-09-18T07:30:56.779838Z - 2025-09-18T07:31:56.779838Z,,,,,,,,,,
HE.FIB1.00.00 | 2025-08-14T18:06:07.899133Z - 2025-08-14T18:07:07.899133Z,,,,,,,,,,
HE.OBF3.00.00 | 2025-01-21T03:43:17.799933Z - 2025-01-21T03:44:17.799933Z,,,,,,,,,,
HE.FIC3.00.00 | 2025-04-20T21:14:45.994673Z - 2025-04-20T21:15:45.994673Z,,,,,,,,,,
HE.KOFF.00.00 | 2025-11-30T16:18:59.880631Z - 2025-11-30T16:19:59.880631Z,,,,,,,,,,
HE.FIB2.00.00 | 2025-02-24T22:39:01.888866Z - 2025-02-24T22:40:01.888866Z,,,,,,,,,,
FN.RANF.00.00 | 2025-05-19T04:14:20.740721Z - 2025-05-19T04:15:20.740721Z,,,,,,,,,,
HE.FIC5.00.00 | 2025-12-26T18:43:30.765594Z - 2025-12-26T18:44:30.765594Z,,,,,,,,,,
HE.FIA1.00.00 | 2025-04-15T04:27:37.497883Z - 2025-04-15T04:28:37.497883Z,,,,,,,,,,
HE.FIB2.00.00 | 2025-10-19T07:40:40.903108Z - 2025-10-19T07:41:40.903108Z,,,,,,,,,,
HE.FIB6.00.00 | 2025-08-25T13:07:40.235335Z - 2025-08-25T13:08:40.235335Z,,,,,,,,,,
HE.TVF.00.00 | 2025-03-03T08:39:47.850627Z - 2025-03-03T08:40:47.850627Z,,,,,,,,,,
HE.FIB6.00.00 | 2025-03-15T11:55:30.155315Z - 2025-03-15T11:56:30.155315Z,,,,,,,,,,
HE.HEL1.00.00 | 2025-04-02T06:27:29.108838Z - 2025-04-02T06:28:29.108838Z,,,,,,,,,,
HE.KJNF.00.00 | 2025-05-27T03:35:08.771093Z - 2025-05-27T03:36:08.771093Z,,,,,,,,,,
HE.LAUT.00.00 | 2025-05-30T05:14:35.552213Z - 2025-05-30T05:15:35.552213Z,,,,,,,,,,
HE.TVF.00.00 | 2025-12-13T14:14:51.357422Z - 2025-12-13T14:15:51.357422Z,,,,,,,,,,
HE.HEF.00.00 | 2025-12-09T15:54:18.438499Z - 2025-12-09T15:55:18.438499Z,,,,,,,,,,
HE.NIF.00.00 | 2025-06-11T14:43:53.870854Z - 2025-06-11T14:44:53.870854Z,,,,,,,,,,
HE.KU2.00.00 | 2025-05-03T21:02:42.188565Z - 2025-05-03T21:03:42.188565Z,,,,,,,,,,
HE.NUR.00.00 | 2025-05-30T11:27:29.807765Z - 2025-05-30T11:28:29.807765Z,,,,,,,,,,
FN.KMNF.00.00 | 2025-05-23T11:52:42.564858Z - 2025-05-23T11:53:42.564858Z,,,,,,,,,,
FN.OUL.00.00 | 2025-10-27T18:33:18.520406Z - 2025-10-27T18:34:18.520406Z,,,,,,,,,,
HE.TVF.00.00 | 2025-02-02T01:55:33.085594Z - 2025-02-02T01:56:33.085594Z,,,,,,,,,,
HE.FIA3.00.00 | 2025-12-29T23:09:37.574558Z - 2025-12-29T23:10:37.574558Z,,,,,,,,,,
HE.KY02.00.00 | 2025-09-15T00:53:21.167780Z - 2025-09-15T00:54:21.167780Z,,,,,,,,,,
HE.FIC4.00.00 | 2025-07-22T16:05:30.248914Z - 2025-07-22T16:06:30.248914Z,,,,,,,,,,
FN.OUL.00.00 | 2025-12-27T18:36:34.142988Z - 2025-12-27T18:37:34.142988Z,,,,,,,,,,
HE.TVF.00.00 | 2025-01-30T16:12:57.051320Z - 2025-01-30T16:13:57.051320Z,,,,,,,,,,
HE.VUOS.00.00 | 2025-11-12T02:59:46.429757Z - 2025-11-12T03:00:46.429757Z,,,,,,,,,,
HE.FIA2.00.00 | 2025-11-18T10:33:36.445574Z - 2025-11-18T10:34:36.445574Z,,,,,,,,,,
HE.FIB4.00.00 | 2025-04-26T01:11:55.672543Z - 2025-04-26T01:12:55.672543Z,,,,,,,,,,
HE.RAF.00.00 | 2025-02-13T15:00:41.482226Z - 2025-02-13T15:01:41.482226Z,,,,,,,,,,
HE.KEF.00.00 | 2025-10-13T06:15:42.262871Z - 2025-10-13T06:16:42.262871Z,,,,,,,,,,
HE.NUR.00.00 | 2025-03-14T11:36:10.283084Z - 2025-03-14T11:37:10.283084Z,,,,,,,,,,
HE.ALAJF.00.00 | 2025-12-27T00:30:02.955452Z - 2025-12-27T00:31:02.955452Z,,,,,,,,,,
HE.VJF.00.00 | 2025-09-25T17:17:09.709490Z - 2025-09-25T17:18:09.709490Z,,,,,,,,,,
HE.TOF.00.00 | 2025-06-05T15:37:00.489051Z - 2025-06-05T15:38:00.489051Z,,,,,,,,,,
HE.HEL5.00.00 | 2025-01-31T18:08:29.237695Z - 2025-01-31T18:09:29.237695Z,,,,,,,,,,
HE.VJF.00.00 | 2025-02-10T03:58:36.415003Z - 2025-02-10T03:59:36.415003Z,,,,,,,,,,
HE.FIB5.00.00 | 2025-06-13T09:12:30.031432Z - 2025-06-13T09:13:30.031432Z,,,,,,,,,,
HE.FIB2.00.00 | 2025-04-16T15:56:50.848876Z - 2025-04-16T15:57:50.848876Z,,,,,,,,,,
HE.VJF.00.00 | 2025-03-23T03:51:50.818597Z - 2025-03-23T03:52:50.818597Z,,,,,,,,,,
HE.RUF.00.00 | 2025-11-27T04:51:55.507174Z - 2025-11-27T04:52:55.507174Z,,,,,,,,,,
HE.KY02.00.00 | 2025-10-24T13:13:18.460405Z - 2025-10-24T13:14:18.460405Z,,,,,,,,,,
HE.KU1.00.00 | 2025-09-11T23:09:46.756585Z - 2025-09-11T23:10:46.756585Z,,,,,,,,,,
HE.VJF.00.00 | 2025-08-18T09:51:44.366124Z - 2025-08-18T09:52:44.366124Z,,,,,,,,,,
HE.HEL2.00.00 | 2025-03-29T04:07:05.699655Z - 2025-03-29T04:08:05.699655Z,,,,,,,,,,
HE.FIA1.00.00 | 2025-10-08T04:48:45.259134Z - 2025-10-08T04:49:45.259134Z,,,,,,,,,,
HE.FIC2.00.00 | 2025-07-05T04:38:55.986359Z - 2025-07-05T04:39:55.986359Z,,,,,,,,,,
HE.KAF.00.00 | 2025-01-09T17:53:47.555661Z - 2025-01-09T17:54:47.555661Z,,,,,,,,,,
HE.KUNI.00.00 | 2025-01-07T23:39:35.994242Z - 2025-01-07T23:40:35.994242Z,,,,,,,,,,
FN.RNF.00.00 | 2025-05-01T09:26:42.875581Z - 2025-05-01T09:27:42.875581Z,,,,,,,,,,
HE.VUOS.00.00 | 2025-02-03T19:15:04.969128Z - 2025-02-03T19:16:04.969128Z,,,,,,,,,,
HE.KUNI.00.00 | 2025-05-18T23:59:06.754886Z - 2025-05-19T00:00:06.754886Z,,,,,,,,,,
HE.RSUO.00.00 | 2025-12-14T18:37:56.910486Z - 2025-12-14T18:38:56.910486Z,,,,,,,,,,
FN.RAJF.00.00 | 2025-08-25T08:43:50.113522Z - 2025-08-25T08:44:50.113522Z,,,,,,,,,,
HE.FIC1.00.00 | 2025-11-16T22:54:31.521423Z - 2025-11-16T22:55:31.521423Z,,,,,,,,,,
HE.FIA2.00.00 | 2025-05-09T14:03:51.049797Z - 2025-05-09T14:04:51.049797Z,,,,,,,,,,
HE.KY17.00.00 | 2025-01-31T04:51:45.772333Z - 2025-01-31T04:52:45.772333Z,,,,,,,,,,
HE.FIC1.00.00 | 2025-05-20T19:48:47.579950Z - 2025-05-20T19:49:47.579950Z,,,,,,,,,,
HE.FIB1.00.00 | 2025-01-04T19:07:46.407316Z - 2025-01-04T19:08:46.407316Z,,,,,,,,,,
HE.FIC5.00.00 | 2025-02-18T17:03:37.076241Z - 2025-02-18T17:04:37.076241Z,,,,,,,,,,
HE.HEF.00.00 | 2025-11-29T09:57:21.184848Z - 2025-11-29T09:58:21.184848Z,,,,,,,,,,
HE.FIA2.00.00 | 2025-04-03T10:53:02.334516Z - 2025-04-03T10:54:02.334516Z,,,,,,,,,,
HE.KY02.00.00 | 2025-03-26T04:54:03.369389Z - 2025-03-26T04:55:03.369389Z,,,,,,,,,,
HE.NIF.00.00 | 2025-09-03T09:07:16.506857Z - 2025-09-03T09:08:16.506857Z,,,,,,,,,,
HE.FIC2.00.00 | 2025-07-07T10:50:51.167552Z - 2025-07-07T10:51:51.167552Z,,,,,,,,,,
HE.NIF.00.00 | 2025-04-13T18:03:14.526501Z - 2025-04-13T18:04:14.526501Z,,,,,,,,,,
HE.KJNF.00.00 | 2025-01-02T12:39:51.956093Z - 2025-01-02T12:40:51.956093Z,,,,,,,,,,
HE.KAF.00.00 | 2025-02-27T01:04:26.864732Z - 2025-02-27T01:05:26.864732Z,,,,,,,,,,
HE.KU1.00.00 | 2025-07-03T06:01:34.924820Z - 2025-07-03T06:02:34.924820Z,,,,,,,,,,
HE.OBF8.00.00 | 2025-02-07T07:43:37.159263Z - 2025-02-07T07:44:37.159263Z,,,,,,,,,,
HE.KU6.00.00 | 2025-10-28T17:43:33.973159Z - 2025-10-28T17:44:33.973159Z,,,,,,,,,,
FN.SGF.00.00 | 2025-12-03T06:20:45.233299Z - 2025-12-03T06:21:45.233299Z,,,,,,,,,,
HE.HEF.00.00 | 2025-12-05T05:33:20.657888Z - 2025-12-05T05:34:20.657888Z,,,,,,,,,,
HE.VRF.00.00 | 2025-06-19T02:54:26.575712Z - 2025-06-19T02:55:26.575712Z,,,,,,,,,,
HE.RSUO.00.00 | 2025-10-07T09:27:47.981811Z - 2025-10-07T09:28:47.981811Z,,,,,,,,,,
HE.HEF.00.00 | 2025-02-26T08:13:34.455671Z - 2025-02-26T08:14:34.455671Z,,,,,,,,,,
HE.KY17.00.00 | 2025-04-22T20:53:08.417031Z - 2025-04-22T20:54:08.417031Z,,,,,,,,,,
HE.RSUO.00.00 | 2025-01-20T15:34:26.196809Z - 2025-01-20T15:35:26.196809Z,,,,,,,,,,
HE.FIB5.00.00 | 2025-06-13T01:05:29.423663Z - 2025-06-13T01:06:29.423663Z,,,,,,,,,,
HE.FIC3.00.00 | 2025-01-07T14:23:27.147187Z - 2025-01-07T14:24:27.147187Z,,,,,,,,,,
HE.HEL1.00.00 | 2025-01-27T06:52:19.268766Z - 2025-01-27T06:53:19.268766Z,,,,,,,,,,
UP.AAL.00.00 | 2025-03-07T07:02:45.041599Z - 2025-03-07T07:03:45.041599Z,,,,,,,,,,
HE.FIA1.00.00 | 2025-05-19T04:04:25.173363Z - 2025-05-19T04:05:25.173363Z,,,,,,,,,,
HE.LAUT.00.00 | 2025-12-20T02:33:11.465684Z - 2025-12-20T02:34:11.465684Z,,,,,,,,,,
HE.OBF0.00.00 | 2025-04-02T18:40:46.147126Z - 2025-04-02T18:41:46.147126Z,,,,,,,,,,
HE.KPF.00.00 | 2025-06-29T21:42:32.957323Z - 2025-06-29T21:43:32.957323Z,,,,,,,,,,
HE.KAF.00.00 | 2025-03-15T15:51:07.219122Z - 2025-03-15T15:52:07.219122Z,,,,,,,,,,
HE.KJNF.00.00 | 2025-09-30T00:26:25.731227Z - 2025-09-30T00:27:25.731227Z,,,,,,,,,,
HE.HEL1.00.00 | 2025-11-19T17:10:42.558379Z - 2025-11-19T17:11:42.558379Z,,,,,,,,,,
HE.FIA0.00.00 | 2025-07-31T10:22:30.476344Z - 2025-07-31T10:23:30.476344Z,,,,,,,,,,
HE.KEF.00.00 | 2025-07-06T05:39:29.352204Z - 2025-07-06T05:40:29.352204Z,,,,,,,,,,
HE.OBF8.00.00 | 2025-10-19T15:37:33.504246Z - 2025-10-19T15:38:33.504246Z,,,,,,,,,,
HE.FIB2.00.00 | 2025-08-18T01:23:44.709938Z - 2025-08-18T01:24:44.709938Z,,,,,,,,,,
HE.KAF.00.00 | 2025-06-28T05:31:29.980394Z - 2025-06-28T05:32:29.980394Z,,,,,,,,,,
HE.FIB6.00.00 | 2025-06-08T14:32:07.489062Z - 2025-06-08T14:33:07.489062Z,,,,,,,,,,
HE.FIA2.00.00 | 2025-04-05T20:59:56.658070Z - 2025-04-05T21:00:56.658070Z,,,,,,,,,,
HE.FIB1.00.00 | 2025-04-27T17:15:15.912646Z - 2025-04-27T17:16:15.912646Z,,,,,,,,,,
HE.FIB1.00.00 | 2025-03-29T08:50:29.304369Z - 2025-03-29T08:51:29.304369Z,,,,,,,,,,
HE.NIF.00.00 | 2025-12-07T17:32:00.877178Z - 2025-12-07T17:33:00.877178Z,,,,,,,,,,
HE.OBF8.00.00 | 2025-06-14T00:24:38.585313Z - 2025-06-14T00:25:38.585313Z,,,,,,,,,,
HE.FIC4.00.00 | 2025-11-24T02:16:12.816835Z - 2025-11-24T02:17:12.816835Z,,,,,,,,,,
HE.HEF.00.00 | 2025-08-11T13:04:29.774264Z - 2025-08-11T13:05:29.774264Z,,,,,,,,,,
HE.KEV.00.00 | 2025-01-13T00:21:25.395823Z - 2025-01-13T00:22:25.395823Z,,,,,,,,,,
HE.HEL1.00.00 | 2025-10-18T07:17:31.917669Z - 2025-10-18T07:18:31.917669Z,,,,,,,,,,
HE.FIB6.00.00 | 2025-04-08T19:37:40.982913Z - 2025-04-08T19:38:40.982913Z,,,,,,,,,,
HE.TVF.00.00 | 2025-02-28T02:08:49.324295Z - 2025-02-28T02:09:49.324295Z,,,,,,,,,,
HE.FIB1.00.00 | 2025-11-01T21:53:15.468184Z - 2025-11-01T21:54:15.468184Z,,,,,,,,,,
HE.FIA0.00.00 | 2025-07-11T21:39:32.548530Z - 2025-07-11T21:40:32.548530Z,,,,,,,,,,
HE.KORF.00.00 | 2025-05-01T18:32:32.197433Z - 2025-05-01T18:33:32.197433Z,,,,,,,,,,
HE.FIC5.00.00 | 2025-04-15T11:16:36.450265Z - 2025-04-15T11:17:36.450265Z,,,,,,,,,,
FN.KMNF.00.00 | 2025-12-02T19:03:29.179721Z - 2025-12-02T19:04:29.179721Z,,,,,,,,,,
HE.FIB3.00.00 | 2025-05-18T12:00:53.387860Z - 2025-05-18T12:01:53.387860Z,,,,,,,,,,
HE.HEL5.00.00 | 2025-03-16T05:30:16.129874Z - 2025-03-16T05:31:16.129874Z,,,,,,,,,,
FN.MSF.00.00 | 2025-12-06T03:15:04.828501Z - 2025-12-06T03:16:04.828501Z,,,,,,,,,,
FN.OUL.00.00 | 2025-12-06T10:57:51.825228Z - 2025-12-06T10:58:51.825228Z,,,,,,,,,,
HE.KEF.00.00 | 2025-02-04T14:36:18.431637Z - 2025-02-04T14:37:18.431637Z,,,,,,,,,,
HE.KUNI.00.00 | 2025-05-20T19:19:21.645490Z - 2025-05-20T19:20:21.645490Z,,,,,,,,,,
HE.ECKF.00.00 | 2025-12-12T07:31:35.433650Z - 2025-12-12T07:32:35.433650Z,,,,,,,,,,
HE.HEL5.00.00 | 2025-05-12T21:35:23.747351Z - 2025-05-12T21:36:23.747351Z,,,,,,,,,,
HE.FIB2.00.00 | 2025-06-02T16:28:13.245501Z - 2025-06-02T16:29:13.245501Z,,,,,,,,,,
HE.ALAJF.00.00 | 2025-11-21T20:12:50.159928Z - 2025-11-21T20:13:50.159928Z,,,,,,,,,,
HE.RAF.00.00 | 2025-09-22T15:35:24.065605Z - 2025-09-22T15:36:24.065605Z,,,,,,,,,,
HE.HEL1.00.00 | 2025-06-10T14:35:20.437925Z - 2025-06-10T14:36:20.437925Z,,,,,,,,,,
HE.KY02.00.00 | 2025-09-10T04:17:35.994474Z - 2025-09-10T04:18:35.994474Z,,,,,,,,,,
HE.FIC2.00.00 | 2025-02-19T10:59:38.162493Z - 2025-02-19T11:00:38.162493Z,,,,,,,,,,
HE.KU1.00.00 | 2025-10-20T13:49:09.983140Z - 2025-10-20T13:50:09.983140Z,,,,,,,,,,
HE.RAF.00.00 | 2025-12-17T04:08:58.559357Z - 2025-12-17T04:09:58.559357Z,,,,,,,,,,
HE.KEV.00.00 | 2025-07-05T09:55:37.518467Z - 2025-07-05T09:56:37.518467Z,,,,,,,,,,
HE.ECKF.00.00 | 2025-08-08T23:20:24.605426Z - 2025-08-08T23:21:24.605426Z,,,,,,,,,,
HE.KIF.00.00 | 2025-08-01T06:43:34.282636Z - 2025-08-01T06:44:34.282636Z,,,,,,,,,,
HE.MEF.00.00 | 2025-06-05T07:48:09.459518Z - 2025-06-05T07:49:09.459518Z,,,,,,,,,,
HE.FIC6.00.00 | 2025-04-07T11:35:53.522841Z - 2025-04-07T11:36:53.522841Z,,,,,,,,,,
HE.LAUT.00.00 | 2025-02-11T08:17:33.679387Z - 2025-02-11T08:18:33.679387Z,,,,,,,,,,
HE.SUF.00.00 | 2025-05-18T17:08:47.439519Z - 2025-05-18T17:09:47.439519Z,,,,,,,,,,
HE.RAF.00.00 | 2025-02-10T05:28:43.423080Z - 2025-02-10T05:29:43.423080Z,,,,,,,,,,
HE.KIF.00.00 | 2025-09-04T22:26:56.676540Z - 2025-09-04T22:27:56.676540Z,,,,,,,,,,
FN.OUL.00.00 | 2025-10-20T16:46:06.904054Z - 2025-10-20T16:47:06.904054Z,,,,,,,,,,
HE.KY02.00.00 | 2025-08-13T08:21:07.776914Z - 2025-08-13T08:22:07.776914Z,,,,,,,,,,
HE.TRE03.00.00 | 2025-08-30T18:41:12.805272Z - 2025-08-30T18:42:12.805272Z,,,,,,,,,,
HE.FIA1.00.00 | 2025-12-27T16:09:00.480443Z - 2025-12-27T16:10:00.480443Z,,,,,,,,,,
HE.RUF.00.00 | 2025-11-16T01:13:45.527602Z - 2025-11-16T01:14:45.527602Z,,,,,,,,,,
HE.KU2.00.00 | 2025-08-20T05:02:18.648758Z - 2025-08-20T05:03:18.648758Z,,,,,,,,,,
HE.RAF.00.00 | 2025-03-02T09:03:49.840298Z - 2025-03-02T09:04:49.840298Z,,,,,,,,,,
HE.FIA1.00.00 | 2025-10-06T14:49:10.139746Z - 2025-10-06T14:50:10.139746Z,,,,,,,,,,
HE.VAF.00.00 | 2025-08-11T06:29:13.773542Z - 2025-08-11T06:30:13.773542Z,,,,,,,,,,
HE.FIC5.00.00 | 2025-04-25T22:39:38.570465Z - 2025-04-25T22:40:38.570465Z,,,,,,,,,,
FN.RNF.00.00 | 2025-04-10T04:23:49.140683Z - 2025-04-10T04:24:49.140683Z,,,,,,,,,,
HE.KY17.00.00 | 2025-11-13T13:07:32.663748Z - 2025-11-13T13:08:32.663748Z,,,,,,,,,,
HE.FIC6.00.00 | 2025-02-17T13:14:33.204258Z - 2025-02-17T13:15:33.204258Z,,,,,,,,,,
HE.KORF.00.00 | 2025-08-02T08:05:19.602883Z - 2025-08-02T08:06:19.602883Z,,,,,,,,,,
HE.OUF.00.00 | 2025-05-19T00:13:57.376966Z - 2025-05-19T00:14:57.376966Z,,,,,,,,,,
HE.FIC5.00.00 | 2025-08-29T10:14:32.926341Z - 2025-08-29T10:15:32.926341Z,,,,,,,,,,
HE.RSUO.00.00 | 2025-04-07T12:47:57.601239Z - 2025-04-07T12:48:57.601239Z,,,,,,,,,,
HE.KOFF.00.00 | 2025-11-14T02:48:51.065057Z - 2025-11-14T02:49:51.065057Z,,,,,,,,,,
HE.KOFF.00.00 | 2025-11-18T15:42:40.791040Z - 2025-11-18T15:43:40.791040Z,,,,,,,,,,
HE.KY17.00.00 | 2025-10-22T17:36:35.074906Z - 2025-10-22T17:37:35.074906Z,,,,,,,,,,
FN.OUL.00.00 | 2025-07-16T01:40:18.929028Z - 2025-07-16T01:41:18.929028Z,,,,,,,,,,
HE.FIA1.00.00 | 2025-06-01T17:41:53.489590Z - 2025-06-01T17:42:53.489590Z,,,,,,,,,,
HE.KPF.00.00 | 2025-05-20T11:47:09.557429Z - 2025-05-20T11:48:09.557429Z,,,,,,,,,,
HE.KPF.00.00 | 2025-11-28T17:22:46.070301Z - 2025-11-28T17:23:46.070301Z,,,,,,,,,,
HE.VRF.00.00 | 2025-09-16T05:03:43.365269Z - 2025-09-16T05:04:43.365269Z,,,,,,,,,,
HE.FIC5.00.00 | 2025-03-31T04:07:43.828143Z - 2025-03-31T04:08:43.828143Z,,,,,,,,,,
HE.OBF3.00.00 | 2025-10-20T21:08:49.519891Z - 2025-10-20T21:09:49.519891Z,,,,,,,,,,
HE.KY02.00.00 | 2025-11-06T08:23:26.872436Z - 2025-11-06T08:24:26.872436Z,,,,,,,,,,
HE.RMF.00.00 | 2025-10-19T10:43:50.253692Z - 2025-10-19T10:44:50.253692Z,,,,,,,,,,
HE.LAUT.00.00 | 2025-07-11T21:27:42.085123Z - 2025-07-11T21:28:42.085123Z,,,,,,,,,,
HE.FIC2.00.00 | 2025-06-28T00:56:18.723567Z - 2025-06-28T00:57:18.723567Z,,,,,,,,,,
HE.VJF.00.00 | 2025-01-01T10:38:05.267160Z - 2025-01-01T10:39:05.267160Z,,,,,,,,,,
HE.KORF.00.00 | 2025-08-17T13:40:50.260472Z - 2025-08-17T13:41:50.260472Z,,,,,,,,,,
HE.OUF.00.00 | 2025-01-03T19:31:06.652549Z - 2025-01-03T19:32:06.652549Z,,,,,,,,,,
HE.FIC1.00.00 | 2025-07-15T04:06:19.799647Z - 2025-07-15T04:07:19.799647Z,,,,,,,,,,
HE.PVF.00.00 | 2025-10-17T05:31:21.948534Z - 2025-10-17T05:32:21.948534Z,,,,,,,,,,
HE.KEF.00.00 | 2025-01-22T11:14:37.398397Z - 2025-01-22T11:15:37.398397Z,,,,,,,,,,
HE.OBF8.00.00 | 2025-10-06T19:31:37.717989Z - 2025-10-06T19:32:37.717989Z,,,,,,,,,,
HE.ECKF.00.00 | 2025-10-29T08:52:14.698275Z - 2025-10-29T08:53:14.698275Z,,,,,,,,,,
HE.KEV.00.00 | 2025-12-02T12:41:58.561557Z - 2025-12-02T12:42:58.561557Z,,,,,,,,,,
HE.HEL5.00.00 | 2025-09-12T17:19:27.831856Z - 2025-09-12T17:20:27.831856Z,,,,,,,,,,
HE.KY17.00.00 | 2025-08-27T05:50:14.579954Z - 2025-08-27T05:51:14.579954Z,,,,,,,,,,
HE.KAF.00.00 | 2025-10-12T15:02:40.512243Z - 2025-10-12T15:03:40.512243Z,,,,,,,,,,
FN.MSF.00.00 | 2025-07-14T13:51:06.348923Z - 2025-07-14T13:52:06.348923Z,,,,,,,,,,
HE.JOF.00.00 | 2025-10-28T18:36:05.293577Z - 2025-10-28T18:37:05.293577Z,,,,,,,,,,
HE.JOF.00.00 | 2025-08-18T00:37:51.796351Z - 2025-08-18T00:38:51.796351Z,,,,,,,,,,
HE.HEF.00.00 | 2025-03-06T19:30:47.704160Z - 2025-03-06T19:31:47.704160Z,,,,,,,,,,
HE.KPF.00.00 | 2025-01-14T15:25:43.157411Z - 2025-01-14T15:26:43.157411Z,,,,,,,,,,
HE.LAUT.00.00 | 2025-09-22T23:56:00.094571Z - 2025-09-22T23:57:00.094571Z,,,,,,,,,,
HE.PVF.00.00 | 2025-07-09T03:41:22.058969Z - 2025-07-09T03:42:22.058969Z,,,,,,,,,,
HE.KEF.00.00 | 2025-10-07T19:05:06.757196Z - 2025-10-07T19:06:06.757196Z,,,,,,,,,,
HE.FIB6.00.00 | 2025-08-23T08:16:36.261080Z - 2025-08-23T08:17:36.261080Z,,,,,,,,,,
HE.KPF.00.00 | 2025-06-01T16:50:13.334501Z - 2025-06-01T16:51:13.334501Z,,,,,,,,,,
FN.SGF.00.00 | 2025-05-24T23:16:00.690979Z - 2025-05-24T23:17:00.690979Z,,,,,,,,,,
HE.FIB1.00.00 | 2025-11-27T23:51:20.863119Z - 2025-11-27T23:52:20.863119Z,,,,,,,,,,
HE.FIB1.00.00 | 2025-02-14T22:25:42.974911Z - 2025-02-14T22:26:42.974911Z,,,,,,,,,,
HE.KPF.00.00 | 2025-07-20T19:35:10.596573Z - 2025-07-20T19:36:10.596573Z,,,,,,,,,,
HE.KY17.00.00 | 2025-12-22T05:26:30.894241Z - 2025-12-22T05:27:30.894241Z,,,,,,,,,,
HE.MEF.00.00 | 2025-02-15T15:06:55.058136Z - 2025-02-15T15:07:55.058136Z,,,,,,,,,,
HE.KIF.00.00 | 2025-12-23T12:00:20.405754Z - 2025-12-23T12:01:20.405754Z,,,,,,,,,,
HE.KU2.00.00 | 2025-03-19T02:21:28.398101Z - 2025-03-19T02:22:28.398101Z,,,,,,,,,,
FN.KMNF.00.00 | 2025-02-27T04:57:11.262029Z - 2025-02-27T04:58:11.262029Z,,,,,,,,,,
HE.KOFF.00.00 | 2025-12-01T04:53:26.120693Z - 2025-12-01T04:54:26.120693Z,,,,,,,,,,
HE.KUNI.00.00 | 2025-10-29T14:43:51.699108Z - 2025-10-29T14:44:51.699108Z,,,,,,,,,,
HE.FIB3.00.00 | 2025-09-16T11:22:01.687351Z - 2025-09-16T11:23:01.687351Z,,,,,,,,,,
HE.FIB6.00.00 | 2025-06-22T06:12:48.634316Z - 2025-06-22T06:13:48.634316Z,,,,,,,,,,
HE.RSUO.00.00 | 2025-05-17T03:22:31.492678Z - 2025-05-17T03:23:31.492678Z,,,,,,,,,,
HE.NUR.00.00 | 2025-10-02T10:16:00.928445Z - 2025-10-02T10:17:00.928445Z,,,,,,,,,,
FN.RAJF.00.00 | 2025-12-21T03:02:15.232263Z - 2025-12-21T03:03:15.232263Z,,,,,,,,,,
HE.KJNF.00.00 | 2025-05-17T07:45:43.504828Z - 2025-05-17T07:46:43.504828Z,,,,,,,,,,
HE.NIF.00.00 | 2025-02-04T15:39:48.795098Z - 2025-02-04T15:40:48.795098Z,,,,,,,,,,
HE.VRF.00.00 | 2025-02-02T23:52:37.953760Z - 2025-02-02T23:53:37.953760Z,,,,,,,,,,
HE.KU2.00.00 | 2025-05-14T17:24:17.802259Z - 2025-05-14T17:25:17.802259Z,,,,,,,,,,
HE.TOF.00.00 | 2025-01-29T18:47:30.920656Z - 2025-01-29T18:48:30.920656Z,,,,,,,,,,
HE.HEF.00.00 | 2025-08-08T05:14:20.428196Z - 2025-08-08T05:15:20.428196Z,,,,,,,,,,
HE.NIF.00.00 | 2025-08-04T12:35:06.059036Z - 2025-08-04T12:36:06.059036Z,,,,,,,,,,
HE.OBF3.00.00 | 2025-09-27T07:58:55.882732Z - 2025-09-27T07:59:55.882732Z,,,,,,,,,,
HE.KEV.00.00 | 2025-02-22T02:11:23.473579Z - 2025-02-22T02:12:23.473579Z,,,,,,,,,,
HE.FIC3.00.00 | 2025-07-04T09:31:10.536308Z - 2025-07-04T09:32:10.536308Z,,,,,,,,,,
HE.KU6.00.00 | 2025-12-11T22:24:34.598006Z - 2025-12-11T22:25:34.598006Z,,,,,,,,,,
FN.OUL.00.00 | 2025-07-14T00:35:32.635692Z - 2025-07-14T00:36:32.635692Z,,,,,,,,,,
HE.KY02.00.00 | 2025-11-22T02:02:18.342462Z - 2025-11-22T02:03:18.342462Z,,,,,,,,,,
HE.FIC3.00.00 | 2025-04-05T17:36:57.877505Z - 2025-04-05T17:37:57.877505Z,,,,,,,,,,
HE.TVF.00.00 | 2025-07-13T18:20:07.652262Z - 2025-07-13T18:21:07.652262Z,,,,,,,,,,
HE.LAUT.00.00 | 2025-01-04T22:10:46.701247Z - 2025-01-04T22:11:46.701247Z,,,,,,,,,,
HE.LOVF.00.00 | 2025-03-06T10:58:09.572215Z - 2025-03-06T10:59:09.572215Z,,,,,,,,,,
FN.OLKF.00.00 | 2025-07-27T16:25:53.330916Z - 2025-07-27T16:26:53.330916Z,,,,,,,,,,
HE.HEL5.00.00 | 2025-04-14T01:44:47.431057Z - 2025-04-14T01:45:47.431057Z,,,,,,,,,,
HE.VAF.00.00 | 2025-06-03T17:52:59.693686Z - 2025-06-03T17:53:59.693686Z,,,,,,,,,,
HE.RAF.00.00 | 2025-10-05T02:17:57.748065Z - 2025-10-05T02:18:57.748065Z,,,,,,,,,,
HE.OUF.00.00 | 2025-01-27T05:43:27.767458Z - 2025-01-27T05:44:27.767458Z,,,,,,,,,,
FN.RNF.00.00 | 2025-09-25T14:10:40.466086Z - 2025-09-25T14:11:40.466086Z,,,,,,,,,,
HE.KY17.00.00 | 2025-01-05T01:59:29.337208Z - 2025-01-05T02:00:29.337208Z,,,,,,,,,,
HE.OBF0.00.00 | 2025-05-18T16:29:11.406454Z - 2025-05-18T16:30:11.406454Z,,,,,,,,,,
HE.LAUT.00.00 | 2025-12-27T09:06:28.029601Z - 2025-12-27T09:07:28.029601Z,,,,,,,,,,
HE.RAF.00.00 | 2025-11-06T15:39:28.902918Z - 2025-11-06T15:40:28.902918Z,,,,,,,,,,
HE.ALAJF.00.00 | 2025-03-26T21:41:47.129496Z - 2025-03-26T21:42:47.129496Z,,,,,,,,,,
HE.FIA3.00.00 | 2025-02-14T04:15:13.763455Z - 2025-02-14T04:16:13.763455Z,,,,,,,,,,
HE.HEF.00.00 | 2025-01-06T05:19:47.948257Z - 2025-01-06T05:20:47.948257Z,,,,,,,,,,
HE.FIC4.00.00 | 2025-04-22T03:32:48.614590Z - 2025-04-22T03:33:48.614590Z,,,,,,,,,,
HE.TOF.00.00 | 2025-01-17T07:34:26.742622Z - 2025-01-17T07:35:26.742622Z,,,,,,,,,,
HE.RAF.00.00 | 2025-06-08T23:45:40.627624Z - 2025-06-08T23:46:40.627624Z,,,,,,,,,,
HE.FIA0.00.00 | 2025-05-13T17:48:14.533786Z - 2025-05-13T17:49:14.533786Z,,,,,,,,,,
HE.HEL1.00.00 | 2025-05-23T10:37:55.822301Z - 2025-05-23T10:38:55.822301Z,,,,,,,,,,
HE.MEF.00.00 | 2025-07-30T12:31:03.667056Z - 2025-07-30T12:32:03.667056Z,,,,,,,,,,
HE.FIB1.00.00 | 2025-04-23T21:09:31.715072Z - 2025-04-23T21:10:31.715072Z,,,,,,,,,,
HE.FIA3.00.00 | 2025-04-30T21:22:19.682119Z - 2025-04-30T21:23:19.682119Z,,,,,,,,,,
HE.TOF.00.00 | 2025-02-12T05:40:59.063569Z - 2025-02-12T05:41:59.063569Z,,,,,,,,,,
UP.AAL.00.00 | 2025-04-26T00:19:24.423920Z - 2025-04-26T00:20:24.423920Z,,,,,,,,,,
HE.HEL1.00.00 | 2025-11-01T18:53:07.826192Z - 2025-11-01T18:54:07.826192Z,,,,,,,,,,
HE.VRF.00.00 | 2025-03-26T13:46:56.713247Z - 2025-03-26T13:47:56.713247Z,,,,,,,,,,
HE.SUF.00.00 | 2025-02-21T16:14:17.904036Z - 2025-02-21T16:15:17.904036Z,,,,,,,,,,
HE.TRE03.00.00 | 2025-01-02T21:58:38.201253Z - 2025-01-02T21:59:38.201253Z,,,,,,,,,,
HE.FIC5.00.00 | 2025-08-09T19:20:40.989750Z - 2025-08-09T19:21:40.989750Z,,,,,,,,,,
HE.KU6.00.00 | 2025-01-02T11:22:47.511127Z - 2025-01-02T11:23:47.511127Z,,,,,,,,,,
HE.KUNI.00.00 | 2025-08-27T05:12:27.460356Z - 2025-08-27T05:13:27.460356Z,,,,,,,,,,
HE.JOF.00.00 | 2025-11-26T06:50:01.978004Z - 2025-11-26T06:51:01.978004Z,,,,,,,,,,
HE.KPF.00.00 | 2025-02-28T15:15:42.400807Z - 2025-02-28T15:16:42.400807Z,,,,,,,,,,
HE.KY17.00.00 | 2025-11-26T11:05:47.639181Z - 2025-11-26T11:06:47.639181Z,,,,,,,,,,
HE.FIB3.00.00 | 2025-11-01T12:34:20.129401Z - 2025-11-01T12:35:20.129401Z,,,,,,,,,,
HE.FIB3.00.00 | 2025-12-29T04:29:50.754731Z - 2025-12-29T04:30:50.754731Z,,,,,,,,,,
HE.JOF.00.00 | 2025-07-09T00:55:46.143731Z - 2025-07-09T00:56:46.143731Z,,,,,,,,,,
HE.FIB4.00.00 | 2025-11-18T20:11:59.466369Z - 2025-11-18T20:12:59.466369Z,,,,,,,,,,
FN.SGF.00.00 | 2025-06-02T22:30:40.357464Z - 2025-06-02T22:31:40.357464Z,,,,,,,,,,
HE.KEF.00.00 | 2025-11-30T20:29:11.213859Z - 2025-11-30T20:30:11.213859Z,,,,,,,,,,
FN.OUL.00.00 | 2025-10-04T15:25:19.768141Z - 2025-10-04T15:26:19.768141Z,,,,,,,,,,
HE.KEF.00.00 | 2025-07-14T15:24:21.576211Z - 2025-07-14T15:25:21.576211Z,,,,,,,,,,
HE.KY02.00.00 | 2025-08-09T07:35:18.635088Z - 2025-08-09T07:36:18.635088Z,,,,,,,,,,
HE.TOF.00.00 | 2025-12-12T00:08:18.943855Z - 2025-12-12T00:09:18.943855Z,,,,,,,,,,
HE.FIA2.00.00 | 2025-09-29T04:09:10.079887Z - 2025-09-29T04:10:10.079887Z,,,,,,,,,,
FN.KMNF.00.00 | 2025-03-28T16:22:35.397409Z - 2025-03-28T16:23:35.397409Z,,,,,,,,,,
FN.MSF.00.00 | 2025-09-17T07:26:35.632623Z - 2025-09-17T07:27:35.632623Z,,,,,,,,,,
HE.KU1.00.00 | 2025-12-14T04:02:49.316383Z - 2025-12-14T04:03:49.316383Z,,,,,,,,,,
HE.HEL2.00.00 | 2025-09-05T12:34:12.572070Z - 2025-09-05T12:35:12.572070Z,,,,,,,,,,
HE.ALAJF.00.00 | 2025-11-23T05:00:06.114525Z - 2025-11-23T05:01:06.114525Z,,,,,,,,,,
HE.KPF.00.00 | 2025-03-13T02:24:20.265172Z - 2025-03-13T02:25:20.265172Z,,,,,,,,,,
HE.KORF.00.00 | 2025-03-13T15:52:13.981403Z - 2025-03-13T15:53:13.981403Z,,,,,,,,,,
FN.SGF.00.00 | 2025-03-01T13:00:32.020407Z - 2025-03-01T13:01:32.020407Z,,,,,,,,,,
HE.VRF.00.00 | 2025-07-17T05:19:35.354221Z - 2025-07-17T05:20:35.354221Z,,,,,,,,,,
HE.FIB2.00.00 | 2025-10-09T22:01:10.107016Z - 2025-10-09T22:02:10.107016Z,,,,,,,,,,
HE.FIA1.00.00 | 2025-02-16T23:32:51.046964Z - 2025-02-16T23:33:51.046964Z,,,,,,,,,,
HE.VAF.00.00 | 2025-01-04T07:14:35.411945Z - 2025-01-04T07:15:35.411945Z,,,,,,,,,,
HE.FIB1.00.00 | 2025-07-17T13:52:30.754092Z - 2025-07-17T13:53:30.754092Z,,,,,,,,,,
HE.KIF.00.00 | 2025-02-20T02:13:49.280947Z - 2025-02-20T02:14:49.280947Z,,,,,,,,,,
HE.FIB2.00.00 | 2025-03-29T18:48:36.805361Z - 2025-03-29T18:49:36.805361Z,,,,,,,,,,
FN.KMNF.00.00 | 2025-03-01T06:10:19.279635Z - 2025-03-01T06:11:19.279635Z,,,,,,,,,,
HE.ECKF.00.00 | 2025-04-25T21:31:41.162706Z - 2025-04-25T21:32:41.162706Z,,,,,,,,,,
HE.SUF.00.00 | 2025-09-13T04:52:09.728066Z - 2025-09-13T04:53:09.728066Z,,,,,,,,,,
FN.OLKF.00.00 | 2025-08-19T07:26:10.535617Z - 2025-08-19T07:27:10.535617Z,,,,,,,,,,
HE.RSUO.00.00 | 2025-09-21T21:31:17.816238Z - 2025-09-21T21:32:17.816238Z,,,,,,,,,,
FN.RNF.00.00 | 2025-04-03T04:31:25.337924Z - 2025-04-03T04:32:25.337924Z,,,,,,,,,,
HE.FIB1.00.00 | 2025-03-31T02:40:08.631387Z - 2025-03-31T02:41:08.631387Z,,,,,,,,,,
HE.FIB2.00.00 | 2025-11-02T01:57:06.372861Z - 2025-11-02T01:58:06.372861Z,,,,,,,,,,
HE.FIB3.00.00 | 2025-01-24T21:18:49.793084Z - 2025-01-24T21:19:49.793084Z,,,,,,,,,,
HE.KIF.00.00 | 2025-12-04T13:59:43.079040Z - 2025-12-04T14:00:43.079040Z,,,,,,,,,,
HE.FIC6.00.00 | 2025-04-23T19:51:52.645449Z - 2025-04-23T19:52:52.645449Z,,,,,,,,,,
FN.RAJF.00.00 | 2025-10-31T13:35:34.151440Z - 2025-10-31T13:36:34.151440Z,,,,,,,,,,
HE.FIA0.00.00 | 2025-06-30T10:17:57.115511Z - 2025-06-30T10:18:57.115511Z,,,,,,,,,,
HE.KU2.00.00 | 2025-08-28T00:34:18.744781Z - 2025-08-28T00:35:18.744781Z,,,,,,,,,,
FN.OLKF.00.00 | 2025-03-13T08:49:25.180142Z - 2025-03-13T08:50:25.180142Z,,,,,,,,,,
HE.HEF.00.00 | 2025-04-11T23:38:59.210676Z - 2025-04-11T23:39:59.210676Z,,,,,,,,,,
FN.RNF.00.00 | 2025-03-24T20:37:04.875999Z - 2025-03-24T20:38:04.875999Z,,,,,,,,,,
HE.HEF.00.00 | 2025-10-29T04:51:50.794543Z - 2025-10-29T04:52:50.794543Z,,,,,,,,,,
HE.KU1.00.00 | 2025-06-08T05:43:14.396054Z - 2025-06-08T05:44:14.396054Z,,,,,,,,,,
HE.RMF.00.00 | 2025-03-15T13:02:39.025759Z - 2025-03-15T13:03:39.025759Z,,,,,,,,,,
HE.FIC2.00.00 | 2025-01-16T04:25:52.610841Z - 2025-01-16T04:26:52.610841Z,,,,,,,,,,
HE.OUF.00.00 | 2025-05-19T21:32:30.328473Z - 2025-05-19T21:33:30.328473Z,,,,,,,,,,
HE.FIC4.00.00 | 2025-07-14T05:54:21.446789Z - 2025-07-14T05:55:21.446789Z,,,,,,,,,,
FN.SGF.00.00 | 2025-04-10T09:08:06.355825Z - 2025-04-10T09:09:06.355825Z,,,,,,,,,,
HE.RMF.00.00 | 2025-09-20T15:30:11.010331Z - 2025-09-20T15:31:11.010331Z,,,,,,,,,,
HE.OBF3.00.00 | 2025-07-31T03:27:42.391278Z - 2025-07-31T03:28:42.391278Z,,,,,,,,,,
FN.RAJF.00.00 | 2025-04-06T00:12:50.779259Z - 2025-04-06T00:13:50.779259Z,,,,,,,,,,
HE.TOF.00.00 | 2025-07-11T21:41:16.536105Z - 2025-07-11T21:42:16.536105Z,,,,,,,,,,
HE.FIC5.00.00 | 2025-05-22T20:56:27.116239Z - 2025-05-22T20:57:27.116239Z,,,,,,,,,,
HE.KU1.00.00 | 2025-01-21T10:11:12.536066Z - 2025-01-21T10:12:12.536066Z,,,,,,,,,,
HE.LOVF.00.00 | 2025-09-10T08:21:21.840131Z - 2025-09-10T08:22:21.840131Z,,,,,,,,,,
HE.SUF.00.00 | 2025-10-22T16:33:13.083721Z - 2025-10-22T16:34:13.083721Z,,,,,,,,,,
HE.KU2.00.00 | 2025-06-04T12:57:44.273770Z - 2025-06-04T12:58:44.273770Z,,,,,,,,,,
HE.ECKF.00.00 | 2025-01-12T08:40:23.369979Z - 2025-01-12T08:41:23.369979Z,,,,,,,,,,
HE.NIF.00.00 | 2025-10-15T11:03:12.433867Z - 2025-10-15T11:04:12.433867Z,,,,,,,,,,
HE.FIA1.00.00 | 2025-09-10T02:44:45.297073Z - 2025-09-10T02:45:45.297073Z,,,,,,,,,,
HE.FIC6.00.00 | 2025-02-17T08:22:03.595640Z - 2025-02-17T08:23:03.595640Z,,,,,,,,,,
HE.RSUO.00.00 | 2025-03-06T06:21:58.356202Z - 2025-03-06T06:22:58.356202Z,,,,,,,,,,
HE.FIC5.00.00 | 2025-03-06T16:54:01.141590Z - 2025-03-06T16:55:01.141590Z,,,,,,,,,,
HE.NUR.00.00 | 2025-05-11T13:38:33.683675Z - 2025-05-11T13:39:33.683675Z,,,,,,,,,,
FN.RNF.00.00 | 2025-04-26T09:01:47.274702Z - 2025-04-26T09:02:47.274702Z,,,,,,,,,,
HE.PVF.00.00 | 2025-08-10T05:22:59.406002Z - 2025-08-10T05:23:59.406002Z,,,,,,,,,,
HE.LOVF.00.00 | 2025-11-10T18:19:40.896646Z - 2025-11-10T18:20:40.896646Z,,,,,,,,,,
HE.KU2.00.00 | 2025-10-14T19:05:50.349637Z - 2025-10-14T19:06:50.349637Z,,,,,,,,,,
HE.FIC3.00.00 | 2025-12-03T13:20:38.929245Z - 2025-12-03T13:21:38.929245Z,,,,,,,,,,
FN.RNF.00.00 | 2025-05-07T14:21:28.067991Z - 2025-05-07T14:22:28.067991Z,,,,,,,,,,
HE.FIB3.00.00 | 2025-07-13T11:35:45.447116Z - 2025-07-13T11:36:45.447116Z,,,,,,,,,,
HE.VRF.00.00 | 2025-03-11T19:46:16.675924Z - 2025-03-11T19:47:16.675924Z,,,,,,,,,,
HE.KORF.00.00 | 2025-01-19T06:03:59.593731Z - 2025-01-19T06:04:59.593731Z,,,,,,,,,,
HE.FIA0.00.00 | 2025-10-05T16:36:56.344317Z - 2025-10-05T16:37:56.344317Z,,,,,,,,,,
FN.RAJF.00.00 | 2025-11-30T22:19:41.617209Z - 2025-11-30T22:20:41.617209Z,,,,,,,,,,
HE.RSUO.00.00 | 2025-01-14T08:33:53.493327Z - 2025-01-14T08:34:53.493327Z,,,,,,,,,,
HE.FIC3.00.00 | 2025-11-17T22:30:55.919398Z - 2025-11-17T22:31:55.919398Z,,,,,,,,,,
FN.KMNF.00.00 | 2025-04-07T16:45:56.183137Z - 2025-04-07T16:46:56.183137Z,,,,,,,,,,
HE.NUR.00.00 | 2025-01-27T01:11:50.639577Z - 2025-01-27T01:12:50.639577Z,,,,,,,,,,
HE.FIC1.00.00 | 2025-05-08T13:42:31.503415Z - 2025-05-08T13:43:31.503415Z,,,,,,,,,,
UP.AAL.00.00 | 2025-11-29T00:48:13.645360Z - 2025-11-29T00:49:13.645360Z,,,,,,,,,,
HE.RSUO.00.00 | 2025-07-06T07:37:33.040845Z - 2025-07-06T07:38:33.040845Z,,,,,,,,,,
HE.RAF.00.00 | 2025-06-21T09:09:26.464438Z - 2025-06-21T09:10:26.464438Z,,,,,,,,,,
HE.ALAJF.00.00 | 2025-11-09T14:20:14.100200Z - 2025-11-09T14:21:14.100200Z,,,,,,,,,,
FN.KLF.00.00 | 2025-02-25T23:10:53.260287Z - 2025-02-25T23:11:53.260287Z,,,,,,,,,,
HE.KU2.00.00 | 2025-03-13T05:34:39.308378Z - 2025-03-13T05:35:39.308378Z,,,,,,,,,,
FN.MSF.00.00 | 2025-07-22T10:43:12.633261Z - 2025-07-22T10:44:12.633261Z,,,,,,,,,,
HE.KY17.00.00 | 2025-09-25T21:43:17.294162Z - 2025-09-25T21:44:17.294162Z,,,,,,,,,,
HE.VUOS.00.00 | 2025-05-23T10:14:15.578355Z - 2025-05-23T10:15:15.578355Z,,,,,,,,,,
HE.KEF.00.00 | 2025-03-08T00:56:43.398068Z - 2025-03-08T00:57:43.398068Z,,,,,,,,,,
HE.FIC5.00.00 | 2025-01-29T08:06:44.957782Z - 2025-01-29T08:07:44.957782Z,,,,,,,,,,
HE.LAUT.00.00 | 2025-05-14T08:32:50.899597Z - 2025-05-14T08:33:50.899597Z,,,,,,,,,,
FN.KMNF.00.00 | 2025-02-04T06:23:59.270811Z - 2025-02-04T06:24:59.270811Z,,,,,,,,,,
HE.OBF8.00.00 | 2025-08-08T19:27:10.225896Z - 2025-08-08T19:28:10.225896Z,,,,,,,,,,
HE.VAF.00.00 | 2025-09-03T05:04:08.932682Z - 2025-09-03T05:05:08.932682Z,,,,,,,,,,
HE.NIF.00.00 | 2025-08-20T18:41:32.488552Z - 2025-08-20T18:42:32.488552Z,,,,,,,,,,
HE.FIB2.00.00 | 2025-03-12T08:27:50.958438Z - 2025-03-12T08:28:50.958438Z,,,,,,,,,,
HE.NUR.00.00 | 2025-07-27T09:39:06.045504Z - 2025-07-27T09:40:06.045504Z,,,,,,,,,,
HE.FIB2.00.00 | 2025-02-12T09:26:48.931716Z - 2025-02-12T09:27:48.931716Z,,,,,,,,,,
HE.FIB4.00.00 | 2025-06-04T17:03:52.196768Z - 2025-06-04T17:04:52.196768Z,,,,,,,,,,
HE.FIB2.00.00 | 2025-07-05T09:01:50.362892Z - 2025-07-05T09:02:50.362892Z,,,,,,,,,,
HE.FIC5.00.00 | 2025-12-09T16:16:23.337423Z - 2025-12-09T16:17:23.337423Z,,,,,,,,,,
HE.FIB3.00.00 | 2025-02-09T14:47:47.379491Z - 2025-02-09T14:48:47.379491Z,,,,,,,,,,
HE.FIC3.00.00 | 2025-08-17T11:31:46.239037Z - 2025-08-17T11:32:46.239037Z,,,,,,,,,,
HE.NIF.00.00 | 2025-04-01T17:40:48.332431Z - 2025-04-01T17:41:48.332431Z,,,,,,,,,,
HE.FIC6.00.00 | 2025-09-02T04:34:52.724775Z - 2025-09-02T04:35:52.724775Z,,,,,,,,,,
FN.RAJF.00.00 | 2025-06-28T01:36:03.420159Z - 2025-06-28T01:37:03.420159Z,,,,,,,,,,
HE.FIC1.00.00 | 2025-01-25T20:25:40.006478Z - 2025-01-25T20:26:40.006478Z,,,,,,,,,,
HE.KU6.00.00 | 2025-11-14T00:38:37.698295Z - 2025-11-14T00:39:37.698295Z,,,,,,,,,,
HE.FIC3.00.00 | 2025-02-24T00:02:16.636232Z - 2025-02-24T00:03:16.636232Z,,,,,,,,,,
HE.SUF.00.00 | 2025-08-02T17:09:16.648288Z - 2025-08-02T17:10:16.648288Z,,,,,,,,,,
HE.KPF.00.00 | 2025-03-30T00:36:20.836242Z - 2025-03-30T00:37:20.836242Z,,,,,,,,,,
HE.FIC3.00.00 | 2025-09-01T07:46:37.999418Z - 2025-09-01T07:47:37.999418Z,,,,,,,,,,
HE.HEL1.00.00 | 2025-12-24T01:48:01.380671Z - 2025-12-24T01:49:01.380671Z,,,,,,,,,,
HE.RUF.00.00 | 2025-04-22T12:46:50.445019Z - 2025-04-22T12:47:50.445019Z,,,,,,,,,,
HE.TRE03.00.00 | 2025-05-10T14:16:35.315081Z - 2025-05-10T14:17:35.315081Z,,,,,,,,,,
HE.FIC1.00.00 | 2025-11-12T00:53:33.972393Z - 2025-11-12T00:54:33.972393Z,,,,,,,,,,
HE.ECKF.00.00 | 2025-02-22T05:47:47.051407Z - 2025-02-22T05:48:47.051407Z,,,,,,,,,,
HE.KUNI.00.00 | 2025-05-08T20:18:49.149779Z - 2025-05-08T20:19:49.149779Z,,,,,,,,,,
UP.AAL.00.00 | 2025-01-07T03:17:41.248053Z - 2025-01-07T03:18:41.248053Z,,,,,,,,,,
HE.HEL1.00.00 | 2025-07-01T13:09:56.380162Z - 2025-07-01T13:10:56.380162Z,,,,,,,,,,
HE.FIA1.00.00 | 2025-10-06T19:27:53.776983Z - 2025-10-06T19:28:53.776983Z,,,,,,,,,,
HE.FIC2.00.00 | 2025-02-08T04:24:11.081703Z - 2025-02-08T04:25:11.081703Z,,,,,,,,,,
HE.RMF.00.00 | 2025-09-01T08:23:44.393000Z - 2025-09-01T08:24:44.393000Z,,,,,,,,,,
HE.FIA3.00.00 | 2025-04-20T00:55:11.567828Z - 2025-04-20T00:56:11.567828Z,,,,,,,,,,
FN.MSF.00.00 | 2025-06-30T15:56:09.323039Z - 2025-06-30T15:57:09.323039Z,,,,,,,,,,
HE.KY17.00.00 | 2025-10-09T07:46:46.364288Z - 2025-10-09T07:47:46.364288Z,,,,,,,,,,
HE.KAF.00.00 | 2025-06-25T13:35:02.085104Z - 2025-06-25T13:36:02.085104Z,,,,,,,,,,
HE.FIB3.00.00 | 2025-04-07T10:25:24.624327Z - 2025-04-07T10:26:24.624327Z,,,,,,,,,,
HE.VAF.00.00 | 2025-09-21T02:01:35.508734Z - 2025-09-21T02:02:35.508734Z,,,,,,,,,,
HE.OBF0.00.00 | 2025-11-24T07:04:55.994850Z - 2025-11-24T07:05:55.994850Z,,,,,,,,,,
HE.FIA1.00.00 | 2025-03-04T02:29:13.827535Z - 2025-03-04T02:30:13.827535Z,,,,,,,,,,
HE.KU1.00.00 | 2025-04-19T11:21:51.753420Z - 2025-04-19T11:22:51.753420Z,,,,,,,,,,
HE.RUF.00.00 | 2025-02-27T03:38:20.349070Z - 2025-02-27T03:39:20.349070Z,,,,,,,,,,
HE.OUF.00.00 | 2025-04-12T21:26:48.647932Z - 2025-04-12T21:27:48.647932Z,,,,,,,,,,
HE.HEL5.00.00 | 2025-06-18T22:12:17.143118Z - 2025-06-18T22:13:17.143118Z,,,,,,,,,,
FN.RNF.00.00 | 2025-01-22T07:32:58.606710Z - 2025-01-22T07:33:58.606710Z,,,,,,,,,,
HE.TRE03.00.00 | 2025-09-19T10:49:07.288984Z - 2025-09-19T10:50:07.288984Z,,,,,,,,,,
HE.RAF.00.00 | 2025-12-26T18:22:11.610960Z - 2025-12-26T18:23:11.610960Z,,,,,,,,,,
HE.TRE03.00.00 | 2025-12-16T07:52:22.178883Z - 2025-12-16T07:53:22.178883Z,,,,,,,,,,
HE.FIC3.00.00 | 2025-06-25T19:42:00.600225Z - 2025-06-25T19:43:00.600225Z,,,,,,,,,,
FN.RAJF.00.00 | 2025-03-06T19:34:21.191509Z - 2025-03-06T19:35:21.191509Z,,,,,,,,,,
HE.FIC2.00.00 | 2025-10-16T04:14:34.072414Z - 2025-10-16T04:15:34.072414Z,,,,,,,,,,
HE.VAF.00.00 | 2025-07-21T08:35:09.889097Z - 2025-07-21T08:36:09.889097Z,,,,,,,,,,
HE.VRF.00.00 | 2025-12-12T12:14:49.160518Z - 2025-12-12T12:15:49.160518Z,,,,,,,,,,
HE.OBF8.00.00 | 2025-08-11T04:41:41.230877Z - 2025-08-11T04:42:41.230877Z,,,,,,,,,,
HE.TRE03.00.00 | 2025-09-25T08:08:10.736633Z - 2025-09-25T08:09:10.736633Z,,,,,,,,,,
HE.FIC1.00.00 | 2025-10-08T03:52:55.503847Z - 2025-10-08T03:53:55.503847Z,,,,,,,,,,
FN.KLF.00.00 | 2025-03-03T16:48:54.176324Z - 2025-03-03T16:49:54.176324Z,,,,,,,,,,
HE.OBF3.00.00 | 2025-09-27T06:12:57.153447Z - 2025-09-27T06:13:57.153447Z,,,,,,,,,,
FN.SGF.00.00 | 2025-12-04T03:24:21.066034Z - 2025-12-04T03:25:21.066034Z,,,,,,,,,,
HE.MEF.00.00 | 2025-10-03T05:27:01.405405Z - 2025-10-03T05:28:01.405405Z,,,,,,,,,,
HE.SUF.00.00 | 2025-07-06T08:10:00.483835Z - 2025-07-06T08:11:00.483835Z,,,,,,,,,,
HE.FIC4.00.00 | 2025-06-14T18:10:32.681888Z - 2025-06-14T18:11:32.681888Z,,,,,,,,,,
HE.TVF.00.00 | 2025-11-06T19:03:35.474417Z - 2025-11-06T19:04:35.474417Z,,,,,,,,,,
HE.VJF.00.00 | 2025-03-17T03:35:42.258269Z - 2025-03-17T03:36:42.258269Z,,,,,,,,,,
HE.FIA3.00.00 | 2025-04-01T01:08:36.431970Z - 2025-04-01T01:09:36.431970Z,,,,,,,,,,
HE.NUR.00.00 | 2025-12-26T06:28:51.700175Z - 2025-12-26T06:29:51.700175Z,,,,,,,,,,
HE.OBF8.00.00 | 2025-08-05T14:42:36.831883Z - 2025-08-05T14:43:36.831883Z,,,,,,,,,,
HE.FIC1.00.00 | 2025-02-21T06:36:57.430591Z - 2025-02-21T06:37:57.430591Z,,,,,,,,,,
HE.FIB5.00.00 | 2025-12-25T20:51:32.976034Z - 2025-12-25T20:52:32.976034Z,,,,,,,,,,
HE.FIA2.00.00 | 2025-05-06T21:04:29.796379Z - 2025-05-06T21:05:29.796379Z,,,,,,,,,,
HE.TOF.00.00 | 2025-03-19T14:29:39.607723Z - 2025-03-19T14:30:39.607723Z,,,,,,,,,,
HE.FIA0.00.00 | 2025-03-17T14:37:32.951070Z - 2025-03-17T14:38:32.951070Z,,,,,,,,,,
HE.VUOS.00.00 | 2025-01-10T01:21:29.675971Z - 2025-01-10T01:22:29.675971Z,,,,,,,,,,
FN.KLF.00.00 | 2025-03-29T14:07:16.543254Z - 2025-03-29T14:08:16.543254Z,,,,,,,,,,
HE.SUF.00.00 | 2025-09-10T18:55:12.915893Z - 2025-09-10T18:56:12.915893Z,,,,,,,,,,
FN.RAJF.00.00 | 2025-12-08T04:12:24.786438Z - 2025-12-08T04:13:24.786438Z,,,,,,,,,,
HE.TRE03.00.00 | 2025-05-08T02:05:07.937420Z - 2025-05-08T02:06:07.937420Z,,,,,,,,,,
HE.FIC3.00.00 | 2025-06-16T05:33:09.705594Z - 2025-06-16T05:34:09.705594Z,,,,,,,,,,
HE.PVF.00.00 | 2025-04-08T12:08:24.199238Z - 2025-04-08T12:09:24.199238Z,,,,,,,,,,
HE.KPF.00.00 | 2025-12-08T09:07:22.995797Z - 2025-12-08T09:08:22.995797Z,,,,,,,,,,
HE.PVF.00.00 | 2025-08-26T09:44:24.526942Z - 2025-08-26T09:45:24.526942Z,,,,,,,,,,
HE.OBF3.00.00 | 2025-03-26T15:26:40.411942Z - 2025-03-26T15:27:40.411942Z,,,,,,,,,,
HE.MEF.00.00 | 2025-04-21T16:00:29.336745Z - 2025-04-21T16:01:29.336745Z,,,,,,,,,,
HE.HEL2.00.00 | 2025-01-08T23:28:41.226604Z - 2025-01-08T23:29:41.226604Z,,,,,,,,,,
HE.KU6.00.00 | 2025-06-26T19:42:11.736436Z - 2025-06-26T19:43:11.736436Z,,,,,,,,,,
HE.KY02.00.00 | 2025-08-19T03:05:50.347304Z - 2025-08-19T03:06:50.347304Z,,,,,,,,,,
FN.RANF.00.00 | 2025-10-29T10:55:12.389023Z - 2025-10-29T10:56:12.389023Z,,,,,,,,,,
HE.TVF.00.00 | 2025-01-13T08:14:00.569959Z - 2025-01-13T08:15:00.569959Z,,,,,,,,,,
HE.LOVF.00.00 | 2025-03-22T20:43:35.658693Z - 2025-03-22T20:44:35.658693Z,,,,,,,,,,
FN.SGF.00.00 | 2025-12-15T02:04:08.682960Z - 2025-12-15T02:05:08.682960Z,,,,,,,,,,
HE.TVF.00.00 | 2025-02-02T12:30:52.333239Z - 2025-02-02T12:31:52.333239Z,,,,,,,,,,
HE.KEV.00.00 | 2025-03-15T20:09:46.532640Z - 2025-03-15T20:10:46.532640Z,,,,,,,,,,
HE.NUR.00.00 | 2025-05-16T23:27:41.843905Z - 2025-05-16T23:28:41.843905Z,,,,,,,,,,
HE.VUOS.00.00 | 2025-05-07T17:13:01.598191Z - 2025-05-07T17:14:01.598191Z,,,,,,,,,,
HE.TVF.00.00 | 2025-04-30T07:10:36.471701Z - 2025-04-30T07:11:36.471701Z,,,,,,,,,,
FN.OLKF.00.00 | 2025-10-11T19:10:02.467579Z - 2025-10-11T19:11:02.467579Z,,,,,,,,,,
HE.OBF0.00.00 | 2025-12-26T13:30:23.907998Z - 2025-12-26T13:31:23.907998Z,,,,,,,,,,
FN.OUL.00.00 | 2025-11-12T17:03:26.085560Z - 2025-11-12T17:04:26.085560Z,,,,,,,,,,
HE.RUF.00.00 | 2025-12-25T00:57:54.996614Z - 2025-12-25T00:58:54.996614Z,,,,,,,,,,
HE.FIB5.00.00 | 2025-04-08T09:38:17.930572Z - 2025-04-08T09:39:17.930572Z,,,,,,,,,,
HE.KUNI.00.00 | 2025-04-26T03:36:19.961794Z - 2025-04-26T03:37:19.961794Z,,,,,,,,,,
HE.FIC2.00.00 | 2025-09-19T04:14:01.498615Z - 2025-09-19T04:15:01.498615Z,,,,,,,,,,
HE.VUOS.00.00 | 2025-02-08T03:03:02.986993Z - 2025-02-08T03:04:02.986993Z,,,,,,,,,,
FN.OLKF.00.00 | 2025-07-26T05:19:48.829902Z - 2025-07-26T05:20:48.829902Z,,,,,,,,,,
HE.KU6.00.00 | 2025-08-25T07:14:38.941161Z - 2025-08-25T07:15:38.941161Z,,,,,,,,,,
FN.KLF.00.00 | 2025-07-22T06:15:30.051639Z - 2025-07-22T06:16:30.051639Z,,,,,,,,,,
HE.HEL2.00.00 | 2025-06-21T04:34:02.748419Z - 2025-06-21T04:35:02.748419Z,,,,,,,,,,
HE.ALAJF.00.00 | 2025-02-12T02:22:37.896473Z - 2025-02-12T02:23:37.896473Z,,,,,,,,,,
FN.KLF.00.00 | 2025-11-19T09:12:44.735877Z - 2025-11-19T09:13:44.735877Z,,,,,,,,,,
HE.FIC3.00.00 | 2025-03-28T12:58:16.320925Z - 2025-03-28T12:59:16.320925Z,,,,,,,,,,
HE.FIA2.00.00 | 2025-04-01T08:15:12.744894Z - 2025-04-01T08:16:12.744894Z,,,,,,,,,,
FN.RAJF.00.00 | 2025-03-14T21:19:28.461550Z - 2025-03-14T21:20:28.461550Z,,,,,,,,,,
HE.OBF8.00.00 | 2025-11-15T23:51:48.988839Z - 2025-11-15T23:52:48.988839Z,,,,,,,,,,
HE.FIA0.00.00 | 2025-11-27T09:42:32.005805Z - 2025-11-27T09:43:32.005805Z,,,,,,,,,,
HE.KEF.00.00 | 2025-02-27T07:30:33.738905Z - 2025-02-27T07:31:33.738905Z,,,,,,,,,,
HE.KJNF.00.00 | 2025-07-01T03:44:54.764893Z - 2025-07-01T03:45:54.764893Z,,,,,,,,,,
HE.KUNI.00.00 | 2025-01-20T01:59:31.859716Z - 2025-01-20T02:00:31.859716Z,,,,,,,,,,
HE.NIF.00.00 | 2025-03-21T17:26:09.093815Z - 2025-03-21T17:27:09.093815Z,,,,,,,,,,
HE.FIC1.00.00 | 2025-10-28T05:13:19.721446Z - 2025-10-28T05:14:19.721446Z,,,,,,,,,,
HE.ECKF.00.00 | 2025-01-29T20:05:38.458847Z - 2025-01-29T20:06:38.458847Z,,,,,,,,,,
HE.KEF.00.00 | 2025-11-15T19:57:07.346686Z - 2025-11-15T19:58:07.346686Z,,,,,,,,,,
HE.VJF.00.00 | 2025-10-25T10:56:12.231100Z - 2025-10-25T10:57:12.231100Z,,,,,,,,,,
HE.FIB6.00.00 | 2025-05-27T15:29:06.695001Z - 2025-05-27T15:30:06.695001Z,,,,,,,,,,
HE.FIB6.00.00 | 2025-12-06T13:39:02.981400Z - 2025-12-06T13:40:02.981400Z,,,,,,,,,,
HE.FIC2.00.00 | 2025-01-06T18:47:58.525648Z - 2025-01-06T18:48:58.525648Z,,,,,,,,,,
HE.ALAJF.00.00 | 2025-08-28T12:07:57.610102Z - 2025-08-28T12:08:57.610102Z,,,,,,,,,,
HE.FIA0.00.00 | 2025-04-27T04:46:01.060842Z - 2025-04-27T04:47:01.060842Z,,,,,,,,,,
HE.KPF.00.00 | 2025-12-16T21:58:50.511564Z - 2025-12-16T21:59:50.511564Z,,,,,,,,,,
HE.KU1.00.00 | 2025-03-25T12:14:27.888998Z - 2025-03-25T12:15:27.888998Z,,,,,,,,,,
FN.RAJF.00.00 | 2025-01-14T01:36:18.179898Z - 2025-01-14T01:37:18.179898Z,,,,,,,,,,
FN.RNF.00.00 | 2025-03-25T13:47:20.613259Z - 2025-03-25T13:48:20.613259Z,,,,,,,,,,
HE.RSUO.00.00 | 2025-09-18T19:35:03.335400Z - 2025-09-18T19:36:03.335400Z,,,,,,,,,,
HE.VAF.00.00 | 2025-12-21T13:45:36.195318Z - 2025-12-21T13:46:36.195318Z,,,,,,,,,,
HE.FIA3.00.00 | 2025-08-27T06:20:29.252389Z - 2025-08-27T06:21:29.252389Z,,,,,,,,,,
HE.KY02.00.00 | 2025-06-18T00:07:04.082685Z - 2025-06-18T00:08:04.082685Z,,,,,,,,,,
HE.MEF.00.00 | 2025-02-12T05:20:58.790036Z - 2025-02-12T05:21:58.790036Z,,,,,,,,,,
HE.KIF.00.00 | 2025-11-01T05:34:14.848607Z - 2025-11-01T05:35:14.848607Z,,,,,,,,,,
HE.FIB3.00.00 | 2025-06-25T13:03:14.459512Z - 2025-06-25T13:04:14.459512Z,,,,,,,,,,
HE.KU1.00.00 | 2025-07-26T16:59:53.505721Z - 2025-07-26T17:00:53.505721Z,,,,,,,,,,
HE.FIB1.00.00 | 2025-05-30T10:51:20.858004Z - 2025-05-30T10:52:20.858004Z,,,,,,,,,,
HE.VAF.00.00 | 2025-07-28T00:50:07.988380Z - 2025-07-28T00:51:07.988380Z,,,,,,,,,,
FN.RNF.00.00 | 2025-03-31T01:06:35.772777Z - 2025-03-31T01:07:35.772777Z,,,,,,,,,,
FN.RNF.00.00 | 2025-07-17T06:15:16.128574Z - 2025-07-17T06:16:16.128574Z,,,,,,,,,,
HE.HEL2.00.00 | 2025-09-27T21:07:52.472956Z - 2025-09-27T21:08:52.472956Z,,,,,,,,,,
HE.TRE03.00.00 | 2025-10-03T12:25:16.504732Z - 2025-10-03T12:26:16.504732Z,,,,,,,,,,
FN.OUL.00.00 | 2025-01-29T20:32:00.257281Z - 2025-01-29T20:33:00.257281Z,,,,,,,,,,
HE.FIC5.00.00 | 2025-08-30T05:19:32.341533Z - 2025-08-30T05:20:32.341533Z,,,,,,,,,,
HE.KEF.00.00 | 2025-05-21T12:35:27.440680Z - 2025-05-21T12:36:27.440680Z,,,,,,,,,,
UP.AAL.00.00 | 2025-04-29T13:06:49.092985Z - 2025-04-29T13:07:49.092985Z,,,,,,,,,,
HE.KORF.00.00 | 2025-04-13T21:42:13.991606Z - 2025-04-13T21:43:13.991606Z,,,,,,,,,,
FN.KLF.00.00 | 2025-10-28T11:21:19.607232Z - 2025-10-28T11:22:19.607232Z,,,,,,,,,,
HE.FIB4.00.00 | 2025-12-26T01:19:48.527895Z - 2025-12-26T01:20:48.527895Z,,,,,,,,,,
HE.KAF.00.00 | 2025-10-31T19:10:02.624629Z - 2025-10-31T19:11:02.624629Z,,,,,,,,,,
HE.KY02.00.00 | 2025-07-13T03:02:25.532889Z - 2025-07-13T03:03:25.532889Z,,,,,,,,,,
HE.HEL1.00.00 | 2025-10-08T06:31:05.121769Z - 2025-10-08T06:32:05.121769Z,,,,,,,,,,
HE.FIC1.00.00 | 2025-11-10T03:54:50.551671Z - 2025-11-10T03:55:50.551671Z,,,,,,,,,,
HE.TVF.00.00 | 2025-01-02T08:11:08.706375Z - 2025-01-02T08:12:08.706375Z,,,,,,,,,,
HE.VRF.00.00 | 2025-03-22T23:54:14.200454Z - 2025-03-22T23:55:14.200454Z,,,,,,,,,,
UP.AAL.00.00 | 2025-09-30T12:00:56.248189Z - 2025-09-30T12:01:56.248189Z,,,,,,,,,,
HE.FIB5.00.00 | 2025-10-15T07:16:30.866916Z - 2025-10-15T07:17:30.866916Z,,,,,,,,,,
HE.KY17.00.00 | 2025-10-10T03:19:01.261920Z - 2025-10-10T03:20:01.261920Z,,,,,,,,,,
UP.AAL.00.00 | 2025-05-18T16:19:11.355579Z - 2025-05-18T16:20:11.355579Z,,,,,,,,,,
HE.KU1.00.00 | 2025-10-02T06:38:48.012257Z - 2025-10-02T06:39:48.012257Z,,,,,,,,,,
HE.VRF.00.00 | 2025-06-06T10:21:57.698945Z - 2025-06-06T10:22:57.698945Z,,,,,,,,,,
HE.KY02.00.00 | 2025-08-04T15:05:51.498857Z - 2025-08-04T15:06:51.498857Z,,,,,,,,,,
HE.HEL2.00.00 | 2025-09-09T14:08:54.613959Z - 2025-09-09T14:09:54.613959Z,,,,,,,,,,
HE.VJF.00.00 | 2025-11-10T23:07:46.187754Z - 2025-11-10T23:08:46.187754Z,,,,,,,,,,
HE.KU6.00.00 | 2025-07-22T03:48:32.590037Z - 2025-07-22T03:49:32.590037Z,,,,,,,,,,
HE.FIB2.00.00 | 2025-12-12T06:13:40.010979Z - 2025-12-12T06:14:40.010979Z,,,,,,,,,,
FN.SGF.00.00 | 2025-08-20T19:27:07.513219Z - 2025-08-20T19:28:07.513219Z,,,,,,,,,,
FN.RAJF.00.00 | 2025-06-04T15:48:42.074145Z - 2025-06-04T15:49:42.074145Z,,,,,,,,,,
HE.FIB5.00.00 | 2025-04-18T03:52:21.980384Z - 2025-04-18T03:53:21.980384Z,,,,,,,,,,
HE.KY02.00.00 | 2025-08-21T23:26:12.515854Z - 2025-08-21T23:27:12.515854Z,,,,,,,,,,
HE.MEF.00.00 | 2025-11-05T00:16:45.125550Z - 2025-11-05T00:17:45.125550Z,,,,,,,,,,
HE.FIB1.00.00 | 2025-07-22T21:04:53.281761Z - 2025-07-22T21:05:53.281761Z,,,,,,,,,,
HE.FIA0.00.00 | 2025-06-22T01:19:48.906377Z - 2025-06-22T01:20:48.906377Z,,,,,,,,,,
HE.FIC3.00.00 | 2025-04-03T21:16:13.989288Z - 2025-04-03T21:17:13.989288Z,,,,,,,,,,
HE.KU2.00.00 | 2025-11-07T20:32:25.148200Z - 2025-11-07T20:33:25.148200Z,,,,,,,,,,
HE.FIC1.00.00 | 2025-06-06T22:15:54.497774Z - 2025-06-06T22:16:54.497774Z,,,,,,,,,,
HE.KU6.00.00 | 2025-08-01T19:48:53.612735Z - 2025-08-01T19:49:53.612735Z,,,,,,,,,,
HE.KEF.00.00 | 2025-06-07T15:07:01.881594Z - 2025-06-07T15:08:01.881594Z,,,,,,,,,,
HE.TOF.00.00 | 2025-05-26T19:49:30.258159Z - 2025-05-26T19:50:30.258159Z,,,,,,,,,,
HE.FIC5.00.00 | 2025-06-20T06:33:11.575024Z - 2025-06-20T06:34:11.575024Z,,,,,,,,,,
HE.RAF.00.00 | 2025-04-10T02:54:29.156684Z - 2025-04-10T02:55:29.156684Z,,,,,,,,,,
HE.PVF.00.00 | 2025-03-29T11:29:53.094945Z - 2025-03-29T11:30:53.094945Z,,,,,,,,,,
HE.FIB3.00.00 | 2025-12-02T21:12:31.795767Z - 2025-12-02T21:13:31.795767Z,,,,,,,,,,
HE.TOF.00.00 | 2025-03-08T09:32:04.974698Z - 2025-03-08T09:33:04.974698Z,,,,,,,,,,
HE.FIC2.00.00 | 2025-07-07T14:43:27.005606Z - 2025-07-07T14:44:27.005606Z,,,,,,,,,,
HE.KJNF.00.00 | 2025-08-30T12:34:25.239556Z - 2025-08-30T12:35:25.239556Z,,,,,,,,,,
HE.MEF.00.00 | 2025-02-15T20:10:17.272377Z - 2025-02-15T20:11:17.272377Z,,,,,,,,,,
HE.FIB6.00.00 | 2025-11-01T11:50:18.468025Z - 2025-11-01T11:51:18.468025Z,,,,,,,,,,
HE.FIC4.00.00 | 2025-03-11T03:20:07.585611Z - 2025-03-11T03:21:07.585611Z,,,,,,,,,,
HE.LOVF.00.00 | 2025-12-01T11:14:22.926918Z - 2025-12-01T11:15:22.926918Z,,,,,,,,,,
HE.KIF.00.00 | 2025-03-22T16:03:48.181625Z - 2025-03-22T16:04:48.181625Z,,,,,,,,,,
HE.NUR.00.00 | 2025-06-04T17:52:12.282562Z - 2025-06-04T17:53:12.282562Z,,,,,,,,,,
HE.KAF.00.00 | 2025-11-28T04:53:20.560924Z - 2025-11-28T04:54:20.560924Z,,,,,,,,,,
HE.KORF.00.00 | 2025-09-08T16:44:54.519006Z - 2025-09-08T16:45:54.519006Z,,,,,,,,,,
HE.HEF.00.00 | 2025-09-07T05:26:29.662001Z - 2025-09-07T05:27:29.662001Z,,,,,,,,,,
FN.MSF.00.00 | 2025-11-23T18:23:27.714472Z - 2025-11-23T18:24:27.714472Z,,,,,,,,,,
FN.OUL.00.00 | 2025-01-19T19:48:05.395849Z - 2025-01-19T19:49:05.395849Z,,,,,,,,,,
HE.KU2.00.00 | 2025-02-02T20:34:42.238926Z - 2025-02-02T20:35:42.238926Z,,,,,,,,,,
HE.NIF.00.00 | 2025-02-04T16:28:32.176795Z - 2025-02-04T16:29:32.176795Z,,,,,,,,,,
HE.JOF.00.00 | 2025-02-08T03:16:47.842453Z - 2025-02-08T03:17:47.842453Z,,,,,,,,,,
HE.OBF8.00.00 | 2025-12-21T16:42:08.086574Z - 2025-12-21T16:43:08.086574Z,,,,,,,,,,
HE.LOVF.00.00 | 2025-01-21T07:40:29.750244Z - 2025-01-21T07:41:29.750244Z,,,,,,,,,,
HE.FIB6.00.00 | 2025-07-27T14:02:11.987363Z - 2025-07-27T14:03:11.987363Z,,,,,,,,,,
HE.NUR.00.00 | 2025-02-06T04:01:32.604254Z - 2025-02-06T04:02:32.604254Z,,,,,,,,,,
HE.FIB5.00.00 | 2025-04-27T03:27:44.421630Z - 2025-04-27T03:28:44.421630Z,,,,,,,,,,
HE.KPF.00.00 | 2025-10-19T07:36:15.233271Z - 2025-10-19T07:37:15.233271Z,,,,,,,,,,
HE.KU6.00.00 | 2025-04-05T23:26:04.538567Z - 2025-04-05T23:27:04.538567Z,,,,,,,,,,
HE.FIB3.00.00 | 2025-11-06T18:36:09.003781Z - 2025-11-06T18:37:09.003781Z,,,,,,,,,,
FN.RANF.00.00 | 2025-12-30T00:04:14.911861Z - 2025-12-30T00:05:14.911861Z,,,,,,,,,,
FN.SGF.00.00 | 2025-08-19T11:54:40.225047Z - 2025-08-19T11:55:40.225047Z,,,,,,,,,,
HE.KIF.00.00 | 2025-08-16T17:27:04.179528Z - 2025-08-16T17:28:04.179528Z,,,,,,,,,,
HE.RMF.00.00 | 2025-07-03T14:31:47.425077Z - 2025-07-03T14:32:47.425077Z,,,,,,,,,,
HE.LAUT.00.00 | 2025-03-18T12:08:14.124492Z - 2025-03-18T12:09:14.124492Z,,,,,,,,,,
FN.KLF.00.00 | 2025-06-12T10:12:46.811240Z - 2025-06-12T10:13:46.811240Z,,,,,,,,,,
FN.KMNF.00.00 | 2025-11-26T03:35:42.494294Z - 2025-11-26T03:36:42.494294Z,,,,,,,,,,
HE.KEF.00.00 | 2025-08-10T05:21:33.315235Z - 2025-08-10T05:22:33.315235Z,,,,,,,,,,
HE.TRE03.00.00 | 2025-07-12T18:03:05.448862Z - 2025-07-12T18:04:05.448862Z,,,,,,,,,,
HE.MEF.00.00 | 2025-05-19T22:09:06.776349Z - 2025-05-19T22:10:06.776349Z,,,,,,,,,,
HE.VJF.00.00 | 2025-12-09T14:48:00.598198Z - 2025-12-09T14:49:00.598198Z,,,,,,,,,,
HE.PVF.00.00 | 2025-08-04T23:48:54.060497Z - 2025-08-04T23:49:54.060497Z,,,,,,,,,,
HE.KJNF.00.00 | 2025-05-02T11:59:14.468964Z - 2025-05-02T12:00:14.468964Z,,,,,,,,,,
HE.VUOS.00.00 | 2025-11-06T12:28:13.452485Z - 2025-11-06T12:29:13.452485Z,,,,,,,,,,
HE.FIA2.00.00 | 2025-08-28T21:28:21.669030Z - 2025-08-28T21:29:21.669030Z,,,,,,,,,,
HE.RUF.00.00 | 2025-12-16T08:49:07.278935Z - 2025-12-16T08:50:07.278935Z,,,,,,,,,,
HE.FIA3.00.00 | 2025-07-09T15:29:30.750273Z - 2025-07-09T15:30:30.750273Z,,,,,,,,,,
HE.RSUO.00.00 | 2025-01-31T11:29:04.111742Z - 2025-01-31T11:30:04.111742Z,,,,,,,,,,
HE.FIA3.00.00 | 2025-01-12T00:37:36.977922Z - 2025-01-12T00:38:36.977922Z,,,,,,,,,,
HE.FIC5.00.00 | 2025-01-16T05:07:00.606004Z - 2025-01-16T05:08:00.606004Z,,,,,,,,,,
HE.RAF.00.00 | 2025-12-12T13:41:25.815015Z - 2025-12-12T13:42:25.815015Z,,,,,,,,,,
HE.FIA2.00.00 | 2025-05-11T17:24:43.926679Z - 2025-05-11T17:25:43.926679Z,,,,,,,,,,
HE.VRF.00.00 | 2025-08-30T04:24:12.573414Z - 2025-08-30T04:25:12.573414Z,,,,,,,,,,
HE.OBF0.00.00 | 2025-10-31T21:19:29.496705Z - 2025-10-31T21:20:29.496705Z,,,,,,,,,,
HE.KU2.00.00 | 2025-06-29T05:10:53.300297Z - 2025-06-29T05:11:53.300297Z,,,,,,,,,,
HE.KU1.00.00 | 2025-08-21T08:01:48.520542Z - 2025-08-21T08:02:48.520542Z,,,,,,,,,,
HE.KU6.00.00 | 2025-06-10T16:25:28.733520Z - 2025-06-10T16:26:28.733520Z,,,,,,,,,,
HE.FIB3.00.00 | 2025-03-15T06:27:46.774677Z - 2025-03-15T06:28:46.774677Z,,,,,,,,,,
HE.FIA3.00.00 | 2025-10-24T02:22:17.104889Z - 2025-10-24T02:23:17.104889Z,,,,,,,,,,
HE.LAUT.00.00 | 2025-09-25T23:37:02.314947Z - 2025-09-25T23:38:02.314947Z,,,,,,,,,,
HE.FIC2.00.00 | 2025-04-10T03:13:20.293358Z - 2025-04-10T03:14:20.293358Z,,,,,,,,,,
HE.FIA3.00.00 | 2025-12-09T06:00:29.277797Z - 2025-12-09T06:01:29.277797Z,,,,,,,,,,
HE.OBF8.00.00 | 2025-06-09T22:54:00.418799Z - 2025-06-09T22:55:00.418799Z,,,,,,,,,,
HE.FIB2.00.00 | 2025-11-14T16:09:02.008798Z - 2025-11-14T16:10:02.008798Z,,,,,,,,,,
HE.HEF.00.00 | 2025-10-03T20:50:33.014221Z - 2025-10-03T20:51:33.014221Z,,,,,,,,,,
HE.RSUO.00.00 | 2025-10-27T16:02:28.589309Z - 2025-10-27T16:03:28.589309Z,,,,,,,,,,
HE.KPF.00.00 | 2025-04-01T14:45:06.885369Z - 2025-04-01T14:46:06.885369Z,,,,,,,,,,
HE.OBF0.00.00 | 2025-11-05T10:51:03.492945Z - 2025-11-05T10:52:03.492945Z,,,,,,,,,,
HE.OUF.00.00 | 2025-03-28T19:41:15.050164Z - 2025-03-28T19:42:15.050164Z,,,,,,,,,,
FN.RAJF.00.00 | 2025-06-05T06:21:10.085166Z - 2025-06-05T06:22:10.085166Z,,,,,,,,,,
HE.TVF.00.00 | 2025-02-16T10:32:49.038856Z - 2025-02-16T10:33:49.038856Z,,,,,,,,,,
HE.FIC4.00.00 | 2025-07-29T15:34:49.895479Z - 2025-07-29T15:35:49.895479Z,,,,,,,,,,
HE.JOF.00.00 | 2025-01-04T23:35:37.996805Z - 2025-01-04T23:36:37.996805Z,,,,,,,,,,
HE.KY17.00.00 | 2025-12-09T14:44:15.573478Z - 2025-12-09T14:45:15.573478Z,,,,,,,,,,
HE.FIB5.00.00 | 2025-04-17T17:15:54.395126Z - 2025-04-17T17:16:54.395126Z,,,,,,,,,,
HE.VRF.00.00 | 2025-08-16T18:58:25.056401Z - 2025-08-16T18:59:25.056401Z,,,,,,,,,,
HE.TOF.00.00 | 2025-11-01T03:49:06.257505Z - 2025-11-01T03:50:06.257505Z,,,,,,,,,,
HE.HEF.00.00 | 2025-10-02T11:29:01.318418Z - 2025-10-02T11:30:01.318418Z,,,,,,,,,,
HE.TRE03.00.00 | 2025-06-21T12:05:44.870955Z - 2025-06-21T12:06:44.870955Z,,,,,,,,,,
HE.KUNI.00.00 | 2025-09-04T15:32:23.244133Z - 2025-09-04T15:33:23.244133Z,,,,,,,,,,
HE.RMF.00.00 | 2025-08-25T09:20:41.471144Z - 2025-08-25T09:21:41.471144Z,,,,,,,,,,
HE.NUR.00.00 | 2025-05-05T06:02:32.962464Z - 2025-05-05T06:03:32.962464Z,,,,,,,,,,
HE.FIC3.00.00 | 2025-01-06T17:22:04.535277Z - 2025-01-06T17:23:04.535277Z,,,,,,,,,,
HE.FIC5.00.00 | 2025-11-19T04:52:35.339550Z - 2025-11-19T04:53:35.339550Z,,,,,,,,,,
HE.FIB2.00.00 | 2025-06-20T12:19:34.831789Z - 2025-06-20T12:20:34.831789Z,,,,,,,,,,
HE.FIC6.00.00 | 2025-03-16T19:36:19.521005Z - 2025-03-16T19:37:19.521005Z,,,,,,,,,,
HE.KORF.00.00 | 2025-07-13T14:17:45.114586Z - 2025-07-13T14:18:45.114586Z,,,,,,,,,,
HE.KAF.00.00 | 2025-09-21T21:39:20.845988Z - 2025-09-21T21:40:20.845988Z,,,,,,,,,,
HE.TRE03.00.00 | 2025-07-26T21:32:51.121129Z - 2025-07-26T21:33:51.121129Z,,,,,,,,,,
HE.VRF.00.00 | 2025-06-01T17:14:03.042414Z - 2025-06-01T17:15:03.042414Z,,,,,,,,,,
HE.MEF.00.00 | 2025-03-10T17:25:17.788176Z - 2025-03-10T17:26:17.788176Z,,,,,,,,,,
HE.KORF.00.00 | 2025-03-14T07:35:29.469493Z - 2025-03-14T07:36:29.469493Z,,,,,,,,,,
HE.OBF0.00.00 | 2025-01-05T07:36:11.763522Z - 2025-01-05T07:37:11.763522Z,,,,,,,,,,
HE.FIB5.00.00 | 2025-12-01T18:17:15.761516Z - 2025-12-01T18:18:15.761516Z,,,,,,,,,,
HE.FIC5.00.00 | 2025-12-02T06:43:00.709950Z - 2025-12-02T06:44:00.709950Z,,,,,,,,,,
FN.KMNF.00.00 | 2025-10-19T14:32:41.711733Z - 2025-10-19T14:33:41.711733Z,,,,,,,,,,
HE.FIB1.00.00 | 2025-11-10T04:01:04.617067Z - 2025-11-10T04:02:04.617067Z,,,,,,,,,,
HE.FIB1.00.00 | 2025-07-01T15:51:25.068324Z - 2025-07-01T15:52:25.068324Z,,,,,,,,,,
HE.FIA1.00.00 | 2025-06-25T03:04:47.838857Z - 2025-06-25T03:05:47.838857Z,,,,,,,,,,
FN.KMNF.00.00 | 2025-08-13T08:02:22.352366Z - 2025-08-13T08:03:22.352366Z,,,,,,,,,,
HE.RSUO.00.00 | 2025-08-07T12:52:43.107388Z - 2025-08-07T12:53:43.107388Z,,,,,,,,,,
HE.LOVF.00.00 | 2025-09-01T17:52:30.119916Z - 2025-09-01T17:53:30.119916Z,,,,,,,,,,
UP.AAL.00.00 | 2025-08-28T00:46:45.009323Z - 2025-08-28T00:47:45.009323Z,,,,,,,,,,
HE.FIB4.00.00 | 2025-06-03T18:55:45.300893Z - 2025-06-03T18:56:45.300893Z,,,,,,,,,,
HE.ECKF.00.00 | 2025-05-17T02:53:24.025738Z - 2025-05-17T02:54:24.025738Z,,,,,,,,,,
HE.KIF.00.00 | 2025-10-07T15:29:28.179033Z - 2025-10-07T15:30:28.179033Z,,,,,,,,,,
HE.ECKF.00.00 | 2025-02-12T21:59:43.586132Z - 2025-02-12T22:00:43.586132Z,,,,,,,,,,
HE.OBF3.00.00 | 2025-08-26T02:50:42.629996Z - 2025-08-26T02:51:42.629996Z,,,,,,,,,,
HE.FIA0.00.00 | 2025-06-14T17:18:59.777074Z - 2025-06-14T17:19:59.777074Z,,,,,,,,,,
HE.VUOS.00.00 | 2025-01-06T18:24:12.589153Z - 2025-01-06T18:25:12.589153Z,,,,,,,,,,
HE.HEF.00.00 | 2025-10-01T02:07:09.694246Z - 2025-10-01T02:08:09.694246Z,,,,,,,,,,
HE.FIA0.00.00 | 2025-12-25T12:37:31.744022Z - 2025-12-25T12:38:31.744022Z,,,,,,,,,,
HE.FIB2.00.00 | 2025-01-06T21:03:17.412138Z - 2025-01-06T21:04:17.412138Z,,,,,,,,,,
HE.VRF.00.00 | 2025-03-31T11:52:32.589367Z - 2025-03-31T11:53:32.589367Z,,,,,,,,,,
HE.OBF8.00.00 | 2025-02-15T20:00:01.508445Z - 2025-02-15T20:01:01.508445Z,,,,,,,,,,
FN.RAJF.00.00 | 2025-10-04T18:54:36.275867Z - 2025-10-04T18:55:36.275867Z,,,,,,,,,,
HE.RAF.00.00 | 2025-12-23T10:07:47.689414Z - 2025-12-23T10:08:47.689414Z,,,,,,,,,,
HE.FIC2.00.00 | 2025-04-16T14:24:57.286974Z - 2025-04-16T14:25:57.286974Z,,,,,,,,,,
HE.OUF.00.00 | 2025-11-01T08:19:13.858762Z - 2025-11-01T08:20:13.858762Z,,,,,,,,,,
HE.FIC2.00.00 | 2025-01-18T00:59:11.194418Z - 2025-01-18T01:00:11.194418Z,,,,,,,,,,
HE.SUF.00.00 | 2025-05-02T09:11:23.149619Z - 2025-05-02T09:12:23.149619Z,,,,,,,,,,
HE.KU2.00.00 | 2025-12-22T10:20:58.987694Z - 2025-12-22T10:21:58.987694Z,,,,,,,,,,
HE.KEV.00.00 | 2025-03-16T18:10:22.201346Z - 2025-03-16T18:11:22.201346Z,,,,,,,,,,
FN.OUL.00.00 | 2025-05-23T12:25:16.917698Z - 2025-05-23T12:26:16.917698Z,,,,,,,,,,
FN.MSF.00.00 | 2025-05-17T07:23:24.901356Z - 2025-05-17T07:24:24.901356Z,,,,,,,,,,
HE.FIB5.00.00 | 2025-03-06T03:20:23.871935Z - 2025-03-06T03:21:23.871935Z,,,,,,,,,,
HE.LOVF.00.00 | 2025-02-11T01:42:37.659987Z - 2025-02-11T01:43:37.659987Z,,,,,,,,,,
HE.FIB5.00.00 | 2025-12-10T19:47:52.920901Z - 2025-12-10T19:48:52.920901Z,,,,,,,,,,
HE.OBF0.00.00 | 2025-05-12T15:19:39.710802Z - 2025-05-12T15:20:39.710802Z,,,,,,,,,,
HE.KY02.00.00 | 2025-11-19T16:03:32.621498Z - 2025-11-19T16:04:32.621498Z,,,,,,,,,,
HE.FIB3.00.00 | 2025-11-10T19:04:41.363253Z - 2025-11-10T19:05:41.363253Z,,,,,,,,,,
HE.KAF.00.00 | 2025-04-01T00:00:36.835585Z - 2025-04-01T00:01:36.835585Z,,,,,,,,,,
HE.OBF8.00.00 | 2025-03-11T05:13:59.150183Z - 2025-03-11T05:14:59.150183Z,,,,,,,,,,
HE.FIA0.00.00 | 2025-09-08T13:56:00.871125Z - 2025-09-08T13:57:00.871125Z,,,,,,,,,,
HE.VRF.00.00 | 2025-10-16T07:43:08.595594Z - 2025-10-16T07:44:08.595594Z,,,,,,,,,,
HE.FIB5.00.00 | 2025-07-29T09:50:53.693778Z - 2025-07-29T09:51:53.693778Z,,,,,,,,,,
HE.FIA0.00.00 | 2025-12-27T00:18:13.891836Z - 2025-12-27T00:19:13.891836Z,,,,,,,,,,
HE.OBF0.00.00 | 2025-07-16T14:28:51.644119Z - 2025-07-16T14:29:51.644119Z,,,,,,,,,,
HE.KJNF.00.00 | 2025-01-28T08:45:10.058432Z - 2025-01-28T08:46:10.058432Z,,,,,,,,,,
HE.KU1.00.00 | 2025-04-17T13:42:32.141824Z - 2025-04-17T13:43:32.141824Z,,,,,,,,,,
HE.FIB5.00.00 | 2025-05-10T11:41:18.587982Z - 2025-05-10T11:42:18.587982Z,,,,,,,,,,
HE.HEL5.00.00 | 2025-06-25T02:44:41.354054Z - 2025-06-25T02:45:41.354054Z,,,,,,,,,,
HE.SUF.00.00 | 2025-12-04T18:13:50.584357Z - 2025-12-04T18:14:50.584357Z,,,,,,,,,,
UP.AAL.00.00 | 2025-04-22T05:09:52.870850Z - 2025-04-22T05:10:52.870850Z,,,,,,,,,,
FN.MSF.00.00 | 2025-12-09T15:50:32.174006Z - 2025-12-09T15:51:32.174006Z,,,,,,,,,,
HE.JOF.00.00 | 2025-05-26T16:23:55.361208Z - 2025-05-26T16:24:55.361208Z,,,,,,,,,,
HE.FIC4.00.00 | 2025-11-22T14:40:26.546639Z - 2025-11-22T14:41:26.546639Z,,,,,,,,,,
FN.KLF.00.00 | 2025-06-07T07:54:04.607066Z - 2025-06-07T07:55:04.607066Z,,,,,,,,,,
HE.FIB4.00.00 | 2025-11-08T18:31:43.188664Z - 2025-11-08T18:32:43.188664Z,,,,,,,,,,
HE.KPF.00.00 | 2025-10-14T14:45:50.720839Z - 2025-10-14T14:46:50.720839Z,,,,,,,,,,
HE.OBF3.00.00 | 2025-03-31T20:39:26.579791Z - 2025-03-31T20:40:26.579791Z,,,,,,,,,,
HE.KU1.00.00 | 2025-06-02T17:02:30.695637Z - 2025-06-02T17:03:30.695637Z,,,,,,,,,,
HE.OBF0.00.00 | 2025-10-26T10:37:07.606583Z - 2025-10-26T10:38:07.606583Z,,,,,,,,,,
HE.RMF.00.00 | 2025-06-19T16:40:11.723002Z - 2025-06-19T16:41:11.723002Z,,,,,,,,,,
HE.VAF.00.00 | 2025-11-10T21:25:15.176049Z - 2025-11-10T21:26:15.176049Z,,,,,,,,,,
HE.HEL2.00.00 | 2025-02-09T06:41:02.340601Z - 2025-02-09T06:42:02.340601Z,,,,,,,,,,
FN.OUL.00.00 | 2025-07-13T06:22:54.074822Z - 2025-07-13T06:23:54.074822Z,,,,,,,,,,
FN.RAJF.00.00 | 2025-01-10T18:10:18.520052Z - 2025-01-10T18:11:18.520052Z,,,,,,,,,,
HE.KEF.00.00 | 2025-12-08T05:44:08.122383Z - 2025-12-08T05:45:08.122383Z,,,,,,,,,,
HE.KY17.00.00 | 2025-01-30T17:28:26.291766Z - 2025-01-30T17:29:26.291766Z,,,,,,,,,,
HE.HEL1.00.00 | 2025-06-21T18:05:43.883134Z - 2025-06-21T18:06:43.883134Z,,,,,,,,,,
HE.VAF.00.00 | 2025-01-01T15:25:00.335878Z - 2025-01-01T15:26:00.335878Z,,,,,,,,,,
FN.KMNF.00.00 | 2025-09-11T02:59:28.758169Z - 2025-09-11T03:00:28.758169Z,,,,,,,,,,
HE.TVF.00.00 | 2025-03-20T11:29:54.142764Z - 2025-03-20T11:30:54.142764Z,,,,,,,,,,
HE.ALAJF.00.00 | 2025-03-05T11:42:46.467818Z - 2025-03-05T11:43:46.467818Z,,,,,,,,,,
HE.RUF.00.00 | 2025-02-26T01:58:58.367655Z - 2025-02-26T01:59:58.367655Z,,,,,,,,,,
HE.KY17.00.00 | 2025-05-09T08:39:31.981219Z - 2025-05-09T08:40:31.981219Z,,,,,,,,,,
FN.RANF.00.00 | 2025-10-25T10:46:07.115242Z - 2025-10-25T10:47:07.115242Z,,,,,,,,,,
HE.RUF.00.00 | 2025-09-20T19:23:18.202768Z - 2025-09-20T19:24:18.202768Z,,,,,,,,,,
HE.VJF.00.00 | 2025-02-17T01:15:22.625233Z - 2025-02-17T01:16:22.625233Z,,,,,,,,,,
HE.FIA2.00.00 | 2025-12-12T16:20:10.813023Z - 2025-12-12T16:21:10.813023Z,,,,,,,,,,
HE.FIB4.00.00 | 2025-10-30T16:46:30.782592Z - 2025-10-30T16:47:30.782592Z,,,,,,,,,,
HE.RAF.00.00 | 2025-01-29T17:09:00.049530Z - 2025-01-29T17:10:00.049530Z,,,,,,,,,,
HE.FIC4.00.00 | 2025-06-30T09:27:48.416310Z - 2025-06-30T09:28:48.416310Z,,,,,,,,,,
FN.RANF.00.00 | 2025-07-24T21:27:24.498984Z - 2025-07-24T21:28:24.498984Z,,,,,,,,,,
HE.FIA3.00.00 | 2025-08-03T09:09:37.421399Z - 2025-08-03T09:10:37.421399Z,,,,,,,,,,
HE.HEL2.00.00 | 2025-06-25T00:38:53.424126Z - 2025-06-25T00:39:53.424126Z,,,,,,,,,,
HE.RMF.00.00 | 2025-02-07T22:27:20.784922Z - 2025-02-07T22:28:20.784922Z,,,,,,,,,,
HE.NIF.00.00 | 2025-07-17T00:53:26.589226Z - 2025-07-17T00:54:26.589226Z,,,,,,,,,,
HE.FIC5.00.00 | 2025-08-06T11:59:17.505482Z - 2025-08-06T12:00:17.505482Z,,,,,,,,,,
HE.VAF.00.00 | 2025-08-06T05:19:17.373798Z - 2025-08-06T05:20:17.373798Z,,,,,,,,,,
HE.OBF3.00.00 | 2025-11-05T15:09:10.281032Z - 2025-11-05T15:10:10.281032Z,,,,,,,,,,
HE.FIC1.00.00 | 2025-10-06T01:27:08.811302Z - 2025-10-06T01:28:08.811302Z,,,,,,,,,,
HE.KU1.00.00 | 2025-11-04T15:22:53.036700Z - 2025-11-04T15:23:53.036700Z,,,,,,,,,,
HE.KU6.00.00 | 2025-03-11T06:34:09.979996Z - 2025-03-11T06:35:09.979996Z,,,,,,,,,,
HE.LAUT.00.00 | 2025-01-14T05:51:28.888411Z - 2025-01-14T05:52:28.888411Z,,,,,,,,,,
HE.VRF.00.00 | 2025-03-05T14:24:34.548281Z - 2025-03-05T14:25:34.548281Z,,,,,,,,,,
HE.KU2.00.00 | 2025-08-14T20:29:47.076562Z - 2025-08-14T20:30:47.076562Z,,,,,,,,,,
HE.FIC6.00.00 | 2025-06-04T23:06:29.122626Z - 2025-06-04T23:07:29.122626Z,,,,,,,,,,
HE.FIC6.00.00 | 2025-09-07T22:56:08.432627Z - 2025-09-07T22:57:08.432627Z,,,,,,,,,,
HE.KIF.00.00 | 2025-01-16T07:35:35.525301Z - 2025-01-16T07:36:35.525301Z,,,,,,,,,,
HE.RUF.00.00 | 2025-04-19T22:41:08.538882Z - 2025-04-19T22:42:08.538882Z,,,,,,,,,,
HE.RUF.00.00 | 2025-12-17T05:40:49.077496Z - 2025-12-17T05:41:49.077496Z,,,,,,,,,,
HE.KJNF.00.00 | 2025-08-23T10:00:47.386726Z - 2025-08-23T10:01:47.386726Z,,,,,,,,,,
HE.ECKF.00.00 | 2025-12-02T09:16:31.459683Z - 2025-12-02T09:17:31.459683Z,,,,,,,,,,
HE.FIC6.00.00 | 2025-07-06T17:41:15.047388Z - 2025-07-06T17:42:15.047388Z,,,,,,,,,,
HE.KY17.00.00 | 2025-03-22T23:46:43.240971Z - 2025-03-22T23:47:43.240971Z,,,,,,,,,,
HE.NIF.00.00 | 2025-10-18T18:06:14.423141Z - 2025-10-18T18:07:14.423141Z,,,,,,,,,,
HE.KY02.00.00 | 2025-02-01T17:53:22.297070Z - 2025-02-01T17:54:22.297070Z,,,,,,,,,,
HE.KEF.00.00 | 2025-06-17T12:59:24.681664Z - 2025-06-17T13:00:24.681664Z,,,,,,,,,,
HE.LAUT.00.00 | 2025-06-07T02:40:09.673413Z - 2025-06-07T02:41:09.673413Z,,,,,,,,,,
HE.OBF0.00.00 | 2025-09-15T04:17:04.106310Z - 2025-09-15T04:18:04.106310Z,,,,,,,,,,
HE.NIF.00.00 | 2025-03-22T12:52:19.027406Z - 2025-03-22T12:53:19.027406Z,,,,,,,,,,
HE.VRF.00.00 | 2025-01-23T22:21:51.451901Z - 2025-01-23T22:22:51.451901Z,,,,,,,,,,
HE.ALAJF.00.00 | 2025-05-12T06:47:42.868702Z - 2025-05-12T06:48:42.868702Z,,,,,,,,,,
FN.OUL.00.00 | 2025-05-28T12:36:49.803382Z - 2025-05-28T12:37:49.803382Z,,,,,,,,,,
HE.TVF.00.00 | 2025-07-31T05:48:07.818595Z - 2025-07-31T05:49:07.818595Z,,,,,,,,,,
HE.ECKF.00.00 | 2025-06-16T18:40:01.984431Z - 2025-06-16T18:41:01.984431Z,,,,,,,,,,
HE.RSUO.00.00 | 2025-03-05T20:16:57.129830Z - 2025-03-05T20:17:57.129830Z,,,,,,,,,,
FN.RAJF.00.00 | 2025-06-04T03:34:20.432217Z - 2025-06-04T03:35:20.432217Z,,,,,,,,,,
HE.FIB3.00.00 | 2025-03-07T05:00:33.779057Z - 2025-03-07T05:01:33.779057Z,,,,,,,,,,
FN.SGF.00.00 | 2025-06-08T02:01:13.839613Z - 2025-06-08T02:02:13.839613Z,,,,,,,,,,
HE.LAUT.00.00 | 2025-07-21T02:10:54.413994Z - 2025-07-21T02:11:54.413994Z,,,,,,,,,,
HE.FIB4.00.00 | 2025-05-02T17:17:45.139852Z - 2025-05-02T17:18:45.139852Z,,,,,,,,,,
HE.FIC3.00.00 | 2025-02-05T08:09:37.597049Z - 2025-02-05T08:10:37.597049Z,,,,,,,,,,
HE.OBF8.00.00 | 2025-02-09T11:20:27.676397Z - 2025-02-09T11:21:27.676397Z,,,,,,,,,,
HE.FIB6.00.00 | 2025-11-30T16:04:38.270687Z - 2025-11-30T16:05:38.270687Z,,,,,,,,,,
HE.FIC1.00.00 | 2025-06-27T04:31:08.858858Z - 2025-06-27T04:32:08.858858Z,,,,,,,,,,
HE.LOVF.00.00 | 2025-05-31T23:41:42.432259Z - 2025-05-31T23:42:42.432259Z,,,,,,,,,,
HE.OBF3.00.00 | 2025-12-14T07:19:01.892109Z - 2025-12-14T07:20:01.892109Z,,,,,,,,,,
FN.RNF.00.00 | 2025-09-28T20:38:28.785723Z - 2025-09-28T20:39:28.785723Z,,,,,,,,,,
HE.KU6.00.00 | 2025-08-17T16:19:29.978684Z - 2025-08-17T16:20:29.978684Z,,,,,,,,,,
HE.FIA0.00.00 | 2025-03-17T12:37:56.965992Z - 2025-03-17T12:38:56.965992Z,,,,,,,,,,
FN.MSF.00.00 | 2025-08-08T10:31:25.555367Z - 2025-08-08T10:32:25.555367Z,,,,,,,,,,
HE.KU2.00.00 | 2025-05-28T20:34:34.973956Z - 2025-05-28T20:35:34.973956Z,,,,,,,,,,
HE.FIB1.00.00 | 2025-11-05T15:47:29.571642Z - 2025-11-05T15:48:29.571642Z,,,,,,,,,,
HE.MEF.00.00 | 2025-10-09T23:51:05.087426Z - 2025-10-09T23:52:05.087426Z,,,,,,,,,,
HE.TRE03.00.00 | 2025-09-06T07:26:04.788693Z - 2025-09-06T07:27:04.788693Z,,,,,,,,,,
FN.RAJF.00.00 | 2025-08-27T22:26:23.076432Z - 2025-08-27T22:27:23.076432Z,,,,,,,,,,
FN.KLF.00.00 | 2025-07-28T05:12:11.318941Z - 2025-07-28T05:13:11.318941Z,,,,,,,,,,
HE.SUF.00.00 | 2025-05-26T13:39:48.510339Z - 2025-05-26T13:40:48.510339Z,,,,,,,,,,
HE.KU2.00.00 | 2025-11-12T19:53:27.504881Z - 2025-11-12T19:54:27.504881Z,,,,,,,,,,
HE.OUF.00.00 | 2025-08-30T12:23:39.281359Z - 2025-08-30T12:24:39.281359Z,,,,,,,,,,
HE.RSUO.00.00 | 2025-04-18T23:50:15.292520Z - 2025-04-18T23:51:15.292520Z,,,,,,,,,,
HE.ALAJF.00.00 | 2025-02-02T08:20:20.611512Z - 2025-02-02T08:21:20.611512Z,,,,,,,,,,
FN.SGF.00.00 | 2025-07-22T10:56:23.595320Z - 2025-07-22T10:57:23.595320Z,,,,,,,,,,
UP.AAL.00.00 | 2025-06-02T06:32:14.015135Z - 2025-06-02T06:33:14.015135Z,,,,,,,,,,
HE.SUF.00.00 | 2025-08-11T20:45:18.514225Z - 2025-08-11T20:46:18.514225Z,,,,,,,,,,
HE.HEF.00.00 | 2025-06-28T18:03:20.672162Z - 2025-06-28T18:04:20.672162Z,,,,,,,,,,
HE.SUF.00.00 | 2025-08-04T03:56:14.393804Z - 2025-08-04T03:57:14.393804Z,,,,,,,,,,
FN.RNF.00.00 | 2025-05-05T08:39:17.501138Z - 2025-05-05T08:40:17.501138Z,,,,,,,,,,
FN.RANF.00.00 | 2025-01-30T04:06:54.697393Z - 2025-01-30T04:07:54.697393Z,,,,,,,,,,
HE.KORF.00.00 | 2025-02-02T02:19:02.026693Z - 2025-02-02T02:20:02.026693Z,,,,,,,,,,
HE.TOF.00.00 | 2025-08-25T14:57:20.136866Z - 2025-08-25T14:58:20.136866Z,,,,,,,,,,
HE.RSUO.00.00 | 2025-05-24T02:24:42.414691Z - 2025-05-24T02:25:42.414691Z,,,,,,,,,,
HE.KPF.00.00 | 2025-02-03T14:25:18.827791Z - 2025-02-03T14:26:18.827791Z,,,,,,,,,,
HE.FIA2.00.00 | 2025-07-09T10:13:48.212644Z - 2025-07-09T10:14:48.212644Z,,,,,,,,,,
HE.KAF.00.00 | 2025-01-11T12:53:01.323297Z - 2025-01-11T12:54:01.323297Z,,,,,,,,,,
HE.KPF.00.00 | 2025-01-19T01:30:50.970176Z - 2025-01-19T01:31:50.970176Z,,,,,,,,,,
HE.TRE03.00.00 | 2025-11-21T10:18:46.218412Z - 2025-11-21T10:19:46.218412Z,,,,,,,,,,
HE.VRF.00.00 | 2025-03-08T18:34:23.256309Z - 2025-03-08T18:35:23.256309Z,,,,,,,,,,
HE.HEL2.00.00 | 2025-02-23T06:14:52.879244Z - 2025-02-23T06:15:52.879244Z,,,,,,,,,,
HE.NIF.00.00 | 2025-10-25T03:01:33.110626Z - 2025-10-25T03:02:33.110626Z,,,,,,,,,,
UP.AAL.00.00 | 2025-04-06T05:32:28.726830Z - 2025-04-06T05:33:28.726830Z,,,,,,,,,,
HE.KY17.00.00 | 2025-06-28T02:55:45.489708Z - 2025-06-28T02:56:45.489708Z,,,,,,,,,,
HE.KEV.00.00 | 2025-03-26T06:03:52.180134Z - 2025-03-26T06:04:52.180134Z,,,,,,,,,,
HE.OBF0.00.00 | 2025-12-09T04:43:35.618860Z - 2025-12-09T04:44:35.618860Z,,,,,,,,,,
HE.KU1.00.00 | 2025-12-20T01:11:19.833317Z - 2025-12-20T01:12:19.833317Z,,,,,,,,,,
HE.KPF.00.00 | 2025-03-28T16:45:21.528646Z - 2025-03-28T16:46:21.528646Z,,,,,,,,,,
HE.FIB1.00.00 | 2025-08-01T00:59:59.092507Z - 2025-08-01T01:00:59.092507Z,,,,,,,,,,
HE.HEL5.00.00 | 2025-05-02T12:41:56.043430Z - 2025-05-02T12:42:56.043430Z,,,,,,,,,,
HE.KU6.00.00 | 2025-02-27T20:49:06.211314Z - 2025-02-27T20:50:06.211314Z,,,,,,,,,,
HE.FIC4.00.00 | 2025-12-17T01:07:39.242157Z - 2025-12-17T01:08:39.242157Z,,,,,,,,,,
HE.OBF8.00.00 | 2025-04-09T21:30:59.713868Z - 2025-04-09T21:31:59.713868Z,,,,,,,,,,
HE.PVF.00.00 | 2025-02-24T20:47:06.353234Z - 2025-02-24T20:48:06.353234Z,,,,,,,,,,
HE.KORF.00.00 | 2025-06-15T08:50:39.452396Z - 2025-06-15T08:51:39.452396Z,,,,,,,,,,
HE.KU1.00.00 | 2025-04-25T09:48:28.133335Z - 2025-04-25T09:49:28.133335Z,,,,,,,,,,
HE.FIB1.00.00 | 2025-08-17T04:36:24.777868Z - 2025-08-17T04:37:24.777868Z,,,,,,,,,,
HE.FIC1.00.00 | 2025-04-06T10:15:57.042455Z - 2025-04-06T10:16:57.042455Z,,,,,,,,,,
HE.VRF.00.00 | 2025-07-14T16:17:58.557157Z - 2025-07-14T16:18:58.557157Z,,,,,,,,,,
HE.HEL1.00.00 | 2025-10-11T21:30:48.765507Z - 2025-10-11T21:31:48.765507Z,,,,,,,,,,
HE.FIB2.00.00 | 2025-04-14T09:33:25.296105Z - 2025-04-14T09:34:25.296105Z,,,,,,,,,,
HE.FIC3.00.00 | 2025-05-26T20:54:11.621296Z - 2025-05-26T20:55:11.621296Z,,,,,,,,,,
HE.FIC1.00.00 | 2025-01-09T13:56:55.550723Z - 2025-01-09T13:57:55.550723Z,,,,,,,,,,
HE.VRF.00.00 | 2025-05-06T00:25:10.610685Z - 2025-05-06T00:26:10.610685Z,,,,,,,,,,
HE.FIB1.00.00 | 2025-08-08T12:40:16.560926Z - 2025-08-08T12:41:16.560926Z,,,,,,,,,,
HE.FIC2.00.00 | 2025-05-04T15:22:06.662717Z - 2025-05-04T15:23:06.662717Z,,,,,,,,,,
HE.FIC3.00.00 | 2025-01-28T07:49:33.929340Z - 2025-01-28T07:50:33.929340Z,,,,,,,,,,
HE.VJF.00.00 | 2025-04-23T21:45:20.299220Z - 2025-04-23T21:46:20.299220Z,,,,,,,,,,
HE.FIC2.00.00 | 2025-04-02T04:55:50.024312Z - 2025-04-02T04:56:50.024312Z,,,,,,,,,,
FN.RNF.00.00 | 2025-01-26T09:25:57.864679Z - 2025-01-26T09:26:57.864679Z,,,,,,,,,,
HE.FIC4.00.00 | 2025-07-24T20:56:44.269650Z - 2025-07-24T20:57:44.269650Z,,,,,,,,,,
HE.KPF.00.00 | 2025-03-20T11:53:51.255366Z - 2025-03-20T11:54:51.255366Z,,,,,,,,,,
FN.KMNF.00.00 | 2025-04-26T10:24:53.253658Z - 2025-04-26T10:25:53.253658Z,,,,,,,,,,
HE.KY02.00.00 | 2025-12-27T15:52:59.123430Z - 2025-12-27T15:53:59.123430Z,,,,,,,,,,
HE.KU1.00.00 | 2025-04-28T16:31:36.411677Z - 2025-04-28T16:32:36.411677Z,,,,,,,,,,
HE.NIF.00.00 | 2025-02-17T14:06:04.242079Z - 2025-02-17T14:07:04.242079Z,,,,,,,,,,
HE.NIF.00.00 | 2025-11-01T17:14:33.386980Z - 2025-11-01T17:15:33.386980Z,,,,,,,,,,
HE.FIC6.00.00 | 2025-02-21T17:06:22.328550Z - 2025-02-21T17:07:22.328550Z,,,,,,,,,,
HE.FIB1.00.00 | 2025-07-22T17:58:42.398992Z - 2025-07-22T17:59:42.398992Z,,,,,,,,,,
HE.HEL1.00.00 | 2025-01-08T22:38:12.317253Z - 2025-01-08T22:39:12.317253Z,,,,,,,,,,
FN.OLKF.00.00 | 2025-12-12T21:40:32.232567Z - 2025-12-12T21:41:32.232567Z,,,,,,,,,,
HE.FIC2.00.00 | 2025-10-21T14:15:11.290380Z - 2025-10-21T14:16:11.290380Z,,,,,,,,,,
HE.SUF.00.00 | 2025-11-06T15:10:15.029894Z - 2025-11-06T15:11:15.029894Z,,,,,,,,,,
FN.MSF.00.00 | 2025-08-04T13:39:52.556272Z - 2025-08-04T13:40:52.556272Z,,,,,,,,,,
HE.RAF.00.00 | 2025-12-04T22:36:59.458305Z - 2025-12-04T22:37:59.458305Z,,,,,,,,,,
HE.SUF.00.00 | 2025-09-23T03:29:22.338986Z - 2025-09-23T03:30:22.338986Z,,,,,,,,,,
HE.KU1.00.00 | 2025-07-22T05:41:27.183224Z - 2025-07-22T05:42:27.183224Z,,,,,,,,,,
HE.OBF8.00.00 | 2025-08-26T15:52:59.404766Z - 2025-08-26T15:53:59.404766Z,,,,,,,,,,
HE.HEL1.00.00 | 2025-05-31T18:32:16.105888Z - 2025-05-31T18:33:16.105888Z,,,,,,,,,,
HE.KJNF.00.00 | 2025-06-26T12:04:36.085520Z - 2025-06-26T12:05:36.085520Z,,,,,,,,,,
FN.SGF.00.00 | 2025-06-17T20:24:31.159484Z - 2025-06-17T20:25:31.159484Z,,,,,,,,,,
HE.FIC3.00.00 | 2025-10-08T11:36:17.702886Z - 2025-10-08T11:37:17.702886Z,,,,,,,,,,
HE.FIB4.00.00 | 2025-10-05T19:42:09.526260Z - 2025-10-05T19:43:09.526260Z,,,,,,,,,,
HE.ALAJF.00.00 | 2025-01-24T21:28:04.730419Z - 2025-01-24T21:29:04.730419Z,,,,,,,,,,
HE.VRF.00.00 | 2025-10-23T02:16:30.328301Z - 2025-10-23T02:17:30.328301Z,,,,,,,,,,
HE.RMF.00.00 | 2025-05-02T04:17:52.815208Z - 2025-05-02T04:18:52.815208Z,,,,,,,,,,
HE.NUR.00.00 | 2025-10-21T01:52:50.879168Z - 2025-10-21T01:53:50.879168Z,,,,,,,,,,
HE.KU6.00.00 | 2025-08-07T09:51:20.886802Z - 2025-08-07T09:52:20.886802Z,,,,,,,,,,
HE.KJNF.00.00 | 2025-06-07T19:11:00.114299Z - 2025-06-07T19:12:00.114299Z,,,,,,,,,,
HE.RSUO.00.00 | 2025-05-25T11:57:07.537231Z - 2025-05-25T11:58:07.537231Z,,,,,,,,,,
HE.NUR.00.00 | 2025-07-31T16:22:28.363148Z - 2025-07-31T16:23:28.363148Z,,,,,,,,,,
HE.FIA2.00.00 | 2025-06-28T08:43:19.575470Z - 2025-06-28T08:44:19.575470Z,,,,,,,,,,
HE.KPF.00.00 | 2025-05-08T03:38:33.634812Z - 2025-05-08T03:39:33.634812Z,,,,,,,,,,
HE.RSUO.00.00 | 2025-08-29T06:40:26.316103Z - 2025-08-29T06:41:26.316103Z,,,,,,,,,,
HE.NIF.00.00 | 2025-01-16T22:36:18.278016Z - 2025-01-16T22:37:18.278016Z,,,,,,,,,,
FN.KMNF.00.00 | 2025-02-15T02:24:41.307573Z - 2025-02-15T02:25:41.307573Z,,,,,,,,,,
HE.OBF3.00.00 | 2025-04-28T16:58:41.095666Z - 2025-04-28T16:59:41.095666Z,,,,,,,,,,
HE.KIF.00.00 | 2025-06-25T17:34:58.700585Z - 2025-06-25T17:35:58.700585Z,,,,,,,,,,
HE.HEL5.00.00 | 2025-08-07T21:03:45.581249Z - 2025-08-07T21:04:45.581249Z,,,,,,,,,,
HE.VRF.00.00 | 2025-03-30T19:45:03.141180Z - 2025-03-30T19:46:03.141180Z,,,,,,,,,,
HE.MEF.00.00 | 2025-07-03T12:38:04.947888Z - 2025-07-03T12:39:04.947888Z,,,,,,,,,,
HE.FIC2.00.00 | 2025-01-18T03:27:15.794089Z - 2025-01-18T03:28:15.794089Z,,,,,,,,,,
HE.ALAJF.00.00 | 2025-08-29T05:35:23.852220Z - 2025-08-29T05:36:23.852220Z,,,,,,,,,,
HE.TOF.00.00 | 2025-07-22T07:01:45.028836Z - 2025-07-22T07:02:45.028836Z,,,,,,,,,,
HE.TOF.00.00 | 2025-01-15T09:42:30.888775Z - 2025-01-15T09:43:30.888775Z,,,,,,,,,,
HE.KORF.00.00 | 2025-07-12T22:40:17.406254Z - 2025-07-12T22:41:17.406254Z,,,,,,,,,,
HE.TRE03.00.00 | 2025-12-10T05:28:17.920129Z - 2025-12-10T05:29:17.920129Z,,,,,,,,,,
FN.KMNF.00.00 | 2025-05-03T10:11:34.283082Z - 2025-05-03T10:12:34.283082Z,,,,,,,,,,
HE.OBF8.00.00 | 2025-12-18T17:21:02.082272Z - 2025-12-18T17:22:02.082272Z,,,,,,,,,,
HE.KEF.00.00 | 2025-05-28T08:19:13.116755Z - 2025-05-28T08:20:13.116755Z,,,,,,,,,,
HE.KEF.00.00 | 2025-05-12T16:19:25.532452Z - 2025-05-12T16:20:25.532452Z,,,,,,,,,,
HE.FIA2.00.00 | 2025-09-18T18:56:30.011764Z - 2025-09-18T18:57:30.011764Z,,,,,,,,,,
FN.RANF.00.00 | 2025-02-01T05:54:09.173931Z - 2025-02-01T05:55:09.173931Z,,,,,,,,,,
HE.OBF3.00.00 | 2025-02-17T11:52:49.540603Z - 2025-02-17T11:53:49.540603Z,,,,,,,,,,
HE.KAF.00.00 | 2025-01-04T16:24:53.471393Z - 2025-01-04T16:25:53.471393Z,,,,,,,,,,
FN.OUL.00.00 | 2025-03-31T12:34:23.690354Z - 2025-03-31T12:35:23.690354Z,,,,,,,,,,
HE.JOF.00.00 | 2025-08-13T14:20:40.082674Z - 2025-08-13T14:21:40.082674Z,,,,,,,,,,
HE.FIC4.00.00 | 2025-12-21T03:34:05.699812Z - 2025-12-21T03:35:05.699812Z,,,,,,,,,,
FN.OUL.00.00 | 2025-11-16T10:03:44.852426Z - 2025-11-16T10:04:44.852426Z,,,,,,,,,,
HE.FIA3.00.00 | 2025-05-27T01:24:07.678314Z - 2025-05-27T01:25:07.678314Z,,,,,,,,,,
HE.HEL5.00.00 | 2025-09-05T01:03:56.633852Z - 2025-09-05T01:04:56.633852Z,,,,,,,,,,
HE.VUOS.00.00 | 2025-10-24T23:48:56.630591Z - 2025-10-24T23:49:56.630591Z,,,,,,,,,,
HE.RMF.00.00 | 2025-11-30T13:54:30.727405Z - 2025-11-30T13:55:30.727405Z,,,,,,,,,,
HE.KEV.00.00 | 2025-11-07T04:05:16.638162Z - 2025-11-07T04:06:16.638162Z,,,,,,,,,,
HE.FIB2.00.00 | 2025-09-15T22:57:32.167796Z - 2025-09-15T22:58:32.167796Z,,,,,,,,,,
HE.MEF.00.00 | 2025-07-07T14:00:45.390475Z - 2025-07-07T14:01:45.390475Z,,,,,,,,,,
HE.FIB3.00.00 | 2025-09-05T22:32:57.399447Z - 2025-09-05T22:33:57.399447Z,,,,,,,,,,
HE.FIB1.00.00 | 2025-02-08T19:16:53.092555Z - 2025-02-08T19:17:53.092555Z,,,,,,,,,,
HE.FIC3.00.00 | 2025-09-07T19:34:29.991770Z - 2025-09-07T19:35:29.991770Z,,,,,,,,,,
HE.LOVF.00.00 | 2025-10-14T13:24:33.419678Z - 2025-10-14T13:25:33.419678Z,,,,,,,,,,
HE.RUF.00.00 | 2025-12-23T08:11:17.737231Z - 2025-12-23T08:12:17.737231Z,,,,,,,,,,
HE.ECKF.00.00 | 2025-01-18T09:46:50.887191Z - 2025-01-18T09:47:50.887191Z,,,,,,,,,,
HE.FIC1.00.00 | 2025-12-17T18:33:16.290796Z - 2025-12-17T18:34:16.290796Z,,,,,,,,,,
HE.KEV.00.00 | 2025-01-17T06:09:01.922688Z - 2025-01-17T06:10:01.922688Z,,,,,,,,,,
UP.AAL.00.00 | 2025-01-24T01:45:13.962711Z - 2025-01-24T01:46:13.962711Z,,,,,,,,,,
HE.FIC2.00.00 | 2025-09-19T23:44:51.912249Z - 2025-09-19T23:45:51.912249Z,,,,,,,,,,
HE.TOF.00.00 | 2025-09-13T11:10:41.850017Z - 2025-09-13T11:11:41.850017Z,,,,,,,,,,
FN.KLF.00.00 | 2025-09-27T09:01:56.280364Z - 2025-09-27T09:02:56.280364Z,,,,,,,,,,
UP.AAL.00.00 | 2025-11-09T16:12:06.708191Z - 2025-11-09T16:13:06.708191Z,,,,,,,,,,
HE.FIA2.00.00 | 2025-10-20T13:43:28.911926Z - 2025-10-20T13:44:28.911926Z,,,,,,,,,,
HE.RSUO.00.00 | 2025-02-21T09:25:49.894976Z - 2025-02-21T09:26:49.894976Z,,,,,,,,,,
HE.FIA2.00.00 | 2025-06-05T07:32:32.345016Z - 2025-06-05T07:33:32.345016Z,,,,,,,,,,
HE.HEF.00.00 | 2025-04-16T13:44:49.140865Z - 2025-04-16T13:45:49.140865Z,,,,,,,,,,
FN.MSF.00.00 | 2025-11-17T15:31:36.229492Z - 2025-11-17T15:32:36.229492Z,,,,,,,,,,
HE.OBF0.00.00 | 2025-05-24T00:23:42.669367Z - 2025-05-24T00:24:42.669367Z,,,,,,,,,,
HE.NUR.00.00 | 2025-05-04T20:29:07.965243Z - 2025-05-04T20:30:07.965243Z,,,,,,,,,,
HE.FIC3.00.00 | 2025-02-16T02:22:08.754401Z - 2025-02-16T02:23:08.754401Z,,,,,,,,,,
FN.MSF.00.00 | 2025-06-18T18:31:49.602795Z - 2025-06-18T18:32:49.602795Z,,,,,,,,,,
HE.OBF3.00.00 | 2025-02-04T08:02:35.532693Z - 2025-02-04T08:03:35.532693Z,,,,,,,,,,
HE.OUF.00.00 | 2025-03-17T05:43:44.437911Z - 2025-03-17T05:44:44.437911Z,,,,,,,,,,
HE.FIC4.00.00 | 2025-02-02T12:19:33.449023Z - 2025-02-02T12:20:33.449023Z,,,,,,,,,,
HE.FIC1.00.00 | 2025-04-14T02:20:26.001132Z - 2025-04-14T02:21:26.001132Z,,,,,,,,,,
HE.FIC4.00.00 | 2025-05-03T23:05:57.526965Z - 2025-05-03T23:06:57.526965Z,,,,,,,,,,
HE.OUF.00.00 | 2025-07-09T08:44:06.063397Z - 2025-07-09T08:45:06.063397Z,,,,,,,,,,
FN.RAJF.00.00 | 2025-07-03T14:53:16.447780Z - 2025-07-03T14:54:16.447780Z,,,,,,,,,,
HE.VUOS.00.00 | 2025-05-27T00:26:16.433992Z - 2025-05-27T00:27:16.433992Z,,,,,,,,,,
FN.OUL.00.00 | 2025-01-10T09:12:28.031077Z - 2025-01-10T09:13:28.031077Z,,,,,,,,,,
FN.KMNF.00.00 | 2025-09-06T13:50:43.005730Z - 2025-09-06T13:51:43.005730Z,,,,,,,,,,
HE.LOVF.00.00 | 2025-07-09T03:35:23.467062Z - 2025-07-09T03:36:23.467062Z,,,,,,,,,,
HE.FIB5.00.00 | 2025-03-02T10:25:58.801263Z - 2025-03-02T10:26:58.801263Z,,,,,,,,,,
HE.RSUO.00.00 | 2025-04-06T07:46:47.718789Z - 2025-04-06T07:47:47.718789Z,,,,,,,,,,
HE.ECKF.00.00 | 2025-05-22T17:35:47.408715Z - 2025-05-22T17:36:47.408715Z,,,,,,,,,,
HE.HEF.00.00 | 2025-04-12T13:28:25.065707Z - 2025-04-12T13:29:25.065707Z,,,,,,,,,,
HE.FIC2.00.00 | 2025-07-11T08:42:22.245918Z - 2025-07-11T08:43:22.245918Z,,,,,,,,,,
HE.JOF.00.00 | 2025-04-15T01:43:03.652681Z - 2025-04-15T01:44:03.652681Z,,,,,,,,,,
FN.RNF.00.00 | 2025-12-10T22:56:19.762489Z - 2025-12-10T22:57:19.762489Z,,,,,,,,,,
HE.FIC2.00.00 | 2025-05-01T17:07:50.388498Z - 2025-05-01T17:08:50.388498Z,,,,,,,,,,
HE.FIA2.00.00 | 2025-07-21T15:35:48.214746Z - 2025-07-21T15:36:48.214746Z,,,,,,,,,,
FN.SGF.00.00 | 2025-06-30T18:39:50.277348Z - 2025-06-30T18:40:50.277348Z,,,,,,,,,,
HE.FIB1.00.00 | 2025-10-20T04:06:20.203864Z - 2025-10-20T04:07:20.203864Z,,,,,,,,,,
HE.RMF.00.00 | 2025-10-12T16:17:27.179924Z - 2025-10-12T16:18:27.179924Z,,,,,,,,,,
HE.FIB1.00.00 | 2025-08-24T12:48:21.431127Z - 2025-08-24T12:49:21.431127Z,,,,,,,,,,
HE.VAF.00.00 | 2025-11-20T11:22:02.687087Z - 2025-11-20T11:23:02.687087Z,,,,,,,,,,
HE.KORF.00.00 | 2025-04-27T08:02:03.903525Z - 2025-04-27T08:03:03.903525Z,,,,,,,,,,
HE.KU1.00.00 | 2025-01-19T04:56:51.368353Z - 2025-01-19T04:57:51.368353Z,,,,,,,,,,
FN.KMNF.00.00 | 2025-09-16T05:40:47.374872Z - 2025-09-16T05:41:47.374872Z,,,,,,,,,,
HE.KY02.00.00 | 2025-07-14T07:55:37.241658Z - 2025-07-14T07:56:37.241658Z,,,,,,,,,,
HE.FIB4.00.00 | 2025-04-22T10:14:15.337100Z - 2025-04-22T10:15:15.337100Z,,,,,,,,,,
HE.OUF.00.00 | 2025-11-05T06:30:41.817149Z - 2025-11-05T06:31:41.817149Z,,,,,,,,,,
HE.KY17.00.00 | 2025-04-16T20:06:07.884270Z - 2025-04-16T20:07:07.884270Z,,,,,,,,,,
HE.FIC3.00.00 | 2025-10-07T12:46:25.376569Z - 2025-10-07T12:47:25.376569Z,,,,,,,,,,
HE.NIF.00.00 | 2025-11-12T05:40:10.756153Z - 2025-11-12T05:41:10.756153Z,,,,,,,,,,
HE.FIB3.00.00 | 2025-05-27T03:00:26.453754Z - 2025-05-27T03:01:26.453754Z,,,,,,,,,,
HE.KJNF.00.00 | 2025-02-27T02:38:39.047078Z - 2025-02-27T02:39:39.047078Z,,,,,,,,,,
HE.RUF.00.00 | 2025-04-25T16:33:09.500851Z - 2025-04-25T16:34:09.500851Z,,,,,,,,,,
HE.ECKF.00.00 | 2025-01-12T18:30:18.112393Z - 2025-01-12T18:31:18.112393Z,,,,,,,,,,
FN.SGF.00.00 | 2025-02-07T06:06:50.087034Z - 2025-02-07T06:07:50.087034Z,,,,,,,,,,
HE.TOF.00.00 | 2025-05-10T02:52:48.124121Z - 2025-05-10T02:53:48.124121Z,,,,,,,,,,
FN.OLKF.00.00 | 2025-11-30T03:48:55.193051Z - 2025-11-30T03:49:55.193051Z,,,,,,,,,,
HE.FIB4.00.00 | 2025-02-12T19:00:13.875146Z - 2025-02-12T19:01:13.875146Z,,,,,,,,,,
FN.OUL.00.00 | 2025-03-20T18:36:56.468322Z - 2025-03-20T18:37:56.468322Z,,,,,,,,,,
HE.KY17.00.00 | 2025-08-29T06:19:16.441861Z - 2025-08-29T06:20:16.441861Z,,,,,,,,,,
HE.NUR.00.00 | 2025-09-26T03:07:58.073991Z - 2025-09-26T03:08:58.073991Z,,,,,,,,,,
FN.OLKF.00.00 | 2025-01-19T18:30:14.500159Z - 2025-01-19T18:31:14.500159Z,,,,,,,,,,
HE.FIA2.00.00 | 2025-08-09T11:35:22.368906Z - 2025-08-09T11:36:22.368906Z,,,,,,,,,,
HE.KAF.00.00 | 2025-01-13T16:09:42.480464Z - 2025-01-13T16:10:42.480464Z,,,,,,,,,,
HE.FIC3.00.00 | 2025-01-07T13:10:16.771827Z - 2025-01-07T13:11:16.771827Z,,,,,,,,,,
HE.KY02.00.00 | 2025-06-18T13:33:36.272150Z - 2025-06-18T13:34:36.272150Z,,,,,,,,,,
HE.FIC3.00.00 | 2025-08-23T18:39:18.096687Z - 2025-08-23T18:40:18.096687Z,,,,,,,,,,
HE.FIC4.00.00 | 2025-12-09T15:03:39.132895Z - 2025-12-09T15:04:39.132895Z,,,,,,,,,,
HE.FIC3.00.00 | 2025-02-10T00:20:27.833932Z - 2025-02-10T00:21:27.833932Z,,,,,,,,,,
HE.KOFF.00.00 | 2025-11-12T05:01:33.282084Z - 2025-11-12T05:02:33.282084Z,,,,,,,,,,
HE.KIF.00.00 | 2025-12-08T21:56:55.477926Z - 2025-12-08T21:57:55.477926Z,,,,,,,,,,
HE.OUF.00.00 | 2025-09-16T08:29:42.611770Z - 2025-09-16T08:30:42.611770Z,,,,,,,,,,
FN.KMNF.00.00 | 2025-11-07T22:01:51.090883Z - 2025-11-07T22:02:51.090883Z,,,,,,,,,,
HE.LOVF.00.00 | 2025-03-14T12:47:55.629011Z - 2025-03-14T12:48:55.629011Z,,,,,,,,,,
HE.KIF.00.00 | 2025-08-28T13:00:53.010657Z - 2025-08-28T13:01:53.010657Z,,,,,,,,,,
HE.JOF.00.00 | 2025-10-07T23:49:34.287430Z - 2025-10-07T23:50:34.287430Z,,,,,,,,,,
HE.RMF.00.00 | 2025-12-26T20:37:39.557174Z - 2025-12-26T20:38:39.557174Z,,,,,,,,,,
HE.OBF0.00.00 | 2025-11-07T13:00:34.102623Z - 2025-11-07T13:01:34.102623Z,,,,,,,,,,
HE.KU6.00.00 | 2025-08-27T04:56:21.047586Z - 2025-08-27T04:57:21.047586Z,,,,,,,,,,
HE.NUR.00.00 | 2025-10-09T03:29:44.216798Z - 2025-10-09T03:30:44.216798Z,,,,,,,,,,
HE.RSUO.00.00 | 2025-05-27T01:24:53.165222Z - 2025-05-27T01:25:53.165222Z,,,,,,,,,,
HE.KIF.00.00 | 2025-09-07T00:12:36.657743Z - 2025-09-07T00:13:36.657743Z,,,,,,,,,,
HE.TRE03.00.00 | 2025-10-05T18:27:04.822074Z - 2025-10-05T18:28:04.822074Z,,,,,,,,,,
FN.KMNF.00.00 | 2025-06-13T00:10:13.877815Z - 2025-06-13T00:11:13.877815Z,,,,,,,,,,
HE.JOF.00.00 | 2025-07-11T02:45:23.055160Z - 2025-07-11T02:46:23.055160Z,,,,,,,,,,
HE.RAF.00.00 | 2025-06-13T21:24:41.388487Z - 2025-06-13T21:25:41.388487Z,,,,,,,,,,
HE.MEF.00.00 | 2025-05-03T11:17:17.465074Z - 2025-05-03T11:18:17.465074Z,,,,,,,,,,
HE.SUF.00.00 | 2025-04-01T04:24:32.871445Z - 2025-04-01T04:25:32.871445Z,,,,,,,,,,
HE.KEV.00.00 | 2025-10-14T07:46:50.279981Z - 2025-10-14T07:47:50.279981Z,,,,,,,,,,
HE.OBF0.00.00 | 2025-05-24T17:26:02.062528Z - 2025-05-24T17:27:02.062528Z,,,,,,,,,,
HE.FIC2.00.00 | 2025-01-06T04:31:18.669759Z - 2025-01-06T04:32:18.669759Z,,,,,,,,,,
HE.KAF.00.00 | 2025-02-19T23:40:00.214429Z - 2025-02-19T23:41:00.214429Z,,,,,,,,,,
HE.KAF.00.00 | 2025-11-11T09:03:04.593639Z - 2025-11-11T09:04:04.593639Z,,,,,,,,,,
HE.TVF.00.00 | 2025-09-26T21:07:21.262194Z - 2025-09-26T21:08:21.262194Z,,,,,,,,,,
HE.NIF.00.00 | 2025-05-02T03:20:44.589365Z - 2025-05-02T03:21:44.589365Z,,,,,,,,,,
HE.LAUT.00.00 | 2025-05-17T04:05:19.196948Z - 2025-05-17T04:06:19.196948Z,,,,,,,,,,
HE.NIF.00.00 | 2025-09-27T13:14:55.070535Z - 2025-09-27T13:15:55.070535Z,,,,,,,,,,
HE.KU1.00.00 | 2025-08-23T21:50:46.371885Z - 2025-08-23T21:51:46.371885Z,,,,,,,,,,
HE.FIC6.00.00 | 2025-08-13T20:09:41.072722Z - 2025-08-13T20:10:41.072722Z,,,,,,,,,,
FN.KLF.00.00 | 2025-10-09T01:41:03.450872Z - 2025-10-09T01:42:03.450872Z,,,,,,,,,,
HE.VJF.00.00 | 2025-08-27T01:30:26.889214Z - 2025-08-27T01:31:26.889214Z,,,,,,,,,,
HE.OUF.00.00 | 2025-01-28T10:33:05.319182Z - 2025-01-28T10:34:05.319182Z,,,,,,,,,,
HE.FIB6.00.00 | 2025-06-28T23:56:23.612541Z - 2025-06-28T23:57:23.612541Z,,,,,,,,,,
FN.OUL.00.00 | 2025-12-18T23:15:31.334820Z - 2025-12-18T23:16:31.334820Z,,,,,,,,,,
HE.RMF.00.00 | 2025-09-26T18:48:26.572622Z - 2025-09-26T18:49:26.572622Z,,,,,,,,,,
HE.KEV.00.00 | 2025-09-08T07:56:56.140993Z - 2025-09-08T07:57:56.140993Z,,,,,,,,,,
HE.LAUT.00.00 | 2025-12-19T08:05:05.424652Z - 2025-12-19T08:06:05.424652Z,,,,,,,,,,
UP.AAL.00.00 | 2025-05-08T22:49:21.126521Z - 2025-05-08T22:50:21.126521Z,,,,,,,,,,
HE.SUF.00.00 | 2025-12-05T12:14:38.492508Z - 2025-12-05T12:15:38.492508Z,,,,,,,,,,
HE.VAF.00.00 | 2025-11-14T13:24:44.096611Z - 2025-11-14T13:25:44.096611Z,,,,,,,,,,
FN.KMNF.00.00 | 2025-10-12T04:05:49.608318Z - 2025-10-12T04:06:49.608318Z,,,,,,,,,,
HE.TVF.00.00 | 2025-04-04T21:57:17.474376Z - 2025-04-04T21:58:17.474376Z,,,,,,,,,,
HE.FIA1.00.00 | 2025-06-25T11:25:48.869934Z - 2025-06-25T11:26:48.869934Z,,,,,,,,,,
HE.MEF.00.00 | 2025-01-26T06:45:57.981856Z - 2025-01-26T06:46:57.981856Z,,,,,,,,,,
HE.KU1.00.00 | 2025-12-16T01:11:13.106351Z - 2025-12-16T01:12:13.106351Z,,,,,,,,,,
HE.KY02.00.00 | 2025-04-27T14:46:43.094880Z - 2025-04-27T14:47:43.094880Z,,,,,,,,,,
HE.TOF.00.00 | 2025-01-19T17:50:03.567383Z - 2025-01-19T17:51:03.567383Z,,,,,,,,,,
HE.FIB1.00.00 | 2025-03-17T18:39:10.254074Z - 2025-03-17T18:40:10.254074Z,,,,,,,,,,
FN.OUL.00.00 | 2025-04-19T07:33:31.023256Z - 2025-04-19T07:34:31.023256Z,,,,,,,,,,
HE.NUR.00.00 | 2025-08-26T10:05:56.249032Z - 2025-08-26T10:06:56.249032Z,,,,,,,,,,
HE.VAF.00.00 | 2025-11-01T23:47:50.842018Z - 2025-11-01T23:48:50.842018Z,,,,,,,,,,
HE.TRE03.00.00 | 2025-05-28T14:15:20.947970Z - 2025-05-28T14:16:20.947970Z,,,,,,,,,,
UP.AAL.00.00 | 2025-08-06T02:38:26.950495Z - 2025-08-06T02:39:26.950495Z,,,,,,,,,,
HE.NIF.00.00 | 2025-09-11T11:05:18.741369Z - 2025-09-11T11:06:18.741369Z,,,,,,,,,,
HE.KJNF.00.00 | 2025-12-17T10:55:39.864112Z - 2025-12-17T10:56:39.864112Z,,,,,,,,,,
HE.ECKF.00.00 | 2025-05-29T17:13:20.471927Z - 2025-05-29T17:14:20.471927Z,,,,,,,,,,
HE.KEF.00.00 | 2025-06-04T09:39:29.751648Z - 2025-06-04T09:40:29.751648Z,,,,,,,,,,
HE.HEL1.00.00 | 2025-08-27T06:27:20.523178Z - 2025-08-27T06:28:20.523178Z,,,,,,,,,,
HE.KOFF.00.00 | 2025-11-26T14:36:43.955957Z - 2025-11-26T14:37:43.955957Z,,,,,,,,,,
FN.RAJF.00.00 | 2025-07-12T06:17:39.731250Z - 2025-07-12T06:18:39.731250Z,,,,,,,,,,
HE.NIF.00.00 | 2025-04-24T09:17:14.411873Z - 2025-04-24T09:18:14.411873Z,,,,,,,,,,
HE.FIB1.00.00 | 2025-03-25T00:12:11.841583Z - 2025-03-25T00:13:11.841583Z,,,,,,,,,,
HE.FIB1.00.00 | 2025-06-27T16:55:31.992966Z - 2025-06-27T16:56:31.992966Z,,,,,,,,,,
HE.FIC6.00.00 | 2025-10-25T00:56:14.578771Z - 2025-10-25T00:57:14.578771Z,,,,,,,,,,
HE.FIB4.00.00 | 2025-05-04T15:00:41.929233Z - 2025-05-04T15:01:41.929233Z,,,,,,,,,,
HE.RUF.00.00 | 2025-05-04T20:59:22.640575Z - 2025-05-04T21:00:22.640575Z,,,,,,,,,,
HE.VJF.00.00 | 2025-11-27T02:29:47.767564Z - 2025-11-27T02:30:47.767564Z,,,,,,,,,,
HE.KY17.00.00 | 2025-12-29T03:16:25.038269Z - 2025-12-29T03:17:25.038269Z,,,,,,,,,,
HE.VJF.00.00 | 2025-01-19T12:03:17.760254Z - 2025-01-19T12:04:17.760254Z,,,,,,,,,,
HE.FIB1.00.00 | 2025-06-19T13:12:33.463802Z - 2025-06-19T13:13:33.463802Z,,,,,,,,,,
HE.OBF0.00.00 | 2025-01-11T03:42:52.945417Z - 2025-01-11T03:43:52.945417Z,,,,,,,,,,
HE.TVF.00.00 | 2025-10-16T17:27:42.935481Z - 2025-10-16T17:28:42.935481Z,,,,,,,,,,
HE.MEF.00.00 | 2025-12-15T05:33:08.129160Z - 2025-12-15T05:34:08.129160Z,,,,,,,,,,
HE.FIC5.00.00 | 2025-04-08T09:33:58.026046Z - 2025-04-08T09:34:58.026046Z,,,,,,,,,,
HE.FIC6.00.00 | 2025-06-04T02:24:02.220572Z - 2025-06-04T02:25:02.220572Z,,,,,,,,,,
HE.HEF.00.00 | 2025-07-05T05:55:59.197613Z - 2025-07-05T05:56:59.197613Z,,,,,,,,,,
HE.NUR.00.00 | 2025-01-16T08:10:55.446790Z - 2025-01-16T08:11:55.446790Z,,,,,,,,,,
HE.HEF.00.00 | 2025-09-18T18:23:45.136617Z - 2025-09-18T18:24:45.136617Z,,,,,,,,,,
HE.FIA3.00.00 | 2025-06-19T01:12:50.803927Z - 2025-06-19T01:13:50.803927Z,,,,,,,,,,
HE.VAF.00.00 | 2025-03-13T07:26:22.365161Z - 2025-03-13T07:27:22.365161Z,,,,,,,,,,
FN.RNF.00.00 | 2025-01-29T21:03:55.210486Z - 2025-01-29T21:04:55.210486Z,,,,,,,,,,
HE.LAUT.00.00 | 2025-06-18T14:54:17.471757Z - 2025-06-18T14:55:17.471757Z,,,,,,,,,,
HE.HEF.00.00 | 2025-08-05T17:56:07.235540Z - 2025-08-05T17:57:07.235540Z,,,,,,,,,,
HE.FIB3.00.00 | 2025-09-05T08:34:21.308456Z - 2025-09-05T08:35:21.308456Z,,,,,,,,,,
HE.KJNF.00.00 | 2025-02-09T00:32:13.941131Z - 2025-02-09T00:33:13.941131Z,,,,,,,,,,
HE.FIA3.00.00 | 2025-04-19T08:14:29.521759Z - 2025-04-19T08:15:29.521759Z,,,,,,,,,,
FN.RANF.00.00 | 2025-01-31T13:22:04.940929Z - 2025-01-31T13:23:04.940929Z,,,,,,,,,,
HE.KY02.00.00 | 2025-07-13T02:30:46.250842Z - 2025-07-13T02:31:46.250842Z,,,,,,,,,,
HE.VAF.00.00 | 2025-03-23T01:02:05.896243Z - 2025-03-23T01:03:05.896243Z,,,,,,,,,,
HE.HEL5.00.00 | 2025-09-04T10:26:26.703586Z - 2025-09-04T10:27:26.703586Z,,,,,,,,,,
HE.FIA3.00.00 | 2025-02-04T10:16:49.926277Z - 2025-02-04T10:17:49.926277Z,,,,,,,,,,
HE.FIB4.00.00 | 2025-09-14T12:51:22.918747Z - 2025-09-14T12:52:22.918747Z,,,,,,,,,,
HE.ECKF.00.00 | 2025-08-02T13:48:32.726583Z - 2025-08-02T13:49:32.726583Z,,,,,,,,,,
HE.KORF.00.00 | 2025-04-27T22:46:53.251307Z - 2025-04-27T22:47:53.251307Z,,,,,,,,,,
HE.HEL2.00.00 | 2025-07-20T14:14:23.857078Z - 2025-07-20T14:15:23.857078Z,,,,,,,,,,
HE.NIF.00.00 | 2025-12-09T17:34:30.435582Z - 2025-12-09T17:35:30.435582Z,,,,,,,,,,
HE.KIF.00.00 | 2025-10-10T06:43:35.330382Z - 2025-10-10T06:44:35.330382Z,,,,,,,,,,
HE.FIB6.00.00 | 2025-08-17T20:03:07.393057Z - 2025-08-17T20:04:07.393057Z,,,,,,,,,,
HE.FIB1.00.00 | 2025-11-10T21:18:56.122569Z - 2025-11-10T21:19:56.122569Z,,,,,,,,,,
HE.SUF.00.00 | 2025-09-16T21:12:56.807076Z - 2025-09-16T21:13:56.807076Z,,,,,,,,,,
HE.FIB1.00.00 | 2025-06-12T19:50:22.933838Z - 2025-06-12T19:51:22.933838Z,,,,,,,,,,
HE.TVF.00.00 | 2025-04-22T07:15:50.231733Z - 2025-04-22T07:16:50.231733Z,,,,,,,,,,
HE.KIF.00.00 | 2025-01-06T09:22:31.537624Z - 2025-01-06T09:23:31.537624Z,,,,,,,,,,
HE.PVF.00.00 | 2025-01-07T07:50:47.333723Z - 2025-01-07T07:51:47.333723Z,,,,,,,,,,
HE.FIB2.00.00 | 2025-11-13T04:01:02.759258Z - 2025-11-13T04:02:02.759258Z,,,,,,,,,,
HE.FIA0.00.00 | 2025-04-02T00:28:53.716630Z - 2025-04-02T00:29:53.716630Z,,,,,,,,,,
HE.NUR.00.00 | 2025-01-29T14:40:18.839381Z - 2025-01-29T14:41:18.839381Z,,,,,,,,,,
HE.KY02.00.00 | 2025-11-26T11:43:31.337383Z - 2025-11-26T11:44:31.337383Z,,,,,,,,,,
HE.KJNF.00.00 | 2025-02-17T01:38:19.315837Z - 2025-02-17T01:39:19.315837Z,,,,,,,,,,
HE.FIA0.00.00 | 2025-10-01T14:58:04.308198Z - 2025-10-01T14:59:04.308198Z,,,,,,,,,,
FN.KMNF.00.00 | 2025-05-26T18:32:59.903671Z - 2025-05-26T18:33:59.903671Z,,,,,,,,,,
FN.OLKF.00.00 | 2025-02-14T04:23:19.306073Z - 2025-02-14T04:24:19.306073Z,,,,,,,,,,
HE.RAF.00.00 | 2025-12-24T04:53:24.678093Z - 2025-12-24T04:54:24.678093Z,,,,,,,,,,
HE.VAF.00.00 | 2025-04-17T12:42:25.157622Z - 2025-04-17T12:43:25.157622Z,,,,,,,,,,
HE.VAF.00.00 | 2025-05-27T09:45:12.239467Z - 2025-05-27T09:46:12.239467Z,,,,,,,,,,
HE.HEF.00.00 | 2025-12-26T23:51:15.652530Z - 2025-12-26T23:52:15.652530Z,,,,,,,,,,
HE.KU1.00.00 | 2025-07-10T22:40:56.571785Z - 2025-07-10T22:41:56.571785Z,,,,,,,,,,
HE.FIB2.00.00 | 2025-06-17T18:37:32.283703Z - 2025-06-17T18:38:32.283703Z,,,,,,,,,,
HE.RSUO.00.00 | 2025-08-27T07:51:17.416070Z - 2025-08-27T07:52:17.416070Z,,,,,,,,,,
HE.FIA0.00.00 | 2025-06-19T23:35:14.684653Z - 2025-06-19T23:36:14.684653Z,,,,,,,,,,
HE.HEL1.00.00 | 2025-08-28T17:08:30.877582Z - 2025-08-28T17:09:30.877582Z,,,,,,,,,,
HE.KUNI.00.00 | 2025-11-05T10:33:18.396949Z - 2025-11-05T10:34:18.396949Z,,,,,,,,,,
HE.RUF.00.00 | 2025-01-17T04:56:00.373364Z - 2025-01-17T04:57:00.373364Z,,,,,,,,,,
HE.PVF.00.00 | 2025-01-12T06:39:14.510025Z - 2025-01-12T06:40:14.510025Z,,,,,,,,,,
HE.KU2.00.00 | 2025-02-10T22:15:36.354998Z - 2025-02-10T22:16:36.354998Z,,,,,,,,,,
HE.FIB6.00.00 | 2025-06-22T02:45:36.915050Z - 2025-06-22T02:46:36.915050Z,,,,,,,,,,
HE.FIB3.00.00 | 2025-08-08T06:31:44.938059Z - 2025-08-08T06:32:44.938059Z,,,,,,,,,,
UP.AAL.00.00 | 2025-11-15T11:28:30.748654Z - 2025-11-15T11:29:30.748654Z,,,,,,,,,,
HE.FIA2.00.00 | 2025-09-07T17:24:49.976725Z - 2025-09-07T17:25:49.976725Z,,,,,,,,,,
HE.FIB2.00.00 | 2025-05-24T11:01:59.570229Z - 2025-05-24T11:02:59.570229Z,,,,,,,,,,
HE.TOF.00.00 | 2025-06-25T08:07:11.571947Z - 2025-06-25T08:08:11.571947Z,,,,,,,,,,
HE.KU1.00.00 | 2025-11-04T20:58:31.953684Z - 2025-11-04T20:59:31.953684Z,,,,,,,,,,
HE.HEF.00.00 | 2025-03-19T03:20:32.462108Z - 2025-03-19T03:21:32.462108Z,,,,,,,,,,
HE.LAUT.00.00 | 2025-07-12T16:30:42.442516Z - 2025-07-12T16:31:42.442516Z,,,,,,,,,,
HE.RMF.00.00 | 2025-02-15T21:36:28.434675Z - 2025-02-15T21:37:28.434675Z,,,,,,,,,,
FN.KMNF.00.00 | 2025-10-05T16:07:13.806359Z - 2025-10-05T16:08:13.806359Z,,,,,,,,,,
HE.OBF3.00.00 | 2025-05-11T15:59:00.177820Z - 2025-05-11T16:00:00.177820Z,,,,,,,,,,
HE.LOVF.00.00 | 2025-06-23T21:44:17.485522Z - 2025-06-23T21:45:17.485522Z,,,,,,,,,,
HE.NUR.00.00 | 2025-12-11T14:58:28.616138Z - 2025-12-11T14:59:28.616138Z,,,,,,,,,,
HE.FIC6.00.00 | 2025-02-19T07:58:56.834665Z - 2025-02-19T07:59:56.834665Z,,,,,,,,,,
HE.HEL1.00.00 | 2025-12-13T22:19:39.364465Z - 2025-12-13T22:20:39.364465Z,,,,,,,,,,
HE.FIB6.00.00 | 2025-08-05T13:35:14.881183Z - 2025-08-05T13:36:14.881183Z,,,,,,,,,,
HE.OUF.00.00 | 2025-08-08T08:58:18.907857Z - 2025-08-08T08:59:18.907857Z,,,,,,,,,,
HE.KY02.00.00 | 2025-01-05T15:01:13.814069Z - 2025-01-05T15:02:13.814069Z,,,,,,,,,,
HE.ALAJF.00.00 | 2025-09-08T12:26:38.266695Z - 2025-09-08T12:27:38.266695Z,,,,,,,,,,
HE.FIC5.00.00 | 2025-01-03T23:55:13.862433Z - 2025-01-03T23:56:13.862433Z,,,,,,,,,,
HE.KEV.00.00 | 2025-04-26T19:01:23.885592Z - 2025-04-26T19:02:23.885592Z,,,,,,,,,,
HE.KOFF.00.00 | 2025-10-31T04:13:41.268122Z - 2025-10-31T04:14:41.268122Z,,,,,,,,,,
HE.KPF.00.00 | 2025-09-09T14:46:01.815221Z - 2025-09-09T14:47:01.815221Z,,,,,,,,,,
HE.KOFF.00.00 | 2025-11-10T08:13:18.774138Z - 2025-11-10T08:14:18.774138Z,,,,,,,,,,
HE.VAF.00.00 | 2025-09-19T22:50:13.920114Z - 2025-09-19T22:51:13.920114Z,,,,,,,,,,
HE.OBF3.00.00 | 2025-05-02T09:00:52.574012Z - 2025-05-02T09:01:52.574012Z,,,,,,,,,,
HE.TVF.00.00 | 2025-10-05T01:18:07.948185Z - 2025-10-05T01:19:07.948185Z,,,,,,,,,,
HE.OUF.00.00 | 2025-01-15T13:28:28.989329Z - 2025-01-15T13:29:28.989329Z,,,,,,,,,,
HE.JOF.00.00 | 2025-04-25T08:17:09.327797Z - 2025-04-25T08:18:09.327797Z,,,,,,,,,,
FN.RAJF.00.00 | 2025-04-08T16:13:53.678338Z - 2025-04-08T16:14:53.678338Z,,,,,,,,,,
HE.NUR.00.00 | 2025-05-27T10:23:26.330377Z - 2025-05-27T10:24:26.330377Z,,,,,,,,,,
HE.KU2.00.00 | 2025-02-21T00:36:45.343868Z - 2025-02-21T00:37:45.343868Z,,,,,,,,,,
HE.RSUO.00.00 | 2025-07-09T20:50:38.628795Z - 2025-07-09T20:51:38.628795Z,,,,,,,,,,
HE.KY17.00.00 | 2025-01-14T18:08:16.695495Z - 2025-01-14T18:09:16.695495Z,,,,,,,,,,
FN.RANF.00.00 | 2025-01-29T03:14:08.193570Z - 2025-01-29T03:15:08.193570Z,,,,,,,,,,
HE.JOF.00.00 | 2025-01-08T01:07:06.752405Z - 2025-01-08T01:08:06.752405Z,,,,,,,,,,
HE.FIB2.00.00 | 2025-09-26T20:43:48.433011Z - 2025-09-26T20:44:48.433011Z,,,,,,,,,,
HE.RSUO.00.00 | 2025-12-26T03:44:36.935316Z - 2025-12-26T03:45:36.935316Z,,,,,,,,,,
HE.FIC6.00.00 | 2025-07-24T02:36:42.565555Z - 2025-07-24T02:37:42.565555Z,,,,,,,,,,
HE.HEL2.00.00 | 2025-01-14T14:03:30.657362Z - 2025-01-14T14:04:30.657362Z,,,,,,,,,,
HE.NUR.00.00 | 2025-02-16T00:40:12.227702Z - 2025-02-16T00:41:12.227702Z,,,,,,,,,,
FN.KMNF.00.00 | 2025-12-01T04:32:22.373416Z - 2025-12-01T04:33:22.373416Z,,,,,,,,,,
HE.KORF.00.00 | 2025-02-28T21:46:46.028722Z - 2025-02-28T21:47:46.028722Z,,,,,,,,,,
HE.KU6.00.00 | 2025-08-08T23:21:56.493384Z - 2025-08-08T23:22:56.493384Z,,,,,,,,,,
HE.FIB6.00.00 | 2025-11-10T08:25:37.155021Z - 2025-11-10T08:26:37.155021Z,,,,,,,,,,
FN.OUL.00.00 | 2025-12-22T16:57:09.922989Z - 2025-12-22T16:58:09.922989Z,,,,,,,,,,
HE.TVF.00.00 | 2025-09-12T23:43:53.724266Z - 2025-09-12T23:44:53.724266Z,,,,,,,,,,
HE.KU1.00.00 | 2025-11-20T14:12:07.759131Z - 2025-11-20T14:13:07.759131Z,,,,,,,,,,
HE.KU1.00.00 | 2025-11-06T14:05:46.430760Z - 2025-11-06T14:06:46.430760Z,,,,,,,,,,
HE.VAF.00.00 | 2025-11-10T14:30:46.952810Z - 2025-11-10T14:31:46.952810Z,,,,,,,,,,
HE.FIC5.00.00 | 2025-04-26T07:39:55.858574Z - 2025-04-26T07:40:55.858574Z,,,,,,,,,,
HE.OBF8.00.00 | 2025-01-09T07:55:59.385364Z - 2025-01-09T07:56:59.385364Z,,,,,,,,,,
HE.KU1.00.00 | 2025-11-21T03:08:08.216117Z - 2025-11-21T03:09:08.216117Z,,,,,,,,,,
HE.HEL1.00.00 | 2025-05-03T07:34:02.521568Z - 2025-05-03T07:35:02.521568Z,,,,,,,,,,
HE.SUF.00.00 | 2025-11-17T10:15:15.906847Z - 2025-11-17T10:16:15.906847Z,,,,,,,,,,
HE.TRE03.00.00 | 2025-03-13T02:06:33.944308Z - 2025-03-13T02:07:33.944308Z,,,,,,,,,,
HE.LOVF.00.00 | 2025-01-08T09:13:59.366337Z - 2025-01-08T09:14:59.366337Z,,,,,,,,,,
FN.OLKF.00.00 | 2025-04-13T00:30:34.844319Z - 2025-04-13T00:31:34.844319Z,,,,,,,,,,
HE.FIC3.00.00 | 2025-08-11T18:35:44.397131Z - 2025-08-11T18:36:44.397131Z,,,,,,,,,,
UP.AAL.00.00 | 2025-04-08T16:40:36.865523Z - 2025-04-08T16:41:36.865523Z,,,,,,,,,,
HE.LAUT.00.00 | 2025-03-29T12:49:50.959695Z - 2025-03-29T12:50:50.959695Z,,,,,,,,,,
HE.VUOS.00.00 | 2025-01-30T02:17:10.751419Z - 2025-01-30T02:18:10.751419Z,,,,,,,,,,
HE.HEL1.00.00 | 2025-08-30T10:28:43.390775Z - 2025-08-30T10:29:43.390775Z,,,,,,,,,,
HE.FIC1.00.00 | 2025-09-29T14:25:31.456695Z - 2025-09-29T14:26:31.456695Z,,,,,,,,,,
HE.FIB4.00.00 | 2025-11-20T06:30:33.950507Z - 2025-11-20T06:31:33.950507Z,,,,,,,,,,
HE.FIB6.00.00 | 2025-05-02T12:12:56.046487Z - 2025-05-02T12:13:56.046487Z,,,,,,,,,,
HE.FIB2.00.00 | 2025-10-25T22:40:23.476896Z - 2025-10-25T22:41:23.476896Z,,,,,,,,,,
UP.AAL.00.00 | 2025-01-23T07:32:39.665932Z - 2025-01-23T07:33:39.665932Z,,,,,,,,,,
HE.FIB6.00.00 | 2025-12-02T13:12:41.320604Z - 2025-12-02T13:13:41.320604Z,,,,,,,,,,
HE.HEL2.00.00 | 2025-04-27T03:09:31.704470Z - 2025-04-27T03:10:31.704470Z,,,,,,,,,,
HE.TRE03.00.00 | 2025-04-13T23:18:00.089227Z - 2025-04-13T23:19:00.089227Z,,,,,,,,,,
FN.RANF.00.00 | 2025-03-08T04:24:21.194237Z - 2025-03-08T04:25:21.194237Z,,,,,,,,,,
HE.KIF.00.00 | 2025-05-16T09:13:26.544074Z - 2025-05-16T09:14:26.544074Z,,,,,,,,,,
HE.HEL1.00.00 | 2025-11-18T21:06:04.908186Z - 2025-11-18T21:07:04.908186Z,,,,,,,,,,
HE.RSUO.00.00 | 2025-01-26T11:17:43.007814Z - 2025-01-26T11:18:43.007814Z,,,,,,,,,,
HE.OUF.00.00 | 2025-04-06T20:15:49.901238Z - 2025-04-06T20:16:49.901238Z,,,,,,,,,,
HE.KORF.00.00 | 2025-06-21T05:16:54.919837Z - 2025-06-21T05:17:54.919837Z,,,,,,,,,,
HE.FIC4.00.00 | 2025-06-17T17:51:10.364845Z - 2025-06-17T17:52:10.364845Z,,,,,,,,,,
HE.PVF.00.00 | 2025-03-27T13:08:49.963004Z - 2025-03-27T13:09:49.963004Z,,,,,,,,,,
HE.NUR.00.00 | 2025-07-04T23:55:54.906776Z - 2025-07-04T23:56:54.906776Z,,,,,,,,,,
HE.TVF.00.00 | 2025-01-22T19:04:07.553619Z - 2025-01-22T19:05:07.553619Z,,,,,,,,,,
HE.LOVF.00.00 | 2025-09-26T09:42:54.442361Z - 2025-09-26T09:43:54.442361Z,,,,,,,,,,
HE.ECKF.00.00 | 2025-03-20T06:17:05.150630Z - 2025-03-20T06:18:05.150630Z,,,,,,,,,,
FN.OUL.00.00 | 2025-11-08T19:47:07.747337Z - 2025-11-08T19:48:07.747337Z,,,,,,,,,,
FN.RAJF.00.00 | 2025-10-24T21:26:35.524961Z - 2025-10-24T21:27:35.524961Z,,,,,,,,,,
HE.OBF8.00.00 | 2025-07-08T02:27:00.793170Z - 2025-07-08T02:28:00.793170Z,,,,,,,,,,
HE.ALAJF.00.00 | 2025-10-26T20:55:27.671244Z - 2025-10-26T20:56:27.671244Z,,,,,,,,,,
HE.KEF.00.00 | 2025-02-22T20:50:50.296764Z - 2025-02-22T20:51:50.296764Z,,,,,,,,,,
HE.FIB4.00.00 | 2025-05-05T09:46:31.662423Z - 2025-05-05T09:47:31.662423Z,,,,,,,,,,
HE.KU1.00.00 | 2025-10-10T05:36:32.166634Z - 2025-10-10T05:37:32.166634Z,,,,,,,,,,
HE.ECKF.00.00 | 2025-08-29T09:09:24.578577Z - 2025-08-29T09:10:24.578577Z,,,,,,,,,,
HE.KEV.00.00 | 2025-02-26T00:11:53.616603Z - 2025-02-26T00:12:53.616603Z,,,,,,,,,,
HE.KJNF.00.00 | 2025-03-13T22:57:29.283485Z - 2025-03-13T22:58:29.283485Z,,,,,,,,,,
HE.FIB3.00.00 | 2025-11-01T12:16:52.990744Z - 2025-11-01T12:17:52.990744Z,,,,,,,,,,
FN.RNF.00.00 | 2025-08-05T10:26:05.728937Z - 2025-08-05T10:27:05.728937Z,,,,,,,,,,
HE.TOF.00.00 | 2025-09-21T08:11:39.682815Z - 2025-09-21T08:12:39.682815Z,,,,,,,,,,
HE.TOF.00.00 | 2025-01-06T14:03:28.045232Z - 2025-01-06T14:04:28.045232Z,,,,,,,,,,
HE.KEV.00.00 | 2025-08-02T00:05:08.542769Z - 2025-08-02T00:06:08.542769Z,,,,,,,,,,
HE.KJNF.00.00 | 2025-12-23T08:41:07.737103Z - 2025-12-23T08:42:07.737103Z,,,,,,,,,,
HE.NIF.00.00 | 2025-01-12T01:01:15.835878Z - 2025-01-12T01:02:15.835878Z,,,,,,,,,,
HE.ECKF.00.00 | 2025-04-05T03:00:44.757970Z - 2025-04-05T03:01:44.757970Z,,,,,,,,,,
HE.FIC4.00.00 | 2025-01-15T02:04:36.453042Z - 2025-01-15T02:05:36.453042Z,,,,,,,,,,
FN.RNF.00.00 | 2025-11-02T08:32:36.219901Z - 2025-11-02T08:33:36.219901Z,,,,,,,,,,
HE.FIA3.00.00 | 2025-03-10T08:11:50.303741Z - 2025-03-10T08:12:50.303741Z,,,,,,,,,,
HE.VAF.00.00 | 2025-03-22T01:57:39.405089Z - 2025-03-22T01:58:39.405089Z,,,,,,,,,,
HE.FIC1.00.00 | 2025-06-29T11:14:20.460833Z - 2025-06-29T11:15:20.460833Z,,,,,,,,,,
HE.HEL2.00.00 | 2025-07-12T20:17:10.883689Z - 2025-07-12T20:18:10.883689Z,,,,,,,,,,
HE.FIB5.00.00 | 2025-03-19T00:03:20.059744Z - 2025-03-19T00:04:20.059744Z,,,,,,,,,,
FN.RAJF.00.00 | 2025-02-09T05:42:03.703007Z - 2025-02-09T05:43:03.703007Z,,,,,,,,,,
HE.NIF.00.00 | 2025-09-22T22:45:13.266292Z - 2025-09-22T22:46:13.266292Z,,,,,,,,,,
HE.KU2.00.00 | 2025-03-30T15:08:18.673864Z - 2025-03-30T15:09:18.673864Z,,,,,,,,,,
FN.OLKF.00.00 | 2025-08-24T20:55:09.206288Z - 2025-08-24T20:56:09.206288Z,,,,,,,,,,
FN.KLF.00.00 | 2025-01-06T12:56:33.633494Z - 2025-01-06T12:57:33.633494Z,,,,,,,,,,
HE.FIB5.00.00 | 2025-05-20T18:18:24.260141Z - 2025-05-20T18:19:24.260141Z,,,,,,,,,,
HE.FIC6.00.00 | 2025-03-26T23:15:58.315443Z - 2025-03-26T23:16:58.315443Z,,,,,,,,,,
FN.RAJF.00.00 | 2025-06-09T08:50:14.259951Z - 2025-06-09T08:51:14.259951Z,,,,,,,,,,
HE.FIA2.00.00 | 2025-11-06T02:21:01.452016Z - 2025-11-06T02:22:01.452016Z,,,,,,,,,,
HE.FIB2.00.00 | 2025-10-29T07:03:23.752913Z - 2025-10-29T07:04:23.752913Z,,,,,,,,,,
HE.KUNI.00.00 | 2025-09-15T03:18:44.493136Z - 2025-09-15T03:19:44.493136Z,,,,,,,,,,
HE.FIC1.00.00 | 2025-11-30T07:04:48.233424Z - 2025-11-30T07:05:48.233424Z,,,,,,,,,,
HE.FIB5.00.00 | 2025-09-15T15:58:04.480577Z - 2025-09-15T15:59:04.480577Z,,,,,,,,,,
HE.NIF.00.00 | 2025-12-28T11:49:12.423355Z - 2025-12-28T11:50:12.423355Z,,,,,,,,,,
HE.FIC4.00.00 | 2025-06-27T14:10:44.607178Z - 2025-06-27T14:11:44.607178Z,,,,,,,,,,
HE.FIA3.00.00 | 2025-07-16T21:44:44.268984Z - 2025-07-16T21:45:44.268984Z,,,,,,,,,,
HE.HEL5.00.00 | 2025-12-05T19:32:06.161594Z - 2025-12-05T19:33:06.161594Z,,,,,,,,,,
HE.FIC4.00.00 | 2025-07-29T12:07:10.739767Z - 2025-07-29T12:08:10.739767Z,,,,,,,,,,
HE.FIA0.00.00 | 2025-10-17T17:59:22.317343Z - 2025-10-17T18:00:22.317343Z,,,,,,,,,,
HE.FIA0.00.00 | 2025-06-04T22:36:34.167734Z - 2025-06-04T22:37:34.167734Z,,,,,,,,,,
HE.HEL5.00.00 | 2025-07-20T07:24:14.622630Z - 2025-07-20T07:25:14.622630Z,,,,,,,,,,
HE.FIA3.00.00 | 2025-12-29T20:10:26.192976Z - 2025-12-29T20:11:26.192976Z,,,,,,,,,,
